Query_ID,Doc_ID,Rank,Doc_Length,Term,TF(f),IDF_BM25,Numerator,Denominator,Term_BM25_Score
1,51,1,105,similar,3,2.2244,9.0,5.1182,3.9113
1,51,1,105,construct,2,3.5192,6.0,4.1182,5.1273
1,51,1,105,model,4,2.066,12.0,6.1182,4.0521
1,51,1,105,heat,7,1.5197,21.0,9.1182,3.5
1,51,1,105,speed,1,1.5665,3.0,3.1182,1.5071
1,51,1,105,aircraft,9,2.9752,27.0,11.1182,7.2252
1,486,2,139,similar,4,2.2244,12.0,6.5451,4.0782
1,486,2,139,law,3,3.2653,9.0,5.5451,5.2997
1,486,2,139,aeroelast,1,4.3272,3.0,3.5451,3.6618
1,486,2,139,model,5,2.066,15.0,7.5451,4.1072
1,486,2,139,heat,3,1.5197,9.0,5.5451,2.4666
1,486,2,139,high,1,1.7175,3.0,3.5451,1.4534
1,486,2,139,speed,1,1.5665,3.0,3.5451,1.3256
1,12,3,73,aeroelast,2,4.3272,6.0,3.7165,6.9859
1,12,3,73,heat,1,1.5197,3.0,2.7165,1.6783
1,12,3,73,high,4,1.7175,12.0,5.7165,3.6054
1,12,3,73,speed,4,1.5665,12.0,5.7165,3.2883
1,12,3,73,aircraft,2,2.9752,6.0,3.7165,4.8033
1,184,4,83,similar,3,2.2244,9.0,4.842,4.1345
1,184,4,83,aeroelast,3,4.3272,9.0,4.842,8.043
1,184,4,83,model,3,2.066,9.0,4.842,3.8401
1,184,4,83,aircraft,1,2.9752,3.0,2.842,3.1406
1,878,5,47,construct,1,3.5192,3.0,2.3901,4.4173
1,878,5,47,model,3,2.066,9.0,4.3901,4.2354
1,878,5,47,high,1,1.7175,3.0,2.3901,2.1558
1,878,5,47,speed,2,1.5665,6.0,3.3901,2.7725
1,878,5,47,aircraft,1,2.9752,3.0,2.3901,3.7345
1,573,6,100,similar,2,2.2244,6.0,4.0555,3.2909
1,573,6,100,law,1,3.2653,3.0,3.0555,3.206
1,573,6,100,must,1,3.343,3.0,3.0555,3.2823
1,573,6,100,obey,1,5.5402,3.0,3.0555,5.4396
1,573,6,100,high,1,1.7175,3.0,3.0555,1.6863
1,665,7,70,similar,1,2.2244,3.0,2.6788,2.491
1,665,7,70,law,2,3.2653,6.0,3.6788,5.3255
1,665,7,70,construct,1,3.5192,3.0,2.6788,3.9412
1,665,7,70,high,2,1.7175,6.0,3.6788,2.8012
1,746,8,74,aeroelast,3,4.3272,9.0,4.7291,8.2352
1,746,8,74,heat,1,1.5197,3.0,2.7291,1.6706
1,746,8,74,high,1,1.7175,3.0,2.7291,1.888
1,746,8,74,speed,1,1.5665,3.0,2.7291,1.722
1,944,9,69,law,1,3.2653,3.0,2.6663,3.674
1,944,9,69,obey,1,5.5402,3.0,2.6663,6.2336
1,944,9,69,heat,4,1.5197,12.0,5.6663,3.2185
1,13,10,73,similar,3,2.2244,9.0,4.7165,4.2445
1,13,10,73,law,2,3.2653,6.0,3.7165,5.2715
1,13,10,73,heat,5,1.5197,15.0,6.7165,3.394
2,12,1,73,structur,5,2.5675,15.0,6.7165,5.7339
2,12,1,73,aeroelast,2,4.3272,6.0,3.7165,6.9859
2,12,1,73,problem,1,1.4657,3.0,2.7165,1.6187
2,12,1,73,flight,3,2.336,9.0,4.7165,4.4575
2,12,1,73,high,4,1.7175,12.0,5.7165,3.6054
2,12,1,73,speed,4,1.5665,12.0,5.7165,3.2883
2,12,1,73,aircraft,2,2.9752,6.0,3.7165,4.8033
2,51,2,105,structur,7,2.5675,21.0,9.1182,5.913
2,51,2,105,problem,1,1.4657,3.0,3.1182,1.4102
2,51,2,105,flight,1,2.336,3.0,3.1182,2.2474
2,51,2,105,speed,1,1.5665,3.0,3.1182,1.5071
2,51,2,105,aircraft,9,2.9752,27.0,11.1182,7.2252
2,746,3,74,aeroelast,3,4.3272,9.0,4.7291,8.2352
2,746,3,74,problem,4,1.4657,12.0,5.7291,3.0701
2,746,3,74,flight,1,2.336,3.0,2.7291,2.5679
2,746,3,74,high,1,1.7175,3.0,2.7291,1.888
2,746,3,74,speed,1,1.5665,3.0,2.7291,1.722
2,1169,4,92,problem,1,1.4657,3.0,2.955,1.488
2,1169,4,92,flight,5,2.336,15.0,6.955,5.038
2,1169,4,92,speed,2,1.5665,6.0,3.955,2.3764
2,1169,4,92,aircraft,5,2.9752,15.0,6.955,6.4167
2,100,5,132,structur,4,2.5675,12.0,6.4572,4.7713
2,100,5,132,associ,2,3.0181,6.0,4.4572,4.0628
2,100,5,132,aircraft,6,2.9752,18.0,8.4572,6.3324
2,14,6,223,aeroelast,3,4.3272,9.0,6.5997,5.9009
2,14,6,223,problem,3,1.4657,9.0,6.5997,1.9988
2,14,6,223,flight,1,2.336,3.0,4.5997,1.5236
2,14,6,223,high,2,1.7175,6.0,5.5997,1.8403
2,14,6,223,speed,1,1.5665,3.0,4.5997,1.0217
2,14,6,223,aircraft,1,2.9752,3.0,4.5997,1.9405
2,1089,7,80,problem,2,1.4657,6.0,3.8044,2.3117
2,1089,7,80,associ,1,3.0181,3.0,2.8044,3.2286
2,1089,7,80,flight,1,2.336,3.0,2.8044,2.4989
2,1089,7,80,high,2,1.7175,6.0,3.8044,2.7087
2,1089,7,80,aircraft,1,2.9752,3.0,2.8044,3.1828
2,184,8,83,structur,1,2.5675,3.0,2.842,2.7101
2,184,8,83,aeroelast,3,4.3272,9.0,4.842,8.043
2,184,8,83,aircraft,1,2.9752,3.0,2.842,3.1406
2,141,9,63,aeroelast,1,4.3272,3.0,2.5909,5.0103
2,141,9,63,flight,1,2.336,3.0,2.5909,2.7048
2,141,9,63,high,2,1.7175,6.0,3.5909,2.8697
2,141,9,63,speed,2,1.5665,6.0,3.5909,2.6174
2,810,10,103,problem,2,1.4657,6.0,4.0931,2.1486
2,810,10,103,associ,1,3.0181,3.0,3.0931,2.9272
2,810,10,103,flight,6,2.336,18.0,8.0931,5.1954
2,810,10,103,aircraft,1,2.9752,3.0,3.0931,2.8857
3,485,1,25,heat,2,1.5197,6.0,3.1139,2.9283
3,485,1,25,conduct,1,2.1792,3.0,2.1139,3.0927
3,485,1,25,composit,2,4.0879,6.0,3.1139,7.8769
3,485,1,25,slab,2,4.5708,6.0,3.1139,8.8073
3,144,2,87,problem,1,1.4657,3.0,2.8923,1.5203
3,144,2,87,heat,5,1.5197,15.0,6.8923,3.3075
3,144,2,87,composit,5,4.0879,15.0,6.8923,8.8968
3,144,2,87,slab,3,4.5708,9.0,4.8923,8.4086
3,5,3,37,heat,6,1.5197,18.0,7.2645,3.7656
3,5,3,37,conduct,2,2.1792,6.0,3.2645,4.0052
3,5,3,37,composit,1,4.0879,3.0,2.2645,5.4156
3,5,3,37,slab,2,4.5708,6.0,3.2645,8.4008
3,399,4,31,heat,3,1.5197,9.0,4.1892,3.2649
3,399,4,31,conduct,1,2.1792,3.0,2.1892,2.9863
3,399,4,31,composit,1,4.0879,3.0,2.1892,5.602
3,399,4,31,slab,1,4.5708,3.0,2.1892,6.2637
3,91,5,90,heat,2,1.5197,6.0,3.9299,2.3202
3,91,5,90,composit,2,4.0879,6.0,3.9299,6.2412
3,91,5,90,slab,4,4.5708,12.0,5.9299,9.2496
3,90,6,60,composit,3,4.0879,9.0,4.5533,8.0802
3,90,6,60,slab,3,4.5708,9.0,4.5533,9.0346
3,181,7,31,problem,2,1.4657,6.0,3.1892,2.7576
3,181,7,31,heat,2,1.5197,6.0,3.1892,2.8591
3,181,7,31,conduct,2,2.1792,6.0,3.1892,4.0998
3,181,7,31,composit,1,4.0879,3.0,2.1892,5.602
3,579,8,106,problem,3,1.4657,9.0,5.1308,2.5711
3,579,8,106,heat,4,1.5197,12.0,6.1308,2.9746
3,579,8,106,composit,1,4.0879,3.0,3.1308,3.9172
3,579,8,106,slab,1,4.5708,3.0,3.1308,4.3798
3,542,9,122,problem,4,1.4657,12.0,6.3317,2.7779
3,542,9,122,heat,6,1.5197,18.0,8.3317,3.2833
3,542,9,122,conduct,2,2.1792,6.0,4.3317,3.0185
3,542,9,122,slab,1,4.5708,3.0,3.3317,4.1158
3,582,10,49,heat,2,1.5197,6.0,3.4152,2.6699
3,582,10,49,slab,4,4.5708,12.0,5.4152,10.1288
4,166,1,101,flow,3,0.6512,9.0,5.068,1.1564
4,166,1,101,chemic,2,3.5686,6.0,4.068,5.2634
4,166,1,101,react,1,5.3731,3.0,3.068,5.254
4,166,1,101,gas,5,2.336,15.0,7.068,4.9575
4,166,1,101,mixtur,2,4.1314,6.0,4.068,6.0935
4,166,1,101,chemic,2,3.5686,6.0,4.068,5.2634
4,166,1,101,equilibrium,3,2.8321,9.0,5.068,5.0294
4,488,2,96,flow,1,0.6512,3.0,3.0053,0.6501
4,488,2,96,chemic,2,3.5686,6.0,4.0053,5.3459
4,488,2,96,react,2,5.3731,6.0,4.0053,8.0491
4,488,2,96,gas,2,2.336,6.0,4.0053,3.4994
4,488,2,96,mixtur,2,4.1314,6.0,4.0053,6.189
4,488,2,96,chemic,2,3.5686,6.0,4.0053,5.3459
4,488,2,96,equilibrium,1,2.8321,3.0,3.0053,2.8272
4,1061,3,170,develop,1,1.6671,3.0,3.9343,1.2712
4,1061,3,170,flow,1,0.6512,3.0,3.9343,0.4966
4,1061,3,170,solut,3,1.2349,9.0,5.9343,1.8729
4,1061,3,170,chemic,4,3.5686,12.0,6.9343,6.1756
4,1061,3,170,react,1,5.3731,3.0,3.9343,4.0971
4,1061,3,170,mixtur,2,4.1314,6.0,4.9343,5.0237
4,1061,3,170,base,1,1.8047,3.0,3.9343,1.3761
4,1061,3,170,assumpt,1,2.5582,3.0,3.9343,1.9507
4,1061,3,170,chemic,4,3.5686,12.0,6.9343,6.1756
4,1189,4,59,flow,3,0.6512,9.0,4.5407,1.2907
4,1189,4,59,solut,1,1.2349,3.0,2.5407,1.4581
4,1189,4,59,chemic,1,3.5686,3.0,2.5407,4.2137
4,1189,4,59,react,1,5.3731,3.0,2.5407,6.3444
4,1189,4,59,gas,1,2.336,3.0,2.5407,2.7582
4,1189,4,59,chemic,1,3.5686,3.0,2.5407,4.2137
4,1189,4,59,equilibrium,2,2.8321,6.0,3.5407,4.7993
4,167,5,74,flow,5,0.6512,15.0,6.7291,1.4516
4,167,5,74,solut,2,1.2349,6.0,3.7291,1.9869
4,167,5,74,chemic,1,3.5686,3.0,2.7291,3.9229
4,167,5,74,gas,4,2.336,12.0,5.7291,4.8929
4,167,5,74,mixtur,1,4.1314,3.0,2.7291,4.5416
4,167,5,74,chemic,1,3.5686,3.0,2.7291,3.9229
4,167,5,74,equilibrium,1,2.8321,3.0,2.7291,3.1133
4,575,6,142,develop,1,1.6671,3.0,3.5828,1.3959
4,575,6,142,flow,4,0.6512,12.0,6.5828,1.1871
4,575,6,142,solut,1,1.2349,3.0,3.5828,1.034
4,575,6,142,chemic,2,3.5686,6.0,4.5828,4.6722
4,575,6,142,gas,2,2.336,6.0,4.5828,3.0584
4,575,6,142,assumpt,1,2.5582,3.0,3.5828,2.1421
4,575,6,142,chemic,2,3.5686,6.0,4.5828,4.6722
4,575,6,142,equilibrium,5,2.8321,15.0,7.5828,5.6025
4,1315,7,94,flow,2,0.6512,6.0,3.9801,0.9817
4,1315,7,94,chemic,1,3.5686,3.0,2.9801,3.5924
4,1315,7,94,gas,2,2.336,6.0,3.9801,3.5214
4,1315,7,94,mixtur,1,4.1314,3.0,2.9801,4.159
4,1315,7,94,base,1,1.8047,3.0,2.9801,1.8167
4,1315,7,94,simplifi,1,3.159,3.0,2.9801,3.18
4,1315,7,94,chemic,1,3.5686,3.0,2.9801,3.5924
4,1315,7,94,equilibrium,1,2.8321,3.0,2.9801,2.851
4,1374,8,78,flow,2,0.6512,6.0,3.7793,1.0339
4,1374,8,78,solut,1,1.2349,3.0,2.7793,1.333
4,1374,8,78,chemic,2,3.5686,6.0,3.7793,5.6656
4,1374,8,78,gas,1,2.336,3.0,2.7793,2.5215
4,1374,8,78,assumpt,1,2.5582,3.0,2.7793,2.7614
4,1374,8,78,chemic,2,3.5686,6.0,3.7793,5.6656
4,1374,8,78,equilibrium,2,2.8321,6.0,3.7793,4.4963
4,185,9,189,flow,1,0.6512,3.0,4.1728,0.4682
4,185,9,189,chemic,2,3.5686,6.0,5.1728,4.1393
4,185,9,189,gas,9,2.336,27.0,12.1728,5.1813
4,185,9,189,mixtur,5,4.1314,15.0,8.1728,7.5826
4,185,9,189,base,1,1.8047,3.0,4.1728,1.2975
4,185,9,189,chemic,2,3.5686,6.0,5.1728,4.1393
4,1275,10,58,criterion,2,4.1769,6.0,3.5282,7.1032
4,1275,10,58,flow,6,0.6512,18.0,7.5282,1.5571
4,1275,10,58,simplifi,1,3.159,3.0,2.5282,3.7485
4,1275,10,58,instantan,2,5.1049,6.0,3.5282,8.6813
5,103,1,70,chemic,3,3.5686,9.0,4.6788,6.8645
5,103,1,70,kinet,2,4.0063,6.0,3.6788,6.534
5,103,1,70,system,1,2.8082,3.0,2.6788,3.1449
5,1032,2,64,kinet,1,4.0063,3.0,2.6035,4.6164
5,1032,2,64,system,4,2.8082,12.0,5.6035,6.0138
5,1032,2,64,applic,1,1.8536,3.0,2.6035,2.1359
5,1032,2,64,problem,1,1.4657,3.0,2.6035,1.689
5,401,3,199,chemic,2,3.5686,6.0,5.2984,4.0412
5,401,3,199,kinet,2,4.0063,6.0,5.2984,4.5368
5,401,3,199,applic,1,1.8536,3.0,4.2984,1.2937
5,401,3,199,hyperson,3,2.1062,9.0,6.2984,3.0096
5,401,3,199,problem,1,1.4657,3.0,4.2984,1.023
5,943,4,90,chemic,2,3.5686,6.0,3.9299,5.4484
5,943,4,90,kinet,1,4.0063,3.0,2.9299,4.1021
5,943,4,90,system,1,2.8082,3.0,2.9299,2.8754
5,552,5,124,chemic,2,3.5686,6.0,4.3568,4.9146
5,552,5,124,kinet,1,4.0063,3.0,3.3568,3.5804
5,552,5,124,hyperson,1,2.1062,3.0,3.3568,1.8823
5,552,5,124,problem,2,1.4657,6.0,4.3568,2.0186
5,968,6,103,chemic,1,3.5686,3.0,3.0931,3.4612
5,968,6,103,system,5,2.8082,15.0,7.0931,5.9385
5,968,6,103,applic,2,1.8536,6.0,4.0931,2.7171
5,1296,7,125,chemic,2,3.5686,6.0,4.3693,4.9005
5,1296,7,125,kinet,1,4.0063,3.0,3.3693,3.5671
5,1296,7,125,hyperson,3,2.1062,9.0,5.3693,3.5304
5,625,8,192,chemic,1,3.5686,3.0,4.2105,2.5427
5,625,8,192,kinet,1,4.0063,3.0,4.2105,2.8545
5,625,8,192,hyperson,3,2.1062,9.0,6.2105,3.0522
5,625,8,192,aerodynam,1,2.0548,3.0,4.2105,1.464
5,625,8,192,problem,1,1.4657,3.0,4.2105,1.0443
5,368,9,76,system,3,2.8082,9.0,4.7542,5.3161
5,368,9,76,applic,1,1.8536,3.0,2.7542,2.019
5,368,9,76,problem,4,1.4657,12.0,5.7542,3.0567
5,1374,10,78,chemic,2,3.5686,6.0,3.7793,5.6656
5,1374,10,78,applic,1,1.8536,3.0,2.7793,2.0008
5,1374,10,78,hyperson,1,2.1062,3.0,2.7793,2.2735
6,491,1,65,theoret,1,1.7832,3.0,2.6161,2.0449
6,491,1,65,turbul,3,2.2648,9.0,4.6161,4.4156
6,491,1,65,couett,3,4.8936,9.0,4.6161,9.5411
6,491,1,65,flow,5,0.6512,15.0,6.6161,1.4764
6,257,2,116,experiment,1,1.4175,3.0,3.2563,1.3059
6,257,2,116,turbul,6,2.2648,18.0,8.2563,4.9375
6,257,2,116,couett,1,4.8936,3.0,3.2563,4.5083
6,257,2,116,flow,7,0.6512,21.0,9.2563,1.4774
6,386,3,53,couett,3,4.8936,9.0,4.4654,9.863
6,386,3,53,flow,4,0.6512,12.0,5.4654,1.4298
6,385,4,28,couett,2,4.8936,6.0,3.1515,9.3165
6,385,4,28,flow,2,0.6512,6.0,3.1515,1.2398
6,798,5,341,guid,1,4.3827,3.0,6.0812,2.1621
6,798,5,341,turbul,8,2.2648,24.0,13.0812,4.1552
6,798,5,341,flow,5,0.6512,15.0,10.0812,0.969
6,798,5,341,behaviour,1,3.9308,3.0,6.0812,1.9391
6,767,6,153,theoret,4,1.7832,12.0,6.7209,3.1839
6,767,6,153,experiment,3,1.4175,9.0,5.7209,2.2299
6,767,6,153,flow,1,0.6512,3.0,3.7209,0.525
6,767,6,153,behaviour,1,3.9308,3.0,3.7209,3.1692
6,406,7,126,turbul,2,2.2648,6.0,4.3819,3.1011
6,406,7,126,flow,1,0.6512,3.0,3.3819,0.5777
6,406,7,126,behaviour,2,3.9308,6.0,4.3819,5.3823
6,1273,8,85,couett,2,4.8936,6.0,3.8672,7.5925
6,1273,8,85,flow,5,0.6512,15.0,6.8672,1.4225
6,1374,9,78,theoret,2,1.7832,6.0,3.7793,2.8311
6,1374,9,78,experiment,1,1.4175,3.0,2.7793,1.53
6,1374,9,78,turbul,2,2.2648,6.0,3.7793,3.5956
6,1374,9,78,flow,2,0.6512,6.0,3.7793,1.0339
6,610,10,85,theoret,2,1.7832,6.0,3.8672,2.7667
6,610,10,85,experiment,1,1.4175,3.0,2.8672,1.4831
6,610,10,85,turbul,2,2.2648,6.0,3.8672,3.5138
6,610,10,85,flow,3,0.6512,9.0,4.8672,1.2042
7,492,1,34,pressur,4,0.9305,12.0,5.2269,2.1362
7,492,1,34,distribut,1,1.3547,3.0,2.2269,1.825
7,492,1,34,ogiv,2,4.5708,6.0,3.2269,8.4989
7,492,1,34,forebodi,2,5.1049,6.0,3.2269,9.492
7,492,1,34,zero,1,1.5296,3.0,2.2269,2.0606
7,492,1,34,angl,4,1.886,12.0,5.2269,4.3299
7,492,1,34,attack,4,2.5044,12.0,5.2269,5.7496
7,492,1,34,lower,1,2.9077,3.0,2.2269,3.9172
7,492,1,34,surfac,2,1.4443,6.0,3.2269,2.6856
7,492,1,34,pressur,4,0.9305,12.0,5.2269,2.1362
7,492,1,34,ogiv,2,4.5708,6.0,3.2269,8.4989
7,492,1,34,forebodi,2,5.1049,6.0,3.2269,9.492
7,492,1,34,angl,4,1.886,12.0,5.2269,4.3299
7,492,1,34,attack,4,2.5044,12.0,5.2269,5.7496
7,434,2,143,ogiv,1,4.5708,3.0,3.5953,3.8139
7,434,2,143,forebodi,5,5.1049,15.0,7.5953,10.0816
7,434,2,143,zero,2,1.5296,6.0,4.5953,1.9971
7,434,2,143,angl,5,1.886,15.0,7.5953,3.7247
7,434,2,143,attack,1,2.5044,3.0,3.5953,2.0897
7,434,2,143,ogiv,1,4.5708,3.0,3.5953,3.8139
7,434,2,143,forebodi,5,5.1049,15.0,7.5953,10.0816
7,434,2,143,angl,5,1.886,15.0,7.5953,3.7247
7,434,2,143,attack,1,2.5044,3.0,3.5953,2.0897
7,973,3,66,pressur,1,0.9305,3.0,2.6286,1.062
7,973,3,66,ogiv,2,4.5708,6.0,3.6286,7.5579
7,973,3,66,forebodi,1,5.1049,3.0,2.6286,5.8261
7,973,3,66,angl,1,1.886,3.0,2.6286,2.1525
7,973,3,66,attack,1,2.5044,3.0,2.6286,2.8582
7,973,3,66,pressur,1,0.9305,3.0,2.6286,1.062
7,973,3,66,ogiv,2,4.5708,6.0,3.6286,7.5579
7,973,3,66,forebodi,1,5.1049,3.0,2.6286,5.8261
7,973,3,66,angl,1,1.886,3.0,2.6286,2.1525
7,973,3,66,attack,1,2.5044,3.0,2.6286,2.8582
7,57,4,110,relat,1,1.8004,3.0,3.181,1.6979
7,57,4,110,pressur,5,0.9305,15.0,7.181,1.9436
7,57,4,110,distribut,5,1.3547,15.0,7.181,2.8297
7,57,4,110,ogiv,3,4.5708,9.0,5.181,7.94
7,57,4,110,zero,2,1.5296,6.0,4.181,2.195
7,57,4,110,angl,1,1.886,3.0,3.181,1.7787
7,57,4,110,attack,1,2.5044,3.0,3.181,2.3619
7,57,4,110,pressur,5,0.9305,15.0,7.181,1.9436
7,57,4,110,ogiv,3,4.5708,9.0,5.181,7.94
7,57,4,110,angl,1,1.886,3.0,3.181,1.7787
7,57,4,110,attack,1,2.5044,3.0,3.181,2.3619
7,122,5,133,relat,1,1.8004,3.0,3.4698,1.5566
7,122,5,133,avail,1,2.8443,3.0,3.4698,2.4592
7,122,5,133,pressur,2,0.9305,6.0,4.4698,1.249
7,122,5,133,zero,3,1.5296,9.0,5.4698,2.5167
7,122,5,133,angl,4,1.886,12.0,6.4698,3.4981
7,122,5,133,attack,4,2.5044,12.0,6.4698,4.645
7,122,5,133,lower,1,2.9077,3.0,3.4698,2.514
7,122,5,133,surfac,2,1.4443,6.0,4.4698,1.9388
7,122,5,133,pressur,2,0.9305,6.0,4.4698,1.249
7,122,5,133,equival,2,3.4272,6.0,4.4698,4.6005
7,122,5,133,angl,4,1.886,12.0,6.4698,3.4981
7,122,5,133,attack,4,2.5044,12.0,6.4698,4.645
7,56,6,126,pressur,6,0.9305,18.0,8.3819,1.9982
7,56,6,126,distribut,5,1.3547,15.0,7.3819,2.7527
7,56,6,126,ogiv,2,4.5708,6.0,4.3819,6.2586
7,56,6,126,zero,2,1.5296,6.0,4.3819,2.0944
7,56,6,126,angl,2,1.886,6.0,4.3819,2.5824
7,56,6,126,attack,2,2.5044,6.0,4.3819,3.4292
7,56,6,126,pressur,6,0.9305,18.0,8.3819,1.9982
7,56,6,126,ogiv,2,4.5708,6.0,4.3819,6.2586
7,56,6,126,angl,2,1.886,6.0,4.3819,2.5824
7,56,6,126,attack,2,2.5044,6.0,4.3819,3.4292
7,232,7,154,pressur,5,0.9305,15.0,7.7334,1.8048
7,232,7,154,distribut,2,1.3547,6.0,4.7334,1.7172
7,232,7,154,ogiv,2,4.5708,6.0,4.7334,5.7938
7,232,7,154,zero,2,1.5296,6.0,4.7334,1.9388
7,232,7,154,angl,3,1.886,9.0,5.7334,2.9605
7,232,7,154,attack,1,2.5044,3.0,3.7334,2.0124
7,232,7,154,surfac,1,1.4443,3.0,3.7334,1.1606
7,232,7,154,pressur,5,0.9305,15.0,7.7334,1.8048
7,232,7,154,ogiv,2,4.5708,6.0,4.7334,5.7938
7,232,7,154,angl,3,1.886,9.0,5.7334,2.9605
7,232,7,154,attack,1,2.5044,3.0,3.7334,2.0124
7,1040,8,305,possibl,1,2.2047,3.0,5.6292,1.175
7,1040,8,305,pressur,9,0.9305,27.0,13.6292,1.8433
7,1040,8,305,distribut,1,1.3547,3.0,5.6292,0.722
7,1040,8,305,forebodi,7,5.1049,21.0,11.6292,9.2184
7,1040,8,305,zero,2,1.5296,6.0,6.6292,1.3844
7,1040,8,305,angl,3,1.886,9.0,7.6292,2.2249
7,1040,8,305,pressur,9,0.9305,27.0,13.6292,1.8433
7,1040,8,305,forebodi,7,5.1049,21.0,11.6292,9.2184
7,1040,8,305,angl,3,1.886,9.0,7.6292,2.2249
7,124,9,126,avail,1,2.8443,3.0,3.3819,2.5231
7,124,9,126,pressur,2,0.9305,6.0,4.3819,1.2741
7,124,9,126,ogiv,2,4.5708,6.0,4.3819,6.2586
7,124,9,126,zero,1,1.5296,3.0,3.3819,1.3568
7,124,9,126,angl,1,1.886,3.0,3.3819,1.673
7,124,9,126,attack,1,2.5044,3.0,3.3819,2.2216
7,124,9,126,pressur,2,0.9305,6.0,4.3819,1.2741
7,124,9,126,equival,1,3.4272,3.0,3.3819,3.0402
7,124,9,126,ogiv,2,4.5708,6.0,4.3819,6.2586
7,124,9,126,angl,1,1.886,3.0,3.3819,1.673
7,124,9,126,attack,1,2.5044,3.0,3.3819,2.2216
7,1231,10,103,pressur,5,0.9305,15.0,7.0931,1.9677
7,1231,10,103,distribut,3,1.3547,9.0,5.0931,2.3938
7,1231,10,103,zero,3,1.5296,9.0,5.0931,2.7029
7,1231,10,103,angl,5,1.886,15.0,7.0931,3.9884
7,1231,10,103,attack,3,2.5044,9.0,5.0931,4.4254
7,1231,10,103,surfac,4,1.4443,12.0,6.0931,2.8445
7,1231,10,103,pressur,5,0.9305,15.0,7.0931,1.9677
7,1231,10,103,angl,5,1.886,15.0,7.0931,3.9884
7,1231,10,103,attack,3,2.5044,9.0,5.0931,4.4254
8,122,1,133,method,8,1.1235,24.0,10.4698,2.5755
8,122,1,133,exact,1,2.4871,3.0,3.4698,2.1503
8,122,1,133,approxim,3,1.3087,9.0,5.4698,2.1534
8,122,1,133,present,1,1.0154,3.0,3.4698,0.878
8,122,1,133,avail,1,2.8443,3.0,3.4698,2.4592
8,122,1,133,bodi,8,1.5631,24.0,10.4698,3.583
8,122,1,133,pressur,2,0.9305,6.0,4.4698,1.249
8,122,1,133,angl,4,1.886,12.0,6.4698,3.4981
8,122,1,133,attack,4,2.5044,12.0,6.4698,4.645
8,492,2,34,method,1,1.1235,3.0,2.2269,1.5136
8,492,2,34,approxim,2,1.3087,6.0,3.2269,2.4334
8,492,2,34,present,1,1.0154,3.0,2.2269,1.368
8,492,2,34,predict,1,1.9797,3.0,2.2269,2.667
8,492,2,34,bodi,1,1.5631,3.0,2.2269,2.1057
8,492,2,34,pressur,4,0.9305,12.0,5.2269,2.1362
8,492,2,34,angl,4,1.886,12.0,5.2269,4.3299
8,492,2,34,attack,4,2.5044,12.0,5.2269,5.7496
8,443,3,134,dash,1,4.8936,3.0,3.4823,4.2158
8,443,3,134,approxim,1,1.3087,3.0,3.4823,1.1275
8,443,3,134,dash,1,4.8936,3.0,3.4823,4.2158
8,443,3,134,present,1,1.0154,3.0,3.4823,0.8748
8,443,3,134,pressur,3,0.9305,9.0,5.4823,1.5275
8,443,3,134,angl,4,1.886,12.0,6.4823,3.4913
8,443,3,134,attack,3,2.5044,9.0,5.4823,4.1113
8,1231,4,103,method,1,1.1235,3.0,3.0931,1.0897
8,1231,4,103,approxim,3,1.3087,9.0,5.0931,2.3126
8,1231,4,103,predict,2,1.9797,6.0,4.0931,2.9019
8,1231,4,103,bodi,2,1.5631,6.0,4.0931,2.2912
8,1231,4,103,pressur,5,0.9305,15.0,7.0931,1.9677
8,1231,4,103,angl,5,1.886,15.0,7.0931,3.9884
8,1231,4,103,attack,3,2.5044,9.0,5.0931,4.4254
8,711,5,91,dash,1,4.8936,3.0,2.9425,4.9892
8,711,5,91,dash,1,4.8936,3.0,2.9425,4.9892
8,711,5,91,angl,4,1.886,12.0,5.9425,3.8085
8,711,5,91,attack,4,2.5044,12.0,5.9425,5.0572
8,569,6,168,dash,2,4.8936,6.0,4.9092,5.9809
8,569,6,168,approxim,1,1.3087,3.0,3.9092,1.0043
8,569,6,168,dash,2,4.8936,6.0,4.9092,5.9809
8,569,6,168,predict,1,1.9797,3.0,3.9092,1.5192
8,569,6,168,bodi,3,1.5631,9.0,5.9092,2.3806
8,569,6,168,pressur,7,0.9305,21.0,9.9092,1.9719
8,69,7,83,method,1,1.1235,3.0,2.842,1.186
8,69,7,83,avail,1,2.8443,3.0,2.842,3.0024
8,69,7,83,predict,3,1.9797,9.0,4.842,3.6796
8,69,7,83,bodi,1,1.5631,3.0,2.842,1.6499
8,69,7,83,angl,3,1.886,9.0,4.842,3.5055
8,69,7,83,attack,3,2.5044,9.0,4.842,4.6549
8,234,8,209,method,10,1.1235,30.0,13.4239,2.5109
8,234,8,209,present,1,1.0154,3.0,4.4239,0.6886
8,234,8,209,predict,8,1.9797,24.0,11.4239,4.159
8,234,8,209,bodi,10,1.5631,30.0,13.4239,3.4932
8,234,8,209,pressur,5,0.9305,15.0,8.4239,1.6569
8,234,8,209,angl,2,1.886,6.0,5.4239,2.0863
8,234,8,209,attack,2,2.5044,6.0,5.4239,2.7703
8,248,9,71,method,1,1.1235,3.0,2.6914,1.2524
8,248,9,71,exact,1,2.4871,3.0,2.6914,2.7722
8,248,9,71,approxim,1,1.3087,3.0,2.6914,1.4588
8,248,9,71,bodi,3,1.5631,9.0,4.6914,2.9986
8,248,9,71,pressur,2,0.9305,6.0,3.6914,1.5124
8,248,9,71,angl,2,1.886,6.0,3.6914,3.0655
8,248,9,71,attack,2,2.5044,6.0,3.6914,4.0706
8,1082,10,154,method,2,1.1235,6.0,4.7334,1.4242
8,1082,10,154,dash,2,4.8936,6.0,4.7334,6.203
8,1082,10,154,approxim,1,1.3087,3.0,3.7334,1.0516
8,1082,10,154,dash,2,4.8936,6.0,4.7334,6.203
8,1082,10,154,pressur,3,0.9305,9.0,5.7334,1.4606
9,45,1,92,paper,1,1.9441,3.0,2.955,1.9737
9,45,1,92,intern,2,3.4495,6.0,3.955,5.233
9,45,1,92,flow,6,0.6512,18.0,7.955,1.4735
9,45,1,92,heat,4,1.5197,12.0,5.955,3.0624
9,45,1,92,transfer,3,1.905,9.0,4.955,3.4601
9,45,1,92,studi,2,1.7664,6.0,3.955,2.6797
9,550,2,73,slip,3,4.3827,9.0,4.7165,8.3631
9,550,2,73,flow,5,0.6512,15.0,6.7165,1.4544
9,550,2,73,heat,3,1.5197,9.0,4.7165,2.8999
9,550,2,73,transfer,2,1.905,6.0,3.7165,3.0755
9,550,2,73,studi,1,1.7664,3.0,2.7165,1.9507
9,21,3,34,slip,2,4.3827,6.0,3.2269,8.1492
9,21,3,34,flow,1,0.6512,3.0,2.2269,0.8773
9,21,3,34,heat,2,1.5197,6.0,3.2269,2.8258
9,21,3,34,transfer,2,1.905,6.0,3.2269,3.5421
9,306,4,93,slip,3,4.3827,9.0,4.9676,7.9404
9,306,4,93,flow,6,0.6512,18.0,7.9676,1.4712
9,306,4,93,heat,2,1.5197,6.0,3.9676,2.2982
9,306,4,93,transfer,2,1.905,6.0,3.9676,2.8808
9,22,5,63,slip,4,4.3827,12.0,5.5909,9.4068
9,22,5,63,flow,2,0.6512,6.0,3.5909,1.0881
9,22,5,63,heat,1,1.5197,3.0,2.5909,1.7597
9,22,5,63,transfer,1,1.905,3.0,2.5909,2.2058
9,571,6,159,slip,3,4.3827,9.0,5.7962,6.8053
9,571,6,159,flow,2,0.6512,6.0,4.7962,0.8147
9,571,6,159,heat,5,1.5197,15.0,7.7962,2.924
9,571,6,159,transfer,5,1.905,15.0,7.7962,3.6653
9,102,7,44,intern,2,3.4495,6.0,3.3524,6.1737
9,102,7,44,flow,1,0.6512,3.0,2.3524,0.8305
9,102,7,44,heat,3,1.5197,9.0,4.3524,3.1425
9,102,7,44,transfer,2,1.905,6.0,3.3524,3.4095
9,1215,8,64,slip,3,4.3827,9.0,4.6035,8.5684
9,1215,8,64,heat,1,1.5197,3.0,2.6035,1.7512
9,1215,8,64,transfer,1,1.905,3.0,2.6035,2.1951
9,270,9,134,paper,2,1.9441,6.0,4.4823,2.6024
9,270,9,134,flow,8,0.6512,24.0,10.4823,1.491
9,270,9,134,heat,2,1.5197,6.0,4.4823,2.0343
9,270,9,134,transfer,2,1.905,6.0,4.4823,2.55
9,270,9,134,studi,4,1.7664,12.0,6.4823,3.2699
9,549,10,42,paper,1,1.9441,3.0,2.3273,2.5061
9,549,10,42,flow,2,0.6512,6.0,3.3273,1.1743
9,549,10,42,heat,1,1.5197,3.0,2.3273,1.959
9,549,10,42,transfer,1,1.905,3.0,2.3273,2.4556
9,549,10,42,studi,2,1.7664,6.0,3.3273,3.1853
10,493,1,165,real,3,3.7334,9.0,5.8715,5.7226
10,493,1,165,gas,6,2.336,18.0,8.8715,4.7396
10,493,1,165,wide,2,3.3034,6.0,4.8715,4.0686
10,493,1,165,rang,4,1.5462,12.0,6.8715,2.7001
10,493,1,165,enthalpi,6,3.6754,18.0,8.8715,7.4573
10,302,2,82,transport,2,4.0879,6.0,3.8295,6.4049
10,302,2,82,properti,2,2.5309,6.0,3.8295,3.9654
10,302,2,82,air,7,2.0273,21.0,8.8295,4.8217
10,302,2,82,rang,1,1.5462,3.0,2.8295,1.6393
10,302,2,82,enthalpi,2,3.6754,6.0,3.8295,5.7586
10,1143,3,85,real,2,3.7334,6.0,3.8672,5.7925
10,1143,3,85,gas,3,2.336,9.0,4.8672,4.3195
10,1143,3,85,air,3,2.0273,9.0,4.8672,3.7487
10,1143,3,85,enthalpi,3,3.6754,9.0,4.8672,6.7963
10,949,4,80,properti,4,2.5309,12.0,5.8044,5.2324
10,949,4,80,air,2,2.0273,6.0,3.8044,3.1973
10,949,4,80,enthalpi,3,3.6754,9.0,4.8044,6.8851
10,949,4,80,densiti,2,2.7619,6.0,3.8044,4.3559
10,1199,5,144,gas,3,2.336,9.0,5.6079,3.749
10,1199,5,144,transport,3,4.0879,9.0,5.6079,6.5607
10,1199,5,144,properti,4,2.5309,12.0,6.6079,4.5962
10,1199,5,144,air,4,2.0273,12.0,6.6079,3.6816
10,524,6,42,transport,2,4.0879,6.0,3.3273,7.3716
10,524,6,42,properti,2,2.5309,6.0,3.3273,4.5639
10,524,6,42,air,1,2.0273,3.0,2.3273,2.6133
10,524,6,42,rang,1,1.5462,3.0,2.3273,1.9931
10,691,7,79,transport,2,4.0879,6.0,3.7918,6.4686
10,691,7,79,properti,4,2.5309,12.0,5.7918,5.2438
10,691,7,79,air,4,2.0273,12.0,5.7918,4.2003
10,1010,8,92,properti,3,2.5309,9.0,4.955,4.597
10,1010,8,92,air,2,2.0273,6.0,3.955,3.0755
10,1010,8,92,rang,1,1.5462,3.0,2.955,1.5697
10,1010,8,92,enthalpi,1,3.6754,3.0,2.955,3.7313
10,1010,8,92,densiti,1,2.7619,3.0,2.955,2.804
10,1009,9,94,real,2,3.7334,6.0,3.9801,5.628
10,1009,9,94,gas,3,2.336,9.0,4.9801,4.2215
10,1009,9,94,properti,1,2.5309,3.0,2.9801,2.5478
10,1009,9,94,air,2,2.0273,6.0,3.9801,3.0561
10,1286,10,64,real,1,3.7334,3.0,2.6035,4.302
10,1286,10,64,gas,5,2.336,15.0,6.6035,5.3062
10,1286,10,64,wide,1,3.3034,3.0,2.6035,3.8064
10,1286,10,64,rang,1,1.5462,3.0,2.6035,1.7816
11,495,1,61,similar,1,2.2244,3.0,2.5658,2.6007
11,495,1,61,solut,2,1.2349,6.0,3.5658,2.0779
11,495,1,61,strong,3,3.4055,9.0,4.5658,6.7128
11,495,1,61,blast,3,4.5041,9.0,4.5658,8.8783
11,495,1,61,wave,3,1.8955,9.0,4.5658,3.7362
11,495,1,61,newtonian,1,3.4495,3.0,2.5658,4.0331
11,495,1,61,approxim,2,1.3087,6.0,3.5658,2.2021
11,556,2,97,find,1,3.7334,3.0,3.0178,3.7114
11,556,2,97,blast,3,4.5041,9.0,5.0178,8.0786
11,556,2,97,wave,3,1.8955,9.0,5.0178,3.3997
11,556,2,97,approxim,1,1.3087,3.0,3.0178,1.301
11,472,3,58,possibl,1,2.2047,3.0,2.5282,2.6162
11,472,3,58,find,2,3.7334,6.0,3.5282,6.349
11,472,3,58,solut,1,1.2349,3.0,2.5282,1.4654
11,472,3,58,wave,3,1.8955,9.0,4.5282,3.7673
11,472,3,58,problem,1,1.4657,3.0,2.5282,1.7393
11,654,4,69,solut,3,1.2349,9.0,4.6663,2.3818
11,654,4,69,blast,2,4.5041,6.0,3.6663,7.3711
11,654,4,69,wave,2,1.8955,6.0,3.6663,3.102
11,654,4,69,approxim,3,1.3087,9.0,4.6663,2.5242
11,1327,5,76,solut,4,1.2349,12.0,5.7542,2.5753
11,1327,5,76,blast,2,4.5041,6.0,3.7542,7.1986
11,1327,5,76,wave,2,1.8955,6.0,3.7542,3.0294
11,1327,5,76,approxim,3,1.3087,9.0,4.7542,2.4775
11,72,6,165,analyt,2,2.5768,6.0,4.8715,3.1737
11,72,6,165,similar,1,2.2244,3.0,3.8715,1.7236
11,72,6,165,solut,2,1.2349,6.0,4.8715,1.521
11,72,6,165,strong,1,3.4055,3.0,3.8715,2.6389
11,72,6,165,wave,8,1.8955,24.0,10.8715,4.1844
11,72,6,165,problem,2,1.4657,6.0,4.8715,1.8053
11,28,7,84,analyt,1,2.5768,3.0,2.8546,2.708
11,28,7,84,similar,1,2.2244,3.0,2.8546,2.3377
11,28,7,84,solut,8,1.2349,24.0,9.8546,3.0075
11,28,7,84,problem,1,1.4657,3.0,2.8546,1.5404
11,28,7,84,newtonian,2,3.4495,6.0,3.8546,5.3694
11,1186,8,71,similar,3,2.2244,9.0,4.6914,4.2672
11,1186,8,71,solut,1,1.2349,3.0,2.6914,1.3765
11,1186,8,71,wave,1,1.8955,3.0,2.6914,2.1128
11,1186,8,71,newtonian,2,3.4495,6.0,3.6914,5.6068
11,1186,8,71,approxim,1,1.3087,3.0,2.6914,1.4588
11,305,9,93,similar,2,2.2244,6.0,3.9676,3.3638
11,305,9,93,solut,4,1.2349,12.0,5.9676,2.4832
11,305,9,93,strong,2,3.4055,6.0,3.9676,5.15
11,305,9,93,problem,1,1.4657,3.0,2.9676,1.4817
11,305,9,93,approxim,1,1.3087,3.0,2.9676,1.323
11,1280,10,139,possibl,1,2.2047,3.0,3.5451,1.8657
11,1280,10,139,find,2,3.7334,6.0,4.5451,4.9285
11,1280,10,139,similar,1,2.2244,3.0,3.5451,1.8823
11,1280,10,139,solut,2,1.2349,6.0,4.5451,1.6302
11,1280,10,139,problem,3,1.4657,9.0,5.5451,2.379
11,1280,10,139,approxim,1,1.3087,3.0,3.5451,1.1075
12,624,1,145,aerodynam,1,2.0548,3.0,3.6204,1.7026
12,624,1,145,perform,2,2.8443,6.0,4.6204,3.6936
12,624,1,145,channel,1,4.3827,3.0,3.6204,3.6317
12,624,1,145,flow,4,0.6512,12.0,6.6204,1.1804
12,624,1,145,ground,4,3.7637,12.0,6.6204,6.822
12,624,1,145,effect,1,0.9524,3.0,3.6204,0.7892
12,624,1,145,machin,1,4.2245,3.0,3.6204,3.5006
12,624,1,145,calcul,1,1.4504,3.0,3.6204,1.2018
12,650,2,39,aerodynam,1,2.0548,3.0,2.2896,2.6923
12,650,2,39,perform,1,2.8443,3.0,2.2896,3.7268
12,650,2,39,ground,1,3.7637,3.0,2.2896,4.9314
12,650,2,39,effect,2,0.9524,6.0,3.2896,1.7372
12,650,2,39,machin,1,4.2245,3.0,2.2896,5.5352
12,649,3,134,ground,3,3.7637,9.0,5.4823,6.1786
12,649,3,134,effect,3,0.9524,9.0,5.4823,1.5636
12,649,3,134,machin,4,4.2245,12.0,6.4823,7.8204
12,966,4,141,channel,3,4.3827,9.0,5.5702,7.0814
12,966,4,141,flow,5,0.6512,15.0,7.5702,1.2903
12,966,4,141,effect,4,0.9524,12.0,6.5702,1.7396
12,966,4,141,machin,1,4.2245,3.0,3.5702,3.5498
12,966,4,141,calcul,1,1.4504,3.0,3.5702,1.2188
12,506,5,67,perform,1,2.8443,3.0,2.6412,3.2308
12,506,5,67,ground,1,3.7637,3.0,2.6412,4.275
12,506,5,67,effect,1,0.9524,3.0,2.6412,1.0818
12,506,5,67,machin,1,4.2245,3.0,2.6412,4.7985
12,941,6,60,channel,6,4.3827,18.0,7.5533,10.4444
12,941,6,60,flow,6,0.6512,18.0,7.5533,1.5519
12,941,6,60,effect,1,0.9524,3.0,2.5533,1.1191
12,1221,7,60,channel,3,4.3827,9.0,4.5533,8.6629
12,1221,7,60,flow,2,0.6512,6.0,3.5533,1.0996
12,1221,7,60,effect,2,0.9524,6.0,3.5533,1.6083
12,1221,7,60,calcul,1,1.4504,3.0,2.5533,1.7042
12,1232,8,65,flow,4,0.6512,12.0,5.6161,1.3915
12,1232,8,65,ground,1,3.7637,3.0,2.6161,4.3161
12,1232,8,65,effect,2,0.9524,6.0,3.6161,1.5804
12,1232,8,65,machin,1,4.2245,3.0,2.6161,4.8445
12,1164,9,143,aerodynam,2,2.0548,6.0,4.5953,2.6829
12,1164,9,143,flow,1,0.6512,3.0,3.5953,0.5434
12,1164,9,143,ground,5,3.7637,15.0,7.5953,7.4329
12,1164,9,143,effect,2,0.9524,6.0,4.5953,1.2436
12,270,10,134,channel,6,4.3827,18.0,8.4823,9.3004
12,270,10,134,flow,8,0.6512,24.0,10.4823,1.491
12,270,10,134,effect,1,0.9524,3.0,3.4823,0.8205
13,496,1,69,transon,3,3.0939,9.0,4.6663,5.9673
13,496,1,69,aileron,3,4.9936,9.0,4.6663,9.6314
13,496,1,69,buzz,2,6.8395,6.0,3.6663,11.1931
13,903,2,123,mechan,1,3.4055,3.0,3.3442,3.055
13,903,2,123,transon,2,3.0939,6.0,4.3442,4.2731
13,903,2,123,aileron,3,4.9936,9.0,5.3442,8.4096
13,520,3,135,basic,1,3.5192,3.0,3.4949,3.0209
13,520,3,135,mechan,1,3.4055,3.0,3.4949,2.9233
13,520,3,135,aileron,2,4.9936,6.0,4.4949,6.6658
13,643,4,79,aileron,5,4.9936,15.0,6.7918,11.0287
13,199,5,210,aileron,9,4.9936,27.0,12.4365,10.8414
13,313,6,34,basic,1,3.5192,3.0,2.2269,4.7411
13,313,6,34,transon,2,3.0939,6.0,3.2269,5.7528
13,440,7,58,basic,1,3.5192,3.0,2.5282,4.176
13,440,7,58,transon,3,3.0939,9.0,4.5282,6.1493
13,38,8,48,mechan,1,3.4055,3.0,2.4026,4.2522
13,38,8,48,transon,2,3.0939,6.0,3.4026,5.4556
13,880,9,37,basic,1,3.5192,3.0,2.2645,4.6622
13,880,9,37,transon,1,3.0939,3.0,2.2645,4.0987
13,660,10,160,basic,7,3.5192,21.0,9.8088,7.5345
14,64,1,92,shock,6,1.7622,18.0,7.955,3.9874
14,64,1,92,sound,5,3.6206,15.0,6.955,7.8086
14,64,1,92,wave,13,1.8955,39.0,14.955,4.943
14,64,1,92,interact,1,2.7396,3.0,2.955,2.7813
14,132,2,175,shock,8,1.7622,24.0,10.9971,3.8459
14,132,2,175,sound,5,3.6206,15.0,7.9971,6.7911
14,132,2,175,wave,12,1.8955,36.0,14.9971,4.55
14,170,3,134,paper,1,1.9441,3.0,3.4823,1.6748
14,170,3,134,shock,8,1.7622,24.0,10.4823,4.0347
14,170,3,134,wave,2,1.8955,6.0,4.4823,2.5372
14,170,3,134,interact,10,2.7396,30.0,12.4823,6.5843
14,402,4,62,shock,4,1.7622,12.0,5.5784,3.7908
14,402,4,62,sound,2,3.6206,6.0,3.5784,6.0708
14,402,4,62,wave,5,1.8955,15.0,6.5784,4.322
14,798,5,341,paper,4,1.9441,12.0,9.0812,2.569
14,798,5,341,shock,8,1.7622,24.0,13.0812,3.2331
14,798,5,341,wave,5,1.8955,15.0,10.0812,2.8203
14,798,5,341,interact,10,2.7396,30.0,15.0812,5.4497
14,439,6,113,paper,1,1.9441,3.0,3.2187,1.812
14,439,6,113,shock,5,1.7622,15.0,7.2187,3.6618
14,439,6,113,wave,5,1.8955,15.0,7.2187,3.9386
14,439,6,113,interact,2,2.7396,6.0,4.2187,3.8964
14,1364,7,112,shock,8,1.7622,24.0,10.2061,4.1439
14,1364,7,112,wave,3,1.8955,9.0,5.2061,3.2767
14,1364,7,112,interact,5,2.7396,15.0,7.2061,5.7026
14,256,8,69,shock,4,1.7622,12.0,5.6663,3.732
14,256,8,69,wave,4,1.8955,12.0,5.6663,4.0142
14,256,8,69,interact,3,2.7396,9.0,4.6663,5.2839
14,335,9,56,shock,4,1.7622,12.0,5.5031,3.8427
14,335,9,56,wave,4,1.8955,12.0,5.5031,4.1332
14,335,9,56,interact,2,2.7396,6.0,3.5031,4.6923
14,296,10,135,sound,3,3.6206,9.0,5.4949,5.9301
14,296,10,135,wave,7,1.8955,21.0,9.4949,4.1922
14,296,10,135,interact,1,2.7396,3.0,3.4949,2.3517
15,462,1,88,materi,3,3.0036,9.0,4.9048,5.5114
15,462,1,88,properti,2,2.5309,6.0,3.9048,3.8889
15,462,1,88,photoelast,1,6.8395,3.0,2.9048,7.0636
15,462,1,88,materi,3,3.0036,9.0,4.9048,5.5114
15,1025,2,107,materi,4,3.0036,12.0,6.1434,5.867
15,1025,2,107,properti,2,2.5309,6.0,4.1434,3.665
15,1025,2,107,materi,4,3.0036,12.0,6.1434,5.867
15,463,3,63,materi,2,3.0036,6.0,3.5909,5.0186
15,463,3,63,properti,3,2.5309,9.0,4.5909,4.9616
15,463,3,63,materi,2,3.0036,6.0,3.5909,5.0186
15,1099,4,43,materi,2,3.0036,6.0,3.3399,5.396
15,1099,4,43,properti,1,2.5309,3.0,2.3399,3.245
15,1099,4,43,materi,2,3.0036,6.0,3.3399,5.396
15,1097,5,143,materi,7,3.0036,21.0,9.5953,6.5736
15,1097,5,143,materi,7,3.0036,21.0,9.5953,6.5736
15,1340,6,64,materi,2,3.0036,6.0,3.6035,5.0012
15,1340,6,64,properti,1,2.5309,3.0,2.6035,2.9164
15,1340,6,64,materi,2,3.0036,6.0,3.6035,5.0012
15,82,7,204,materi,3,3.0036,9.0,6.3612,4.2496
15,82,7,204,properti,4,2.5309,12.0,7.3612,4.1258
15,82,7,204,materi,3,3.0036,9.0,6.3612,4.2496
15,542,8,122,materi,2,3.0036,6.0,4.3317,4.1604
15,542,8,122,properti,3,2.5309,9.0,5.3317,4.2722
15,542,8,122,materi,2,3.0036,6.0,4.3317,4.1604
15,1043,9,103,materi,2,3.0036,6.0,4.0931,4.4029
15,1043,9,103,properti,2,2.5309,6.0,4.0931,3.71
15,1043,9,103,materi,2,3.0036,6.0,4.0931,4.4029
15,761,10,49,materi,3,3.0036,9.0,4.4152,6.1226
15,761,10,49,materi,3,3.0036,9.0,4.4152,6.1226
16,498,1,86,potenti,2,3.1759,6.0,3.8797,4.9116
16,498,1,86,flow,6,0.6512,18.0,7.8797,1.4876
16,498,1,86,bodi,7,1.5631,21.0,8.8797,3.6966
16,498,1,86,revolut,4,2.8947,12.0,5.8797,5.9078
16,498,1,86,calcul,6,1.4504,18.0,7.8797,3.3132
16,498,1,86,electron,1,4.2745,3.0,2.8797,4.4531
16,498,1,86,comput,1,2.4206,3.0,2.8797,2.5218
16,106,2,37,transvers,1,3.1259,3.0,2.2645,4.1411
16,106,2,37,potenti,2,3.1759,6.0,3.2645,5.8371
16,106,2,37,flow,2,0.6512,6.0,3.2645,1.1969
16,106,2,37,bodi,3,1.5631,9.0,4.2645,3.2987
16,106,2,37,revolut,2,2.8947,6.0,3.2645,5.3202
16,1255,3,94,potenti,2,3.1759,6.0,3.9801,4.7876
16,1255,3,94,flow,3,0.6512,9.0,4.9801,1.1769
16,1255,3,94,bodi,5,1.5631,15.0,6.9801,3.3589
16,1255,3,94,calcul,1,1.4504,3.0,2.9801,1.4601
16,1255,3,94,electron,2,4.2745,6.0,3.9801,6.4438
16,231,4,62,flow,2,0.6512,6.0,3.5784,1.0919
16,231,4,62,bodi,3,1.5631,9.0,4.5784,3.0726
16,231,4,62,revolut,2,2.8947,6.0,3.5784,4.8536
16,231,4,62,calcul,4,1.4504,12.0,5.5784,3.12
16,231,4,62,comput,2,2.4206,6.0,3.5784,4.0588
16,494,5,93,transvers,3,3.1259,9.0,4.9676,5.6633
16,494,5,93,flow,6,0.6512,18.0,7.9676,1.4712
16,494,5,93,bodi,3,1.5631,9.0,4.9676,2.8319
16,494,5,93,revolut,2,2.8947,6.0,3.9676,4.3775
16,494,5,93,calcul,1,1.4504,3.0,2.9676,1.4662
16,1328,6,131,flow,2,0.6512,6.0,4.4447,0.8791
16,1328,6,131,bodi,5,1.5631,15.0,7.4447,3.1494
16,1328,6,131,effici,6,3.9678,18.0,8.4447,8.4574
16,1328,6,131,comput,2,2.4206,6.0,4.4447,3.2677
16,248,7,71,flow,2,0.6512,6.0,3.6914,1.0585
16,248,7,71,bodi,3,1.5631,9.0,4.6914,2.9986
16,248,7,71,revolut,3,2.8947,9.0,4.6914,5.5531
16,248,7,71,calcul,1,1.4504,3.0,2.6914,1.6167
16,248,7,71,comput,2,2.4206,6.0,3.6914,3.9345
16,927,8,252,potenti,2,3.1759,6.0,5.9638,3.1952
16,927,8,252,flow,11,0.6512,33.0,14.9638,1.4361
16,927,8,252,bodi,9,1.5631,27.0,12.9638,3.2554
16,927,8,252,revolut,3,2.8947,9.0,6.9638,3.7411
16,927,8,252,calcul,3,1.4504,9.0,6.9638,1.8745
16,927,8,252,comput,1,2.4206,3.0,4.9638,1.463
16,1112,9,79,flow,2,0.6512,6.0,3.7918,1.0304
16,1112,9,79,bodi,10,1.5631,30.0,11.7918,3.9766
16,1112,9,79,revolut,2,2.8947,6.0,3.7918,4.5804
16,1112,9,79,calcul,1,1.4504,3.0,2.7918,1.5586
16,1112,9,79,comput,1,2.4206,3.0,2.7918,2.6011
16,814,10,124,potenti,5,3.1759,15.0,7.3568,6.4755
16,814,10,124,flow,3,0.6512,9.0,5.3568,1.0941
16,814,10,124,bodi,1,1.5631,3.0,3.3568,1.3969
16,814,10,124,revolut,1,2.8947,3.0,3.3568,2.587
16,814,10,124,calcul,2,1.4504,6.0,4.3568,1.9974
17,1108,1,148,three,2,1.4782,6.0,4.6581,1.904
17,1108,1,148,dimension,2,1.7748,6.0,4.6581,2.286
17,1108,1,148,problem,6,1.4657,18.0,8.6581,3.0472
17,1108,1,148,flow,5,0.6512,15.0,7.6581,1.2755
17,1108,1,148,bodi,5,1.5631,15.0,7.6581,3.0616
17,1108,1,148,revolut,2,2.8947,6.0,4.6581,3.7286
17,1108,1,148,reduc,3,2.3659,9.0,5.6581,3.7633
17,1108,1,148,dimension,2,1.7748,6.0,4.6581,2.286
17,1108,1,148,problem,6,1.4657,18.0,8.6581,3.0472
17,1281,2,130,three,6,1.4782,18.0,8.4321,3.1555
17,1281,2,130,dimension,8,1.7748,24.0,10.4321,4.083
17,1281,2,130,problem,2,1.4657,6.0,4.4321,1.9843
17,1281,2,130,transvers,1,3.1259,3.0,3.4321,2.7323
17,1281,2,130,flow,3,0.6512,9.0,5.4321,1.0789
17,1281,2,130,bodi,1,1.5631,3.0,3.4321,1.3663
17,1281,2,130,two,2,0.8439,6.0,4.4321,1.1424
17,1281,2,130,dimension,8,1.7748,24.0,10.4321,4.083
17,1281,2,130,problem,2,1.4657,6.0,4.4321,1.9843
17,1301,3,93,dimension,3,1.7748,9.0,4.9676,3.2154
17,1301,3,93,problem,1,1.4657,3.0,2.9676,1.4817
17,1301,3,93,flow,4,0.6512,12.0,5.9676,1.3095
17,1301,3,93,bodi,5,1.5631,15.0,6.9676,3.365
17,1301,3,93,revolut,4,2.8947,12.0,5.9676,5.8208
17,1301,3,93,two,4,0.8439,12.0,5.9676,1.6969
17,1301,3,93,dimension,3,1.7748,9.0,4.9676,3.2154
17,1301,3,93,problem,1,1.4657,3.0,2.9676,1.4817
17,700,4,70,three,2,1.4782,6.0,3.6788,2.4108
17,700,4,70,dimension,4,1.7748,12.0,5.6788,3.7503
17,700,4,70,problem,3,1.4657,9.0,4.6788,2.8194
17,700,4,70,flow,1,0.6512,3.0,2.6788,0.7293
17,700,4,70,reduc,1,2.3659,3.0,2.6788,2.6496
17,700,4,70,two,5,0.8439,15.0,6.6788,1.8952
17,700,4,70,dimension,4,1.7748,12.0,5.6788,3.7503
17,700,4,70,problem,3,1.4657,9.0,4.6788,2.8194
17,336,5,49,three,1,1.4782,3.0,2.4152,1.8361
17,336,5,49,dimension,1,1.7748,3.0,2.4152,2.2045
17,336,5,49,problem,2,1.4657,6.0,3.4152,2.5751
17,336,5,49,bodi,1,1.5631,3.0,2.4152,1.9415
17,336,5,49,revolut,1,2.8947,3.0,2.4152,3.5956
17,336,5,49,reduc,1,2.3659,3.0,2.4152,2.9388
17,336,5,49,dimension,1,1.7748,3.0,2.4152,2.2045
17,336,5,49,problem,2,1.4657,6.0,3.4152,2.5751
17,106,6,37,transvers,1,3.1259,3.0,2.2645,4.1411
17,106,6,37,potenti,2,3.1759,6.0,3.2645,5.8371
17,106,6,37,flow,2,0.6512,6.0,3.2645,1.1969
17,106,6,37,bodi,3,1.5631,9.0,4.2645,3.2987
17,106,6,37,revolut,2,2.8947,6.0,3.2645,5.3202
17,445,7,60,three,2,1.4782,6.0,3.5533,2.496
17,445,7,60,dimension,5,1.7748,15.0,6.5533,4.0623
17,445,7,60,problem,3,1.4657,9.0,4.5533,2.8972
17,445,7,60,flow,2,0.6512,6.0,3.5533,1.0996
17,445,7,60,two,3,0.8439,9.0,4.5533,1.668
17,445,7,60,dimension,5,1.7748,15.0,6.5533,4.0623
17,445,7,60,problem,3,1.4657,9.0,4.5533,2.8972
17,1201,8,301,three,1,1.4782,3.0,5.579,0.7949
17,1201,8,301,dimension,4,1.7748,12.0,8.579,2.4825
17,1201,8,301,problem,6,1.4657,18.0,10.579,2.4939
17,1201,8,301,transvers,1,3.1259,3.0,5.579,1.6809
17,1201,8,301,flow,1,0.6512,3.0,5.579,0.3502
17,1201,8,301,bodi,6,1.5631,18.0,10.579,2.6595
17,1201,8,301,two,8,0.8439,24.0,12.579,1.61
17,1201,8,301,dimension,4,1.7748,12.0,8.579,2.4825
17,1201,8,301,problem,6,1.4657,18.0,10.579,2.4939
17,916,9,98,three,1,1.4782,3.0,3.0304,1.4634
17,916,9,98,dimension,1,1.7748,3.0,3.0304,1.757
17,916,9,98,potenti,2,3.1759,6.0,4.0304,4.728
17,916,9,98,flow,2,0.6512,6.0,4.0304,0.9695
17,916,9,98,bodi,1,1.5631,3.0,3.0304,1.5474
17,916,9,98,reduc,3,2.3659,9.0,5.0304,4.233
17,916,9,98,dimension,1,1.7748,3.0,3.0304,1.757
17,987,10,147,three,4,1.4782,12.0,6.6455,2.6692
17,987,10,147,dimension,6,1.7748,18.0,8.6455,3.6951
17,987,10,147,problem,2,1.4657,6.0,4.6455,1.8931
17,987,10,147,flow,7,0.6512,21.0,9.6455,1.4178
17,987,10,147,two,2,0.8439,6.0,4.6455,1.0899
17,987,10,147,dimension,6,1.7748,18.0,8.6455,3.6951
17,987,10,147,problem,2,1.4657,6.0,4.6455,1.8931
18,197,1,174,experiment,2,1.4175,6.0,4.9845,1.7062
18,197,1,174,pressur,7,0.9305,21.0,9.9845,1.9571
18,197,1,174,distribut,5,1.3547,15.0,7.9845,2.5449
18,197,1,174,bodi,6,1.5631,18.0,8.9845,3.1315
18,197,1,174,revolut,2,2.8947,6.0,4.9845,3.4844
18,197,1,174,angl,6,1.886,18.0,8.9845,3.7785
18,197,1,174,attack,3,2.5044,9.0,5.9845,3.7663
18,248,2,71,pressur,2,0.9305,6.0,3.6914,1.5124
18,248,2,71,distribut,2,1.3547,6.0,3.6914,2.2019
18,248,2,71,bodi,3,1.5631,9.0,4.6914,2.9986
18,248,2,71,revolut,3,2.8947,9.0,4.6914,5.5531
18,248,2,71,angl,2,1.886,6.0,3.6914,3.0655
18,248,2,71,attack,2,2.5044,6.0,3.6914,4.0706
18,498,3,86,experiment,1,1.4175,3.0,2.8797,1.4767
18,498,3,86,pressur,2,0.9305,6.0,3.8797,1.439
18,498,3,86,distribut,2,1.3547,6.0,3.8797,2.095
18,498,3,86,bodi,7,1.5631,21.0,8.8797,3.6966
18,498,3,86,revolut,4,2.8947,12.0,5.8797,5.9078
18,498,3,86,angl,1,1.886,3.0,2.8797,1.9648
18,498,3,86,attack,1,2.5044,3.0,2.8797,2.609
18,234,4,209,experiment,4,1.4175,12.0,7.4239,2.2912
18,234,4,209,pressur,5,0.9305,15.0,8.4239,1.6569
18,234,4,209,distribut,3,1.3547,9.0,6.4239,1.8979
18,234,4,209,bodi,10,1.5631,30.0,13.4239,3.4932
18,234,4,209,revolut,2,2.8947,6.0,5.4239,3.2021
18,234,4,209,angl,2,1.886,6.0,5.4239,2.0863
18,234,4,209,attack,2,2.5044,6.0,5.4239,2.7703
18,56,5,126,pressur,6,0.9305,18.0,8.3819,1.9982
18,56,5,126,distribut,5,1.3547,15.0,7.3819,2.7527
18,56,5,126,bodi,3,1.5631,9.0,5.3819,2.6139
18,56,5,126,revolut,2,2.8947,6.0,4.3819,3.9636
18,56,5,126,angl,2,1.886,6.0,4.3819,2.5824
18,56,5,126,attack,2,2.5044,6.0,4.3819,3.4292
18,927,6,252,experiment,3,1.4175,9.0,6.9638,1.8319
18,927,6,252,pressur,1,0.9305,3.0,4.9638,0.5624
18,927,6,252,distribut,6,1.3547,18.0,9.9638,2.4473
18,927,6,252,bodi,9,1.5631,27.0,12.9638,3.2554
18,927,6,252,revolut,3,2.8947,9.0,6.9638,3.7411
18,927,6,252,angl,3,1.886,9.0,6.9638,2.4375
18,927,6,252,attack,2,2.5044,6.0,5.9638,2.5196
18,1352,7,142,experiment,2,1.4175,6.0,4.5828,1.8558
18,1352,7,142,pressur,11,0.9305,33.0,13.5828,2.2607
18,1352,7,142,distribut,3,1.3547,9.0,5.5828,2.1839
18,1352,7,142,bodi,4,1.5631,12.0,6.5828,2.8494
18,1352,7,142,revolut,2,2.8947,6.0,4.5828,3.7898
18,1352,7,142,angl,1,1.886,3.0,3.5828,1.5792
18,1352,7,142,attack,1,2.5044,3.0,3.5828,2.097
18,1231,8,103,experiment,1,1.4175,3.0,3.0931,1.3748
18,1231,8,103,pressur,5,0.9305,15.0,7.0931,1.9677
18,1231,8,103,distribut,3,1.3547,9.0,5.0931,2.3938
18,1231,8,103,bodi,2,1.5631,6.0,4.0931,2.2912
18,1231,8,103,angl,5,1.886,15.0,7.0931,3.9884
18,1231,8,103,attack,3,2.5044,9.0,5.0931,4.4254
18,492,9,34,pressur,4,0.9305,12.0,5.2269,2.1362
18,492,9,34,distribut,1,1.3547,3.0,2.2269,1.825
18,492,9,34,bodi,1,1.5631,3.0,2.2269,2.1057
18,492,9,34,angl,4,1.886,12.0,5.2269,4.3299
18,492,9,34,attack,4,2.5044,12.0,5.2269,5.7496
18,801,10,124,experiment,2,1.4175,6.0,4.3568,1.9521
18,801,10,124,pressur,1,0.9305,3.0,3.3568,0.8316
18,801,10,124,bodi,5,1.5631,15.0,7.3568,3.187
18,801,10,124,revolut,2,2.8947,6.0,4.3568,3.9864
18,801,10,124,angl,2,1.886,6.0,4.3568,2.5973
18,801,10,124,attack,2,2.5044,6.0,4.3568,3.4489
19,706,1,53,exist,1,2.4785,3.0,2.4654,3.0159
19,706,1,53,treatment,1,3.5192,3.0,2.4654,4.2824
19,706,1,53,relat,2,1.8004,6.0,3.4654,3.1171
19,706,1,53,simplic,1,4.7192,3.0,2.4654,5.7425
19,706,1,53,result,1,0.7046,3.0,2.4654,0.8574
19,140,2,198,exist,2,2.4785,6.0,5.2858,2.8134
19,140,2,198,basic,2,3.5192,6.0,5.2858,3.9947
19,140,2,198,dynam,2,2.8692,6.0,5.2858,3.2568
19,140,2,198,consider,1,2.1729,3.0,4.2858,1.521
19,140,2,198,effect,1,0.9524,3.0,4.2858,0.6667
19,140,2,198,relat,3,1.8004,9.0,6.2858,2.5777
19,140,2,198,result,2,0.7046,6.0,5.2858,0.7998
19,82,3,204,entri,4,3.5436,12.0,7.3612,5.7768
19,82,3,204,combin,1,2.5309,3.0,4.3612,1.741
19,82,3,204,realist,1,5.9922,3.0,4.3612,4.122
19,82,3,204,effect,1,0.9524,3.0,4.3612,0.6552
19,82,3,204,result,2,0.7046,6.0,5.3612,0.7886
19,1346,4,71,good,1,2.3286,3.0,2.6914,2.5956
19,1346,4,71,entri,4,3.5436,12.0,5.6914,7.4716
19,1346,4,71,effect,1,0.9524,3.0,2.6914,1.0617
19,1346,4,71,result,3,0.7046,9.0,4.6914,1.3518
19,164,5,182,basic,1,3.5192,3.0,4.085,2.5845
19,164,5,182,entri,5,3.5436,15.0,8.085,6.5745
19,164,5,182,relat,3,1.8004,9.0,6.085,2.6628
19,164,5,182,result,1,0.7046,3.0,4.085,0.5175
19,1000,6,123,good,1,2.3286,3.0,3.3442,2.0889
19,1000,6,123,dynam,3,2.8692,9.0,5.3442,4.8319
19,1000,6,123,entri,2,3.5436,6.0,4.3442,4.8943
19,1309,7,139,exist,1,2.4785,3.0,3.5451,2.0974
19,1309,7,139,basic,1,3.5192,3.0,3.5451,2.9781
19,1309,7,139,treatment,1,3.5192,3.0,3.5451,2.9781
19,1309,7,139,effect,2,0.9524,6.0,4.5451,1.2573
19,1309,7,139,relat,1,1.8004,3.0,3.5451,1.5235
19,44,8,164,basic,1,3.5192,3.0,3.859,2.7359
19,44,8,164,treatment,1,3.5192,3.0,3.859,2.7359
19,44,8,164,consider,3,2.1729,9.0,5.859,3.3378
19,44,8,164,effect,3,0.9524,9.0,5.859,1.4631
19,44,8,164,result,1,0.7046,3.0,3.859,0.5478
19,1052,9,67,exist,1,2.4785,3.0,2.6412,2.8152
19,1052,9,67,dynam,1,2.8692,3.0,2.6412,3.259
19,1052,9,67,consider,1,2.1729,3.0,2.6412,2.4681
19,1052,9,67,relat,1,1.8004,3.0,2.6412,2.045
19,714,10,61,exist,1,2.4785,3.0,2.5658,2.8979
19,714,10,61,dynam,1,2.8692,3.0,2.5658,3.3547
19,714,10,61,consider,1,2.1729,3.0,2.5658,2.5406
19,714,10,61,effect,2,0.9524,6.0,3.5658,1.6026
20,500,1,69,influenc,2,2.6249,6.0,3.6663,4.2957
20,500,1,69,joul,4,6.8395,12.0,5.6663,14.4846
20,500,1,69,heat,4,1.5197,12.0,5.6663,3.2185
20,500,1,69,magnetohydrodynam,1,4.0063,3.0,2.6663,4.5077
20,500,1,69,free,2,1.8582,6.0,3.6663,3.0409
20,500,1,69,convect,2,3.4272,6.0,3.6663,5.6088
20,500,1,69,flow,3,0.6512,9.0,4.6663,1.256
20,268,2,76,determin,1,1.5428,3.0,2.7542,1.6805
20,268,2,76,influenc,4,2.6249,12.0,5.7542,5.4741
20,268,2,76,heat,1,1.5197,3.0,2.7542,1.6554
20,268,2,76,magnetohydrodynam,1,4.0063,3.0,2.7542,4.3639
20,268,2,76,free,3,1.8582,9.0,4.7542,3.5176
20,268,2,76,convect,3,3.4272,9.0,4.7542,6.488
20,268,2,76,flow,3,0.6512,9.0,4.7542,1.2328
20,268,2,76,general,1,1.5665,3.0,2.7542,1.7063
20,88,3,84,determin,2,1.5428,6.0,3.8546,2.4015
20,88,3,84,influenc,4,2.6249,12.0,5.8546,5.3801
20,88,3,84,heat,1,1.5197,3.0,2.8546,1.5971
20,88,3,84,magnetohydrodynam,1,4.0063,3.0,2.8546,4.2103
20,88,3,84,free,3,1.8582,9.0,4.8546,3.4449
20,88,3,84,convect,3,3.4272,9.0,4.8546,6.3538
20,88,3,84,flow,4,0.6512,12.0,5.8546,1.3348
20,270,4,134,heat,2,1.5197,6.0,4.4823,2.0343
20,270,4,134,magnetohydrodynam,1,4.0063,3.0,3.4823,3.4514
20,270,4,134,free,5,1.8582,15.0,7.4823,3.7251
20,270,4,134,convect,5,3.4272,15.0,7.4823,6.8706
20,270,4,134,flow,8,0.6512,24.0,10.4823,1.491
20,270,4,134,general,2,1.5665,6.0,4.4823,2.0969
20,87,5,67,magnetohydrodynam,2,4.0063,6.0,3.6412,6.6016
20,87,5,67,free,2,1.8582,6.0,3.6412,3.0619
20,87,5,67,convect,2,3.4272,6.0,3.6412,5.6475
20,87,5,67,flow,2,0.6512,6.0,3.6412,1.0731
20,87,5,67,general,1,1.5665,3.0,2.6412,1.7793
20,450,6,47,current,2,3.7637,6.0,3.3901,6.6613
20,450,6,47,magnetohydrodynam,2,4.0063,6.0,3.3901,7.0906
20,450,6,47,flow,2,0.6512,6.0,3.3901,1.1526
20,450,6,47,condit,1,1.4293,3.0,2.3901,1.7941
20,584,7,66,formal,1,5.5402,3.0,2.6286,6.3229
20,584,7,66,determin,2,1.5428,6.0,3.6286,2.5511
20,584,7,66,heat,3,1.5197,9.0,4.6286,2.955
20,584,7,66,general,1,1.5665,3.0,2.6286,1.7878
20,584,7,66,condit,1,1.4293,3.0,2.6286,1.6313
20,407,8,37,heat,2,1.5197,6.0,3.2645,2.7932
20,407,8,37,induc,1,2.9477,3.0,2.2645,3.905
20,407,8,37,convect,3,3.4272,9.0,4.2645,7.2329
20,407,8,37,flow,2,0.6512,6.0,3.2645,1.1969
20,267,9,108,heat,2,1.5197,6.0,4.1559,2.1941
20,267,9,108,induc,1,2.9477,3.0,3.1559,2.802
20,267,9,108,free,3,1.8582,9.0,5.1559,3.2435
20,267,9,108,convect,3,3.4272,9.0,5.1559,5.9825
20,267,9,108,flow,1,0.6512,3.0,3.1559,0.619
20,396,10,39,heat,2,1.5197,6.0,3.2896,2.7718
20,396,10,39,current,1,3.7637,3.0,2.2896,4.9314
20,396,10,39,convect,1,3.4272,3.0,2.2896,4.4905
20,396,10,39,general,1,1.5665,3.0,2.2896,2.0525
21,502,1,26,compress,3,1.9491,9.0,4.1264,4.2512
21,502,1,26,transform,3,3.0939,9.0,4.1264,6.748
21,502,1,26,correl,1,2.7964,3.0,2.1264,3.9453
21,502,1,26,high,1,1.7175,3.0,2.1264,2.4231
21,502,1,26,speed,1,1.5665,3.0,2.1264,2.21
21,502,1,26,data,1,1.8627,3.0,2.1264,2.628
21,502,1,26,helium,1,3.5686,3.0,2.1264,5.0347
21,502,1,26,air,1,2.0273,3.0,2.1264,2.8601
21,68,2,65,transform,1,3.0939,3.0,2.6161,3.548
21,68,2,65,data,2,1.8627,6.0,3.6161,3.0908
21,68,2,65,helium,4,3.5686,12.0,5.6161,7.6252
21,68,2,65,air,4,2.0273,12.0,5.6161,4.3318
21,686,3,142,correl,1,2.7964,3.0,3.5828,2.3416
21,686,3,142,speed,1,1.5665,3.0,3.5828,1.3117
21,686,3,142,data,1,1.8627,3.0,3.5828,1.5597
21,686,3,142,helium,4,3.5686,12.0,6.5828,6.5054
21,686,3,142,air,3,2.0273,9.0,5.5828,3.2682
21,421,4,103,correl,3,2.7964,9.0,5.0931,4.9415
21,421,4,103,speed,1,1.5665,3.0,3.0931,1.5193
21,421,4,103,helium,2,3.5686,6.0,4.0931,5.2312
21,421,4,103,air,2,2.0273,6.0,4.0931,2.9717
21,1051,5,129,compress,5,1.9491,15.0,7.4196,3.9405
21,1051,5,129,correl,2,2.7964,6.0,4.4196,3.7964
21,1051,5,129,high,1,1.7175,3.0,3.4196,1.5068
21,1051,5,129,speed,1,1.5665,3.0,3.4196,1.3743
21,1051,5,129,data,5,1.8627,15.0,7.4196,3.7659
21,961,6,97,compress,2,1.9491,6.0,4.0178,2.9107
21,961,6,97,transform,2,3.0939,6.0,4.0178,4.6203
21,961,6,97,correl,1,2.7964,3.0,3.0178,2.7799
21,961,6,97,speed,1,1.5665,3.0,3.0178,1.5572
21,961,6,97,data,1,1.8627,3.0,3.0178,1.8517
21,628,7,124,data,1,1.8627,3.0,3.3568,1.6648
21,628,7,124,helium,6,3.5686,18.0,8.3568,7.6866
21,628,7,124,air,5,2.0273,15.0,7.3568,4.1335
21,17,8,79,compress,4,1.9491,12.0,5.7918,4.0384
21,17,8,79,transform,4,3.0939,12.0,5.7918,6.4102
21,17,8,79,data,2,1.8627,6.0,3.7918,2.9475
21,1007,9,111,speed,1,1.5665,3.0,3.1936,1.4715
21,1007,9,111,data,1,1.8627,3.0,3.1936,1.7498
21,1007,9,111,helium,4,3.5686,12.0,6.1936,6.9142
21,1007,9,111,air,2,2.0273,6.0,4.1936,2.9006
21,343,10,63,compress,1,1.9491,3.0,2.5909,2.2568
21,343,10,63,correl,1,2.7964,3.0,2.5909,3.2379
21,343,10,63,helium,1,3.5686,3.0,2.5909,4.132
21,343,10,63,air,2,2.0273,6.0,3.5909,3.3873
22,125,1,136,turbul,3,2.2648,9.0,5.5074,3.701
22,125,1,136,skin,8,2.6858,24.0,10.5074,6.1347
22,125,1,136,friction,8,2.7619,24.0,10.5074,6.3085
22,125,1,136,natur,1,3.2286,3.0,3.5074,2.7615
22,125,1,136,variat,1,2.2926,3.0,3.5074,1.961
22,560,2,129,skin,6,2.6858,18.0,8.4196,5.7419
22,560,2,129,friction,6,2.7619,18.0,8.4196,5.9047
22,560,2,129,variat,1,2.2926,3.0,3.4196,2.0113
22,560,2,129,viscos,1,3.0939,3.0,3.4196,2.7143
22,560,2,129,temperatur,3,1.6521,9.0,5.4196,2.7435
22,50,3,101,skin,1,2.6858,3.0,3.068,2.6263
22,50,3,101,friction,1,2.7619,3.0,3.068,2.7007
22,50,3,101,variat,2,2.2926,6.0,4.068,3.3815
22,50,3,101,viscos,2,3.0939,6.0,4.068,4.5632
22,50,3,101,temperatur,4,1.6521,12.0,6.068,3.2671
22,348,4,98,turbul,4,2.2648,12.0,6.0304,4.5067
22,348,4,98,skin,3,2.6858,9.0,5.0304,4.8053
22,348,4,98,friction,4,2.7619,12.0,6.0304,5.4961
22,348,4,98,temperatur,1,1.6521,3.0,3.0304,1.6355
22,413,5,93,turbul,3,2.2648,9.0,4.9676,4.1032
22,413,5,93,skin,3,2.6858,9.0,4.9676,4.866
22,413,5,93,friction,3,2.7619,9.0,4.9676,5.0039
22,413,5,93,variat,1,2.2926,3.0,2.9676,2.3177
22,565,6,138,skin,2,2.6858,6.0,4.5326,3.5554
22,565,6,138,friction,2,2.7619,6.0,4.5326,3.6561
22,565,6,138,viscos,4,3.0939,12.0,6.5326,5.6834
22,565,6,138,temperatur,5,1.6521,15.0,7.5326,3.2899
22,81,7,68,skin,1,2.6858,3.0,2.6537,3.0363
22,81,7,68,friction,1,2.7619,3.0,2.6537,3.1223
22,81,7,68,variat,2,2.2926,6.0,3.6537,3.7649
22,81,7,68,viscos,1,3.0939,3.0,2.6537,3.4976
22,81,7,68,temperatur,1,1.6521,3.0,2.6537,1.8677
22,165,8,249,turbul,4,2.2648,12.0,7.9261,3.4288
22,165,8,249,skin,9,2.6858,27.0,12.9261,5.6101
22,165,8,249,friction,12,2.7619,36.0,15.9261,6.2432
22,254,9,34,turbul,1,2.2648,3.0,2.2269,3.0511
22,254,9,34,skin,3,2.6858,9.0,4.2269,5.7187
22,254,9,34,friction,3,2.7619,9.0,4.2269,5.8808
22,207,10,101,discov,2,5.5402,6.0,4.068,8.1713
22,207,10,101,turbul,3,2.2648,9.0,5.068,4.0219
22,207,10,101,variat,1,2.2926,3.0,3.068,2.2418
23,892,1,48,made,2,1.3799,6.0,3.4026,2.4332
23,892,1,48,research,1,3.1759,3.0,2.4026,3.9656
23,892,1,48,unsteadi,3,3.4055,9.0,4.4026,6.9616
23,892,1,48,aerodynam,1,2.0548,3.0,2.4026,2.5656
23,899,2,107,made,1,1.3799,3.0,3.1434,1.317
23,899,2,107,unsteadi,7,3.4055,21.0,9.1434,7.8216
23,899,2,107,aerodynam,2,2.0548,6.0,4.1434,2.9755
23,14,3,223,made,2,1.3799,6.0,5.5997,1.4785
23,14,3,223,research,1,3.1759,3.0,4.5997,2.0714
23,14,3,223,unsteadi,2,3.4055,6.0,5.5997,3.6489
23,14,3,223,aerodynam,5,2.0548,15.0,8.5997,3.584
23,753,4,152,made,1,1.3799,3.0,3.7083,1.1163
23,753,4,152,unsteadi,3,3.4055,9.0,5.7083,5.3693
23,753,4,152,aerodynam,6,2.0548,18.0,8.7083,4.2472
23,902,5,119,research,1,3.1759,3.0,3.294,2.8924
23,902,5,119,unsteadi,3,3.4055,9.0,5.294,5.7894
23,902,5,119,aerodynam,1,2.0548,3.0,3.294,1.8714
23,1259,6,101,made,1,1.3799,3.0,3.068,1.3493
23,1259,6,101,unsteadi,4,3.4055,12.0,6.068,6.7346
23,1259,6,101,aerodynam,1,2.0548,3.0,3.068,2.0092
23,718,7,79,progress,1,4.3827,3.0,2.7918,4.7095
23,718,7,79,research,2,3.1759,6.0,3.7918,5.0254
23,185,8,189,made,2,1.3799,6.0,5.1728,1.6005
23,185,8,189,research,5,3.1759,15.0,8.1728,5.8289
23,185,8,189,aerodynam,1,2.0548,3.0,4.1728,1.4772
23,1109,9,85,made,1,1.3799,3.0,2.8672,1.4438
23,1109,9,85,unsteadi,5,3.4055,15.0,6.8672,7.4386
23,1092,10,169,progress,1,4.3827,3.0,3.9218,3.3526
23,1092,10,169,made,1,1.3799,3.0,3.9218,1.0556
23,1092,10,169,research,2,3.1759,6.0,4.9218,3.8717
24,756,1,93,requir,1,2.2579,3.0,2.9676,2.2826
24,756,1,93,invert,1,5.7409,3.0,2.9676,5.8036
24,756,1,93,larg,4,1.8907,12.0,5.9676,3.802
24,756,1,93,structur,2,2.5675,6.0,3.9676,3.8826
24,756,1,93,matric,3,5.23,9.0,4.9676,9.4755
24,46,2,42,larg,2,1.8907,6.0,3.3273,3.4095
24,46,2,42,structur,1,2.5675,3.0,2.3273,3.3096
24,46,2,42,matric,3,5.23,9.0,4.3273,10.8775
24,12,3,73,factor,2,2.8567,6.0,3.7165,4.6119
24,12,3,73,larg,1,1.8907,3.0,2.7165,2.088
24,12,3,73,structur,5,2.5675,15.0,6.7165,5.7339
24,47,4,121,requir,1,2.2579,3.0,3.3191,2.0408
24,47,4,121,structur,6,2.5675,18.0,8.3191,5.5552
24,47,4,121,matric,1,5.23,3.0,3.3191,4.7272
24,1034,5,116,factor,5,2.8567,15.0,7.2563,5.9052
24,1034,5,116,time,5,2.2178,15.0,7.2563,4.5845
24,1034,5,116,larg,1,1.8907,3.0,3.2563,1.7419
24,833,6,51,larg,1,1.8907,3.0,2.4403,2.3244
24,833,6,51,structur,1,2.5675,3.0,2.4403,3.1563
24,833,6,51,matric,1,5.23,3.0,2.4403,6.4296
24,837,7,147,influenc,1,2.6249,3.0,3.6455,2.1601
24,837,7,147,time,4,2.2178,12.0,6.6455,4.0047
24,837,7,147,larg,1,1.8907,3.0,3.6455,1.5559
24,837,7,147,structur,3,2.5675,9.0,5.6455,4.093
24,51,8,105,time,1,2.2178,3.0,3.1182,2.1337
24,51,8,105,requir,2,2.2579,6.0,4.1182,3.2896
24,51,8,105,structur,7,2.5675,21.0,9.1182,5.913
24,724,9,85,time,1,2.2178,3.0,2.8672,2.3205
24,724,9,85,requir,2,2.2579,6.0,3.8672,3.5032
24,724,9,85,structur,4,2.5675,12.0,5.8672,5.2512
24,883,10,59,factor,1,2.8567,3.0,2.5407,3.3731
24,883,10,59,influenc,1,2.6249,3.0,2.5407,3.0994
24,883,10,59,structur,2,2.5675,6.0,3.5407,4.3507
25,277,1,151,flow,6,0.6512,18.0,8.6958,1.348
25,277,1,151,theoret,1,1.7832,3.0,3.6958,1.4475
25,277,1,151,blade,10,3.7334,30.0,12.6958,8.822
25,277,1,151,row,1,4.7192,3.0,3.6958,3.8308
25,277,1,151,cascad,6,4.9936,18.0,8.6958,10.3367
25,214,2,69,flow,1,0.6512,3.0,2.6663,0.7327
25,214,2,69,blade,2,3.7334,6.0,3.6663,6.1098
25,214,2,69,superson,4,1.6447,12.0,5.6663,3.4831
25,214,2,69,cascad,5,4.9936,15.0,6.6663,11.2364
25,215,3,47,blade,2,3.7334,6.0,3.3901,6.6076
25,215,3,47,row,1,4.7192,3.0,2.3901,5.9235
25,215,3,47,superson,1,1.6447,3.0,2.3901,2.0644
25,215,3,47,cascad,1,4.9936,3.0,2.3901,6.268
25,216,4,155,flow,8,0.6512,24.0,10.746,1.4544
25,216,4,155,blade,3,3.7334,9.0,5.746,5.8477
25,216,4,155,row,1,4.7192,3.0,3.746,3.7794
25,216,4,155,superson,9,1.6447,27.0,11.746,3.7805
25,216,4,155,cascad,1,4.9936,3.0,3.746,3.9992
25,213,5,167,flow,4,0.6512,12.0,6.8966,1.1331
25,213,5,167,follow,1,2.8947,3.0,3.8966,2.2286
25,213,5,167,blade,2,3.7334,6.0,4.8966,4.5746
25,213,5,167,row,1,4.7192,3.0,3.8966,3.6333
25,213,5,167,superson,3,1.6447,9.0,5.8966,2.5102
25,213,5,167,cascad,1,4.9936,3.0,3.8966,3.8446
25,121,6,81,flow,5,0.6512,15.0,6.8169,1.4329
25,121,6,81,theoret,1,1.7832,3.0,2.8169,1.8991
25,121,6,81,concept,1,3.2841,3.0,2.8169,3.4976
25,121,6,81,interact,1,2.7396,3.0,2.8169,2.9176
25,121,6,81,adjac,1,4.0463,3.0,2.8169,4.3092
25,121,6,81,superson,1,1.6447,3.0,2.8169,1.7516
25,987,7,147,flow,7,0.6512,21.0,9.6455,1.4178
25,987,7,147,blade,3,3.7334,9.0,5.6455,5.9517
25,987,7,147,row,2,4.7192,6.0,4.6455,6.0951
25,987,7,147,superson,2,1.6447,6.0,4.6455,2.1242
25,212,8,229,practic,2,2.6348,6.0,5.675,2.7857
25,212,8,229,flow,3,0.6512,9.0,6.675,0.878
25,212,8,229,theoret,1,1.7832,3.0,4.675,1.1443
25,212,8,229,blade,4,3.7334,12.0,7.675,5.8372
25,212,8,229,superson,2,1.6447,6.0,5.675,1.7388
25,212,8,229,cascad,1,4.9936,3.0,4.675,3.2045
25,511,9,95,flow,2,0.6512,6.0,3.9927,0.9786
25,511,9,95,interact,1,2.7396,3.0,2.9927,2.7463
25,511,9,95,superson,3,1.6447,9.0,4.9927,2.9647
25,511,9,95,cascad,2,4.9936,6.0,3.9927,7.5042
25,772,10,64,flow,2,0.6512,6.0,3.6035,1.0843
25,772,10,64,blade,3,3.7334,9.0,4.6035,7.2989
25,772,10,64,cascad,1,4.9936,3.0,2.6035,5.7542
26,307,1,79,approxim,3,1.3087,9.0,4.7918,2.458
26,307,1,79,formula,4,2.6151,12.0,5.7918,5.4181
26,307,1,79,displac,1,2.9077,3.0,2.7918,3.1245
26,307,1,79,thick,1,2.0273,3.0,2.7918,2.1785
26,307,1,79,laminar,2,1.7875,6.0,3.7918,2.8284
26,307,1,79,boundari,2,1.0911,6.0,3.7918,1.7266
26,307,1,79,layer,2,1.2179,6.0,3.7918,1.9271
26,307,1,79,flow,1,0.6512,3.0,2.7918,0.6998
26,307,1,79,flat,1,2.0112,3.0,2.7918,2.1611
26,307,1,79,plate,1,1.8178,3.0,2.7918,1.9533
26,145,2,71,approxim,1,1.3087,3.0,2.6914,1.4588
26,145,2,71,formula,4,2.6151,12.0,5.6914,5.5138
26,145,2,71,laminar,2,1.7875,6.0,3.6914,2.9054
26,145,2,71,boundari,3,1.0911,9.0,4.6914,2.0933
26,145,2,71,layer,3,1.2179,9.0,4.6914,2.3364
26,145,2,71,compress,1,1.9491,3.0,2.6914,2.1726
26,145,2,71,flow,1,0.6512,3.0,2.6914,0.7259
26,145,2,71,flat,2,2.0112,6.0,3.6914,3.269
26,145,2,71,plate,2,1.8178,6.0,3.6914,2.9546
26,611,3,96,approxim,5,1.3087,15.0,7.0053,2.8023
26,611,3,96,displac,1,2.9077,3.0,3.0053,2.9026
26,611,3,96,thick,1,2.0273,3.0,3.0053,2.0237
26,611,3,96,laminar,2,1.7875,6.0,4.0053,2.6777
26,611,3,96,boundari,2,1.0911,6.0,4.0053,1.6346
26,611,3,96,layer,2,1.2179,6.0,4.0053,1.8244
26,611,3,96,compress,1,1.9491,3.0,3.0053,1.9457
26,611,3,96,flat,2,2.0112,6.0,4.0053,3.0128
26,611,3,96,plate,4,1.8178,12.0,6.0053,3.6324
26,96,4,139,singl,1,3.1098,3.0,3.5451,2.6316
26,96,4,139,displac,2,2.9077,6.0,4.5451,3.8384
26,96,4,139,thick,3,2.0273,9.0,5.5451,3.2904
26,96,4,139,laminar,2,1.7875,6.0,4.5451,2.3597
26,96,4,139,boundari,2,1.0911,6.0,4.5451,1.4404
26,96,4,139,layer,2,1.2179,6.0,4.5451,1.6077
26,96,4,139,flow,2,0.6512,6.0,4.5451,0.8597
26,96,4,139,flat,2,2.0112,6.0,4.5451,2.6549
26,96,4,139,plate,4,1.8178,12.0,6.5451,3.3328
26,568,5,71,approxim,1,1.3087,3.0,2.6914,1.4588
26,568,5,71,formula,2,2.6151,6.0,3.6914,4.2506
26,568,5,71,thick,1,2.0273,3.0,2.6914,2.2598
26,568,5,71,laminar,2,1.7875,6.0,3.6914,2.9054
26,568,5,71,boundari,2,1.0911,6.0,3.6914,1.7736
26,568,5,71,layer,2,1.2179,6.0,3.6914,1.9795
26,568,5,71,flat,3,2.0112,9.0,4.6914,3.8582
26,568,5,71,plate,3,1.8178,9.0,4.6914,3.4873
26,305,6,93,approxim,1,1.3087,3.0,2.9676,1.323
26,305,6,93,formula,1,2.6151,3.0,2.9676,2.6436
26,305,6,93,thick,1,2.0273,3.0,2.9676,2.0494
26,305,6,93,laminar,1,1.7875,3.0,2.9676,1.807
26,305,6,93,boundari,2,1.0911,6.0,3.9676,1.6501
26,305,6,93,layer,2,1.2179,6.0,3.9676,1.8417
26,305,6,93,compress,1,1.9491,3.0,2.9676,1.9704
26,305,6,93,flow,5,0.6512,15.0,6.9676,1.4019
26,305,6,93,flat,2,2.0112,6.0,3.9676,3.0414
26,305,6,93,plate,3,1.8178,9.0,4.9676,3.2934
26,382,7,21,displac,1,2.9077,3.0,2.0636,4.227
26,382,7,21,thick,2,2.0273,6.0,3.0636,3.9703
26,382,7,21,laminar,1,1.7875,3.0,2.0636,2.5985
26,382,7,21,boundari,1,1.0911,3.0,2.0636,1.5862
26,382,7,21,layer,1,1.2179,3.0,2.0636,1.7705
26,382,7,21,flow,1,0.6512,3.0,2.0636,0.9467
26,382,7,21,flat,1,2.0112,3.0,2.0636,2.9237
26,382,7,21,plate,1,1.8178,3.0,2.0636,2.6426
26,1278,8,118,displac,2,2.9077,6.0,4.2815,4.0748
26,1278,8,118,thick,3,2.0273,9.0,5.2815,3.4547
26,1278,8,118,laminar,3,1.7875,9.0,5.2815,3.046
26,1278,8,118,boundari,5,1.0911,15.0,7.2815,2.2478
26,1278,8,118,layer,5,1.2179,15.0,7.2815,2.5088
26,1278,8,118,flow,1,0.6512,3.0,3.2815,0.5954
26,1278,8,118,flat,1,2.0112,3.0,3.2815,1.8387
26,1278,8,118,plate,1,1.8178,3.0,3.2815,1.6619
26,629,9,68,displac,1,2.9077,3.0,2.6537,3.2871
26,629,9,68,laminar,1,1.7875,3.0,2.6537,2.0207
26,629,9,68,boundari,4,1.0911,12.0,5.6537,2.316
26,629,9,68,layer,4,1.2179,12.0,5.6537,2.5849
26,629,9,68,compress,1,1.9491,3.0,2.6537,2.2035
26,629,9,68,flow,5,0.6512,15.0,6.6537,1.4681
26,629,9,68,flat,1,2.0112,3.0,2.6537,2.2736
26,629,9,68,plate,2,1.8178,6.0,3.6537,2.9851
26,348,10,98,formula,4,2.6151,12.0,6.0304,5.2038
26,348,10,98,boundari,4,1.0911,12.0,6.0304,2.1713
26,348,10,98,layer,4,1.2179,12.0,6.0304,2.4235
26,348,10,98,compress,4,1.9491,12.0,6.0304,3.8786
26,348,10,98,flow,1,0.6512,3.0,3.0304,0.6447
26,348,10,98,flat,1,2.0112,3.0,3.0304,1.991
26,348,10,98,plate,2,1.8178,6.0,4.0304,2.7061
27,1031,1,63,ring,3,4.2245,9.0,4.5909,8.2817
27,1031,1,63,ring,3,4.2245,9.0,4.5909,8.2817
27,1031,1,63,theori,3,1.1214,9.0,4.5909,2.1983
27,1031,1,63,thick,2,2.0273,6.0,3.5909,3.3873
27,1035,2,132,design,2,2.2717,6.0,4.4572,3.0579
27,1035,2,132,ring,4,4.2245,12.0,6.4572,7.8508
27,1035,2,132,ring,4,4.2245,12.0,6.4572,7.8508
27,1035,2,132,affect,1,3.4272,3.0,3.4572,2.974
27,1176,3,28,design,1,2.2717,3.0,2.1515,3.1675
27,1176,3,28,ring,3,4.2245,9.0,4.1515,9.1582
27,1176,3,28,ring,3,4.2245,9.0,4.1515,9.1582
27,888,4,66,ring,3,4.2245,9.0,4.6286,8.2143
27,888,4,66,ring,3,4.2245,9.0,4.6286,8.2143
27,888,4,66,theori,1,1.1214,3.0,2.6286,1.2798
27,888,4,66,thick,1,2.0273,3.0,2.6286,2.3137
27,1178,5,68,ring,3,4.2245,9.0,4.6537,8.1699
27,1178,5,68,ring,3,4.2245,9.0,4.6537,8.1699
27,1178,5,68,theori,2,1.1214,6.0,3.6537,1.8414
27,512,6,40,ring,1,4.2245,3.0,2.3022,5.505
27,512,6,40,ring,1,4.2245,3.0,2.3022,5.505
27,512,6,40,wing,1,1.8222,3.0,2.3022,2.3745
27,512,6,40,thick,3,2.0273,9.0,4.3022,4.241
27,428,7,101,ring,1,4.2245,3.0,3.068,4.1308
27,428,7,101,ring,1,4.2245,3.0,3.068,4.1308
27,428,7,101,wing,1,1.8222,3.0,3.068,1.7818
27,428,7,101,linear,1,2.1481,3.0,3.068,2.1005
27,428,7,101,theori,1,1.1214,3.0,3.068,1.0965
27,428,7,101,thick,2,2.0273,6.0,4.068,2.9901
27,1129,8,73,ring,3,4.2245,9.0,4.7165,8.0612
27,1129,8,73,ring,3,4.2245,9.0,4.7165,8.0612
27,1293,9,32,design,2,2.2717,6.0,3.2018,4.257
27,1293,9,32,ring,1,4.2245,3.0,2.2018,5.7561
27,1293,9,32,ring,1,4.2245,3.0,2.2018,5.7561
27,680,10,78,part,2,2.5309,6.0,3.7793,4.0181
27,680,10,78,wing,4,1.8222,12.0,5.7793,3.7836
27,680,10,78,linear,1,2.1481,3.0,2.7793,2.3187
27,680,10,78,theori,4,1.1214,12.0,5.7793,2.3284
27,680,10,78,thick,2,2.0273,6.0,3.7793,3.2185
28,762,1,103,applic,2,1.8536,6.0,4.0931,2.7171
28,762,1,103,design,3,2.2717,9.0,5.0931,4.0142
28,762,1,103,curv,5,2.4287,15.0,7.0931,5.136
28,1051,2,129,applic,1,1.8536,3.0,3.4196,1.6262
28,1051,2,129,theori,1,1.1214,3.0,3.4196,0.9838
28,1051,2,129,design,3,2.2717,9.0,5.4196,3.7724
28,1051,2,129,curv,6,2.4287,18.0,8.4196,5.1923
28,683,3,157,linear,3,2.1481,9.0,5.7711,3.35
28,683,3,157,theori,4,1.1214,12.0,6.7711,1.9873
28,683,3,157,design,1,2.2717,3.0,3.7711,1.8072
28,683,3,157,wing,7,1.8222,21.0,9.7711,3.9163
28,921,4,106,linear,1,2.1481,3.0,3.1308,2.0584
28,921,4,106,theori,6,1.1214,18.0,8.1308,2.4825
28,921,4,106,design,1,2.2717,3.0,3.1308,2.1768
28,921,4,106,wing,7,1.8222,21.0,9.1308,4.1909
28,674,5,80,linear,1,2.1481,3.0,2.8044,2.298
28,674,5,80,theori,1,1.1214,3.0,2.8044,1.1996
28,674,5,80,design,2,2.2717,6.0,3.8044,3.5827
28,674,5,80,wing,3,1.8222,9.0,4.8044,3.4135
28,680,6,78,applic,1,1.8536,3.0,2.7793,2.0008
28,680,6,78,linear,1,2.1481,3.0,2.7793,2.3187
28,680,6,78,theori,4,1.1214,12.0,5.7793,2.3284
28,680,6,78,wing,4,1.8222,12.0,5.7793,3.7836
28,367,7,62,applic,1,1.8536,3.0,2.5784,2.1567
28,367,7,62,linear,2,2.1481,6.0,3.5784,3.6018
28,367,7,62,theori,2,1.1214,6.0,3.5784,1.8802
28,367,7,62,design,1,2.2717,3.0,2.5784,2.6431
28,246,8,78,applic,1,1.8536,3.0,2.7793,2.0008
28,246,8,78,theori,1,1.1214,3.0,2.7793,1.2104
28,246,8,78,design,2,2.2717,6.0,3.7793,3.6065
28,246,8,78,wing,3,1.8222,9.0,4.7793,3.4314
28,227,9,89,applic,1,1.8536,3.0,2.9174,1.9061
28,227,9,89,theori,3,1.1214,9.0,4.9174,2.0524
28,227,9,89,curv,1,2.4287,3.0,2.9174,2.4975
28,227,9,89,wing,4,1.8222,12.0,5.9174,3.6953
28,698,10,83,applic,1,1.8536,3.0,2.842,1.9566
28,698,10,83,theori,1,1.1214,3.0,2.842,1.1837
28,698,10,83,curv,1,2.4287,3.0,2.842,2.5637
28,698,10,83,wing,6,1.8222,18.0,7.842,4.1825
29,465,1,64,cross,1,2.9893,3.0,2.6035,3.4446
29,465,1,64,section,1,2.1121,3.0,2.6035,2.4337
29,465,1,64,shape,1,1.9797,3.0,2.6035,2.2812
29,465,1,64,flow,2,0.6512,6.0,3.6035,1.0843
29,465,1,64,delta,2,3.6754,6.0,3.6035,6.1197
29,465,1,64,wing,3,1.8222,9.0,4.6035,3.5625
29,465,1,64,sharp,2,3.2653,6.0,3.6035,5.4368
29,465,1,64,lead,2,2.083,6.0,3.6035,3.4683
29,465,1,64,edg,3,2.0058,9.0,4.6035,3.9215
29,420,2,87,section,1,2.1121,3.0,2.8923,2.1908
29,420,2,87,flow,4,0.6512,12.0,5.8923,1.3262
29,420,2,87,delta,3,3.6754,9.0,4.8923,6.7614
29,420,2,87,wing,8,1.8222,24.0,9.8923,4.4209
29,420,2,87,sharp,1,3.2653,3.0,2.8923,3.3869
29,420,2,87,lead,4,2.083,12.0,5.8923,4.2422
29,420,2,87,edg,7,2.0058,21.0,8.8923,4.737
29,612,3,57,cross,2,2.9893,6.0,3.5156,5.1018
29,612,3,57,section,2,2.1121,6.0,3.5156,3.6046
29,612,3,57,flow,2,0.6512,6.0,3.5156,1.1114
29,612,3,57,delta,2,3.6754,6.0,3.5156,6.2727
29,612,3,57,wing,3,1.8222,9.0,4.5156,3.6318
29,612,3,57,lead,2,2.083,6.0,3.5156,3.555
29,612,3,57,edg,2,2.0058,6.0,3.5156,3.4233
29,146,4,134,cross,3,2.9893,9.0,5.4823,4.9074
29,146,4,134,section,3,2.1121,9.0,5.4823,3.4673
29,146,4,134,shape,1,1.9797,3.0,3.4823,1.7055
29,146,4,134,flow,3,0.6512,9.0,5.4823,1.0691
29,146,4,134,wing,5,1.8222,15.0,7.4823,3.653
29,146,4,134,sharp,1,3.2653,3.0,3.4823,2.813
29,146,4,134,lead,2,2.083,6.0,4.4823,2.7883
29,146,4,134,edg,3,2.0058,9.0,5.4823,3.2929
29,514,5,57,cross,1,2.9893,3.0,2.5156,3.5649
29,514,5,57,section,1,2.1121,3.0,2.5156,2.5188
29,514,5,57,shape,2,1.9797,6.0,3.5156,3.3786
29,514,5,57,flow,2,0.6512,6.0,3.5156,1.1114
29,514,5,57,simpl,1,2.0273,3.0,2.5156,2.4176
29,514,5,57,sharp,1,3.2653,3.0,2.5156,3.894
29,514,5,57,lead,1,2.083,3.0,2.5156,2.4841
29,514,5,57,edg,2,2.0058,6.0,3.5156,3.4233
29,601,6,130,effect,1,0.9524,3.0,3.4321,0.8325
29,601,6,130,shape,2,1.9797,6.0,4.4321,2.68
29,601,6,130,flow,4,0.6512,12.0,6.4321,1.2149
29,601,6,130,delta,2,3.6754,6.0,4.4321,4.9756
29,601,6,130,wing,4,1.8222,12.0,6.4321,3.3996
29,601,6,130,sharp,1,3.2653,3.0,3.4321,2.8542
29,601,6,130,lead,2,2.083,6.0,4.4321,2.8199
29,601,6,130,edg,4,2.0058,12.0,6.4321,3.7422
29,683,7,157,effect,1,0.9524,3.0,3.7711,0.7577
29,683,7,157,shape,2,1.9797,6.0,4.7711,2.4896
29,683,7,157,flow,4,0.6512,12.0,6.7711,1.1541
29,683,7,157,delta,2,3.6754,6.0,4.7711,4.6221
29,683,7,157,wing,7,1.8222,21.0,9.7711,3.9163
29,683,7,157,lead,7,2.083,21.0,9.7711,4.4768
29,683,7,157,edg,8,2.0058,24.0,10.7711,4.4694
29,900,8,49,cross,1,2.9893,3.0,2.4152,3.7132
29,900,8,49,section,1,2.1121,3.0,2.4152,2.6235
29,900,8,49,flow,4,0.6512,12.0,5.4152,1.4431
29,900,8,49,sharp,2,3.2653,6.0,3.4152,5.7366
29,900,8,49,lead,3,2.083,9.0,4.4152,4.2461
29,900,8,49,edg,3,2.0058,9.0,4.4152,4.0888
29,147,9,101,effect,1,0.9524,3.0,3.068,0.9313
29,147,9,101,cross,2,2.9893,6.0,4.068,4.409
29,147,9,101,section,3,2.1121,9.0,5.068,3.7507
29,147,9,101,shape,2,1.9797,6.0,4.068,2.9198
29,147,9,101,flow,1,0.6512,3.0,3.068,0.6368
29,147,9,101,simpl,2,2.0273,6.0,4.068,2.9901
29,147,9,101,wing,7,1.8222,21.0,9.068,4.2199
29,147,9,101,edg,1,2.0058,3.0,3.068,1.9614
29,797,10,199,effect,2,0.9524,6.0,5.2984,1.0786
29,797,10,199,section,5,2.1121,15.0,8.2984,3.8178
29,797,10,199,flow,6,0.6512,18.0,9.2984,1.2606
29,797,10,199,wing,8,1.8222,24.0,11.2984,3.8707
29,797,10,199,sharp,1,3.2653,3.0,4.2984,2.2789
29,797,10,199,lead,10,2.083,30.0,13.2984,4.6991
29,797,10,199,edg,10,2.0058,30.0,13.2984,4.525
30,683,1,157,flow,4,0.6512,12.0,6.7711,1.1541
30,683,1,157,slender,2,2.6754,6.0,4.7711,3.3645
30,683,1,157,conic,4,3.0477,12.0,6.7711,5.4013
30,683,1,157,wing,7,1.8222,21.0,9.7711,3.9163
30,601,2,130,flow,4,0.6512,12.0,6.4321,1.2149
30,601,2,130,slender,3,2.6754,9.0,5.4321,4.4326
30,601,2,130,conic,1,3.0477,3.0,3.4321,2.664
30,601,2,130,wing,4,1.8222,12.0,6.4321,3.3996
30,513,3,68,slender,1,2.6754,3.0,2.6537,3.0245
30,513,3,68,conic,2,3.0477,6.0,3.6537,5.0049
30,513,3,68,wing,3,1.8222,9.0,4.6537,3.524
30,902,4,119,paper,1,1.9441,3.0,3.294,1.7706
30,902,4,119,flow,4,0.6512,12.0,6.294,1.2416
30,902,4,119,slender,3,2.6754,9.0,5.294,4.5483
30,902,4,119,wing,6,1.8222,18.0,8.294,3.9546
30,1197,5,91,paper,1,1.9441,3.0,2.9425,1.9821
30,1197,5,91,slender,5,2.6754,15.0,6.9425,5.7805
30,1197,5,91,wing,4,1.8222,12.0,5.9425,3.6797
30,633,6,49,flow,4,0.6512,12.0,5.4152,1.4431
30,633,6,49,conic,4,3.0477,12.0,5.4152,6.7538
30,633,6,49,wing,2,1.8222,6.0,3.4152,3.2013
30,921,7,106,flow,5,0.6512,15.0,7.1308,1.3699
30,921,7,106,slender,4,2.6754,12.0,6.1308,5.2366
30,921,7,106,wing,7,1.8222,21.0,9.1308,4.1909
30,225,8,238,flow,2,0.6512,6.0,5.788,0.6751
30,225,8,238,visual,1,5.1049,3.0,4.788,3.1985
30,225,8,238,slender,2,2.6754,6.0,5.788,2.7734
30,225,8,238,wing,10,1.8222,30.0,13.788,3.9647
30,420,9,87,flow,4,0.6512,12.0,5.8923,1.3262
30,420,9,87,conic,2,3.0477,6.0,3.8923,4.6982
30,420,9,87,wing,8,1.8222,24.0,9.8923,4.4209
30,222,10,114,flow,8,0.6512,24.0,10.2312,1.5276
30,222,10,114,visual,1,5.1049,3.0,3.2312,4.7396
30,222,10,114,wing,5,1.8222,15.0,7.2312,3.7798
31,751,1,33,end,4,3.5686,12.0,5.2143,8.2127
31,751,1,33,plate,2,1.8178,6.0,3.2143,3.3932
31,751,1,33,use,1,1.0037,3.0,2.2143,1.3598
31,751,1,33,dimension,2,1.7748,6.0,3.2143,3.3129
31,751,1,33,flow,2,0.6512,6.0,3.2143,1.2156
31,751,1,33,bluff,1,4.8936,3.0,2.2143,6.6299
31,751,1,33,cylindr,1,2.6448,3.0,2.2143,3.5832
31,1209,2,152,size,2,3.5192,6.0,4.7083,4.4847
31,1209,2,152,use,1,1.0037,3.0,3.7083,0.812
31,1209,2,152,two,1,0.8439,3.0,3.7083,0.6827
31,1209,2,152,flow,4,0.6512,12.0,6.7083,1.1649
31,1209,2,152,condit,4,1.4293,12.0,6.7083,2.5568
31,1209,2,152,bluff,2,4.8936,6.0,4.7083,6.2361
31,1209,2,152,bodi,1,1.5631,3.0,3.7083,1.2645
31,1209,2,152,finit,1,2.8201,3.0,3.7083,2.2814
31,1153,3,89,size,1,3.5192,3.0,2.9174,3.6189
31,1153,3,89,use,1,1.0037,3.0,2.9174,1.0321
31,1153,3,89,simul,2,3.6754,6.0,3.9174,5.6294
31,1153,3,89,two,1,0.8439,3.0,2.9174,0.8678
31,1153,3,89,dimension,1,1.7748,3.0,2.9174,1.825
31,1153,3,89,flow,3,0.6512,9.0,4.9174,1.1919
31,1153,3,89,condit,2,1.4293,6.0,3.9174,2.1892
31,1153,3,89,bodi,1,1.5631,3.0,2.9174,1.6073
31,1082,4,154,size,5,3.5192,15.0,7.7334,6.826
31,1082,4,154,use,1,1.0037,3.0,3.7334,0.8065
31,1082,4,154,two,2,0.8439,6.0,4.7334,1.0697
31,1082,4,154,dimension,1,1.7748,3.0,3.7334,1.4261
31,1082,4,154,flow,4,0.6512,12.0,6.7334,1.1606
31,1082,4,154,condit,1,1.4293,3.0,3.7334,1.1485
31,1082,4,154,cylindr,1,2.6448,3.0,3.7334,2.1252
31,1082,4,154,finit,1,2.8201,3.0,3.7334,2.2661
31,1245,5,95,use,1,1.0037,3.0,2.9927,1.0061
31,1245,5,95,simul,1,3.6754,3.0,2.9927,3.6844
31,1245,5,95,two,2,0.8439,6.0,3.9927,1.2681
31,1245,5,95,dimension,1,1.7748,3.0,2.9927,1.7791
31,1245,5,95,flow,9,0.6512,27.0,10.9927,1.5995
31,1245,5,95,condit,1,1.4293,3.0,2.9927,1.4328
31,1245,5,95,bodi,1,1.5631,3.0,2.9927,1.5669
31,1245,5,95,aspect,2,2.9077,6.0,3.9927,4.3695
31,247,6,107,two,1,0.8439,3.0,3.1434,0.8054
31,247,6,107,flow,1,0.6512,3.0,3.1434,0.6215
31,247,6,107,bodi,3,1.5631,9.0,5.1434,2.7351
31,247,6,107,finit,1,2.8201,3.0,3.1434,2.6915
31,247,6,107,aspect,5,2.9077,15.0,7.1434,6.1056
31,247,6,107,ratio,5,1.5529,15.0,7.1434,3.2608
31,916,7,98,use,1,1.0037,3.0,3.0304,0.9936
31,916,7,98,dimension,1,1.7748,3.0,3.0304,1.757
31,916,7,98,flow,2,0.6512,6.0,4.0304,0.9695
31,916,7,98,condit,1,1.4293,3.0,3.0304,1.415
31,916,7,98,bodi,1,1.5631,3.0,3.0304,1.5474
31,916,7,98,aspect,4,2.9077,12.0,6.0304,5.786
31,916,7,98,ratio,5,1.5529,15.0,7.0304,3.3133
31,228,8,56,size,1,3.5192,3.0,2.5031,4.2179
31,228,8,56,two,1,0.8439,3.0,2.5031,1.0114
31,228,8,56,dimension,1,1.7748,3.0,2.5031,2.1271
31,228,8,56,flow,2,0.6512,6.0,3.5031,1.1154
31,228,8,56,bodi,1,1.5631,3.0,2.5031,1.8734
31,228,8,56,finit,2,2.8201,6.0,3.5031,4.8302
31,918,9,62,flow,2,0.6512,6.0,3.5784,1.0919
31,918,9,62,cylindr,1,2.6448,3.0,2.5784,3.0772
31,918,9,62,bodi,1,1.5631,3.0,2.5784,1.8186
31,918,9,62,aspect,3,2.9077,9.0,4.5784,5.7157
31,918,9,62,ratio,3,1.5529,9.0,4.5784,3.0526
31,433,10,249,use,1,1.0037,3.0,4.9261,0.6112
31,433,10,249,two,2,0.8439,6.0,5.9261,0.8544
31,433,10,249,dimension,2,1.7748,6.0,5.9261,1.7969
31,433,10,249,flow,2,0.6512,6.0,5.9261,0.6593
31,433,10,249,cylindr,1,2.6448,3.0,4.9261,1.6107
31,433,10,249,bodi,13,1.5631,39.0,16.9261,3.6015
31,433,10,249,aspect,2,2.9077,6.0,5.9261,2.9439
31,433,10,249,ratio,5,1.5529,15.0,8.9261,2.6096
32,752,1,59,approxim,1,1.3087,3.0,2.5407,1.5453
32,752,1,59,correct,2,2.9614,6.0,3.5407,5.0182
32,752,1,59,thick,3,2.0273,9.0,4.5407,4.0182
32,752,1,59,slender,3,2.6754,9.0,4.5407,5.3028
32,752,1,59,thin,5,2.3286,15.0,6.5407,5.3403
32,752,1,59,wing,7,1.8222,21.0,8.5407,4.4804
32,752,1,59,theori,5,1.1214,15.0,6.5407,2.5716
32,250,2,32,slender,1,2.6754,3.0,2.2018,3.6454
32,250,2,32,thin,2,2.3286,6.0,3.2018,4.3638
32,250,2,32,wing,4,1.8222,12.0,5.2018,4.2037
32,250,2,32,theori,2,1.1214,6.0,3.2018,2.1014
32,247,3,107,thick,2,2.0273,6.0,4.1434,2.9357
32,247,3,107,slender,3,2.6754,9.0,5.1434,4.6815
32,247,3,107,wing,7,1.8222,21.0,9.1434,4.1851
32,247,3,107,theori,4,1.1214,12.0,6.1434,2.1904
32,1186,4,71,approxim,1,1.3087,3.0,2.6914,1.4588
32,1186,4,71,correct,1,2.9614,3.0,2.6914,3.3009
32,1186,4,71,slender,2,2.6754,6.0,3.6914,4.3486
32,1186,4,71,wing,3,1.8222,9.0,4.6914,3.4957
32,1186,4,71,theori,1,1.1214,3.0,2.6914,1.2499
32,147,5,101,find,1,3.7334,3.0,3.068,3.6506
32,147,5,101,slender,3,2.6754,9.0,5.068,4.7511
32,147,5,101,wing,7,1.8222,21.0,9.068,4.2199
32,147,5,101,theori,1,1.1214,3.0,3.068,1.0965
32,1259,6,101,approxim,1,1.3087,3.0,3.068,1.2797
32,1259,6,101,correct,1,2.9614,3.0,3.068,2.8957
32,1259,6,101,thick,1,2.0273,3.0,3.068,1.9823
32,1259,6,101,slender,4,2.6754,12.0,6.068,5.2908
32,1259,6,101,theori,4,1.1214,12.0,6.068,2.2176
32,921,7,106,approxim,1,1.3087,3.0,3.1308,1.254
32,921,7,106,slender,4,2.6754,12.0,6.1308,5.2366
32,921,7,106,wing,7,1.8222,21.0,9.1308,4.1909
32,921,7,106,theori,6,1.1214,18.0,8.1308,2.4825
32,1112,8,79,approxim,2,1.3087,6.0,3.7918,2.0709
32,1112,8,79,thick,1,2.0273,3.0,2.7918,2.1785
32,1112,8,79,slender,5,2.6754,15.0,6.7918,5.9087
32,1112,8,79,theori,3,1.1214,9.0,4.7918,2.1061
32,802,9,64,find,1,3.7334,3.0,2.6035,4.302
32,802,9,64,approxim,2,1.3087,6.0,3.6035,2.1791
32,802,9,64,slender,1,2.6754,3.0,2.6035,3.0828
32,802,9,64,theori,3,1.1214,9.0,4.6035,2.1923
32,289,10,141,approxim,1,1.3087,3.0,3.5702,1.0997
32,289,10,141,slender,4,2.6754,12.0,6.5702,4.8864
32,289,10,141,wing,9,1.8222,27.0,11.5702,4.2522
32,289,10,141,theori,2,1.1214,6.0,4.5702,1.4722
33,516,1,71,interfer,2,3.4055,6.0,3.6914,5.5353
33,516,1,71,free,2,1.8582,6.0,3.6914,3.0203
33,516,1,71,longitudin,2,3.323,6.0,3.6914,5.4012
33,516,1,71,stabil,2,2.4533,6.0,3.6914,3.9876
33,516,1,71,measur,2,1.7135,6.0,3.6914,2.7852
33,516,1,71,made,1,1.3799,3.0,2.6914,1.5381
33,516,1,71,free,2,1.8582,6.0,3.6914,3.0203
33,516,1,71,flight,2,2.336,6.0,3.6914,3.7969
33,516,1,71,model,2,2.066,6.0,3.6914,3.358
33,516,1,71,compar,1,1.7335,3.0,2.6914,1.9323
33,516,1,71,measur,2,1.7135,6.0,3.6914,2.7852
33,516,1,71,made,1,1.3799,3.0,2.6914,1.5381
33,516,1,71,low,1,2.2047,3.0,2.6914,2.4576
33,516,1,71,blockag,1,5.1049,3.0,2.6914,5.6902
33,516,1,71,wind,3,2.3968,9.0,4.6914,4.5981
33,516,1,71,tunnel,4,2.0492,12.0,5.6914,4.3207
33,431,2,106,interfer,3,3.4055,9.0,5.1308,5.9736
33,431,2,106,free,2,1.8582,6.0,4.1308,2.699
33,431,2,106,measur,4,1.7135,12.0,6.1308,3.3539
33,431,2,106,made,1,1.3799,3.0,3.1308,1.3222
33,431,2,106,free,2,1.8582,6.0,4.1308,2.699
33,431,2,106,flight,2,2.336,6.0,4.1308,3.393
33,431,2,106,model,5,2.066,15.0,7.1308,4.3459
33,431,2,106,measur,4,1.7135,12.0,6.1308,3.3539
33,431,2,106,made,1,1.3799,3.0,3.1308,1.3222
33,431,2,106,wind,3,2.3968,9.0,5.1308,4.2043
33,431,2,106,tunnel,5,2.0492,15.0,7.1308,4.3106
33,141,3,63,interfer,1,3.4055,3.0,2.5909,3.9431
33,141,3,63,free,2,1.8582,6.0,3.5909,3.1047
33,141,3,63,longitudin,1,3.323,3.0,2.5909,3.8476
33,141,3,63,stabil,1,2.4533,3.0,2.5909,2.8406
33,141,3,63,measur,3,1.7135,9.0,4.5909,3.3592
33,141,3,63,free,2,1.8582,6.0,3.5909,3.1047
33,141,3,63,flight,1,2.336,3.0,2.5909,2.7048
33,141,3,63,model,1,2.066,3.0,2.5909,2.3921
33,141,3,63,measur,3,1.7135,9.0,4.5909,3.3592
33,141,3,63,wind,1,2.3968,3.0,2.5909,2.7752
33,141,3,63,tunnel,3,2.0492,9.0,4.5909,4.0172
33,252,4,144,interfer,5,3.4055,15.0,7.6079,6.7144
33,252,4,144,measur,2,1.7135,6.0,4.6079,2.2312
33,252,4,144,made,1,1.3799,3.0,3.6079,1.1474
33,252,4,144,model,3,2.066,9.0,5.6079,3.3156
33,252,4,144,compar,1,1.7335,3.0,3.6079,1.4415
33,252,4,144,similar,2,2.2244,6.0,4.6079,2.8964
33,252,4,144,measur,2,1.7135,6.0,4.6079,2.2312
33,252,4,144,made,1,1.3799,3.0,3.6079,1.1474
33,252,4,144,low,1,2.2047,3.0,3.6079,1.8333
33,252,4,144,blockag,2,5.1049,6.0,4.6079,6.6471
33,252,4,144,tunnel,8,2.0492,24.0,10.6079,4.6363
33,904,5,111,interfer,1,3.4055,3.0,3.1936,3.1991
33,904,5,111,measur,2,1.7135,6.0,4.1936,2.4517
33,904,5,111,made,3,1.3799,9.0,5.1936,2.3912
33,904,5,111,use,3,1.0037,9.0,5.1936,1.7393
33,904,5,111,similar,1,2.2244,3.0,3.1936,2.0895
33,904,5,111,measur,2,1.7135,6.0,4.1936,2.4517
33,904,5,111,made,3,1.3799,9.0,5.1936,2.3912
33,904,5,111,low,1,2.2047,3.0,3.1936,2.0711
33,904,5,111,wind,5,2.3968,15.0,7.1936,4.9978
33,904,5,111,tunnel,6,2.0492,18.0,8.1936,4.5018
33,1163,6,110,longitudin,1,3.323,3.0,3.181,3.1339
33,1163,6,110,stabil,2,2.4533,6.0,4.181,3.5206
33,1163,6,110,measur,1,1.7135,3.0,3.181,1.616
33,1163,6,110,made,3,1.3799,9.0,5.181,2.397
33,1163,6,110,flight,5,2.336,15.0,7.181,4.8795
33,1163,6,110,model,3,2.066,9.0,5.181,3.5888
33,1163,6,110,measur,1,1.7135,3.0,3.181,1.616
33,1163,6,110,made,3,1.3799,9.0,5.181,2.397
33,1163,6,110,wind,1,2.3968,3.0,3.181,2.2604
33,1163,6,110,tunnel,1,2.0492,3.0,3.181,1.9326
33,800,7,105,interfer,1,3.4055,3.0,3.1182,3.2763
33,800,7,105,measur,1,1.7135,3.0,3.1182,1.6486
33,800,7,105,made,1,1.3799,3.0,3.1182,1.3276
33,800,7,105,model,6,2.066,18.0,8.1182,4.5807
33,800,7,105,measur,1,1.7135,3.0,3.1182,1.6486
33,800,7,105,made,1,1.3799,3.0,3.1182,1.3276
33,800,7,105,blockag,2,5.1049,6.0,4.1182,7.4374
33,800,7,105,wind,1,2.3968,3.0,3.1182,2.3059
33,800,7,105,tunnel,2,2.0492,6.0,4.1182,2.9856
33,808,8,112,longitudin,1,3.323,3.0,3.2061,3.1093
33,808,8,112,measur,4,1.7135,12.0,6.2061,3.3132
33,808,8,112,made,4,1.3799,12.0,6.2061,2.6681
33,808,8,112,use,1,1.0037,3.0,3.2061,0.9392
33,808,8,112,model,1,2.066,3.0,3.2061,1.9331
33,808,8,112,compar,1,1.7335,3.0,3.2061,1.6221
33,808,8,112,measur,4,1.7135,12.0,6.2061,3.3132
33,808,8,112,made,4,1.3799,12.0,6.2061,2.6681
33,808,8,112,wind,2,2.3968,6.0,4.2061,3.419
33,808,8,112,tunnel,2,2.0492,6.0,4.2061,2.9232
33,76,9,121,free,2,1.8582,6.0,4.3191,2.5813
33,76,9,121,longitudin,1,3.323,3.0,3.3191,3.0035
33,76,9,121,measur,5,1.7135,15.0,7.3191,3.5118
33,76,9,121,use,2,1.0037,6.0,4.3191,1.3943
33,76,9,121,free,2,1.8582,6.0,4.3191,2.5813
33,76,9,121,flight,2,2.336,6.0,4.3191,3.2451
33,76,9,121,compar,1,1.7335,3.0,3.3191,1.5669
33,76,9,121,measur,5,1.7135,15.0,7.3191,3.5118
33,76,9,121,wind,1,2.3968,3.0,3.3191,2.1664
33,76,9,121,tunnel,1,2.0492,3.0,3.3191,1.8522
33,714,10,61,measur,1,1.7135,3.0,2.5658,2.0035
33,714,10,61,model,1,2.066,3.0,2.5658,2.4156
33,714,10,61,measur,1,1.7135,3.0,2.5658,2.0035
33,714,10,61,blockag,2,5.1049,6.0,3.5658,8.5896
33,714,10,61,wind,3,2.3968,9.0,4.5658,4.7245
33,714,10,61,tunnel,4,2.0492,12.0,5.5658,4.4181
34,1153,1,89,wind,5,2.3968,15.0,6.9174,5.1974
34,1153,1,89,tunnel,5,2.0492,15.0,6.9174,4.4436
34,1153,1,89,interfer,2,3.4055,6.0,3.9174,5.216
34,1153,1,89,effect,2,0.9524,6.0,3.9174,1.4588
34,1153,1,89,investig,1,1.3547,3.0,2.9174,1.393
34,431,2,106,wind,3,2.3968,9.0,5.1308,4.2043
34,431,2,106,tunnel,5,2.0492,15.0,7.1308,4.3106
34,431,2,106,interfer,3,3.4055,9.0,5.1308,5.9736
34,431,2,106,effect,3,0.9524,9.0,5.1308,1.6707
34,516,3,71,wind,3,2.3968,9.0,4.6914,4.5981
34,516,3,71,tunnel,4,2.0492,12.0,5.6914,4.3207
34,516,3,71,interfer,2,3.4055,6.0,3.6914,5.5353
34,516,3,71,investig,1,1.3547,3.0,2.6914,1.51
34,799,4,141,wind,1,2.3968,3.0,3.5702,2.014
34,799,4,141,tunnel,4,2.0492,12.0,6.5702,3.7427
34,799,4,141,interfer,4,3.4055,12.0,6.5702,6.2199
34,799,4,141,effect,8,0.9524,24.0,10.5702,2.1626
34,799,4,141,investig,1,1.3547,3.0,3.5702,1.1383
34,1074,5,98,wind,2,2.3968,6.0,4.0304,3.5682
34,1074,5,98,tunnel,2,2.0492,6.0,4.0304,3.0507
34,1074,5,98,interfer,3,3.4055,9.0,5.0304,6.0929
34,1074,5,98,effect,1,0.9524,3.0,3.0304,0.9429
34,1074,5,98,investig,1,1.3547,3.0,3.0304,1.3411
34,252,6,144,tunnel,8,2.0492,24.0,10.6079,4.6363
34,252,6,144,interfer,5,3.4055,15.0,7.6079,6.7144
34,252,6,144,effect,8,0.9524,24.0,10.6079,2.1549
34,252,6,144,investig,1,1.3547,3.0,3.6079,1.1264
34,1062,7,65,wind,1,2.3968,3.0,2.6161,2.7486
34,1062,7,65,tunnel,1,2.0492,3.0,2.6161,2.35
34,1062,7,65,interfer,3,3.4055,9.0,4.6161,6.6397
34,1062,7,65,effect,1,0.9524,3.0,2.6161,1.0922
34,1062,7,65,investig,1,1.3547,3.0,2.6161,1.5535
34,280,8,80,wind,2,2.3968,6.0,3.8044,3.7801
34,280,8,80,tunnel,4,2.0492,12.0,5.8044,4.2365
34,280,8,80,investig,1,1.3547,3.0,2.8044,1.4492
34,280,8,80,systemat,1,4.4416,3.0,2.8044,4.7514
34,1341,9,135,tunnel,1,2.0492,3.0,3.4949,1.759
34,1341,9,135,effect,4,0.9524,12.0,6.4949,1.7597
34,1341,9,135,investig,2,1.3547,6.0,4.4949,1.8083
34,1341,9,135,systemat,2,4.4416,6.0,4.4949,5.9288
34,1341,9,135,basi,1,3.0181,3.0,3.4949,2.5907
34,1243,10,62,wind,1,2.3968,3.0,2.5784,2.7887
34,1243,10,62,tunnel,1,2.0492,3.0,2.5784,2.3843
34,1243,10,62,interfer,2,3.4055,6.0,3.5784,5.7101
34,1243,10,62,effect,1,0.9524,3.0,2.5784,1.1082
34,1243,10,62,investig,1,1.3547,3.0,2.5784,1.5762
35,1244,1,251,acoust,12,4.5041,36.0,15.9512,10.1652
35,1244,1,251,wave,4,1.8955,12.0,7.9512,2.8606
35,1244,1,251,propag,1,4.3827,3.0,4.9512,2.6555
35,1208,2,62,acoust,3,4.5041,9.0,4.5784,8.854
35,1208,2,62,wave,4,1.8955,12.0,5.5784,4.0774
35,1314,3,43,paper,1,1.9441,3.0,2.3399,2.4926
35,1314,3,43,wave,2,1.8955,6.0,3.3399,3.4052
35,1314,3,43,gase,2,3.5943,6.0,3.3399,6.4571
35,1203,4,119,wave,3,1.8955,9.0,5.294,3.2223
35,1203,4,119,propag,5,4.3827,15.0,7.294,9.013
35,1327,5,76,paper,1,1.9441,3.0,2.7542,2.1177
35,1327,5,76,wave,2,1.8955,6.0,3.7542,3.0294
35,1327,5,76,propag,2,4.3827,6.0,3.7542,7.0046
35,1389,6,76,wave,5,1.8955,15.0,6.7542,4.2095
35,1389,6,76,propag,2,4.3827,6.0,3.7542,7.0046
35,296,7,135,wave,7,1.8955,21.0,9.4949,4.1922
35,296,7,135,propag,1,4.3827,3.0,3.4949,3.7621
35,296,7,135,gase,1,3.5943,3.0,3.4949,3.0853
35,724,8,85,acoust,7,4.5041,21.0,8.8672,10.667
35,654,9,69,wave,2,1.8955,6.0,3.6663,3.102
35,654,9,69,propag,2,4.3827,6.0,3.6663,7.1725
35,65,10,49,acoust,1,4.5041,3.0,2.4152,5.5947
35,65,10,49,wave,6,1.8955,18.0,7.4152,4.6011
36,168,1,144,relax,5,3.9308,15.0,7.6079,7.75
36,168,1,144,effect,5,0.9524,15.0,7.6079,1.8779
36,168,1,144,heat,1,1.5197,3.0,3.6079,1.2637
36,168,1,144,transfer,2,1.905,6.0,4.6079,2.4805
36,168,1,144,heat,1,1.5197,3.0,3.6079,1.2637
36,168,1,144,wall,4,1.9901,12.0,6.6079,3.614
36,123,2,140,investig,1,1.3547,3.0,3.5577,1.1423
36,123,2,140,effect,2,0.9524,6.0,4.5577,1.2539
36,123,2,140,gaseous,1,5.23,3.0,3.5577,4.4102
36,123,2,140,heat,4,1.5197,12.0,6.5577,2.781
36,123,2,140,transfer,7,1.905,21.0,9.5577,4.1857
36,123,2,140,heat,4,1.5197,12.0,6.5577,2.781
36,623,3,128,investig,1,1.3547,3.0,3.407,1.1928
36,623,3,128,effect,5,0.9524,15.0,7.407,1.9288
36,623,3,128,heat,7,1.5197,21.0,9.407,3.3926
36,623,3,128,transfer,5,1.905,15.0,7.407,3.8578
36,623,3,128,heat,7,1.5197,21.0,9.407,3.3926
36,623,3,128,wall,2,1.9901,6.0,4.407,2.7094
36,353,4,84,effect,3,0.9524,9.0,4.8546,1.7658
36,353,4,84,heat,3,1.5197,9.0,4.8546,2.8174
36,353,4,84,transfer,3,1.905,9.0,4.8546,3.5317
36,353,4,84,heat,3,1.5197,9.0,4.8546,2.8174
36,353,4,84,wall,5,1.9901,15.0,6.8546,4.3549
36,661,5,137,effect,1,0.9524,3.0,3.52,0.8117
36,661,5,137,heat,5,1.5197,15.0,7.52,3.0314
36,661,5,137,transfer,5,1.905,15.0,7.52,3.7999
36,661,5,137,heat,5,1.5197,15.0,7.52,3.0314
36,661,5,137,wall,8,1.9901,24.0,10.52,4.54
36,959,6,128,investig,2,1.3547,6.0,4.407,1.8444
36,959,6,128,effect,2,0.9524,6.0,4.407,1.2967
36,959,6,128,heat,5,1.5197,15.0,7.407,3.0776
36,959,6,128,transfer,5,1.905,15.0,7.407,3.8578
36,959,6,128,heat,5,1.5197,15.0,7.407,3.0776
36,959,6,128,wall,1,1.9901,3.0,3.407,1.7523
36,518,7,111,relax,3,3.9308,9.0,5.1936,6.8116
36,518,7,111,effect,4,0.9524,12.0,6.1936,1.8454
36,518,7,111,heat,2,1.5197,6.0,4.1936,2.1744
36,518,7,111,heat,2,1.5197,6.0,4.1936,2.1744
36,518,7,111,wall,1,1.9901,3.0,3.1936,1.8694
36,550,8,73,effect,3,0.9524,9.0,4.7165,1.8175
36,550,8,73,heat,3,1.5197,9.0,4.7165,2.8999
36,550,8,73,transfer,2,1.905,6.0,3.7165,3.0755
36,550,8,73,heat,3,1.5197,9.0,4.7165,2.8999
36,550,8,73,wall,4,1.9901,12.0,5.7165,4.1775
36,135,9,99,investig,1,1.3547,3.0,3.0429,1.3356
36,135,9,99,heat,5,1.5197,15.0,7.0429,3.2367
36,135,9,99,transfer,2,1.905,6.0,4.0429,2.8272
36,135,9,99,heat,5,1.5197,15.0,7.0429,3.2367
36,135,9,99,wall,3,1.9901,9.0,5.0429,3.5516
36,144,10,87,heat,5,1.5197,15.0,6.8923,3.3075
36,144,10,87,transfer,3,1.905,9.0,4.8923,3.5045
36,144,10,87,heat,5,1.5197,15.0,6.8923,3.3075
36,144,10,87,wall,4,1.9901,12.0,5.8923,4.0529
37,186,1,105,theoret,1,1.7832,3.0,3.1182,1.7156
37,186,1,105,method,1,1.1235,3.0,3.1182,1.0809
37,186,1,105,predict,2,1.9797,6.0,4.1182,2.8842
37,186,1,105,base,5,1.8047,15.0,7.1182,3.803
37,186,1,105,pressur,5,0.9305,15.0,7.1182,1.9608
37,1352,2,142,theoret,1,1.7832,3.0,3.5828,1.4932
37,1352,2,142,method,2,1.1235,6.0,4.5828,1.471
37,1352,2,142,predict,1,1.9797,3.0,3.5828,1.6577
37,1352,2,142,base,3,1.8047,9.0,5.5828,2.9093
37,1352,2,142,pressur,11,0.9305,33.0,13.5828,2.2607
37,234,3,209,method,10,1.1235,30.0,13.4239,2.5109
37,234,3,209,predict,8,1.9797,24.0,11.4239,4.159
37,234,3,209,base,1,1.8047,3.0,4.4239,1.2238
37,234,3,209,pressur,5,0.9305,15.0,8.4239,1.6569
37,283,4,118,theoret,1,1.7832,3.0,3.2815,1.6303
37,283,4,118,method,2,1.1235,6.0,4.2815,1.5745
37,283,4,118,predict,3,1.9797,9.0,5.2815,3.3735
37,283,4,118,base,1,1.8047,3.0,3.2815,1.6499
37,283,4,118,pressur,2,0.9305,6.0,4.2815,1.304
37,126,5,77,theoret,1,1.7832,3.0,2.7667,1.9336
37,126,5,77,predict,1,1.9797,3.0,2.7667,2.1466
37,126,5,77,base,3,1.8047,9.0,4.7667,3.4074
37,126,5,77,pressur,3,0.9305,9.0,4.7667,1.7568
37,952,6,69,theoret,1,1.7832,3.0,2.6663,2.0064
37,952,6,69,method,1,1.1235,3.0,2.6663,1.2642
37,952,6,69,predict,1,1.9797,3.0,2.6663,2.2274
37,952,6,69,base,1,1.8047,3.0,2.6663,2.0306
37,952,6,69,pressur,2,0.9305,6.0,3.6663,1.5228
37,1229,7,184,theoret,3,1.7832,9.0,6.1101,2.6267
37,1229,7,184,predict,4,1.9797,12.0,7.1101,3.3412
37,1229,7,184,base,1,1.8047,3.0,4.1101,1.3173
37,1229,7,184,pressur,5,0.9305,15.0,8.1101,1.721
37,1311,8,45,theoret,1,1.7832,3.0,2.365,2.2621
37,1311,8,45,predict,1,1.9797,3.0,2.365,2.5112
37,1311,8,45,base,1,1.8047,3.0,2.365,2.2893
37,1311,8,45,pressur,3,0.9305,9.0,4.365,1.9185
37,522,9,224,theoret,1,1.7832,3.0,4.6123,1.1599
37,522,9,224,method,3,1.1235,9.0,6.6123,1.5293
37,522,9,224,predict,4,1.9797,12.0,7.6123,3.1208
37,522,9,224,base,2,1.8047,6.0,5.6123,1.9294
37,522,9,224,pressur,2,0.9305,6.0,5.6123,0.9948
37,409,10,54,theoret,2,1.7832,6.0,3.478,3.0763
37,409,10,54,base,3,1.8047,9.0,4.478,3.6271
37,409,10,54,pressur,3,0.9305,9.0,4.478,1.8701
38,536,1,157,transit,5,2.707,15.0,7.7711,5.2251
38,536,1,157,hyperson,2,2.1062,6.0,4.7711,2.6487
38,536,1,157,wake,7,3.4055,21.0,9.7711,7.3191
38,536,1,157,depend,1,2.4126,3.0,3.7711,1.9193
38,536,1,157,bodi,2,1.5631,6.0,4.7711,1.9657
38,976,2,256,hyperson,3,2.1062,9.0,7.014,2.7026
38,976,2,256,wake,10,3.4055,30.0,14.014,7.2902
38,976,2,256,bodi,12,1.5631,36.0,16.014,3.5138
38,294,3,165,transit,6,2.707,18.0,8.8715,5.4924
38,294,3,165,hyperson,3,2.1062,9.0,5.8715,3.2284
38,294,3,165,depend,1,2.4126,3.0,3.8715,1.8695
38,294,3,165,bodi,2,1.5631,6.0,4.8715,1.9251
38,1391,4,126,transit,2,2.707,6.0,4.3819,3.7066
38,1391,4,126,hyperson,2,2.1062,6.0,4.3819,2.884
38,1391,4,126,bodi,3,1.5631,9.0,5.3819,2.6139
38,1391,4,126,geometri,1,3.323,3.0,3.3819,2.9477
38,295,5,62,transit,6,2.707,18.0,7.5784,6.4295
38,295,5,62,hyperson,2,2.1062,6.0,3.5784,3.5315
38,295,5,62,bodi,1,1.5631,3.0,2.5784,1.8186
38,979,6,86,wake,5,3.4055,15.0,6.8797,7.4251
38,979,6,86,depend,1,2.4126,3.0,2.8797,2.5134
38,979,6,86,bodi,1,1.5631,3.0,2.8797,1.6284
38,1211,7,84,transit,4,2.707,12.0,5.8546,5.5484
38,1211,7,84,bodi,1,1.5631,3.0,2.8546,1.6427
38,1211,7,84,size,1,3.5192,3.0,2.8546,3.6985
38,433,8,249,wake,5,3.4055,15.0,8.9261,5.7228
38,433,8,249,depend,1,2.4126,3.0,4.9261,1.4693
38,433,8,249,bodi,13,1.5631,39.0,16.9261,3.6015
38,89,9,241,transit,1,2.707,3.0,4.8257,1.6829
38,89,9,241,wake,3,3.4055,9.0,6.8257,4.4903
38,89,9,241,bodi,1,1.5631,3.0,4.8257,0.9717
38,89,9,241,geometri,2,3.323,6.0,5.8257,3.4224
38,272,10,307,transit,19,2.707,57.0,23.6543,6.523
38,272,10,307,hyperson,2,2.1062,6.0,6.6543,1.8991
38,272,10,307,bodi,3,1.5631,9.0,7.6543,1.8379
39,1205,1,125,detect,1,5.1049,3.0,3.3693,4.5453
39,1205,1,125,transit,7,2.707,21.0,9.3693,6.0673
39,1205,1,125,boundari,5,1.0911,15.0,7.3693,2.221
39,1205,1,125,layer,5,1.2179,15.0,7.3693,2.4789
39,272,2,307,one,1,0.9143,3.0,5.6543,0.4851
39,272,2,307,detect,1,5.1049,3.0,5.6543,2.7085
39,272,2,307,transit,19,2.707,57.0,23.6543,6.523
39,272,2,307,boundari,12,1.0911,36.0,16.6543,2.3586
39,272,2,307,layer,12,1.2179,36.0,16.6543,2.6325
39,9,3,206,one,1,0.9143,3.0,4.3863,0.6254
39,9,3,206,detect,1,5.1049,3.0,4.3863,3.4915
39,9,3,206,transit,5,2.707,15.0,8.3863,4.8418
39,9,3,206,boundari,6,1.0911,18.0,9.3863,2.0925
39,9,3,206,layer,6,1.2179,18.0,9.3863,2.3355
39,1257,4,83,one,1,0.9143,3.0,2.842,0.9651
39,1257,4,83,detect,1,5.1049,3.0,2.842,5.3886
39,1257,4,83,transit,1,2.707,3.0,2.842,2.8574
39,1257,4,83,boundari,2,1.0911,6.0,3.842,1.704
39,1257,4,83,layer,2,1.2179,6.0,3.842,1.9019
39,346,5,113,detect,1,5.1049,3.0,3.2187,4.758
39,346,5,113,transit,2,2.707,6.0,4.2187,3.85
39,346,5,113,boundari,3,1.0911,9.0,5.2187,1.8818
39,346,5,113,layer,3,1.2179,9.0,5.2187,2.1003
39,37,6,97,phenomena,4,3.7637,12.0,6.0178,7.5051
39,37,6,97,boundari,3,1.0911,9.0,5.0178,1.9571
39,37,6,97,layer,3,1.2179,9.0,5.0178,2.1844
39,992,7,188,one,2,0.9143,6.0,5.1603,1.0631
39,992,7,188,transit,3,2.707,9.0,6.1603,3.9548
39,992,7,188,phenomena,1,3.7637,3.0,4.1603,2.714
39,992,7,188,boundari,4,1.0911,12.0,7.1603,1.8287
39,992,7,188,layer,4,1.2179,12.0,7.1603,2.041
39,1278,8,118,one,1,0.9143,3.0,3.2815,0.8359
39,1278,8,118,transit,6,2.707,18.0,8.2815,5.8837
39,1278,8,118,boundari,5,1.0911,15.0,7.2815,2.2478
39,1278,8,118,layer,5,1.2179,15.0,7.2815,2.5088
39,996,9,194,one,4,0.9143,12.0,7.2356,1.5164
39,996,9,194,transit,3,2.707,9.0,6.2356,3.907
39,996,9,194,phenomena,1,3.7637,3.0,4.2356,2.6658
39,996,9,194,boundari,3,1.0911,9.0,6.2356,1.5749
39,996,9,194,layer,3,1.2179,9.0,6.2356,1.7578
39,80,10,185,one,4,0.9143,12.0,7.1226,1.5404
39,80,10,185,transit,6,2.707,18.0,9.1226,5.3412
39,80,10,185,boundari,5,1.0911,15.0,8.1226,2.015
39,80,10,185,layer,5,1.2179,15.0,8.1226,2.249
40,536,1,157,one,1,0.9143,3.0,3.7711,0.7274
40,536,1,157,detect,1,5.1049,3.0,3.7711,4.0611
40,536,1,157,transit,5,2.707,15.0,7.7711,5.2251
40,536,1,157,hyperson,2,2.1062,6.0,4.7711,2.6487
40,536,1,157,wake,7,3.4055,21.0,9.7711,7.3191
40,1205,2,125,detect,1,5.1049,3.0,3.3693,4.5453
40,1205,2,125,transit,7,2.707,21.0,9.3693,6.0673
40,1205,2,125,hyperson,2,2.1062,6.0,4.3693,2.8923
40,976,3,256,one,9,0.9143,27.0,13.014,1.8969
40,976,3,256,hyperson,3,2.1062,9.0,7.014,2.7026
40,976,3,256,wake,10,3.4055,30.0,14.014,7.2902
40,37,4,97,phenomena,4,3.7637,12.0,6.0178,7.5051
40,37,4,97,hyperson,4,2.1062,12.0,6.0178,4.1999
40,272,5,307,one,1,0.9143,3.0,5.6543,0.4851
40,272,5,307,detect,1,5.1049,3.0,5.6543,2.7085
40,272,5,307,transit,19,2.707,57.0,23.6543,6.523
40,272,5,307,hyperson,2,2.1062,6.0,6.6543,1.8991
40,9,6,206,one,1,0.9143,3.0,4.3863,0.6254
40,9,6,206,detect,1,5.1049,3.0,4.3863,3.4915
40,9,6,206,transit,5,2.707,15.0,8.3863,4.8418
40,9,6,206,hyperson,2,2.1062,6.0,5.3863,2.3462
40,295,7,62,one,1,0.9143,3.0,2.5784,1.0638
40,295,7,62,transit,6,2.707,18.0,7.5784,6.4295
40,295,7,62,hyperson,2,2.1062,6.0,3.5784,3.5315
40,294,8,165,one,2,0.9143,6.0,4.8715,1.1261
40,294,8,165,transit,6,2.707,18.0,8.8715,5.4924
40,294,8,165,hyperson,3,2.1062,9.0,5.8715,3.2284
40,330,9,61,transit,1,2.707,3.0,2.5658,3.165
40,330,9,61,phenomena,2,3.7637,6.0,3.5658,6.3329
40,186,10,105,one,1,0.9143,3.0,3.1182,0.8797
40,186,10,105,phenomena,1,3.7637,3.0,3.1182,3.621
40,186,10,105,wake,2,3.4055,6.0,4.1182,4.9616
41,289,1,141,develop,3,1.6671,9.0,5.5702,2.6936
41,289,1,141,vortex,4,3.7334,12.0,6.5702,6.8188
41,289,1,141,wake,5,3.4055,15.0,7.5702,6.7478
41,289,1,141,behind,5,3.0181,15.0,7.5702,5.9802
41,289,1,141,cruciform,7,5.1049,21.0,9.5702,11.2017
41,289,1,141,wing,9,1.8222,27.0,11.5702,4.2522
41,433,2,249,investig,1,1.3547,3.0,4.9261,0.825
41,433,2,249,vortex,11,3.7334,33.0,14.9261,8.2541
41,433,2,249,wake,5,3.4055,15.0,8.9261,5.7228
41,433,2,249,behind,6,3.0181,18.0,9.9261,5.473
41,433,2,249,cruciform,1,5.1049,3.0,4.9261,3.1089
41,433,2,249,wing,19,1.8222,57.0,22.9261,4.5304
41,229,3,128,develop,1,1.6671,3.0,3.407,1.4679
41,229,3,128,simpl,1,2.0273,3.0,3.407,1.7851
41,229,3,128,vortex,1,3.7334,3.0,3.407,3.2874
41,229,3,128,cruciform,4,5.1049,12.0,6.407,9.5612
41,229,3,128,wing,7,1.8222,21.0,9.407,4.0678
41,927,4,252,investig,2,1.3547,6.0,5.9638,1.3629
41,927,4,252,simpl,2,2.0273,6.0,5.9638,2.0396
41,927,4,252,model,2,2.066,6.0,5.9638,2.0785
41,927,4,252,vortex,12,3.7334,36.0,15.9638,8.4192
41,927,4,252,wake,4,3.4055,12.0,7.9638,5.1315
41,927,4,252,wing,1,1.8222,3.0,4.9638,1.1013
41,288,5,108,investig,2,1.3547,6.0,4.1559,1.9558
41,288,5,108,vortex,5,3.7334,15.0,7.1559,7.8258
41,288,5,108,behind,2,3.0181,6.0,4.1559,4.3573
41,288,5,108,wing,6,1.8222,18.0,8.1559,4.0216
41,432,6,139,investig,1,1.3547,3.0,3.5451,1.1464
41,432,6,139,develop,1,1.6671,3.0,3.5451,1.4108
41,432,6,139,cruciform,6,5.1049,18.0,8.5451,10.7533
41,432,6,139,wing,13,1.8222,39.0,15.5451,4.5716
41,520,7,135,simpl,1,2.0273,3.0,3.4949,1.7402
41,520,7,135,model,1,2.066,3.0,3.4949,1.7734
41,520,7,135,wake,1,3.4055,3.0,3.4949,2.9233
41,520,7,135,behind,1,3.0181,3.0,3.4949,2.5907
41,520,7,135,cruciform,1,5.1049,3.0,3.4949,4.382
41,520,7,135,wing,9,1.8222,27.0,11.4949,4.2801
41,126,8,77,investig,3,1.3547,9.0,4.7667,2.5578
41,126,8,77,vortex,2,3.7334,6.0,3.7667,5.9469
41,126,8,77,wake,2,3.4055,6.0,3.7667,5.4246
41,126,8,77,behind,1,3.0181,3.0,2.7667,3.2726
41,1277,9,149,investig,1,1.3547,3.0,3.6707,1.1072
41,1277,9,149,model,1,2.066,3.0,3.6707,1.6885
41,1277,9,149,vortex,8,3.7334,24.0,10.6707,8.397
41,1277,9,149,wake,1,3.4055,3.0,3.6707,2.7833
41,1277,9,149,wing,3,1.8222,9.0,5.6707,2.892
41,1152,10,21,vortex,1,3.7334,3.0,2.0636,5.4274
41,1152,10,21,wake,2,3.4055,6.0,3.0636,6.6695
41,1152,10,21,behind,1,3.0181,3.0,2.0636,4.3875
42,521,1,80,transon,2,3.0939,6.0,3.8044,4.8795
42,521,1,80,flow,3,0.6512,9.0,4.8044,1.2199
42,521,1,80,airfoil,3,3.0477,9.0,4.8044,5.7093
42,521,1,80,round,4,4.5041,12.0,5.8044,9.3118
42,521,1,80,lead,4,2.083,12.0,5.8044,4.3064
42,521,1,80,edg,4,2.0058,12.0,5.8044,4.1469
42,521,1,80,linear,4,2.1481,12.0,5.8044,4.4411
42,521,1,80,transon,2,3.0939,6.0,3.8044,4.8795
42,521,1,80,flow,3,0.6512,9.0,4.8044,1.2199
42,521,1,80,theori,3,1.1214,9.0,4.8044,2.1006
42,526,2,71,transon,4,3.0939,12.0,5.6914,6.5233
42,526,2,71,flow,6,0.6512,18.0,7.6914,1.524
42,526,2,71,airfoil,2,3.0477,6.0,3.6914,4.9538
42,526,2,71,round,1,4.5041,3.0,2.6914,5.0206
42,526,2,71,lead,4,2.083,12.0,5.6914,4.3919
42,526,2,71,edg,4,2.0058,12.0,5.6914,4.2292
42,526,2,71,transon,4,3.0939,12.0,5.6914,6.5233
42,526,2,71,flow,6,0.6512,18.0,7.6914,1.524
42,440,3,58,transon,3,3.0939,9.0,4.5282,6.1493
42,440,3,58,flow,5,0.6512,15.0,6.5282,1.4963
42,440,3,58,airfoil,4,3.0477,12.0,5.5282,6.6157
42,440,3,58,lead,2,2.083,6.0,3.5282,3.5424
42,440,3,58,edg,2,2.0058,6.0,3.5282,3.4111
42,440,3,58,analyz,1,3.1098,3.0,2.5282,3.6901
42,440,3,58,transon,3,3.0939,9.0,4.5282,6.1493
42,440,3,58,flow,5,0.6512,15.0,6.5282,1.4963
42,469,4,55,transon,3,3.0939,9.0,4.4905,6.2009
42,469,4,55,flow,2,0.6512,6.0,3.4905,1.1194
42,469,4,55,airfoil,1,3.0477,3.0,2.4905,3.6712
42,469,4,55,valid,1,2.9893,3.0,2.4905,3.6009
42,469,4,55,linear,1,2.1481,3.0,2.4905,2.5876
42,469,4,55,transon,3,3.0939,9.0,4.4905,6.2009
42,469,4,55,flow,2,0.6512,6.0,3.4905,1.1194
42,469,4,55,theori,3,1.1214,9.0,4.4905,2.2474
42,503,5,61,transon,4,3.0939,12.0,5.5658,6.6705
42,503,5,61,flow,2,0.6512,6.0,3.5658,1.0958
42,503,5,61,airfoil,3,3.0477,9.0,4.5658,6.0076
42,503,5,61,analyz,1,3.1098,3.0,2.5658,3.636
42,503,5,61,transon,4,3.0939,12.0,5.5658,6.6705
42,503,5,61,flow,2,0.6512,6.0,3.5658,1.0958
42,503,5,61,theori,1,1.1214,3.0,2.5658,1.3111
42,496,6,69,transon,3,3.0939,9.0,4.6663,5.9673
42,496,6,69,flow,1,0.6512,3.0,2.6663,0.7327
42,496,6,69,around,1,3.2286,3.0,2.6663,3.6327
42,496,6,69,airfoil,2,3.0477,6.0,3.6663,4.9877
42,496,6,69,linear,1,2.1481,3.0,2.6663,2.417
42,496,6,69,transon,3,3.0939,9.0,4.6663,5.9673
42,496,6,69,flow,1,0.6512,3.0,2.6663,0.7327
42,496,6,69,theori,2,1.1214,6.0,3.6663,1.8351
42,468,7,63,transon,4,3.0939,12.0,5.5909,6.6405
42,468,7,63,flow,4,0.6512,12.0,5.5909,1.3977
42,468,7,63,around,1,3.2286,3.0,2.5909,3.7383
42,468,7,63,linear,1,2.1481,3.0,2.5909,2.4873
42,468,7,63,transon,4,3.0939,12.0,5.5909,6.6405
42,468,7,63,flow,4,0.6512,12.0,5.5909,1.3977
42,468,7,63,theori,2,1.1214,6.0,3.5909,1.8736
42,467,8,115,transon,3,3.0939,9.0,5.2438,5.3101
42,467,8,115,flow,4,0.6512,12.0,6.2438,1.2516
42,467,8,115,airfoil,5,3.0477,15.0,7.2438,6.3111
42,467,8,115,lead,1,2.083,3.0,3.2438,1.9265
42,467,8,115,transon,3,3.0939,9.0,5.2438,5.3101
42,467,8,115,flow,4,0.6512,12.0,6.2438,1.2516
42,467,8,115,theori,3,1.1214,9.0,5.2438,1.9246
42,797,9,199,transon,2,3.0939,6.0,5.2984,3.5036
42,797,9,199,flow,6,0.6512,18.0,9.2984,1.2606
42,797,9,199,round,1,4.5041,3.0,4.2984,3.1436
42,797,9,199,lead,10,2.083,30.0,13.2984,4.6991
42,797,9,199,edg,10,2.0058,30.0,13.2984,4.525
42,797,9,199,transon,2,3.0939,6.0,5.2984,3.5036
42,797,9,199,flow,6,0.6512,18.0,9.2984,1.2606
42,903,10,123,transon,2,3.0939,6.0,4.3442,4.2731
42,903,10,123,flow,3,0.6512,9.0,5.3442,1.0967
42,903,10,123,around,1,3.2286,3.0,3.3442,2.8962
42,903,10,123,airfoil,3,3.0477,9.0,5.3442,5.1326
42,903,10,123,transon,2,3.0939,6.0,4.3442,4.2731
42,903,10,123,flow,3,0.6512,9.0,5.3442,1.0967
42,903,10,123,theori,3,1.1214,9.0,5.3442,1.8884
43,467,1,115,transon,3,3.0939,9.0,5.2438,5.3101
43,467,1,115,flow,4,0.6512,12.0,6.2438,1.2516
43,467,1,115,thin,1,2.3286,3.0,3.2438,2.1536
43,467,1,115,airfoil,5,3.0477,15.0,7.2438,6.3111
43,467,1,115,simpl,2,2.0273,6.0,4.2438,2.8662
43,467,1,115,approxim,4,1.3087,12.0,6.2438,2.5153
43,469,2,55,transon,3,3.0939,9.0,4.4905,6.2009
43,469,2,55,flow,2,0.6512,6.0,3.4905,1.1194
43,469,2,55,smooth,1,3.895,3.0,2.4905,4.6919
43,469,2,55,airfoil,1,3.0477,3.0,2.4905,3.6712
43,469,2,55,simpl,1,2.0273,3.0,2.4905,2.442
43,496,3,69,transon,3,3.0939,9.0,4.6663,5.9673
43,496,3,69,flow,1,0.6512,3.0,2.6663,0.7327
43,496,3,69,around,1,3.2286,3.0,2.6663,3.6327
43,496,3,69,airfoil,2,3.0477,6.0,3.6663,4.9877
43,496,3,69,approxim,1,1.3087,3.0,2.6663,1.4725
43,404,4,89,transon,2,3.0939,6.0,3.9174,4.7387
43,404,4,89,flow,10,0.6512,30.0,11.9174,1.6393
43,404,4,89,airfoil,4,3.0477,12.0,5.9174,6.1806
43,404,4,89,simpl,1,2.0273,3.0,2.9174,2.0847
43,404,4,89,approxim,2,1.3087,6.0,3.9174,2.0045
43,503,5,61,transon,4,3.0939,12.0,5.5658,6.6705
43,503,5,61,flow,2,0.6512,6.0,3.5658,1.0958
43,503,5,61,airfoil,3,3.0477,9.0,4.5658,6.0076
43,503,5,61,simpl,1,2.0273,3.0,2.5658,2.3703
43,903,6,123,transon,2,3.0939,6.0,4.3442,4.2731
43,903,6,123,flow,3,0.6512,9.0,5.3442,1.0967
43,903,6,123,around,1,3.2286,3.0,3.3442,2.8962
43,903,6,123,airfoil,3,3.0477,9.0,5.3442,5.1326
43,903,6,123,simpl,1,2.0273,3.0,3.3442,1.8186
43,468,7,63,transon,4,3.0939,12.0,5.5909,6.6405
43,468,7,63,flow,4,0.6512,12.0,5.5909,1.3977
43,468,7,63,around,1,3.2286,3.0,2.5909,3.7383
43,468,7,63,thin,1,2.3286,3.0,2.5909,2.6963
43,440,8,58,transon,3,3.0939,9.0,4.5282,6.1493
43,440,8,58,flow,5,0.6512,15.0,6.5282,1.4963
43,440,8,58,airfoil,4,3.0477,12.0,5.5282,6.6157
43,194,9,37,arbitrari,1,2.7733,3.0,2.2645,3.674
43,194,9,37,thin,1,2.3286,3.0,2.2645,3.0849
43,194,9,37,airfoil,4,3.0477,12.0,5.2645,6.947
43,526,10,71,transon,4,3.0939,12.0,5.6914,6.5233
43,526,10,71,flow,6,0.6512,18.0,7.6914,1.524
43,526,10,71,airfoil,2,3.0477,6.0,3.6914,4.9538
44,1190,1,69,detail,1,2.5862,3.0,2.6663,2.9099
44,1190,1,69,chapman,1,4.7192,3.0,2.6663,5.3099
44,1190,1,69,enskog,1,6.8395,3.0,2.6663,7.6955
44,1199,2,144,kinet,2,4.0063,6.0,4.6079,5.2166
44,1199,2,144,theori,3,1.1214,9.0,5.6079,1.7996
44,1199,2,144,gase,2,3.5943,6.0,4.6079,4.6802
44,1199,2,144,theori,3,1.1214,9.0,5.6079,1.7996
44,103,3,70,kinet,2,4.0063,6.0,3.6788,6.534
44,103,3,70,theori,1,1.1214,3.0,2.6788,1.2558
44,103,3,70,gase,1,3.5943,3.0,2.6788,4.0252
44,103,3,70,theori,1,1.1214,3.0,2.6788,1.2558
44,108,4,63,kinet,1,4.0063,3.0,2.5909,4.6388
44,108,4,63,theori,1,1.1214,3.0,2.5909,1.2984
44,108,4,63,gase,1,3.5943,3.0,2.5909,4.1617
44,108,4,63,theori,1,1.1214,3.0,2.5909,1.2984
44,541,5,126,detail,1,2.5862,3.0,3.3819,2.2942
44,541,5,126,theori,1,1.1214,3.0,3.3819,0.9947
44,541,5,126,gase,3,3.5943,9.0,5.3819,6.0106
44,541,5,126,theori,1,1.1214,3.0,3.3819,0.9947
44,1031,6,63,rigor,1,4.8936,3.0,2.5909,5.6661
44,1031,6,63,theori,3,1.1214,9.0,4.5909,2.1983
44,1031,6,63,theori,3,1.1214,9.0,4.5909,2.1983
44,357,7,103,kinet,1,4.0063,3.0,3.0931,3.8856
44,357,7,103,theori,1,1.1214,3.0,3.0931,1.0876
44,357,7,103,gase,1,3.5943,3.0,3.0931,3.4861
44,357,7,103,theori,1,1.1214,3.0,3.0931,1.0876
44,367,8,62,rigor,1,4.8936,3.0,2.5784,5.6937
44,367,8,62,theori,2,1.1214,6.0,3.5784,1.8802
44,367,8,62,theori,2,1.1214,6.0,3.5784,1.8802
44,760,9,102,rigor,1,4.8936,3.0,3.0806,4.7656
44,760,9,102,theori,4,1.1214,12.0,6.0806,2.213
44,760,9,102,theori,4,1.1214,12.0,6.0806,2.213
44,943,10,90,kinet,1,4.0063,3.0,2.9299,4.1021
44,943,10,90,chapman,1,4.7192,3.0,2.9299,4.8321
45,305,1,93,surfac,4,1.4443,12.0,5.9676,2.9044
45,305,1,93,mass,3,2.9752,9.0,4.9676,5.3904
45,305,1,93,transfer,4,1.905,12.0,5.9676,3.8307
45,305,1,93,hyperson,3,2.1062,9.0,4.9676,3.8159
45,305,1,93,viscous,5,2.4368,15.0,6.9676,5.2461
45,305,1,93,interact,2,2.7396,6.0,3.9676,4.143
45,525,2,69,surfac,4,1.4443,12.0,5.6663,3.0588
45,525,2,69,mass,3,2.9752,9.0,4.6663,5.7384
45,525,2,69,transfer,3,1.905,9.0,4.6663,3.6742
45,525,2,69,hyperson,2,2.1062,6.0,3.6663,3.4469
45,525,2,69,viscous,2,2.4368,6.0,3.6663,3.988
45,525,2,69,interact,2,2.7396,6.0,3.6663,4.4834
45,540,3,115,investig,2,1.3547,6.0,4.2438,1.9153
45,540,3,115,surfac,1,1.4443,3.0,3.2438,1.3358
45,540,3,115,mass,1,2.9752,3.0,3.2438,2.7516
45,540,3,115,transfer,1,1.905,3.0,3.2438,1.7618
45,540,3,115,hyperson,3,2.1062,9.0,5.2438,3.6149
45,540,3,115,viscous,4,2.4368,12.0,6.2438,4.6834
45,540,3,115,interact,4,2.7396,12.0,6.2438,5.2652
45,1395,4,64,investig,1,1.3547,3.0,2.6035,1.561
45,1395,4,64,effect,1,0.9524,3.0,2.6035,1.0975
45,1395,4,64,transfer,3,1.905,9.0,4.6035,3.7243
45,1395,4,64,hyperson,1,2.1062,3.0,2.6035,2.427
45,1395,4,64,viscous,1,2.4368,3.0,2.6035,2.8079
45,1395,4,64,interact,2,2.7396,6.0,3.6035,4.5615
45,625,5,192,investig,4,1.3547,12.0,7.2105,2.2545
45,625,5,192,effect,1,0.9524,3.0,4.2105,0.6786
45,625,5,192,mass,1,2.9752,3.0,4.2105,2.1199
45,625,5,192,transfer,1,1.905,3.0,4.2105,1.3573
45,625,5,192,hyperson,3,2.1062,9.0,6.2105,3.0522
45,625,5,192,viscous,3,2.4368,9.0,6.2105,3.5313
45,625,5,192,interact,2,2.7396,6.0,5.2105,3.1547
45,353,6,84,effect,3,0.9524,9.0,4.8546,1.7658
45,353,6,84,surfac,5,1.4443,15.0,6.8546,3.1607
45,353,6,84,mass,2,2.9752,6.0,3.8546,4.6312
45,353,6,84,transfer,3,1.905,9.0,4.8546,3.5317
45,353,6,84,hyperson,1,2.1062,3.0,2.8546,2.2135
45,37,7,97,investig,2,1.3547,6.0,4.0178,2.023
45,37,7,97,surfac,4,1.4443,12.0,6.0178,2.8801
45,37,7,97,transfer,3,1.905,9.0,5.0178,3.4168
45,37,7,97,hyperson,4,2.1062,12.0,6.0178,4.1999
45,37,7,97,interact,1,2.7396,3.0,3.0178,2.7234
45,84,8,102,investig,3,1.3547,9.0,5.0806,2.3997
45,84,8,102,surfac,1,1.4443,3.0,3.0806,1.4066
45,84,8,102,mass,4,2.9752,12.0,6.0806,5.8716
45,84,8,102,transfer,3,1.905,9.0,5.0806,3.3746
45,84,8,102,hyperson,1,2.1062,3.0,3.0806,2.0511
45,573,9,100,effect,3,0.9524,9.0,5.0555,1.6956
45,573,9,100,hyperson,5,2.1062,15.0,7.0555,4.4778
45,573,9,100,viscous,4,2.4368,12.0,6.0555,4.829
45,573,9,100,interact,2,2.7396,6.0,4.0555,4.0532
45,310,10,99,surfac,1,1.4443,3.0,3.0429,1.424
45,310,10,99,transfer,1,1.905,3.0,3.0429,1.8781
45,310,10,99,hyperson,1,2.1062,3.0,3.0429,2.0765
45,310,10,99,viscous,5,2.4368,15.0,7.0429,5.19
45,310,10,99,interact,2,2.7396,6.0,4.0429,4.0658
46,305,1,93,surfac,4,1.4443,12.0,5.9676,2.9044
46,305,1,93,heat,1,1.5197,3.0,2.9676,1.5363
46,305,1,93,mass,3,2.9752,9.0,4.9676,5.3904
46,305,1,93,transfer,4,1.905,12.0,5.9676,3.8307
46,305,1,93,hyperson,3,2.1062,9.0,4.9676,3.8159
46,305,1,93,flow,5,0.6512,15.0,6.9676,1.4019
46,353,2,84,effect,3,0.9524,9.0,4.8546,1.7658
46,353,2,84,surfac,5,1.4443,15.0,6.8546,3.1607
46,353,2,84,heat,3,1.5197,9.0,4.8546,2.8174
46,353,2,84,mass,2,2.9752,6.0,3.8546,4.6312
46,353,2,84,transfer,3,1.905,9.0,4.8546,3.5317
46,353,2,84,hyperson,1,2.1062,3.0,2.8546,2.2135
46,525,3,69,surfac,4,1.4443,12.0,5.6663,3.0588
46,525,3,69,mass,3,2.9752,9.0,4.6663,5.7384
46,525,3,69,transfer,3,1.905,9.0,4.6663,3.6742
46,525,3,69,hyperson,2,2.1062,6.0,3.6663,3.4469
46,525,3,69,flow,3,0.6512,9.0,4.6663,1.256
46,123,4,140,effect,2,0.9524,6.0,4.5577,1.2539
46,123,4,140,heat,4,1.5197,12.0,6.5577,2.781
46,123,4,140,mass,5,2.9752,15.0,7.5577,5.9051
46,123,4,140,transfer,7,1.905,21.0,9.5577,4.1857
46,123,4,140,hyperson,1,2.1062,3.0,3.5577,1.7761
46,123,4,140,flow,3,0.6512,9.0,5.5577,1.0546
46,84,5,102,surfac,1,1.4443,3.0,3.0806,1.4066
46,84,5,102,heat,1,1.5197,3.0,3.0806,1.48
46,84,5,102,mass,4,2.9752,12.0,6.0806,5.8716
46,84,5,102,transfer,3,1.905,9.0,5.0806,3.3746
46,84,5,102,hyperson,1,2.1062,3.0,3.0806,2.0511
46,84,5,102,flow,7,0.6512,21.0,9.0806,1.506
46,1185,6,93,surfac,3,1.4443,9.0,4.9676,2.6168
46,1185,6,93,heat,3,1.5197,9.0,4.9676,2.7533
46,1185,6,93,mass,4,2.9752,12.0,5.9676,5.9828
46,1185,6,93,transfer,5,1.905,15.0,6.9676,4.1011
46,274,7,146,effect,1,0.9524,3.0,3.633,0.7865
46,274,7,146,surfac,5,1.4443,15.0,7.633,2.8383
46,274,7,146,heat,4,1.5197,12.0,6.633,2.7494
46,274,7,146,mass,3,2.9752,9.0,5.633,4.7536
46,274,7,146,transfer,4,1.905,12.0,6.633,3.4464
46,274,7,146,flow,1,0.6512,3.0,3.633,0.5377
46,623,8,128,effect,5,0.9524,15.0,7.407,1.9288
46,623,8,128,heat,7,1.5197,21.0,9.407,3.3926
46,623,8,128,mass,3,2.9752,9.0,5.407,4.9523
46,623,8,128,transfer,5,1.905,15.0,7.407,3.8578
46,623,8,128,flow,2,0.6512,6.0,4.407,0.8866
46,655,9,60,effect,2,0.9524,6.0,3.5533,1.6083
46,655,9,60,surfac,3,1.4443,9.0,4.5533,2.8549
46,655,9,60,heat,2,1.5197,6.0,3.5533,2.5662
46,655,9,60,transfer,2,1.905,6.0,3.5533,3.2167
46,655,9,60,hyperson,2,2.1062,6.0,3.5533,3.5565
46,655,9,60,flow,1,0.6512,3.0,2.5533,0.7651
46,37,10,97,surfac,4,1.4443,12.0,6.0178,2.8801
46,37,10,97,heat,3,1.5197,9.0,5.0178,2.7258
46,37,10,97,transfer,3,1.905,9.0,5.0178,3.4168
46,37,10,97,hyperson,4,2.1062,12.0,6.0178,4.1999
46,37,10,97,flow,4,0.6512,12.0,6.0178,1.2986
47,525,1,69,hyperson,2,2.1062,6.0,3.6663,3.4469
47,525,1,69,viscous,2,2.4368,6.0,3.6663,3.988
47,525,1,69,interact,2,2.7396,6.0,3.6663,4.4834
47,525,1,69,insul,2,4.0463,6.0,3.6663,6.6219
47,525,1,69,flat,2,2.0112,6.0,3.6663,3.2913
47,525,1,69,plate,2,1.8178,6.0,3.6663,2.9749
47,568,2,71,hyperson,4,2.1062,12.0,5.6914,4.4408
47,568,2,71,interact,1,2.7396,3.0,2.6914,3.0537
47,568,2,71,insul,3,4.0463,9.0,4.6914,7.7624
47,568,2,71,flat,3,2.0112,9.0,4.6914,3.8582
47,568,2,71,plate,3,1.8178,9.0,4.6914,3.4873
47,305,3,93,solut,4,1.2349,12.0,5.9676,2.4832
47,305,3,93,hyperson,3,2.1062,9.0,4.9676,3.8159
47,305,3,93,viscous,5,2.4368,15.0,6.9676,5.2461
47,305,3,93,interact,2,2.7396,6.0,3.9676,4.143
47,305,3,93,flat,2,2.0112,6.0,3.9676,3.0414
47,305,3,93,plate,3,1.8178,9.0,4.9676,3.2934
47,1200,4,98,exist,1,2.4785,3.0,3.0304,2.4537
47,1200,4,98,solut,2,1.2349,6.0,4.0304,1.8384
47,1200,4,98,hyperson,3,2.1062,9.0,5.0304,3.7683
47,1200,4,98,viscous,2,2.4368,6.0,4.0304,3.6277
47,1200,4,98,interact,1,2.7396,3.0,3.0304,2.7121
47,1200,4,98,flat,3,2.0112,9.0,5.0304,3.5982
47,1200,4,98,plate,3,1.8178,9.0,5.0304,3.2523
47,327,5,55,exist,1,2.4785,3.0,2.4905,2.9855
47,327,5,55,solut,1,1.2349,3.0,2.4905,1.4875
47,327,5,55,hyperson,4,2.1062,12.0,5.4905,4.6033
47,327,5,55,interact,1,2.7396,3.0,2.4905,3.3
47,327,5,55,flat,3,2.0112,9.0,4.4905,4.0308
47,327,5,55,plate,3,1.8178,9.0,4.4905,3.6433
47,310,6,99,solut,2,1.2349,6.0,4.0429,1.8327
47,310,6,99,hyperson,1,2.1062,3.0,3.0429,2.0765
47,310,6,99,viscous,5,2.4368,15.0,7.0429,5.19
47,310,6,99,interact,2,2.7396,6.0,4.0429,4.0658
47,310,6,99,flat,3,2.0112,9.0,5.0429,3.5893
47,310,6,99,plate,2,1.8178,6.0,4.0429,2.6977
47,304,7,160,solut,6,1.2349,18.0,8.8088,2.5234
47,304,7,160,hyperson,1,2.1062,3.0,3.8088,1.659
47,304,7,160,viscous,1,2.4368,3.0,3.8088,1.9194
47,304,7,160,interact,2,2.7396,6.0,4.8088,3.4183
47,304,7,160,insul,2,4.0463,6.0,4.8088,5.0486
47,304,7,160,flat,2,2.0112,6.0,4.8088,2.5094
47,304,7,160,plate,2,1.8178,6.0,4.8088,2.2681
47,570,8,55,solut,2,1.2349,6.0,3.4905,2.1227
47,570,8,55,hyperson,2,2.1062,6.0,3.4905,3.6205
47,570,8,55,viscous,1,2.4368,3.0,2.4905,2.9353
47,570,8,55,interact,2,2.7396,6.0,3.4905,4.7092
47,570,8,55,flat,1,2.0112,3.0,2.4905,2.4226
47,570,8,55,plate,2,1.8178,6.0,3.4905,3.1247
47,308,9,85,hyperson,2,2.1062,6.0,3.8672,3.2678
47,308,9,85,viscous,2,2.4368,6.0,3.8672,3.7808
47,308,9,85,interact,1,2.7396,3.0,2.8672,2.8665
47,308,9,85,flat,2,2.0112,6.0,3.8672,3.1204
47,308,9,85,plate,6,1.8178,18.0,7.8672,4.1591
47,309,10,96,exist,1,2.4785,3.0,3.0053,2.4742
47,309,10,96,solut,1,1.2349,3.0,3.0053,1.2327
47,309,10,96,viscous,2,2.4368,6.0,4.0053,3.6504
47,309,10,96,interact,1,2.7396,3.0,3.0053,2.7348
47,309,10,96,flat,2,2.0112,6.0,4.0053,3.0128
47,309,10,96,plate,3,1.8178,9.0,5.0053,3.2686
48,526,1,71,lead,4,2.083,12.0,5.6914,4.3919
48,526,1,71,edg,4,2.0058,12.0,5.6914,4.2292
48,526,1,71,attach,3,3.7334,9.0,4.6914,7.1622
48,526,1,71,transon,4,3.0939,12.0,5.6914,6.5233
48,526,1,71,speed,3,1.5665,9.0,4.6914,3.0051
48,440,2,58,lead,2,2.083,6.0,3.5282,3.5424
48,440,2,58,edg,2,2.0058,6.0,3.5282,3.4111
48,440,2,58,attach,2,3.7334,6.0,3.5282,6.349
48,440,2,58,transon,3,3.0939,9.0,4.5282,6.1493
48,440,2,58,speed,1,1.5665,3.0,2.5282,1.8588
48,683,3,157,lead,7,2.083,21.0,9.7711,4.4768
48,683,3,157,edg,8,2.0058,24.0,10.7711,4.4694
48,683,3,157,attach,4,3.7334,12.0,6.7711,6.6165
48,683,3,157,speed,3,1.5665,9.0,5.7711,2.4429
48,797,4,199,lead,10,2.083,30.0,13.2984,4.6991
48,797,4,199,edg,10,2.0058,30.0,13.2984,4.525
48,797,4,199,attach,1,3.7334,3.0,4.2984,2.6057
48,797,4,199,transon,2,3.0939,6.0,5.2984,3.5036
48,797,4,199,speed,2,1.5665,6.0,5.2984,1.7739
48,439,5,113,lead,4,2.083,12.0,6.2187,4.0195
48,439,5,113,edg,4,2.0058,12.0,6.2187,3.8706
48,439,5,113,attach,2,3.7334,6.0,4.2187,5.3098
48,439,5,113,transon,1,3.0939,3.0,3.2187,2.8837
48,638,6,145,control,8,3.1259,24.0,10.6204,7.0639
48,638,6,145,edg,3,2.0058,9.0,5.6204,3.212
48,638,6,145,transon,1,3.0939,3.0,3.6204,2.5637
48,638,6,145,speed,2,1.5665,6.0,4.6204,2.0342
48,222,7,114,lead,3,2.083,9.0,5.2312,3.5837
48,222,7,114,edg,3,2.0058,9.0,5.2312,3.4509
48,222,7,114,attach,2,3.7334,6.0,4.2312,5.294
48,222,7,114,speed,2,1.5665,6.0,4.2312,2.2213
48,792,8,257,control,4,3.1259,12.0,8.0266,4.6733
48,792,8,257,lead,3,2.083,9.0,7.0266,2.668
48,792,8,257,edg,5,2.0058,15.0,9.0266,3.3332
48,792,8,257,speed,7,1.5665,21.0,11.0266,2.9833
48,521,9,80,lead,4,2.083,12.0,5.8044,4.3064
48,521,9,80,edg,4,2.0058,12.0,5.8044,4.1469
48,521,9,80,transon,2,3.0939,6.0,3.8044,4.8795
48,924,10,126,lead,2,2.083,6.0,4.3819,2.8522
48,924,10,126,edg,3,2.0058,9.0,5.3819,3.3543
48,924,10,126,transon,2,3.0939,6.0,4.3819,4.2364
48,924,10,126,speed,3,1.5665,9.0,5.3819,2.6196
49,527,1,62,three,3,1.4782,9.0,4.5784,2.9057
49,527,1,62,point,3,1.0785,9.0,4.5784,2.12
49,527,1,62,boundari,4,1.0911,12.0,5.5784,2.3472
49,527,1,62,valu,1,1.4876,3.0,2.5784,1.7309
49,527,1,62,problem,3,1.4657,9.0,4.5784,2.8813
49,527,1,62,blasius,3,4.5041,9.0,4.5784,8.854
49,527,1,62,equat,3,1.2472,9.0,4.5784,2.4518
49,527,1,62,numer,1,1.9441,3.0,2.5784,2.262
49,527,1,62,use,1,1.0037,3.0,2.5784,1.1678
49,527,1,62,boundari,4,1.0911,12.0,5.5784,2.3472
49,527,1,62,condit,1,1.4293,3.0,2.5784,1.663
49,349,2,138,boundari,4,1.0911,12.0,6.5326,2.0044
49,349,2,138,valu,1,1.4876,3.0,3.5326,1.2634
49,349,2,138,problem,4,1.4657,12.0,6.5326,2.6925
49,349,2,138,equat,7,1.2472,21.0,9.5326,2.7477
49,349,2,138,integr,1,2.2511,3.0,3.5326,1.9117
49,349,2,138,numer,2,1.9441,6.0,4.5326,2.5736
49,349,2,138,use,4,1.0037,12.0,6.5326,1.8437
49,349,2,138,suitabl,1,3.4272,3.0,3.5326,2.9106
49,349,2,138,transform,3,3.0939,9.0,5.5326,5.033
49,349,2,138,without,2,2.9077,6.0,4.5326,3.849
49,349,2,138,boundari,4,1.0911,12.0,6.5326,2.0044
49,349,2,138,condit,1,1.4293,3.0,3.5326,1.2138
49,321,3,62,three,1,1.4782,3.0,2.5784,1.7199
49,321,3,62,point,2,1.0785,6.0,3.5784,1.8083
49,321,3,62,boundari,2,1.0911,6.0,3.5784,1.8296
49,321,3,62,valu,1,1.4876,3.0,2.5784,1.7309
49,321,3,62,problem,2,1.4657,6.0,3.5784,2.4577
49,321,3,62,blasius,2,4.5041,6.0,3.5784,7.5522
49,321,3,62,equat,1,1.2472,3.0,2.5784,1.4512
49,321,3,62,integr,1,2.2511,3.0,2.5784,2.6192
49,321,3,62,numer,3,1.9441,9.0,4.5784,3.8217
49,321,3,62,use,1,1.0037,3.0,2.5784,1.1678
49,321,3,62,boundari,2,1.0911,6.0,3.5784,1.8296
49,321,3,62,condit,1,1.4293,3.0,2.5784,1.663
49,1370,4,126,three,1,1.4782,3.0,3.3819,1.3113
49,1370,4,126,point,1,1.0785,3.0,3.3819,0.9567
49,1370,4,126,boundari,2,1.0911,6.0,4.3819,1.4941
49,1370,4,126,valu,1,1.4876,3.0,3.3819,1.3196
49,1370,4,126,problem,2,1.4657,6.0,4.3819,2.007
49,1370,4,126,blasius,2,4.5041,6.0,4.3819,6.1673
49,1370,4,126,equat,4,1.2472,12.0,6.3819,2.3452
49,1370,4,126,use,1,1.0037,3.0,3.3819,0.8904
49,1370,4,126,transform,1,3.0939,3.0,3.3819,2.7445
49,1370,4,126,without,1,2.9077,3.0,3.3819,2.5793
49,1370,4,126,iter,1,4.0063,3.0,3.3819,3.5539
49,1370,4,126,boundari,2,1.0911,6.0,4.3819,1.4941
49,1370,4,126,condit,1,1.4293,3.0,3.3819,1.2679
49,476,5,137,three,4,1.4782,12.0,6.52,2.7206
49,476,5,137,point,2,1.0785,6.0,4.52,1.4316
49,476,5,137,boundari,2,1.0911,6.0,4.52,1.4484
49,476,5,137,valu,1,1.4876,3.0,3.52,1.2679
49,476,5,137,problem,1,1.4657,3.0,3.52,1.2492
49,476,5,137,blasius,4,4.5041,12.0,6.52,8.2898
49,476,5,137,equat,3,1.2472,9.0,5.52,2.0336
49,476,5,137,integr,3,2.2511,9.0,5.52,3.6703
49,476,5,137,boundari,2,1.0911,6.0,4.52,1.4484
49,476,5,137,condit,2,1.4293,6.0,4.52,1.8973
49,1235,6,163,point,1,1.0785,3.0,3.8464,0.8412
49,1235,6,163,boundari,6,1.0911,18.0,8.8464,2.2202
49,1235,6,163,valu,3,1.4876,9.0,5.8464,2.29
49,1235,6,163,problem,2,1.4657,6.0,4.8464,1.8146
49,1235,6,163,blasius,3,4.5041,9.0,5.8464,6.9336
49,1235,6,163,equat,6,1.2472,18.0,8.8464,2.5378
49,1235,6,163,numer,1,1.9441,3.0,3.8464,1.5163
49,1235,6,163,use,1,1.0037,3.0,3.8464,0.7828
49,1235,6,163,transform,1,3.0939,3.0,3.8464,2.4131
49,1235,6,163,boundari,6,1.0911,18.0,8.8464,2.2202
49,1235,6,163,condit,1,1.4293,3.0,3.8464,1.1148
49,322,7,30,three,1,1.4782,3.0,2.1766,2.0373
49,322,7,30,point,1,1.0785,3.0,2.1766,1.4864
49,322,7,30,boundari,2,1.0911,6.0,3.1766,2.0609
49,322,7,30,problem,1,1.4657,3.0,2.1766,2.0202
49,322,7,30,blasius,1,4.5041,3.0,2.1766,6.2079
49,322,7,30,integr,1,2.2511,3.0,2.1766,3.1026
49,322,7,30,numer,1,1.9441,3.0,2.1766,2.6795
49,322,7,30,boundari,2,1.0911,6.0,3.1766,2.0609
49,322,7,30,condit,1,1.4293,3.0,2.1766,1.97
49,377,8,80,boundari,4,1.0911,12.0,5.8044,2.2558
49,377,8,80,equat,5,1.2472,15.0,6.8044,2.7495
49,377,8,80,integr,2,2.2511,6.0,3.8044,3.5503
49,377,8,80,suitabl,1,3.4272,3.0,2.8044,3.6663
49,377,8,80,transform,6,3.0939,18.0,7.8044,7.1358
49,377,8,80,boundari,4,1.0911,12.0,5.8044,2.2558
49,377,8,80,condit,1,1.4293,3.0,2.8044,1.529
49,479,9,90,point,2,1.0785,6.0,3.9299,1.6466
49,479,9,90,boundari,5,1.0911,15.0,6.9299,2.3618
49,479,9,90,valu,4,1.4876,12.0,5.9299,3.0104
49,479,9,90,equat,3,1.2472,9.0,4.9299,2.277
49,479,9,90,numer,1,1.9441,3.0,2.9299,1.9906
49,479,9,90,use,2,1.0037,6.0,3.9299,1.5324
49,479,9,90,iter,1,4.0063,3.0,2.9299,4.1021
49,479,9,90,boundari,5,1.0911,15.0,6.9299,2.3618
49,479,9,90,condit,3,1.4293,9.0,4.9299,2.6093
49,320,10,16,three,1,1.4782,3.0,2.0009,2.2163
49,320,10,16,point,1,1.0785,3.0,2.0009,1.617
49,320,10,16,boundari,1,1.0911,3.0,2.0009,1.636
49,320,10,16,problem,2,1.4657,6.0,3.0009,2.9306
49,320,10,16,blasius,1,4.5041,3.0,2.0009,6.7532
49,320,10,16,numer,1,1.9441,3.0,2.0009,2.9149
49,320,10,16,boundari,1,1.0911,3.0,2.0009,1.636
49,320,10,16,condit,1,1.4293,3.0,2.0009,2.143
50,192,1,104,small,2,1.7664,6.0,4.1057,2.5814
50,192,1,104,boundari,6,1.0911,18.0,8.1057,2.4231
50,192,1,104,layer,7,1.2179,21.0,9.1057,2.8087
50,192,1,104,slender,2,2.6754,6.0,4.1057,3.9098
50,192,1,104,bodi,5,1.5631,15.0,7.1057,3.2996
50,192,1,104,revolut,2,2.8947,6.0,4.1057,4.2302
50,801,2,124,small,2,1.7664,6.0,4.3568,2.4326
50,801,2,124,characterist,1,2.0273,3.0,3.3568,1.8118
50,801,2,124,slender,7,2.6754,21.0,9.3568,6.0046
50,801,2,124,bodi,5,1.5631,15.0,7.3568,3.187
50,801,2,124,revolut,2,2.8947,6.0,4.3568,3.9864
50,124,3,126,effect,2,0.9524,6.0,4.3819,1.3042
50,124,3,126,amount,2,3.4722,6.0,4.3819,4.7544
50,124,3,126,characterist,1,2.0273,3.0,3.3819,1.7984
50,124,3,126,boundari,2,1.0911,6.0,4.3819,1.4941
50,124,3,126,layer,2,1.2179,6.0,4.3819,1.6676
50,124,3,126,bodi,2,1.5631,6.0,4.3819,2.1403
50,124,3,126,revolut,2,2.8947,6.0,4.3819,3.9636
50,326,4,34,effect,2,0.9524,6.0,3.2269,1.771
50,326,4,34,boundari,3,1.0911,9.0,4.2269,2.3233
50,326,4,34,layer,3,1.2179,9.0,4.2269,2.5931
50,326,4,34,slender,1,2.6754,3.0,2.2269,3.6043
50,326,4,34,bodi,1,1.5631,3.0,2.2269,2.1057
50,326,4,34,revolut,1,2.8947,3.0,2.2269,3.8997
50,494,5,93,effect,3,0.9524,9.0,4.9676,1.7256
50,494,5,93,gas,1,2.336,3.0,2.9676,2.3615
50,494,5,93,slender,3,2.6754,9.0,4.9676,4.8471
50,494,5,93,bodi,3,1.5631,9.0,4.9676,2.8319
50,494,5,93,revolut,2,2.8947,6.0,3.9676,4.3775
50,1259,6,101,effect,1,0.9524,3.0,3.068,0.9313
50,1259,6,101,small,1,1.7664,3.0,3.068,1.7272
50,1259,6,101,boundari,1,1.0911,3.0,3.068,1.067
50,1259,6,101,slender,4,2.6754,12.0,6.068,5.2908
50,1259,6,101,bodi,3,1.5631,9.0,5.068,2.7757
50,1259,6,101,revolut,2,2.8947,6.0,4.068,4.2694
50,992,7,188,effect,3,0.9524,9.0,6.1603,1.3915
50,992,7,188,small,8,1.7664,24.0,11.1603,3.7986
50,992,7,188,boundari,4,1.0911,12.0,7.1603,1.8287
50,992,7,188,layer,4,1.2179,12.0,7.1603,2.041
50,992,7,188,bodi,9,1.5631,27.0,12.1603,3.4705
50,992,7,188,revolut,2,2.8947,6.0,5.1603,3.3657
50,25,8,221,effect,1,0.9524,3.0,4.5746,0.6246
50,25,8,221,small,1,1.7664,3.0,4.5746,1.1584
50,25,8,221,characterist,1,2.0273,3.0,4.5746,1.3295
50,25,8,221,boundari,1,1.0911,3.0,4.5746,0.7156
50,25,8,221,layer,1,1.2179,3.0,4.5746,0.7987
50,25,8,221,slender,4,2.6754,12.0,7.5746,4.2385
50,25,8,221,bodi,8,1.5631,24.0,11.5746,3.241
50,25,8,221,revolut,2,2.8947,6.0,5.5746,3.1156
50,541,9,126,effect,1,0.9524,3.0,3.3819,0.8449
50,541,9,126,small,2,1.7664,6.0,4.3819,2.4187
50,541,9,126,gas,4,2.336,12.0,6.3819,4.3924
50,541,9,126,layer,1,1.2179,3.0,3.3819,1.0803
50,541,9,126,slender,2,2.6754,6.0,4.3819,3.6633
50,541,9,126,bodi,3,1.5631,9.0,5.3819,2.6139
50,273,10,60,characterist,1,2.0273,3.0,2.5533,2.382
50,273,10,60,layer,2,1.2179,6.0,3.5533,2.0565
50,273,10,60,slender,2,2.6754,6.0,3.5533,4.5176
50,273,10,60,bodi,2,1.5631,6.0,3.5533,2.6394
50,273,10,60,revolut,1,2.8947,3.0,2.5533,3.4011
51,494,1,93,slender,3,2.6754,9.0,4.9676,4.8471
51,494,1,93,bodi,3,1.5631,9.0,4.9676,2.8319
51,494,1,93,revolut,2,2.8947,6.0,3.9676,4.3775
51,494,1,93,flow,6,0.6512,18.0,7.9676,1.4712
51,494,1,93,transvers,3,3.1259,9.0,4.9676,5.6633
51,494,1,93,curvatur,3,3.3634,9.0,4.9676,6.0936
51,494,1,93,effect,3,0.9524,9.0,4.9676,1.7256
51,326,2,34,boundari,3,1.0911,9.0,4.2269,2.3233
51,326,2,34,layer,3,1.2179,9.0,4.2269,2.5931
51,326,2,34,slender,1,2.6754,3.0,2.2269,3.6043
51,326,2,34,bodi,1,1.5631,3.0,2.2269,2.1057
51,326,2,34,revolut,1,2.8947,3.0,2.2269,3.8997
51,326,2,34,flow,2,0.6512,6.0,3.2269,1.2109
51,326,2,34,transvers,1,3.1259,3.0,2.2269,4.2112
51,326,2,34,curvatur,1,3.3634,3.0,2.2269,4.5311
51,326,2,34,effect,2,0.9524,6.0,3.2269,1.771
51,528,3,78,boundari,2,1.0911,6.0,3.7793,1.7323
51,528,3,78,layer,2,1.2179,6.0,3.7793,1.9335
51,528,3,78,slender,1,2.6754,3.0,2.7793,2.8879
51,528,3,78,bodi,3,1.5631,9.0,4.7793,2.9435
51,528,3,78,revolut,1,2.8947,3.0,2.7793,3.1246
51,528,3,78,flow,1,0.6512,3.0,2.7793,0.7029
51,528,3,78,transvers,2,3.1259,6.0,3.7793,4.9627
51,528,3,78,curvatur,2,3.3634,6.0,3.7793,5.3397
51,528,3,78,effect,1,0.9524,3.0,2.7793,1.0281
51,1213,4,141,boundari,3,1.0911,9.0,5.5702,1.763
51,1213,4,141,layer,4,1.2179,12.0,6.5702,2.2243
51,1213,4,141,slender,3,2.6754,9.0,5.5702,4.3227
51,1213,4,141,bodi,1,1.5631,3.0,3.5702,1.3134
51,1213,4,141,flow,1,0.6512,3.0,3.5702,0.5472
51,1213,4,141,transvers,2,3.1259,6.0,4.5702,4.1038
51,1213,4,141,curvatur,2,3.3634,6.0,4.5702,4.4156
51,1213,4,141,effect,3,0.9524,9.0,5.5702,1.5389
51,94,5,248,boundari,4,1.0911,12.0,7.9136,1.6546
51,94,5,248,layer,4,1.2179,12.0,7.9136,1.8468
51,94,5,248,bodi,3,1.5631,9.0,6.9136,2.0348
51,94,5,248,flow,7,0.6512,21.0,10.9136,1.2531
51,94,5,248,transvers,5,3.1259,15.0,8.9136,5.2604
51,94,5,248,curvatur,5,3.3634,15.0,8.9136,5.66
51,94,5,248,effect,7,0.9524,21.0,10.9136,1.8327
51,261,6,95,boundari,2,1.0911,6.0,3.9927,1.6397
51,261,6,95,layer,3,1.2179,9.0,4.9927,2.1954
51,261,6,95,bodi,1,1.5631,3.0,2.9927,1.5669
51,261,6,95,flow,2,0.6512,6.0,3.9927,0.9786
51,261,6,95,transvers,2,3.1259,6.0,3.9927,4.6974
51,261,6,95,curvatur,2,3.3634,6.0,3.9927,5.0543
51,261,6,95,effect,3,0.9524,9.0,4.9927,1.7169
51,192,7,104,boundari,6,1.0911,18.0,8.1057,2.4231
51,192,7,104,layer,7,1.2179,21.0,9.1057,2.8087
51,192,7,104,slender,2,2.6754,6.0,4.1057,3.9098
51,192,7,104,bodi,5,1.5631,15.0,7.1057,3.2996
51,192,7,104,revolut,2,2.8947,6.0,4.1057,4.2302
51,192,7,104,flow,2,0.6512,6.0,4.1057,0.9517
51,23,8,78,boundari,3,1.0911,9.0,4.7793,2.0548
51,23,8,78,layer,2,1.2179,6.0,3.7793,1.9335
51,23,8,78,flow,5,0.6512,15.0,6.7793,1.4409
51,23,8,78,transvers,1,3.1259,3.0,2.7793,3.3742
51,23,8,78,curvatur,3,3.3634,9.0,4.7793,6.3337
51,23,8,78,effect,3,0.9524,9.0,4.7793,1.7936
51,1214,9,113,avail,4,2.8443,12.0,6.2187,5.4886
51,1214,9,113,inform,3,3.4495,9.0,5.2187,5.9488
51,1214,9,113,boundari,1,1.0911,3.0,3.2187,1.017
51,1214,9,113,layer,1,1.2179,3.0,3.2187,1.1351
51,1214,9,113,bodi,4,1.5631,12.0,6.2187,3.0162
51,1310,10,166,avail,2,2.8443,6.0,4.8841,3.4942
51,1310,10,166,boundari,1,1.0911,3.0,3.8841,0.8428
51,1310,10,166,layer,1,1.2179,3.0,3.8841,0.9407
51,1310,10,166,slender,5,2.6754,15.0,7.8841,5.0901
51,1310,10,166,bodi,5,1.5631,15.0,7.8841,2.9738
51,1310,10,166,flow,5,0.6512,15.0,7.8841,1.239
51,1310,10,166,effect,3,0.9524,9.0,5.8841,1.4568
52,550,1,73,effect,3,0.9524,9.0,4.7165,1.8175
52,550,1,73,rarefact,1,5.7409,3.0,2.7165,6.34
52,550,1,73,flow,5,0.6512,15.0,6.7165,1.4544
52,550,1,73,slip,3,4.3827,9.0,4.7165,8.3631
52,550,1,73,effect,3,0.9524,9.0,4.7165,1.8175
52,326,2,34,effect,2,0.9524,6.0,3.2269,1.771
52,326,2,34,boundari,3,1.0911,9.0,4.2269,2.3233
52,326,2,34,layer,3,1.2179,9.0,4.2269,2.5931
52,326,2,34,flow,2,0.6512,6.0,3.2269,1.2109
52,326,2,34,slip,2,4.3827,6.0,3.2269,8.1492
52,326,2,34,effect,2,0.9524,6.0,3.2269,1.771
52,306,3,93,effect,2,0.9524,6.0,3.9676,1.4403
52,306,3,93,boundari,4,1.0911,12.0,5.9676,2.1941
52,306,3,93,layer,4,1.2179,12.0,5.9676,2.449
52,306,3,93,flow,6,0.6512,18.0,7.9676,1.4712
52,306,3,93,slip,3,4.3827,9.0,4.9676,7.9404
52,306,3,93,effect,2,0.9524,6.0,3.9676,1.4403
52,1215,4,64,effect,4,0.9524,12.0,5.6035,2.0397
52,1215,4,64,boundari,3,1.0911,9.0,4.6035,2.1332
52,1215,4,64,layer,2,1.2179,6.0,3.6035,2.0278
52,1215,4,64,slip,3,4.3827,9.0,4.6035,8.5684
52,1215,4,64,effect,4,0.9524,12.0,5.6035,2.0397
52,21,5,34,effect,1,0.9524,3.0,2.2269,1.2831
52,21,5,34,boundari,2,1.0911,6.0,3.2269,2.0289
52,21,5,34,layer,2,1.2179,6.0,3.2269,2.2645
52,21,5,34,flow,1,0.6512,3.0,2.2269,0.8773
52,21,5,34,slip,2,4.3827,6.0,3.2269,8.1492
52,21,5,34,effect,1,0.9524,3.0,2.2269,1.2831
52,629,6,68,effect,3,0.9524,9.0,4.6537,1.842
52,629,6,68,boundari,4,1.0911,12.0,5.6537,2.316
52,629,6,68,layer,4,1.2179,12.0,5.6537,2.5849
52,629,6,68,flow,5,0.6512,15.0,6.6537,1.4681
52,629,6,68,slip,1,4.3827,3.0,2.6537,4.9546
52,629,6,68,effect,3,0.9524,9.0,4.6537,1.842
52,528,7,78,effect,1,0.9524,3.0,2.7793,1.0281
52,528,7,78,boundari,2,1.0911,6.0,3.7793,1.7323
52,528,7,78,layer,2,1.2179,6.0,3.7793,1.9335
52,528,7,78,flow,1,0.6512,3.0,2.7793,0.7029
52,528,7,78,slip,3,4.3827,9.0,4.7793,8.2533
52,528,7,78,effect,1,0.9524,3.0,2.7793,1.0281
52,96,8,139,avail,2,2.8443,6.0,4.5451,3.7548
52,96,8,139,inform,1,3.4495,3.0,3.5451,2.9191
52,96,8,139,effect,5,0.9524,15.0,7.5451,1.8935
52,96,8,139,boundari,2,1.0911,6.0,4.5451,1.4404
52,96,8,139,layer,2,1.2179,6.0,4.5451,1.6077
52,96,8,139,flow,2,0.6512,6.0,4.5451,0.8597
52,96,8,139,effect,5,0.9524,15.0,7.5451,1.8935
52,798,9,341,avail,1,2.8443,3.0,6.0812,1.4032
52,798,9,341,inform,3,3.4495,9.0,8.0812,3.8417
52,798,9,341,effect,6,0.9524,18.0,11.0812,1.5471
52,798,9,341,boundari,9,1.0911,27.0,14.0812,2.0922
52,798,9,341,layer,13,1.2179,39.0,18.0812,2.6269
52,798,9,341,flow,5,0.6512,15.0,10.0812,0.969
52,798,9,341,effect,6,0.9524,18.0,11.0812,1.5471
52,1205,10,125,avail,1,2.8443,3.0,3.3693,2.5325
52,1205,10,125,effect,2,0.9524,6.0,4.3693,1.3079
52,1205,10,125,slight,1,3.2841,3.0,3.3693,2.9241
52,1205,10,125,boundari,5,1.0911,15.0,7.3693,2.221
52,1205,10,125,layer,5,1.2179,15.0,7.3693,2.4789
52,1205,10,125,flow,3,0.6512,9.0,5.3693,1.0916
52,1205,10,125,effect,2,0.9524,6.0,4.3693,1.3079
53,208,1,70,flow,2,0.6512,6.0,3.6788,1.0621
53,208,1,70,field,4,2.118,12.0,5.6788,4.4756
53,208,1,70,partial,1,3.5436,3.0,2.6788,3.9685
53,208,1,70,ioniz,4,5.1049,12.0,5.6788,10.7872
53,208,1,70,gas,3,2.336,9.0,4.6788,4.4934
53,208,1,70,presenc,1,3.0181,3.0,2.6788,3.38
53,208,1,70,magnet,5,3.5686,15.0,6.6788,8.0148
53,208,1,70,field,4,2.118,12.0,5.6788,4.4756
53,1221,2,60,flow,2,0.6512,6.0,3.5533,1.0996
53,1221,2,60,field,2,2.118,6.0,3.5533,3.5764
53,1221,2,60,ioniz,1,5.1049,3.0,2.5533,5.998
53,1221,2,60,gas,1,2.336,3.0,2.5533,2.7447
53,1221,2,60,presenc,1,3.0181,3.0,2.5533,3.5461
53,1221,2,60,magnet,3,3.5686,9.0,4.5533,7.0538
53,1221,2,60,field,2,2.118,6.0,3.5533,3.5764
53,437,3,38,field,1,2.118,3.0,2.2771,2.7904
53,437,3,38,partial,1,3.5436,3.0,2.2771,4.6687
53,437,3,38,ioniz,1,5.1049,3.0,2.2771,6.7256
53,437,3,38,gas,2,2.336,6.0,3.2771,4.2769
53,437,3,38,magnet,1,3.5686,3.0,2.2771,4.7016
53,437,3,38,field,1,2.118,3.0,2.2771,2.7904
53,269,4,70,flow,3,0.6512,9.0,4.6788,1.2526
53,269,4,70,field,5,2.118,15.0,6.6788,4.7568
53,269,4,70,presenc,2,3.0181,6.0,3.6788,4.9224
53,269,4,70,magnet,5,3.5686,15.0,6.6788,8.0148
53,269,4,70,field,5,2.118,15.0,6.6788,4.7568
53,1253,5,59,investig,1,1.3547,3.0,2.5407,1.5996
53,1253,5,59,flow,3,0.6512,9.0,4.5407,1.2907
53,1253,5,59,field,3,2.118,9.0,4.5407,4.198
53,1253,5,59,bodi,1,1.5631,3.0,2.5407,1.8456
53,1253,5,59,presenc,1,3.0181,3.0,2.5407,3.5637
53,1253,5,59,magnet,2,3.5686,6.0,3.5407,6.0473
53,1253,5,59,field,3,2.118,9.0,4.5407,4.198
53,407,6,37,made,1,1.3799,3.0,2.2645,1.8281
53,407,6,37,flow,2,0.6512,6.0,3.2645,1.1969
53,407,6,37,field,3,2.118,9.0,4.2645,4.4699
53,407,6,37,presenc,1,3.0181,3.0,2.2645,3.9983
53,407,6,37,magnet,2,3.5686,6.0,3.2645,6.5589
53,407,6,37,field,3,2.118,9.0,4.2645,4.4699
53,33,7,157,flow,6,0.6512,18.0,8.7711,1.3364
53,33,7,157,field,5,2.118,15.0,7.7711,4.0882
53,33,7,157,gas,3,2.336,9.0,5.7711,3.6429
53,33,7,157,presenc,1,3.0181,3.0,3.7711,2.401
53,33,7,157,magnet,5,3.5686,15.0,7.7711,6.8883
53,33,7,157,field,5,2.118,15.0,7.7711,4.0882
53,531,8,73,flow,3,0.6512,9.0,4.7165,1.2426
53,531,8,73,field,2,2.118,6.0,3.7165,3.4194
53,531,8,73,bodi,5,1.5631,15.0,6.7165,3.4908
53,531,8,73,move,2,3.159,6.0,3.7165,5.0999
53,531,8,73,magnet,2,3.5686,6.0,3.7165,5.7613
53,531,8,73,field,2,2.118,6.0,3.7165,3.4194
53,267,9,108,made,1,1.3799,3.0,3.1559,1.3117
53,267,9,108,flow,1,0.6512,3.0,3.1559,0.619
53,267,9,108,field,7,2.118,21.0,9.1559,4.8579
53,267,9,108,presenc,1,3.0181,3.0,3.1559,2.869
53,267,9,108,magnet,6,3.5686,18.0,8.1559,7.8759
53,267,9,108,field,7,2.118,21.0,9.1559,4.8579
53,61,10,70,flow,2,0.6512,6.0,3.6788,1.0621
53,61,10,70,field,5,2.118,15.0,6.6788,4.7568
53,61,10,70,presenc,1,3.0181,3.0,2.6788,3.38
53,61,10,70,magnet,5,3.5686,15.0,6.6788,8.0148
53,61,10,70,field,5,2.118,15.0,6.6788,4.7568
54,123,1,140,heat,4,1.5197,12.0,6.5577,2.781
54,123,1,140,transfer,7,1.905,21.0,9.5577,4.1857
54,123,1,140,downstream,2,3.0939,6.0,4.5577,4.073
54,123,1,140,mass,5,2.9752,15.0,7.5577,5.9051
54,123,1,140,transfer,7,1.905,21.0,9.5577,4.1857
54,123,1,140,effect,2,0.9524,6.0,4.5577,1.2539
54,123,1,140,mass,5,2.9752,15.0,7.5577,5.9051
54,123,1,140,transfer,7,1.905,21.0,9.5577,4.1857
54,123,1,140,nose,2,2.5309,6.0,4.5577,3.3319
54,123,1,140,cone,4,2.4616,12.0,6.5577,4.5046
54,84,2,102,heat,1,1.5197,3.0,3.0806,1.48
54,84,2,102,transfer,3,1.905,9.0,5.0806,3.3746
54,84,2,102,downstream,2,3.0939,6.0,4.0806,4.5492
54,84,2,102,mass,4,2.9752,12.0,6.0806,5.8716
54,84,2,102,transfer,3,1.905,9.0,5.0806,3.3746
54,84,2,102,region,1,2.0888,3.0,3.0806,2.0341
54,84,2,102,mass,4,2.9752,12.0,6.0806,5.8716
54,84,2,102,transfer,3,1.905,9.0,5.0806,3.3746
54,84,2,102,blunt,1,2.2997,3.0,3.0806,2.2396
54,1213,3,141,heat,7,1.5197,21.0,9.5702,3.3347
54,1213,3,141,transfer,7,1.905,21.0,9.5702,4.1802
54,1213,3,141,transfer,7,1.905,21.0,9.5702,4.1802
54,1213,3,141,effect,3,0.9524,9.0,5.5702,1.5389
54,1213,3,141,transfer,7,1.905,21.0,9.5702,4.1802
54,1213,3,141,nose,3,2.5309,9.0,5.5702,4.0893
54,1213,3,141,blunt,4,2.2997,12.0,6.5702,4.2003
54,1213,3,141,cone,5,2.4616,15.0,7.5702,4.8776
54,44,4,164,heat,3,1.5197,9.0,5.859,2.3345
54,44,4,164,transfer,3,1.905,9.0,5.859,2.9263
54,44,4,164,mass,1,2.9752,3.0,3.859,2.313
54,44,4,164,transfer,3,1.905,9.0,5.859,2.9263
54,44,4,164,effect,3,0.9524,9.0,5.859,1.4631
54,44,4,164,mass,1,2.9752,3.0,3.859,2.313
54,44,4,164,transfer,3,1.905,9.0,5.859,2.9263
54,44,4,164,nose,7,2.5309,21.0,9.859,5.391
54,44,4,164,blunt,7,2.2997,21.0,9.859,4.8985
54,44,4,164,cone,2,2.4616,6.0,4.859,3.0397
54,1307,5,165,heat,5,1.5197,15.0,7.8715,2.896
54,1307,5,165,transfer,4,1.905,12.0,6.8715,3.3268
54,1307,5,165,transfer,4,1.905,12.0,6.8715,3.3268
54,1307,5,165,region,2,2.0888,6.0,4.8715,2.5726
54,1307,5,165,effect,2,0.9524,6.0,4.8715,1.1731
54,1307,5,165,transfer,4,1.905,12.0,6.8715,3.3268
54,1307,5,165,nose,4,2.5309,12.0,6.8715,4.4198
54,1307,5,165,blunt,4,2.2997,12.0,6.8715,4.0161
54,1307,5,165,cone,4,2.4616,12.0,6.8715,4.2988
54,305,6,93,heat,1,1.5197,3.0,2.9676,1.5363
54,305,6,93,transfer,4,1.905,12.0,5.9676,3.8307
54,305,6,93,mass,3,2.9752,9.0,4.9676,5.3904
54,305,6,93,transfer,4,1.905,12.0,5.9676,3.8307
54,305,6,93,region,4,2.0888,12.0,5.9676,4.2002
54,305,6,93,mass,3,2.9752,9.0,4.9676,5.3904
54,305,6,93,transfer,4,1.905,12.0,5.9676,3.8307
54,1185,7,93,heat,3,1.5197,9.0,4.9676,2.7533
54,1185,7,93,transfer,5,1.905,15.0,6.9676,4.1011
54,1185,7,93,mass,4,2.9752,12.0,5.9676,5.9828
54,1185,7,93,transfer,5,1.905,15.0,6.9676,4.1011
54,1185,7,93,mass,4,2.9752,12.0,5.9676,5.9828
54,1185,7,93,transfer,5,1.905,15.0,6.9676,4.1011
54,623,8,128,heat,7,1.5197,21.0,9.407,3.3926
54,623,8,128,transfer,5,1.905,15.0,7.407,3.8578
54,623,8,128,mass,3,2.9752,9.0,5.407,4.9523
54,623,8,128,transfer,5,1.905,15.0,7.407,3.8578
54,623,8,128,effect,5,0.9524,15.0,7.407,1.9288
54,623,8,128,mass,3,2.9752,9.0,5.407,4.9523
54,623,8,128,transfer,5,1.905,15.0,7.407,3.8578
54,274,9,146,heat,4,1.5197,12.0,6.633,2.7494
54,274,9,146,transfer,4,1.905,12.0,6.633,3.4464
54,274,9,146,mass,3,2.9752,9.0,5.633,4.7536
54,274,9,146,transfer,4,1.905,12.0,6.633,3.4464
54,274,9,146,effect,1,0.9524,3.0,3.633,0.7865
54,274,9,146,mass,3,2.9752,9.0,5.633,4.7536
54,274,9,146,transfer,4,1.905,12.0,6.633,3.4464
54,274,9,146,nose,2,2.5309,6.0,4.633,3.2777
54,525,10,69,transfer,3,1.905,9.0,4.6663,3.6742
54,525,10,69,mass,3,2.9752,9.0,4.6663,5.7384
54,525,10,69,transfer,3,1.905,9.0,4.6663,3.6742
54,525,10,69,region,3,2.0888,9.0,4.6663,4.0287
54,525,10,69,mass,3,2.9752,9.0,4.6663,5.7384
54,525,10,69,transfer,3,1.905,9.0,4.6663,3.6742
55,376,1,45,incompress,3,2.3584,9.0,4.365,4.8626
55,376,1,45,boundari,4,1.0911,12.0,5.365,2.4406
55,376,1,45,layer,4,1.2179,12.0,5.365,2.724
55,376,1,45,appli,1,1.9244,3.0,2.365,2.4411
55,376,1,45,compress,3,1.9491,9.0,4.365,4.0189
55,376,1,45,boundari,4,1.0911,12.0,5.365,2.4406
55,376,1,45,layer,4,1.2179,12.0,5.365,2.724
55,17,2,79,avail,1,2.8443,3.0,2.7918,3.0564
55,17,2,79,incompress,2,2.3584,6.0,3.7918,3.7318
55,17,2,79,boundari,3,1.0911,9.0,4.7918,2.0494
55,17,2,79,layer,3,1.2179,9.0,4.7918,2.2874
55,17,2,79,appli,1,1.9244,3.0,2.7918,2.0679
55,17,2,79,compress,4,1.9491,12.0,5.7918,4.0384
55,17,2,79,boundari,3,1.0911,9.0,4.7918,2.0494
55,17,2,79,layer,3,1.2179,9.0,4.7918,2.2874
55,460,3,57,incompress,3,2.3584,9.0,4.5156,4.7004
55,460,3,57,boundari,4,1.0911,12.0,5.5156,2.3739
55,460,3,57,layer,3,1.2179,9.0,4.5156,2.4273
55,460,3,57,appli,1,1.9244,3.0,2.5156,2.2949
55,460,3,57,compress,3,1.9491,9.0,4.5156,3.8848
55,460,3,57,boundari,4,1.0911,12.0,5.5156,2.3739
55,460,3,57,layer,3,1.2179,9.0,4.5156,2.4273
55,798,4,341,extent,1,3.9678,3.0,6.0812,1.9574
55,798,4,341,avail,1,2.8443,3.0,6.0812,1.4032
55,798,4,341,inform,3,3.4495,9.0,8.0812,3.8417
55,798,4,341,boundari,9,1.0911,27.0,14.0812,2.0922
55,798,4,341,layer,13,1.2179,39.0,18.0812,2.6269
55,798,4,341,appli,1,1.9244,3.0,6.0812,0.9493
55,798,4,341,problem,2,1.4657,6.0,7.0812,1.2419
55,798,4,341,involv,1,2.6249,3.0,6.0812,1.2949
55,798,4,341,boundari,9,1.0911,27.0,14.0812,2.0922
55,798,4,341,layer,13,1.2179,39.0,18.0812,2.6269
55,377,5,80,incompress,2,2.3584,6.0,3.8044,3.7194
55,377,5,80,boundari,4,1.0911,12.0,5.8044,2.2558
55,377,5,80,layer,4,1.2179,12.0,5.8044,2.5178
55,377,5,80,appli,1,1.9244,3.0,2.8044,2.0586
55,377,5,80,compress,4,1.9491,12.0,5.8044,4.0296
55,377,5,80,boundari,4,1.0911,12.0,5.8044,2.2558
55,377,5,80,layer,4,1.2179,12.0,5.8044,2.5178
55,1301,6,93,incompress,1,2.3584,3.0,2.9676,2.3841
55,1301,6,93,boundari,5,1.0911,15.0,6.9676,2.349
55,1301,6,93,layer,5,1.2179,15.0,6.9676,2.6219
55,1301,6,93,appli,1,1.9244,3.0,2.9676,1.9454
55,1301,6,93,problem,1,1.4657,3.0,2.9676,1.4817
55,1301,6,93,compress,2,1.9491,6.0,3.9676,2.9476
55,1301,6,93,boundari,5,1.0911,15.0,6.9676,2.349
55,1301,6,93,layer,5,1.2179,15.0,6.9676,2.6219
55,1185,7,93,avail,1,2.8443,3.0,2.9676,2.8754
55,1185,7,93,boundari,3,1.0911,9.0,4.9676,1.9769
55,1185,7,93,layer,3,1.2179,9.0,4.9676,2.2065
55,1185,7,93,appli,1,1.9244,3.0,2.9676,1.9454
55,1185,7,93,problem,2,1.4657,6.0,3.9676,2.2166
55,1185,7,93,involv,1,2.6249,3.0,2.9676,2.6535
55,1185,7,93,boundari,3,1.0911,9.0,4.9676,1.9769
55,1185,7,93,layer,3,1.2179,9.0,4.9676,2.2065
55,375,8,138,incompress,2,2.3584,6.0,4.5326,3.1219
55,375,8,138,boundari,5,1.0911,15.0,7.5326,2.1729
55,375,8,138,layer,4,1.2179,12.0,6.5326,2.2372
55,375,8,138,appli,2,1.9244,6.0,4.5326,2.5474
55,375,8,138,problem,1,1.4657,3.0,3.5326,1.2448
55,375,8,138,involv,1,2.6249,3.0,3.5326,2.2292
55,375,8,138,boundari,5,1.0911,15.0,7.5326,2.1729
55,375,8,138,layer,4,1.2179,12.0,6.5326,2.2372
55,1214,9,113,avail,4,2.8443,12.0,6.2187,5.4886
55,1214,9,113,inform,3,3.4495,9.0,5.2187,5.9488
55,1214,9,113,incompress,1,2.3584,3.0,3.2187,2.1981
55,1214,9,113,boundari,1,1.0911,3.0,3.2187,1.017
55,1214,9,113,layer,1,1.2179,3.0,3.2187,1.1351
55,1214,9,113,boundari,1,1.0911,3.0,3.2187,1.017
55,1214,9,113,layer,1,1.2179,3.0,3.2187,1.1351
55,1241,10,96,incompress,2,2.3584,6.0,4.0053,3.5329
55,1241,10,96,boundari,5,1.0911,15.0,7.0053,2.3364
55,1241,10,96,layer,5,1.2179,15.0,7.0053,2.6078
55,1241,10,96,appli,1,1.9244,3.0,3.0053,1.921
55,1241,10,96,compress,1,1.9491,3.0,3.0053,1.9457
55,1241,10,96,boundari,5,1.0911,15.0,7.0053,2.3364
55,1241,10,96,layer,5,1.2179,15.0,7.0053,2.6078
56,753,1,152,avail,2,2.8443,6.0,4.7083,3.6247
56,753,1,152,steadi,9,2.5768,27.0,11.7083,5.9422
56,753,1,152,state,3,2.9614,9.0,5.7083,4.669
56,753,1,152,aerodynam,6,2.0548,18.0,8.7083,4.2472
56,753,1,152,data,2,1.8627,6.0,4.7083,2.3738
56,753,1,152,util,2,3.6476,6.0,4.7083,4.6483
56,753,1,152,predict,1,1.9797,3.0,3.7083,1.6015
56,753,1,152,lift,1,2.1729,3.0,3.7083,1.7579
56,753,1,152,surfac,1,1.4443,3.0,3.7083,1.1685
56,753,1,152,flutter,10,3.2107,30.0,12.7083,7.5794
56,753,1,152,characterist,1,2.0273,3.0,3.7083,1.6401
56,441,2,163,avail,2,2.8443,6.0,4.8464,3.5214
56,441,2,163,aerodynam,5,2.0548,15.0,7.8464,3.9281
56,441,2,163,data,4,1.8627,12.0,6.8464,3.2649
56,441,2,163,predict,4,1.9797,12.0,6.8464,3.4698
56,441,2,163,lift,1,2.1729,3.0,3.8464,1.6947
56,441,2,163,flutter,5,3.2107,15.0,7.8464,6.1379
56,14,3,223,extent,1,3.9678,3.0,4.5997,2.5879
56,14,3,223,avail,1,2.8443,3.0,4.5997,1.8551
56,14,3,223,steadi,1,2.5768,3.0,4.5997,1.6806
56,14,3,223,state,1,2.9614,3.0,4.5997,1.9314
56,14,3,223,aerodynam,5,2.0548,15.0,8.5997,3.584
56,14,3,223,util,1,3.6476,3.0,4.5997,2.379
56,14,3,223,predict,1,1.9797,3.0,4.5997,1.2912
56,14,3,223,surfac,2,1.4443,6.0,5.5997,1.5476
56,14,3,223,flutter,4,3.2107,12.0,7.5997,5.0697
56,1339,4,136,steadi,1,2.5768,3.0,3.5074,2.204
56,1339,4,136,aerodynam,2,2.0548,6.0,4.5074,2.7352
56,1339,4,136,data,1,1.8627,3.0,3.5074,1.5932
56,1339,4,136,lift,3,2.1729,9.0,5.5074,3.5508
56,1339,4,136,flutter,5,3.2107,15.0,7.5074,6.415
56,1339,4,136,characterist,3,2.0273,9.0,5.5074,3.3129
56,638,5,145,aerodynam,3,2.0548,9.0,5.6204,3.2903
56,638,5,145,util,3,3.6476,9.0,5.6204,5.8409
56,638,5,145,lift,5,2.1729,15.0,7.6204,4.2771
56,638,5,145,surfac,4,1.4443,12.0,6.6204,2.618
56,638,5,145,characterist,4,2.0273,12.0,6.6204,3.6746
56,783,6,84,readili,1,4.5708,3.0,2.8546,4.8036
56,783,6,84,steadi,2,2.5768,6.0,3.8546,4.011
56,783,6,84,state,2,2.9614,6.0,3.8546,4.6096
56,783,6,84,aerodynam,2,2.0548,6.0,3.8546,3.1984
56,783,6,84,data,1,1.8627,3.0,2.8546,1.9576
56,899,7,107,steadi,1,2.5768,3.0,3.1434,2.4593
56,899,7,107,aerodynam,2,2.0548,6.0,4.1434,2.9755
56,899,7,107,predict,1,1.9797,3.0,3.1434,1.8894
56,899,7,107,lift,2,2.1729,6.0,4.1434,3.1466
56,899,7,107,flutter,2,3.2107,6.0,4.1434,4.6494
56,899,7,107,characterist,1,2.0273,3.0,3.1434,1.9348
56,1331,8,58,extent,1,3.9678,3.0,2.5282,4.7083
56,1331,8,58,avail,1,2.8443,3.0,2.5282,3.3752
56,1331,8,58,aerodynam,1,2.0548,3.0,2.5282,2.4382
56,1331,8,58,lift,1,2.1729,3.0,2.5282,2.5784
56,1331,8,58,surfac,1,1.4443,3.0,2.5282,1.7139
56,634,9,92,aerodynam,2,2.0548,6.0,3.955,3.1172
56,634,9,92,predict,1,1.9797,3.0,2.955,2.0098
56,634,9,92,flutter,4,3.2107,12.0,5.955,6.4699
56,634,9,92,characterist,2,2.0273,6.0,3.955,3.0755
56,202,10,176,avail,1,2.8443,3.0,4.0096,2.1281
56,202,10,176,aerodynam,4,2.0548,12.0,7.0096,3.5176
56,202,10,176,surfac,1,1.4443,3.0,4.0096,1.0806
56,202,10,176,flutter,13,3.2107,39.0,16.0096,7.8214
57,753,1,152,steadi,9,2.5768,27.0,11.7083,5.9422
57,753,1,152,steadi,9,2.5768,27.0,11.7083,5.9422
57,753,1,152,characterist,1,2.0273,3.0,3.7083,1.6401
57,753,1,152,flutter,10,3.2107,30.0,12.7083,7.5794
57,753,1,152,mechan,1,3.4055,3.0,3.7083,2.755
57,380,2,65,steadi,2,2.5768,6.0,3.6161,4.2756
57,380,2,65,steadi,2,2.5768,6.0,3.6161,4.2756
57,380,2,65,flow,1,0.6512,3.0,2.6161,0.7468
57,380,2,65,flutter,3,3.2107,9.0,4.6161,6.26
57,1181,3,81,steadi,2,2.5768,6.0,3.8169,4.0506
57,1181,3,81,non,1,3.0939,3.0,2.8169,3.295
57,1181,3,81,steadi,2,2.5768,6.0,3.8169,4.0506
57,1181,3,81,flow,6,0.6512,18.0,7.8169,1.4995
57,1181,3,81,characterist,1,2.0273,3.0,2.8169,2.159
57,1339,4,136,steadi,1,2.5768,3.0,3.5074,2.204
57,1339,4,136,steadi,1,2.5768,3.0,3.5074,2.204
57,1339,4,136,flow,2,0.6512,6.0,4.5074,0.8668
57,1339,4,136,characterist,3,2.0273,9.0,5.5074,3.3129
57,1339,4,136,flutter,5,3.2107,15.0,7.5074,6.415
57,916,5,98,steadi,3,2.5768,9.0,5.0304,4.6102
57,916,5,98,non,2,3.0939,6.0,4.0304,4.6059
57,916,5,98,steadi,3,2.5768,9.0,5.0304,4.6102
57,916,5,98,flow,2,0.6512,6.0,4.0304,0.9695
57,444,6,50,steadi,1,2.5768,3.0,2.4277,3.1842
57,444,6,50,steadi,1,2.5768,3.0,2.4277,3.1842
57,444,6,50,flow,1,0.6512,3.0,2.4277,0.8047
57,444,6,50,flutter,3,3.2107,9.0,4.4277,6.5262
57,52,7,111,steadi,2,2.5768,6.0,4.1936,3.6868
57,52,7,111,steadi,2,2.5768,6.0,4.1936,3.6868
57,52,7,111,flow,1,0.6512,3.0,3.1936,0.6117
57,52,7,111,flutter,3,3.2107,9.0,5.1936,5.5639
57,1275,8,58,steadi,4,2.5768,12.0,5.5282,5.5934
57,1275,8,58,steadi,4,2.5768,12.0,5.5282,5.5934
57,1275,8,58,flow,6,0.6512,18.0,7.5282,1.5571
57,1338,9,140,characterist,2,2.0273,6.0,4.5577,2.6689
57,1338,9,140,affect,1,3.4272,3.0,3.5577,2.89
57,1338,9,140,flutter,7,3.2107,21.0,9.5577,7.0545
57,810,10,103,signific,2,2.7286,6.0,4.0931,3.9998
57,810,10,103,steadi,1,2.5768,3.0,3.0931,2.4992
57,810,10,103,steadi,1,2.5768,3.0,3.0931,2.4992
57,810,10,103,affect,1,3.4272,3.0,3.0931,3.324
58,754,1,89,rate,2,2.2648,6.0,3.9174,3.4688
58,754,1,89,heat,3,1.5197,9.0,4.9174,2.7815
58,754,1,89,transfer,3,1.905,9.0,4.9174,3.4866
58,754,1,89,heat,3,1.5197,9.0,4.9174,2.7815
58,754,1,89,cylind,4,2.0604,12.0,5.9174,4.1782
58,754,1,89,cross,3,2.9893,9.0,4.9174,5.4712
58,754,1,89,section,3,2.1121,9.0,4.9174,3.8656
58,754,1,89,fluid,1,2.1666,3.0,2.9174,2.228
58,754,1,89,flow,1,0.6512,3.0,2.9174,0.6697
58,754,1,89,generat,1,3.3034,3.0,2.9174,3.3969
58,269,2,70,rate,2,2.2648,6.0,3.6788,3.6937
58,269,2,70,convect,2,3.4272,6.0,3.6788,5.5896
58,269,2,70,heat,4,1.5197,12.0,5.6788,3.2113
58,269,2,70,transfer,4,1.905,12.0,5.6788,4.0255
58,269,2,70,heat,4,1.5197,12.0,5.6788,3.2113
58,269,2,70,non,1,3.0939,3.0,2.6788,3.4648
58,269,2,70,fluid,2,2.1666,6.0,3.6788,3.5337
58,269,2,70,flow,3,0.6512,9.0,4.6788,1.2526
58,270,3,134,forc,6,2.1121,18.0,8.4823,4.482
58,270,3,134,convect,5,3.4272,15.0,7.4823,6.8706
58,270,3,134,heat,2,1.5197,6.0,4.4823,2.0343
58,270,3,134,transfer,2,1.905,6.0,4.4823,2.55
58,270,3,134,heat,2,1.5197,6.0,4.4823,2.0343
58,270,3,134,fluid,2,2.1666,6.0,4.4823,2.9002
58,270,3,134,flow,8,0.6512,24.0,10.4823,1.491
58,270,3,134,generat,1,3.3034,3.0,3.4823,2.8458
58,788,4,133,forc,4,2.1121,12.0,6.4698,3.9175
58,788,4,133,cylind,5,2.0604,15.0,7.4698,4.1374
58,788,4,133,cross,5,2.9893,15.0,7.4698,6.0028
58,788,4,133,section,5,2.1121,15.0,7.4698,4.2413
58,788,4,133,fluid,1,2.1666,3.0,3.4698,1.8733
58,788,4,133,along,1,2.3213,3.0,3.4698,2.007
58,788,4,133,generat,1,3.3034,3.0,3.4698,2.8561
58,120,5,61,convect,3,3.4272,9.0,4.5658,6.7556
58,120,5,61,heat,4,1.5197,12.0,5.5658,3.2765
58,120,5,61,transfer,4,1.905,12.0,5.5658,4.1072
58,120,5,61,heat,4,1.5197,12.0,5.5658,3.2765
58,120,5,61,non,1,3.0939,3.0,2.5658,3.6174
58,120,5,61,fluid,1,2.1666,3.0,2.5658,2.5333
58,120,5,61,flow,1,0.6512,3.0,2.5658,0.7614
58,1159,6,90,determin,1,1.5428,3.0,2.9299,1.5797
58,1159,6,90,rate,2,2.2648,6.0,3.9299,3.4577
58,1159,6,90,heat,2,1.5197,6.0,3.9299,2.3202
58,1159,6,90,transfer,2,1.905,6.0,3.9299,2.9085
58,1159,6,90,heat,2,1.5197,6.0,3.9299,2.3202
58,1159,6,90,cylind,3,2.0604,9.0,4.9299,3.7613
58,1159,6,90,circular,2,2.3069,6.0,3.9299,3.522
58,1159,6,90,flow,2,0.6512,6.0,3.9299,0.9942
58,1159,6,90,generat,1,3.3034,3.0,2.9299,3.3824
58,873,7,101,convect,3,3.4272,9.0,5.068,6.0862
58,873,7,101,heat,6,1.5197,18.0,8.068,3.3905
58,873,7,101,transfer,5,1.905,15.0,7.068,4.0429
58,873,7,101,heat,6,1.5197,18.0,8.068,3.3905
58,873,7,101,fluid,2,2.1666,6.0,4.068,3.1956
58,873,7,101,flow,3,0.6512,9.0,5.068,1.1564
58,873,7,101,along,1,2.3213,3.0,3.068,2.2698
58,88,8,84,determin,2,1.5428,6.0,3.8546,2.4015
58,88,8,84,rate,1,2.2648,3.0,2.8546,2.3801
58,88,8,84,forc,1,2.1121,3.0,2.8546,2.2197
58,88,8,84,convect,3,3.4272,9.0,4.8546,6.3538
58,88,8,84,heat,1,1.5197,3.0,2.8546,1.5971
58,88,8,84,transfer,1,1.905,3.0,2.8546,2.002
58,88,8,84,heat,1,1.5197,3.0,2.8546,1.5971
58,88,8,84,fluid,1,2.1666,3.0,2.8546,2.277
58,88,8,84,flow,4,0.6512,12.0,5.8546,1.3348
58,784,9,106,rate,2,2.2648,6.0,4.1308,3.2896
58,784,9,106,heat,4,1.5197,12.0,6.1308,2.9746
58,784,9,106,transfer,4,1.905,12.0,6.1308,3.7287
58,784,9,106,heat,4,1.5197,12.0,6.1308,2.9746
58,784,9,106,cylind,4,2.0604,12.0,6.1308,4.0328
58,784,9,106,circular,2,2.3069,6.0,4.1308,3.3507
58,784,9,106,flow,2,0.6512,6.0,4.1308,0.9459
58,963,10,34,forc,1,2.1121,3.0,2.2269,2.8454
58,963,10,34,convect,2,3.4272,6.0,3.2269,6.3726
58,963,10,34,heat,2,1.5197,6.0,3.2269,2.8258
58,963,10,34,transfer,1,1.905,3.0,2.2269,2.5664
58,963,10,34,heat,2,1.5197,6.0,3.2269,2.8258
58,963,10,34,fluid,1,2.1666,3.0,2.2269,2.9189
58,963,10,34,flow,1,0.6512,3.0,2.2269,0.8773
59,785,1,81,boundari,1,1.0911,3.0,2.8169,1.1621
59,785,1,81,layer,1,1.2179,3.0,2.8169,1.297
59,785,1,81,flow,2,0.6512,6.0,3.8169,1.0237
59,785,1,81,along,1,2.3213,3.0,2.8169,2.4722
59,785,1,81,circular,2,2.3069,6.0,3.8169,3.6263
59,785,1,81,cylind,6,2.0604,18.0,7.8169,4.7444
59,381,2,135,known,1,2.7507,3.0,3.4949,2.3612
59,381,2,135,boundari,5,1.0911,15.0,7.4949,2.1838
59,381,2,135,layer,5,1.2179,15.0,7.4949,2.4374
59,381,2,135,flow,2,0.6512,6.0,4.4949,0.8693
59,381,2,135,along,1,2.3213,3.0,3.4949,1.9926
59,381,2,135,cylind,5,2.0604,15.0,7.4949,4.1235
59,1154,3,148,known,1,2.7507,3.0,3.6581,2.2558
59,1154,3,148,boundari,10,1.0911,30.0,12.6581,2.586
59,1154,3,148,layer,8,1.2179,24.0,10.6581,2.7424
59,1154,3,148,flow,4,0.6512,12.0,6.6581,1.1737
59,1154,3,148,non,1,3.0939,3.0,3.6581,2.5373
59,1154,3,148,circular,1,2.3069,3.0,3.6581,1.8919
59,105,4,77,boundari,3,1.0911,9.0,4.7667,2.0602
59,105,4,77,layer,3,1.2179,9.0,4.7667,2.2994
59,105,4,77,flow,3,0.6512,9.0,4.7667,1.2295
59,105,4,77,circular,2,2.3069,6.0,3.7667,3.6746
59,105,4,77,cylind,3,2.0604,9.0,4.7667,3.8901
59,789,5,53,boundari,2,1.0911,6.0,3.4654,1.8892
59,789,5,53,layer,2,1.2179,6.0,3.4654,2.1086
59,789,5,53,flow,1,0.6512,3.0,2.4654,0.7924
59,789,5,53,circular,2,2.3069,6.0,3.4654,3.9941
59,789,5,53,cylind,3,2.0604,9.0,4.4654,4.1526
59,912,6,99,boundari,3,1.0911,9.0,5.0429,1.9473
59,912,6,99,layer,4,1.2179,12.0,6.0429,2.4184
59,912,6,99,along,3,2.3213,9.0,5.0429,4.1428
59,912,6,99,cylind,5,2.0604,15.0,7.0429,4.3881
59,1055,7,72,boundari,2,1.0911,6.0,3.7039,1.7675
59,1055,7,72,layer,1,1.2179,3.0,2.7039,1.3512
59,1055,7,72,non,3,3.0939,9.0,4.7039,5.9195
59,1055,7,72,circular,2,2.3069,6.0,3.7039,3.7369
59,786,8,107,much,1,3.0477,3.0,3.1434,2.9087
59,786,8,107,known,1,2.7507,3.0,3.1434,2.6253
59,786,8,107,circular,1,2.3069,3.0,3.1434,2.2017
59,786,8,107,cylind,9,2.0604,27.0,11.1434,4.9922
59,149,9,147,known,1,2.7507,3.0,3.6455,2.2636
59,149,9,147,boundari,2,1.0911,6.0,4.6455,1.4093
59,149,9,147,flow,2,0.6512,6.0,4.6455,0.8411
59,149,9,147,non,1,3.0939,3.0,3.6455,2.546
59,149,9,147,circular,2,2.3069,6.0,4.6455,2.9795
59,149,9,147,cylind,2,2.0604,6.0,4.6455,2.6611
59,629,10,68,boundari,4,1.0911,12.0,5.6537,2.316
59,629,10,68,layer,4,1.2179,12.0,5.6537,2.5849
59,629,10,68,flow,5,0.6512,15.0,6.6537,1.4681
59,629,10,68,circular,1,2.3069,3.0,2.6537,2.6079
59,629,10,68,cylind,2,2.0604,6.0,3.6537,3.3834
60,527,1,62,method,1,1.1235,3.0,2.5784,1.3073
60,527,1,62,numer,1,1.9441,3.0,2.5784,2.262
60,527,1,62,mix,1,3.2467,3.0,2.5784,3.7776
60,527,1,62,problem,3,1.4657,9.0,4.5784,2.8813
60,527,1,62,blasius,3,4.5041,9.0,4.5784,8.854
60,527,1,62,problem,3,1.4657,9.0,4.5784,2.8813
60,527,1,62,three,3,1.4782,9.0,4.5784,2.9057
60,527,1,62,point,3,1.0785,9.0,4.5784,2.12
60,527,1,62,boundari,4,1.0911,12.0,5.5784,2.3472
60,527,1,62,condit,1,1.4293,3.0,2.5784,1.663
60,321,2,62,numer,3,1.9441,9.0,4.5784,3.8217
60,321,2,62,integr,1,2.2511,3.0,2.5784,2.6192
60,321,2,62,mix,1,3.2467,3.0,2.5784,3.7776
60,321,2,62,problem,2,1.4657,6.0,3.5784,2.4577
60,321,2,62,blasius,2,4.5041,6.0,3.5784,7.5522
60,321,2,62,problem,2,1.4657,6.0,3.5784,2.4577
60,321,2,62,three,1,1.4782,3.0,2.5784,1.7199
60,321,2,62,point,2,1.0785,6.0,3.5784,1.8083
60,321,2,62,boundari,2,1.0911,6.0,3.5784,1.8296
60,321,2,62,condit,1,1.4293,3.0,2.5784,1.663
60,322,3,30,method,1,1.1235,3.0,2.1766,1.5485
60,322,3,30,numer,1,1.9441,3.0,2.1766,2.6795
60,322,3,30,integr,1,2.2511,3.0,2.1766,3.1026
60,322,3,30,problem,1,1.4657,3.0,2.1766,2.0202
60,322,3,30,blasius,1,4.5041,3.0,2.1766,6.2079
60,322,3,30,problem,1,1.4657,3.0,2.1766,2.0202
60,322,3,30,three,1,1.4782,3.0,2.1766,2.0373
60,322,3,30,point,1,1.0785,3.0,2.1766,1.4864
60,322,3,30,boundari,2,1.0911,6.0,3.1766,2.0609
60,322,3,30,condit,1,1.4293,3.0,2.1766,1.97
60,320,4,16,numer,1,1.9441,3.0,2.0009,2.9149
60,320,4,16,problem,2,1.4657,6.0,3.0009,2.9306
60,320,4,16,blasius,1,4.5041,3.0,2.0009,6.7532
60,320,4,16,problem,2,1.4657,6.0,3.0009,2.9306
60,320,4,16,three,1,1.4782,3.0,2.0009,2.2163
60,320,4,16,point,1,1.0785,3.0,2.0009,1.617
60,320,4,16,boundari,1,1.0911,3.0,2.0009,1.636
60,320,4,16,condit,1,1.4293,3.0,2.0009,2.143
60,476,5,137,integr,3,2.2511,9.0,5.52,3.6703
60,476,5,137,problem,1,1.4657,3.0,3.52,1.2492
60,476,5,137,blasius,4,4.5041,12.0,6.52,8.2898
60,476,5,137,problem,1,1.4657,3.0,3.52,1.2492
60,476,5,137,three,4,1.4782,12.0,6.52,2.7206
60,476,5,137,point,2,1.0785,6.0,4.52,1.4316
60,476,5,137,boundari,2,1.0911,6.0,4.52,1.4484
60,476,5,137,condit,2,1.4293,6.0,4.52,1.8973
60,107,6,54,mix,3,3.2467,9.0,4.478,6.5254
60,107,6,54,problem,1,1.4657,3.0,2.478,1.7745
60,107,6,54,blasius,1,4.5041,3.0,2.478,5.453
60,107,6,54,problem,1,1.4657,3.0,2.478,1.7745
60,107,6,54,boundari,4,1.0911,12.0,5.478,2.3903
60,107,6,54,condit,4,1.4293,12.0,5.478,3.1311
60,1235,7,163,simpl,1,2.0273,3.0,3.8464,1.5812
60,1235,7,163,method,2,1.1235,6.0,4.8464,1.391
60,1235,7,163,numer,1,1.9441,3.0,3.8464,1.5163
60,1235,7,163,problem,2,1.4657,6.0,4.8464,1.8146
60,1235,7,163,blasius,3,4.5041,9.0,5.8464,6.9336
60,1235,7,163,problem,2,1.4657,6.0,4.8464,1.8146
60,1235,7,163,point,1,1.0785,3.0,3.8464,0.8412
60,1235,7,163,boundari,6,1.0911,18.0,8.8464,2.2202
60,1235,7,163,condit,1,1.4293,3.0,3.8464,1.1148
60,730,8,132,simpl,2,2.0273,6.0,4.4572,2.729
60,730,8,132,practic,1,2.6348,3.0,3.4572,2.2863
60,730,8,132,method,4,1.1235,12.0,6.4572,2.088
60,730,8,132,numer,5,1.9441,15.0,7.4572,3.9106
60,730,8,132,problem,9,1.4657,27.0,11.4572,3.4542
60,730,8,132,problem,9,1.4657,27.0,11.4572,3.4542
60,730,8,132,boundari,1,1.0911,3.0,3.4572,0.9468
60,365,9,108,method,1,1.1235,3.0,3.1559,1.068
60,365,9,108,numer,1,1.9441,3.0,3.1559,1.8481
60,365,9,108,integr,3,2.2511,9.0,5.1559,3.9295
60,365,9,108,mix,1,3.2467,3.0,3.1559,3.0863
60,365,9,108,problem,1,1.4657,3.0,3.1559,1.3933
60,365,9,108,problem,1,1.4657,3.0,3.1559,1.3933
60,365,9,108,point,5,1.0785,15.0,7.1559,2.2607
60,365,9,108,boundari,6,1.0911,18.0,8.1559,2.4081
60,365,9,108,condit,1,1.4293,3.0,3.1559,1.3587
60,585,10,66,simpl,1,2.0273,3.0,2.6286,2.3137
60,585,10,66,practic,1,2.6348,3.0,2.6286,3.007
60,585,10,66,method,1,1.1235,3.0,2.6286,1.2823
60,585,10,66,integr,1,2.2511,3.0,2.6286,2.5692
60,585,10,66,problem,2,1.4657,6.0,3.6286,2.4236
60,585,10,66,problem,2,1.4657,6.0,3.6286,2.4236
60,585,10,66,boundari,2,1.0911,6.0,3.6286,1.8042
60,585,10,66,condit,1,1.4293,3.0,2.6286,1.6313
61,564,1,162,exist,1,2.4785,3.0,3.8339,1.9394
61,564,1,162,local,3,2.4126,9.0,5.8339,3.722
61,564,1,162,heat,11,1.5197,33.0,13.8339,3.6252
61,564,1,162,transfer,10,1.905,30.0,12.8339,4.4531
61,564,1,162,yaw,8,3.6206,24.0,10.8339,8.0206
61,564,1,162,cylind,5,2.0604,15.0,7.8339,3.9451
61,566,2,111,local,4,2.4126,12.0,6.1936,4.6745
61,566,2,111,heat,6,1.5197,18.0,8.1936,3.3386
61,566,2,111,transfer,6,1.905,18.0,8.1936,4.185
61,566,2,111,yaw,4,3.6206,12.0,6.1936,7.0149
61,566,2,111,cylind,4,2.0604,12.0,6.1936,3.9919
61,539,3,43,local,2,2.4126,6.0,3.3399,4.3343
61,539,3,43,heat,2,1.5197,6.0,3.3399,2.7302
61,539,3,43,transfer,2,1.905,6.0,3.3399,3.4223
61,539,3,43,yaw,2,3.6206,6.0,3.3399,6.5044
61,539,3,43,cylind,2,2.0604,6.0,3.3399,3.7014
61,435,4,116,form,1,1.7664,3.0,3.2563,1.6273
61,435,4,116,local,3,2.4126,9.0,5.2563,4.131
61,435,4,116,heat,4,1.5197,12.0,6.2563,2.9149
61,435,4,116,transfer,4,1.905,12.0,6.2563,3.6539
61,435,4,116,yaw,2,3.6206,6.0,4.2563,5.1038
61,435,4,116,cylind,2,2.0604,6.0,4.2563,2.9044
61,1213,5,141,local,2,2.4126,6.0,4.5702,3.1674
61,1213,5,141,heat,7,1.5197,21.0,9.5702,3.3347
61,1213,5,141,transfer,7,1.905,21.0,9.5702,4.1802
61,1213,5,141,yaw,10,3.6206,30.0,12.5702,8.6409
61,1307,6,165,exist,1,2.4785,3.0,3.8715,1.9206
61,1307,6,165,local,2,2.4126,6.0,4.8715,2.9715
61,1307,6,165,heat,5,1.5197,15.0,7.8715,2.896
61,1307,6,165,transfer,4,1.905,12.0,6.8715,3.3268
61,1307,6,165,yaw,2,3.6206,6.0,4.8715,4.4593
61,1307,6,165,cylind,1,2.0604,3.0,3.8715,1.5965
61,1258,7,131,express,1,2.3434,3.0,3.4447,2.0409
61,1258,7,131,heat,4,1.5197,12.0,6.4447,2.8297
61,1258,7,131,transfer,4,1.905,12.0,6.4447,3.5471
61,1258,7,131,around,2,3.2286,6.0,4.4447,4.3583
61,1258,7,131,cylind,3,2.0604,9.0,5.4447,3.4057
61,333,8,41,local,1,2.4126,3.0,2.3147,3.1269
61,333,8,41,heat,1,1.5197,3.0,2.3147,1.9696
61,333,8,41,transfer,1,1.905,3.0,2.3147,2.469
61,333,8,41,yaw,4,3.6206,12.0,5.3147,8.1748
61,565,9,138,heat,2,1.5197,6.0,4.5326,2.0117
61,565,9,138,transfer,2,1.905,6.0,4.5326,2.5218
61,565,9,138,yaw,5,3.6206,15.0,7.5326,7.2099
61,565,9,138,cylind,3,2.0604,9.0,5.5326,3.3516
61,907,10,129,form,6,1.7664,18.0,8.4196,3.7763
61,907,10,129,around,2,3.2286,6.0,4.4196,4.3831
61,907,10,129,yaw,3,3.6206,9.0,5.4196,6.0126
62,381,1,135,far,2,3.5436,6.0,4.4949,4.7302
62,381,1,135,cylind,5,2.0604,15.0,7.4949,4.1235
62,381,1,135,condit,1,1.4293,3.0,3.4949,1.2269
62,381,1,135,flow,2,0.6512,6.0,4.4949,0.8693
62,381,1,135,veloc,3,1.4845,9.0,5.4949,2.4314
62,381,1,135,boundari,5,1.0911,15.0,7.4949,2.1838
62,381,1,135,layer,5,1.2179,15.0,7.4949,2.4374
62,381,1,135,distanc,2,2.4871,6.0,4.4949,3.3198
62,381,1,135,cylind,5,2.0604,15.0,7.4949,4.1235
62,452,2,172,far,2,3.5436,6.0,4.9594,4.2872
62,452,2,172,around,1,3.2286,3.0,3.9594,2.4462
62,452,2,172,cylind,2,2.0604,6.0,4.9594,2.4927
62,452,2,172,condit,6,1.4293,18.0,8.9594,2.8716
62,452,2,172,flow,7,0.6512,21.0,9.9594,1.3731
62,452,2,172,veloc,4,1.4845,12.0,6.9594,2.5596
62,452,2,172,boundari,2,1.0911,6.0,4.9594,1.3201
62,452,2,172,function,3,2.0058,9.0,5.9594,3.0293
62,452,2,172,around,1,3.2286,3.0,3.9594,2.4462
62,452,2,172,cylind,2,2.0604,6.0,4.9594,2.4927
62,459,3,154,far,1,3.5436,3.0,3.7334,2.8475
62,459,3,154,condit,1,1.4293,3.0,3.7334,1.1485
62,459,3,154,flow,4,0.6512,12.0,6.7334,1.1606
62,459,3,154,veloc,7,1.4845,21.0,9.7334,3.2027
62,459,3,154,outsid,2,3.795,6.0,4.7334,4.8104
62,459,3,154,boundari,6,1.0911,18.0,8.7334,2.2489
62,459,3,154,layer,6,1.2179,18.0,8.7334,2.5101
62,459,3,154,linear,1,2.1481,3.0,3.7334,1.7261
62,459,3,154,function,1,2.0058,3.0,3.7334,1.6118
62,459,3,154,distanc,2,2.4871,6.0,4.7334,3.1525
62,483,4,28,around,1,3.2286,3.0,2.1515,4.5018
62,483,4,28,cylind,2,2.0604,6.0,3.1515,3.9226
62,483,4,28,flow,1,0.6512,3.0,2.1515,0.908
62,483,4,28,distanc,3,2.4871,9.0,4.1515,5.3916
62,483,4,28,around,1,3.2286,3.0,2.1515,4.5018
62,483,4,28,cylind,2,2.0604,6.0,3.1515,3.9226
62,105,5,77,far,1,3.5436,3.0,2.7667,3.8424
62,105,5,77,cylind,3,2.0604,9.0,4.7667,3.8901
62,105,5,77,flow,3,0.6512,9.0,4.7667,1.2295
62,105,5,77,veloc,3,1.4845,9.0,4.7667,2.8028
62,105,5,77,boundari,3,1.0911,9.0,4.7667,2.0602
62,105,5,77,layer,3,1.2179,9.0,4.7667,2.2994
62,105,5,77,function,1,2.0058,3.0,2.7667,2.175
62,105,5,77,cylind,3,2.0604,9.0,4.7667,3.8901
62,1383,6,123,flow,1,0.6512,3.0,3.3442,0.5842
62,1383,6,123,veloc,4,1.4845,12.0,6.3442,2.8078
62,1383,6,123,outsid,1,3.795,3.0,3.3442,3.4043
62,1383,6,123,boundari,8,1.0911,24.0,10.3442,2.5316
62,1383,6,123,layer,8,1.2179,24.0,10.3442,2.8256
62,1383,6,123,linear,2,2.1481,6.0,4.3442,2.9669
62,1383,6,123,function,3,2.0058,9.0,5.3442,3.378
62,1383,6,123,distanc,2,2.4871,6.0,4.3442,3.435
62,788,7,133,far,1,3.5436,3.0,3.4698,3.0639
62,788,7,133,cylind,5,2.0604,15.0,7.4698,4.1374
62,788,7,133,veloc,1,1.4845,3.0,3.4698,1.2835
62,788,7,133,outsid,1,3.795,3.0,3.4698,3.2811
62,788,7,133,boundari,3,1.0911,9.0,5.4698,1.7954
62,788,7,133,layer,3,1.2179,9.0,5.4698,2.0039
62,788,7,133,distanc,1,2.4871,3.0,3.4698,2.1503
62,788,7,133,cylind,5,2.0604,15.0,7.4698,4.1374
62,785,8,81,far,1,3.5436,3.0,2.8169,3.7739
62,785,8,81,cylind,6,2.0604,18.0,7.8169,4.7444
62,785,8,81,flow,2,0.6512,6.0,3.8169,1.0237
62,785,8,81,boundari,1,1.0911,3.0,2.8169,1.1621
62,785,8,81,layer,1,1.2179,3.0,2.8169,1.297
62,785,8,81,linear,1,2.1481,3.0,2.8169,2.2877
62,785,8,81,distanc,1,2.4871,3.0,2.8169,2.6487
62,785,8,81,cylind,6,2.0604,18.0,7.8169,4.7444
62,1268,9,205,around,1,3.2286,3.0,4.3737,2.2145
62,1268,9,205,condit,2,1.4293,6.0,5.3737,1.5959
62,1268,9,205,flow,2,0.6512,6.0,5.3737,0.7271
62,1268,9,205,veloc,4,1.4845,12.0,7.3737,2.4158
62,1268,9,205,boundari,8,1.0911,24.0,11.3737,2.3025
62,1268,9,205,layer,8,1.2179,24.0,11.3737,2.5699
62,1268,9,205,linear,1,2.1481,3.0,4.3737,1.4734
62,1268,9,205,function,2,2.0058,6.0,5.3737,2.2396
62,1268,9,205,distanc,2,2.4871,6.0,5.3737,2.7769
62,1268,9,205,around,1,3.2286,3.0,4.3737,2.2145
62,787,10,89,cylind,7,2.0604,21.0,8.9174,4.852
62,787,10,89,veloc,2,1.4845,6.0,3.9174,2.2737
62,787,10,89,outsid,2,3.795,6.0,3.9174,5.8125
62,787,10,89,function,1,2.0058,3.0,2.9174,2.0627
62,787,10,89,cylind,7,2.0604,21.0,8.9174,4.852
63,843,1,95,find,2,3.7334,6.0,3.9927,5.6103
63,843,1,95,surfac,1,1.4443,3.0,2.9927,1.4479
63,843,1,95,cylind,4,2.0604,12.0,5.9927,4.1257
63,1135,2,68,find,1,3.7334,3.0,2.6537,4.2206
63,1135,2,68,pressur,2,0.9305,6.0,3.6537,1.528
63,1135,2,68,surfac,3,1.4443,9.0,4.6537,2.7933
63,1135,2,68,cylind,1,2.0604,3.0,2.6537,2.3292
63,839,3,96,pressur,7,0.9305,21.0,9.0053,2.1699
63,839,3,96,data,4,1.8627,12.0,6.0053,3.7222
63,839,3,96,cylind,7,2.0604,21.0,9.0053,4.8047
63,1051,4,129,pressur,4,0.9305,12.0,6.4196,1.7393
63,1051,4,129,data,5,1.8627,15.0,7.4196,3.7659
63,1051,4,129,cylind,6,2.0604,18.0,8.4196,4.4048
63,891,5,105,pressur,7,0.9305,21.0,9.1182,2.143
63,891,5,105,data,1,1.8627,3.0,3.1182,1.7921
63,891,5,105,surfac,1,1.4443,3.0,3.1182,1.3896
63,891,5,105,cylind,6,2.0604,18.0,8.1182,4.5683
63,1106,6,87,find,1,3.7334,3.0,2.8923,3.8725
63,1106,6,87,pressur,3,0.9305,9.0,4.8923,1.7118
63,1106,6,87,data,1,1.8627,3.0,2.8923,1.9321
63,1106,6,87,cylind,1,2.0604,3.0,2.8923,2.1371
63,889,7,161,find,2,3.7334,6.0,4.8213,4.6461
63,889,7,161,surfac,1,1.4443,3.0,3.8213,1.1339
63,889,7,161,cylind,4,2.0604,12.0,6.8213,3.6246
63,629,8,68,find,1,3.7334,3.0,2.6537,4.2206
63,629,8,68,surfac,1,1.4443,3.0,2.6537,1.6328
63,629,8,68,cylind,2,2.0604,6.0,3.6537,3.3834
63,204,9,115,data,5,1.8627,15.0,7.2438,3.8573
63,204,9,115,swept,2,3.7334,6.0,4.2438,5.2784
63,491,10,65,find,3,3.7334,9.0,4.6161,7.2791
63,491,10,65,pressur,3,0.9305,9.0,4.6161,1.8142
64,390,1,75,static,1,2.6858,3.0,2.7416,2.939
64,390,1,75,shape,1,1.9797,3.0,2.7416,2.1662
64,390,1,75,use,4,1.0037,12.0,5.7416,2.0977
64,390,1,75,flutter,4,3.2107,12.0,5.7416,6.7104
64,390,1,75,shape,1,1.9797,3.0,2.7416,2.1662
64,390,1,75,provid,1,2.4287,3.0,2.7416,2.6576
64,390,1,75,justif,1,5.7409,3.0,2.7416,6.2819
64,52,2,111,deflect,3,2.7733,9.0,5.1936,4.8059
64,52,2,111,shape,1,1.9797,3.0,3.1936,1.8597
64,52,2,111,use,3,1.0037,9.0,5.1936,1.7393
64,52,2,111,flutter,3,3.2107,9.0,5.1936,5.5639
64,52,2,111,vibrat,2,3.2107,6.0,4.1936,4.5937
64,52,2,111,shape,1,1.9797,3.0,3.1936,1.8597
64,627,3,84,deflect,1,2.7733,3.0,2.8546,2.9146
64,627,3,84,shape,1,1.9797,3.0,2.8546,2.0805
64,627,3,84,predict,1,1.9797,3.0,2.8546,2.0805
64,627,3,84,flutter,3,3.2107,9.0,4.8546,5.9524
64,627,3,84,vibrat,1,3.2107,3.0,2.8546,3.3742
64,627,3,84,shape,1,1.9797,3.0,2.8546,2.0805
64,441,4,163,shape,3,1.9797,9.0,5.8464,3.0475
64,441,4,163,use,1,1.0037,3.0,3.8464,0.7828
64,441,4,163,predict,4,1.9797,12.0,6.8464,3.4698
64,441,4,163,flutter,5,3.2107,15.0,7.8464,6.1379
64,441,4,163,shape,3,1.9797,9.0,5.8464,3.0475
64,441,4,163,provid,1,2.4287,3.0,3.8464,1.8943
64,719,5,100,static,1,2.6858,3.0,3.0555,2.6371
64,719,5,100,flutter,4,3.2107,12.0,6.0555,6.3626
64,719,5,100,place,1,3.7334,3.0,3.0555,3.6656
64,719,5,100,vibrat,1,3.2107,3.0,3.0555,3.1524
64,719,5,100,mean,1,2.231,3.0,3.0555,2.1905
64,914,6,101,static,6,2.6858,18.0,8.068,5.9921
64,914,6,101,flutter,4,3.2107,12.0,6.068,6.3494
64,914,6,101,place,1,3.7334,3.0,3.068,3.6506
64,1107,7,144,static,2,2.6858,6.0,4.6079,3.4972
64,1107,7,144,deflect,3,2.7733,9.0,5.6079,4.4508
64,1107,7,144,shape,2,1.9797,6.0,4.6079,2.5778
64,1107,7,144,predict,2,1.9797,6.0,4.6079,2.5778
64,1107,7,144,shape,2,1.9797,6.0,4.6079,2.5778
64,428,8,101,shape,2,1.9797,6.0,4.068,2.9198
64,428,8,101,use,2,1.0037,6.0,4.068,1.4804
64,428,8,101,shape,2,1.9797,6.0,4.068,2.9198
64,428,8,101,mean,3,2.231,9.0,5.068,3.9619
64,428,8,101,exampl,2,2.3213,6.0,4.068,3.4237
64,928,9,235,deflect,5,2.7733,15.0,8.7504,4.754
64,928,9,235,shape,3,1.9797,9.0,6.7504,2.6394
64,928,9,235,use,2,1.0037,6.0,5.7504,1.0473
64,928,9,235,predict,1,1.9797,3.0,4.7504,1.2502
64,928,9,235,place,1,3.7334,3.0,4.7504,2.3578
64,928,9,235,shape,3,1.9797,9.0,6.7504,2.6394
64,277,10,151,static,3,2.6858,9.0,5.6958,4.2439
64,277,10,151,deflect,3,2.7733,9.0,5.6958,4.3822
64,277,10,151,use,2,1.0037,6.0,4.6958,1.2825
64,277,10,151,predict,1,1.9797,3.0,3.6958,1.607
64,277,10,151,place,1,3.7334,3.0,3.6958,3.0305
65,388,1,102,boundari,1,1.0911,3.0,3.0806,1.0626
65,388,1,102,layer,2,1.2179,6.0,4.0806,1.7907
65,388,1,102,flat,2,2.0112,6.0,4.0806,2.9572
65,388,1,102,plate,3,1.8178,9.0,5.0806,3.2201
65,388,1,102,shear,5,2.6448,15.0,7.0806,5.6029
65,388,1,102,flow,5,0.6512,15.0,7.0806,1.3796
65,388,1,102,induc,4,2.9477,12.0,6.0806,5.8172
65,388,1,102,pressur,4,0.9305,12.0,6.0806,1.8363
65,388,1,102,gradient,4,2.5309,12.0,6.0806,4.9948
65,3,2,18,boundari,2,1.0911,6.0,3.026,2.1636
65,3,2,18,layer,2,1.2179,6.0,3.026,2.4148
65,3,2,18,flat,1,2.0112,3.0,2.026,2.9781
65,3,2,18,plate,1,1.8178,3.0,2.026,2.6917
65,3,2,18,shear,1,2.6448,3.0,2.026,3.9163
65,3,2,18,flow,2,0.6512,6.0,3.026,1.2912
65,3,2,18,pressur,1,0.9305,3.0,2.026,1.3778
65,3,2,18,gradient,1,2.5309,3.0,2.026,3.7477
65,569,3,168,boundari,6,1.0911,18.0,8.9092,2.2045
65,569,3,168,layer,6,1.2179,18.0,8.9092,2.4606
65,569,3,168,flat,1,2.0112,3.0,3.9092,1.5434
65,569,3,168,plate,3,1.8178,9.0,5.9092,2.7686
65,569,3,168,flow,5,0.6512,15.0,7.9092,1.235
65,569,3,168,induc,3,2.9477,9.0,5.9092,4.4894
65,569,3,168,pressur,7,0.9305,21.0,9.9092,1.9719
65,569,3,168,gradient,3,2.5309,9.0,5.9092,3.8547
65,1355,4,127,boundari,5,1.0911,15.0,7.3945,2.2134
65,1355,4,127,layer,5,1.2179,15.0,7.3945,2.4705
65,1355,4,127,flat,1,2.0112,3.0,3.3945,1.7775
65,1355,4,127,plate,4,1.8178,12.0,6.3945,3.4113
65,1355,4,127,induc,2,2.9477,6.0,4.3945,4.0246
65,1355,4,127,pressur,5,0.9305,15.0,7.3945,1.8875
65,1355,4,127,gradient,2,2.5309,6.0,4.3945,3.4556
65,393,5,34,boundari,2,1.0911,6.0,3.2269,2.0289
65,393,5,34,layer,2,1.2179,6.0,3.2269,2.2645
65,393,5,34,flat,2,2.0112,6.0,3.2269,3.7395
65,393,5,34,plate,2,1.8178,6.0,3.2269,3.38
65,393,5,34,shear,3,2.6448,9.0,4.2269,5.6314
65,393,5,34,flow,3,0.6512,9.0,4.2269,1.3866
65,664,6,44,boundari,3,1.0911,9.0,4.3524,2.2563
65,664,6,44,layer,3,1.2179,9.0,4.3524,2.5183
65,664,6,44,flat,2,2.0112,6.0,3.3524,3.5995
65,664,6,44,plate,2,1.8178,6.0,3.3524,3.2534
65,664,6,44,shear,2,2.6448,6.0,3.3524,4.7335
65,664,6,44,pressur,1,0.9305,3.0,2.3524,1.1866
65,180,7,36,boundari,2,1.0911,6.0,3.252,2.0132
65,180,7,36,layer,2,1.2179,6.0,3.252,2.247
65,180,7,36,flat,2,2.0112,6.0,3.252,3.7107
65,180,7,36,plate,2,1.8178,6.0,3.252,3.3539
65,180,7,36,shear,2,2.6448,6.0,3.252,4.8797
65,180,7,36,flow,2,0.6512,6.0,3.252,1.2015
65,4,8,47,boundari,5,1.0911,15.0,6.3901,2.5613
65,4,8,47,layer,5,1.2179,15.0,6.3901,2.8588
65,4,8,47,flat,1,2.0112,3.0,2.3901,2.5244
65,4,8,47,plate,2,1.8178,6.0,3.3901,3.2173
65,4,8,47,shear,2,2.6448,6.0,3.3901,4.6809
65,4,8,47,flow,3,0.6512,9.0,4.3901,1.335
65,1106,9,87,boundari,1,1.0911,3.0,2.8923,1.1318
65,1106,9,87,layer,1,1.2179,3.0,2.8923,1.2632
65,1106,9,87,flat,1,2.0112,3.0,2.8923,2.0861
65,1106,9,87,plate,1,1.8178,3.0,2.8923,1.8855
65,1106,9,87,shear,2,2.6448,6.0,3.8923,4.077
65,1106,9,87,flow,5,0.6512,15.0,6.8923,1.4173
65,1106,9,87,induc,1,2.9477,3.0,2.8923,3.0575
65,1106,9,87,pressur,3,0.9305,9.0,4.8923,1.7118
65,1225,10,174,boundari,11,1.0911,33.0,13.9845,2.5748
65,1225,10,174,layer,11,1.2179,33.0,13.9845,2.8739
65,1225,10,174,flat,1,2.0112,3.0,3.9845,1.5142
65,1225,10,174,plate,1,1.8178,3.0,3.9845,1.3686
65,1225,10,174,flow,3,0.6512,9.0,5.9845,0.9793
65,1225,10,174,pressur,6,0.9305,18.0,8.9845,1.8642
65,1225,10,174,gradient,7,2.5309,21.0,9.9845,5.3232
66,128,1,100,procedur,2,2.7619,6.0,4.0555,4.0862
66,128,1,100,match,2,4.5041,6.0,4.0555,6.6637
66,128,1,100,inner,2,4.3827,6.0,4.0555,6.4842
66,128,1,100,outer,2,3.4954,6.0,4.0555,5.1714
66,128,1,100,solut,1,1.2349,3.0,3.0555,1.2125
66,128,1,100,viscous,2,2.4368,6.0,4.0555,3.6052
66,128,1,100,flow,3,0.6512,9.0,5.0555,1.1593
66,128,1,100,stream,1,1.7581,3.0,3.0555,1.7262
66,128,1,100,flow,3,0.6512,9.0,5.0555,1.1593
66,191,2,110,inner,2,4.3827,6.0,4.181,6.2895
66,191,2,110,outer,2,3.4954,6.0,4.181,5.0161
66,191,2,110,solut,5,1.2349,15.0,7.181,2.5795
66,191,2,110,flow,5,0.6512,15.0,7.181,1.3603
66,191,2,110,appli,1,1.9244,3.0,3.181,1.8149
66,191,2,110,shear,1,2.6448,3.0,3.181,2.4943
66,191,2,110,flow,5,0.6512,15.0,7.181,1.3603
66,305,3,93,match,1,4.5041,3.0,2.9676,4.5533
66,305,3,93,solut,4,1.2349,12.0,5.9676,2.4832
66,305,3,93,viscous,5,2.4368,15.0,6.9676,5.2461
66,305,3,93,flow,5,0.6512,15.0,6.9676,1.4019
66,305,3,93,problem,1,1.4657,3.0,2.9676,1.4817
66,305,3,93,appli,2,1.9244,6.0,3.9676,2.9101
66,305,3,93,flow,5,0.6512,15.0,6.9676,1.4019
66,329,4,378,procedur,1,2.7619,3.0,6.5457,1.2658
66,329,4,378,outer,2,3.4954,6.0,7.5457,2.7794
66,329,4,378,solut,4,1.2349,12.0,9.5457,1.5524
66,329,4,378,viscous,11,2.4368,33.0,16.5457,4.8602
66,329,4,378,flow,4,0.6512,12.0,9.5457,0.8186
66,329,4,378,problem,4,1.4657,12.0,9.5457,1.8426
66,329,4,378,appli,1,1.9244,3.0,6.5457,0.882
66,329,4,378,stream,2,1.7581,6.0,7.5457,1.3979
66,329,4,378,shear,3,2.6448,9.0,8.5457,2.7854
66,329,4,378,flow,4,0.6512,12.0,9.5457,0.8186
66,1251,5,107,match,2,4.5041,6.0,4.1434,6.5224
66,1251,5,107,solut,1,1.2349,3.0,3.1434,1.1786
66,1251,5,107,viscous,2,2.4368,6.0,4.1434,3.5288
66,1251,5,107,flow,1,0.6512,3.0,3.1434,0.6215
66,1251,5,107,stream,1,1.7581,3.0,3.1434,1.6779
66,1251,5,107,shear,3,2.6448,9.0,5.1434,4.6279
66,1251,5,107,flow,1,0.6512,3.0,3.1434,0.6215
66,366,6,109,inner,1,4.3827,3.0,3.1685,4.1497
66,366,6,109,outer,1,3.4954,3.0,3.1685,3.3096
66,366,6,109,solut,1,1.2349,3.0,3.1685,1.1692
66,366,6,109,flow,2,0.6512,6.0,4.1685,0.9373
66,366,6,109,problem,2,1.4657,6.0,4.1685,2.1098
66,366,6,109,stream,1,1.7581,3.0,3.1685,1.6646
66,366,6,109,shear,2,2.6448,6.0,4.1685,3.8068
66,366,6,109,flow,2,0.6512,6.0,4.1685,0.9373
66,1182,7,124,inner,2,4.3827,6.0,4.3568,6.0357
66,1182,7,124,outer,3,3.4954,9.0,5.3568,5.8727
66,1182,7,124,solut,8,1.2349,24.0,10.3568,2.8617
66,1182,7,124,flow,8,0.6512,24.0,10.3568,1.5091
66,1182,7,124,flow,8,0.6512,24.0,10.3568,1.5091
66,629,8,68,procedur,1,2.7619,3.0,2.6537,3.1223
66,629,8,68,outer,1,3.4954,3.0,2.6537,3.9515
66,629,8,68,solut,1,1.2349,3.0,2.6537,1.396
66,629,8,68,flow,5,0.6512,15.0,6.6537,1.4681
66,629,8,68,main,1,2.9077,3.0,2.6537,3.2871
66,629,8,68,shear,1,2.6448,3.0,2.6537,2.9899
66,629,8,68,flow,5,0.6512,15.0,6.6537,1.4681
66,1206,9,80,inner,2,4.3827,6.0,3.8044,6.9122
66,1206,9,80,outer,1,3.4954,3.0,2.8044,3.7393
66,1206,9,80,solut,1,1.2349,3.0,2.8044,1.321
66,1206,9,80,problem,2,1.4657,6.0,3.8044,2.3117
66,1206,9,80,main,1,2.9077,3.0,2.8044,3.1105
66,458,10,136,inner,1,4.3827,3.0,3.5074,3.7487
66,458,10,136,outer,3,3.4954,9.0,5.5074,5.7121
66,458,10,136,solut,4,1.2349,12.0,6.5074,2.2772
66,458,10,136,flow,4,0.6512,12.0,6.5074,1.2009
66,458,10,136,problem,4,1.4657,12.0,6.5074,2.7029
66,458,10,136,flow,4,0.6512,12.0,6.5074,1.2009
67,393,1,34,boundari,2,1.0911,6.0,3.2269,2.0289
67,393,1,34,layer,2,1.2179,6.0,3.2269,2.2645
67,393,1,34,flat,2,2.0112,6.0,3.2269,3.7395
67,393,1,34,plate,2,1.8178,6.0,3.2269,3.38
67,393,1,34,shear,3,2.6448,9.0,4.2269,5.6314
67,393,1,34,flow,3,0.6512,9.0,4.2269,1.3866
67,180,2,36,boundari,2,1.0911,6.0,3.252,2.0132
67,180,2,36,layer,2,1.2179,6.0,3.252,2.247
67,180,2,36,flat,2,2.0112,6.0,3.252,3.7107
67,180,2,36,plate,2,1.8178,6.0,3.252,3.3539
67,180,2,36,shear,2,2.6448,6.0,3.252,4.8797
67,180,2,36,flow,2,0.6512,6.0,3.252,1.2015
67,4,3,47,boundari,5,1.0911,15.0,6.3901,2.5613
67,4,3,47,layer,5,1.2179,15.0,6.3901,2.8588
67,4,3,47,flat,1,2.0112,3.0,2.3901,2.5244
67,4,3,47,plate,2,1.8178,6.0,3.3901,3.2173
67,4,3,47,shear,2,2.6448,6.0,3.3901,4.6809
67,4,3,47,flow,3,0.6512,9.0,4.3901,1.335
67,2,4,116,boundari,5,1.0911,15.0,7.2563,2.2556
67,2,4,116,layer,5,1.2179,15.0,7.2563,2.5175
67,2,4,116,flat,3,2.0112,9.0,5.2563,3.4435
67,2,4,116,plate,3,1.8178,9.0,5.2563,3.1124
67,2,4,116,shear,2,2.6448,6.0,4.2563,3.7282
67,2,4,116,flow,6,0.6512,18.0,8.2563,1.4197
67,664,5,44,boundari,3,1.0911,9.0,4.3524,2.2563
67,664,5,44,layer,3,1.2179,9.0,4.3524,2.5183
67,664,5,44,flat,2,2.0112,6.0,3.3524,3.5995
67,664,5,44,plate,2,1.8178,6.0,3.3524,3.2534
67,664,5,44,shear,2,2.6448,6.0,3.3524,4.7335
67,306,6,93,found,1,1.4688,3.0,2.9676,1.4849
67,306,6,93,boundari,4,1.0911,12.0,5.9676,2.1941
67,306,6,93,layer,4,1.2179,12.0,5.9676,2.449
67,306,6,93,flat,2,2.0112,6.0,3.9676,3.0414
67,306,6,93,plate,2,1.8178,6.0,3.9676,2.749
67,306,6,93,shear,1,2.6448,3.0,2.9676,2.6737
67,306,6,93,flow,6,0.6512,18.0,7.9676,1.4712
67,388,7,102,boundari,1,1.0911,3.0,3.0806,1.0626
67,388,7,102,layer,2,1.2179,6.0,4.0806,1.7907
67,388,7,102,flat,2,2.0112,6.0,4.0806,2.9572
67,388,7,102,plate,3,1.8178,9.0,5.0806,3.2201
67,388,7,102,shear,5,2.6448,15.0,7.0806,5.6029
67,388,7,102,flow,5,0.6512,15.0,7.0806,1.3796
67,1107,8,144,found,1,1.4688,3.0,3.6079,1.2214
67,1107,8,144,boundari,2,1.0911,6.0,4.6079,1.4208
67,1107,8,144,layer,2,1.2179,6.0,4.6079,1.5858
67,1107,8,144,flat,5,2.0112,15.0,7.6079,3.9653
67,1107,8,144,plate,10,1.8178,30.0,12.6079,4.3254
67,1107,8,144,shear,1,2.6448,3.0,3.6079,2.1992
67,1107,8,144,flow,4,0.6512,12.0,6.6079,1.1826
67,72,9,165,expans,5,2.9077,15.0,7.8715,5.5408
67,72,9,165,found,1,1.4688,3.0,3.8715,1.1382
67,72,9,165,boundari,10,1.0911,30.0,12.8715,2.5432
67,72,9,165,layer,10,1.2179,30.0,12.8715,2.8385
67,72,9,165,flat,1,2.0112,3.0,3.8715,1.5584
67,72,9,165,plate,1,1.8178,3.0,3.8715,1.4086
67,72,9,165,flow,1,0.6512,3.0,3.8715,0.5046
67,3,10,18,boundari,2,1.0911,6.0,3.026,2.1636
67,3,10,18,layer,2,1.2179,6.0,3.026,2.4148
67,3,10,18,flat,1,2.0112,3.0,2.026,2.9781
67,3,10,18,plate,1,1.8178,3.0,2.026,2.6917
67,3,10,18,shear,1,2.6448,3.0,2.026,3.9163
67,3,10,18,flow,2,0.6512,6.0,3.026,1.2912
68,628,1,124,techniqu,1,2.6448,3.0,3.3568,2.3637
68,628,1,124,inject,9,3.4722,27.0,11.3568,8.2549
68,628,1,124,distribut,3,1.3547,9.0,5.3568,2.276
68,628,1,124,isotherm,1,4.7192,3.0,3.3568,4.2176
68,628,1,124,transpir,2,4.6423,6.0,4.3568,6.3931
68,628,1,124,cool,2,3.0629,6.0,4.3568,4.2181
68,628,1,124,hemispher,3,3.795,9.0,5.3568,6.3759
68,344,2,235,possibl,1,2.2047,3.0,4.7504,1.3924
68,344,2,235,techniqu,1,2.6448,3.0,4.7504,1.6703
68,344,2,235,inject,5,3.4722,15.0,8.7504,5.9521
68,344,2,235,distribut,2,1.3547,6.0,5.7504,1.4135
68,344,2,235,transpir,1,4.6423,3.0,4.7504,2.9317
68,344,2,235,cool,6,3.0629,18.0,9.7504,5.6544
68,560,3,129,inject,1,3.4722,3.0,3.4196,3.0462
68,560,3,129,transpir,3,4.6423,9.0,5.4196,7.7092
68,560,3,129,cool,3,3.0629,9.0,5.4196,5.0864
68,364,4,214,techniqu,1,2.6448,3.0,4.4867,1.7684
68,364,4,214,inject,2,3.4722,6.0,5.4867,3.797
68,364,4,214,correspond,3,2.522,9.0,6.4867,3.4991
68,364,4,214,cool,8,3.0629,24.0,11.4867,6.3995
68,773,5,192,techniqu,1,2.6448,3.0,4.2105,1.8844
68,773,5,192,inject,6,3.4722,18.0,9.2105,6.7856
68,773,5,192,distribut,1,1.3547,3.0,4.2105,0.9652
68,773,5,192,transpir,1,4.6423,3.0,4.2105,3.3076
68,773,5,192,cool,1,3.0629,3.0,4.2105,2.1823
68,662,6,249,distribut,6,1.3547,18.0,9.9261,2.4566
68,662,6,249,isotherm,3,4.7192,9.0,6.9261,6.1323
68,662,6,249,hemispher,5,3.795,15.0,8.9261,6.3773
68,338,7,94,techniqu,1,2.6448,3.0,2.9801,2.6624
68,338,7,94,inject,6,3.4722,18.0,7.9801,7.8318
68,338,7,94,distribut,1,1.3547,3.0,2.9801,1.3637
68,338,7,94,cool,1,3.0629,3.0,2.9801,3.0833
68,343,8,63,transpir,3,4.6423,9.0,4.5909,9.1006
68,343,8,63,cool,2,3.0629,6.0,3.5909,5.1177
68,1205,9,125,avail,1,2.8443,3.0,3.3693,2.5325
68,1205,9,125,distribut,1,1.3547,3.0,3.3693,1.2062
68,1205,9,125,cool,7,3.0629,21.0,9.3693,6.865
68,1205,9,125,hemispher,1,3.795,3.0,3.3693,3.379
68,272,10,307,cool,10,3.0629,30.0,14.6543,6.2703
68,272,10,307,hemispher,8,3.795,24.0,12.6543,7.1975
69,128,1,100,known,1,2.7507,3.0,3.0555,2.7008
69,128,1,100,asymptot,1,3.4954,3.0,3.0555,3.432
69,128,1,100,solut,1,1.2349,3.0,3.0555,1.2125
69,128,1,100,exact,1,2.4871,3.0,3.0555,2.4419
69,128,1,100,boundari,2,1.0911,6.0,4.0555,1.6143
69,128,1,100,layer,1,1.2179,3.0,3.0555,1.1958
69,128,1,100,equat,2,1.2472,6.0,4.0555,1.8453
69,111,2,59,asymptot,1,3.4954,3.0,2.5407,4.1273
69,111,2,59,solut,4,1.2349,12.0,5.5407,2.6745
69,111,2,59,boundari,3,1.0911,9.0,4.5407,2.1627
69,111,2,59,layer,3,1.2179,9.0,4.5407,2.4139
69,111,2,59,equat,4,1.2472,12.0,5.5407,2.7013
69,306,3,93,known,1,2.7507,3.0,2.9676,2.7807
69,306,3,93,regard,1,3.704,3.0,2.9676,3.7444
69,306,3,93,solut,4,1.2349,12.0,5.9676,2.4832
69,306,3,93,boundari,4,1.0911,12.0,5.9676,2.1941
69,306,3,93,layer,4,1.2179,12.0,5.9676,2.449
69,540,4,115,asymptot,1,3.4954,3.0,3.2438,3.2327
69,540,4,115,solut,4,1.2349,12.0,6.2438,2.3734
69,540,4,115,exact,1,2.4871,3.0,3.2438,2.3001
69,540,4,115,boundari,3,1.0911,9.0,5.2438,1.8727
69,540,4,115,layer,3,1.2179,9.0,5.2438,2.0902
69,540,4,115,equat,2,1.2472,6.0,4.2438,1.7634
69,458,5,136,known,1,2.7507,3.0,3.5074,2.3527
69,458,5,136,solut,4,1.2349,12.0,6.5074,2.2772
69,458,5,136,exact,2,2.4871,6.0,4.5074,3.3106
69,458,5,136,boundari,9,1.0911,27.0,11.5074,2.5602
69,458,5,136,layer,8,1.2179,24.0,10.5074,2.7817
69,1383,6,123,solut,4,1.2349,12.0,6.3442,2.3358
69,1383,6,123,exact,2,2.4871,6.0,4.3442,3.435
69,1383,6,123,boundari,8,1.0911,24.0,10.3442,2.5316
69,1383,6,123,layer,8,1.2179,24.0,10.3442,2.8256
69,1383,6,123,equat,2,1.2472,6.0,4.3442,1.7226
69,292,7,145,known,1,2.7507,3.0,3.6204,2.2793
69,292,7,145,solut,5,1.2349,15.0,7.6204,2.4308
69,292,7,145,exact,2,2.4871,6.0,4.6204,3.2296
69,292,7,145,boundari,3,1.0911,9.0,5.6204,1.7473
69,292,7,145,layer,3,1.2179,9.0,5.6204,1.9502
69,292,7,145,equat,1,1.2472,3.0,3.6204,1.0335
69,131,8,184,known,2,2.7507,6.0,5.1101,3.2297
69,131,8,184,solut,4,1.2349,12.0,7.1101,2.0842
69,131,8,184,exact,2,2.4871,6.0,5.1101,2.9202
69,131,8,184,boundari,2,1.0911,6.0,5.1101,1.2812
69,131,8,184,layer,1,1.2179,3.0,4.1101,0.8889
69,131,8,184,equat,4,1.2472,12.0,7.1101,2.105
69,299,9,75,asymptot,1,3.4954,3.0,2.7416,3.8249
69,299,9,75,solut,1,1.2349,3.0,2.7416,1.3513
69,299,9,75,exact,1,2.4871,3.0,2.7416,2.7215
69,299,9,75,boundari,1,1.0911,3.0,2.7416,1.194
69,299,9,75,layer,1,1.2179,3.0,2.7416,1.3327
69,299,9,75,equat,2,1.2472,6.0,3.7416,2.0001
69,365,10,108,solut,2,1.2349,6.0,4.1559,1.7829
69,365,10,108,exact,3,2.4871,9.0,5.1559,4.3413
69,365,10,108,boundari,6,1.0911,18.0,8.1559,2.4081
69,365,10,108,layer,5,1.2179,15.0,7.1559,2.5529
69,365,10,108,equat,1,1.2472,3.0,3.1559,1.1856
70,540,1,115,previous,1,2.5862,3.0,3.2438,2.3919
70,540,1,115,solut,4,1.2349,12.0,6.2438,2.3734
70,540,1,115,boundari,3,1.0911,9.0,5.2438,1.8727
70,540,1,115,layer,3,1.2179,9.0,5.2438,2.0902
70,540,1,115,similar,4,2.2244,12.0,6.2438,4.275
70,540,1,115,equat,2,1.2472,6.0,4.2438,1.7634
70,62,2,178,previous,1,2.5862,3.0,4.0347,1.923
70,62,2,178,solut,8,1.2349,24.0,11.0347,2.6858
70,62,2,178,boundari,5,1.0911,15.0,8.0347,2.0371
70,62,2,178,layer,5,1.2179,15.0,8.0347,2.2736
70,62,2,178,similar,3,2.2244,9.0,6.0347,3.3173
70,62,2,178,equat,3,1.2472,9.0,6.0347,1.8601
70,300,3,157,solut,7,1.2349,21.0,9.7711,2.654
70,300,3,157,boundari,4,1.0911,12.0,6.7711,1.9338
70,300,3,157,layer,3,1.2179,9.0,5.7711,1.8993
70,300,3,157,similar,5,2.2244,15.0,7.7711,4.2935
70,300,3,157,equat,8,1.2472,24.0,10.7711,2.7791
70,180,4,36,solut,2,1.2349,6.0,3.252,2.2784
70,180,4,36,boundari,2,1.0911,6.0,3.252,2.0132
70,180,4,36,layer,2,1.2179,6.0,3.252,2.247
70,180,4,36,similar,2,2.2244,6.0,3.252,4.104
70,180,4,36,equat,2,1.2472,6.0,3.252,2.3012
70,349,5,138,solut,3,1.2349,9.0,5.5326,2.0089
70,349,5,138,boundari,4,1.0911,12.0,6.5326,2.0044
70,349,5,138,layer,3,1.2179,9.0,5.5326,1.9811
70,349,5,138,similar,3,2.2244,9.0,5.5326,3.6184
70,349,5,138,equat,7,1.2472,21.0,9.5326,2.7477
70,1149,6,115,solut,2,1.2349,6.0,4.2438,1.7459
70,1149,6,115,boundari,8,1.0911,24.0,10.2438,2.5564
70,1149,6,115,layer,8,1.2179,24.0,10.2438,2.8533
70,1149,6,115,similar,7,2.2244,21.0,9.2438,5.0533
70,375,7,138,previous,2,2.5862,6.0,4.5326,3.4235
70,375,7,138,solut,3,1.2349,9.0,5.5326,2.0089
70,375,7,138,boundari,5,1.0911,15.0,7.5326,2.1729
70,375,7,138,layer,4,1.2179,12.0,6.5326,2.2372
70,375,7,138,equat,3,1.2472,9.0,5.5326,2.0289
70,1235,8,163,solut,2,1.2349,6.0,4.8464,1.5288
70,1235,8,163,boundari,6,1.0911,18.0,8.8464,2.2202
70,1235,8,163,layer,7,1.2179,21.0,9.8464,2.5974
70,1235,8,163,similar,2,2.2244,6.0,4.8464,2.7538
70,1235,8,163,equat,6,1.2472,18.0,8.8464,2.5378
70,527,9,62,previous,1,2.5862,3.0,2.5784,3.0091
70,527,9,62,solut,1,1.2349,3.0,2.5784,1.4368
70,527,9,62,boundari,4,1.0911,12.0,5.5784,2.3472
70,527,9,62,layer,2,1.2179,6.0,3.5784,2.042
70,527,9,62,equat,3,1.2472,9.0,4.5784,2.4518
70,104,10,65,solut,2,1.2349,6.0,3.6161,2.049
70,104,10,65,boundari,1,1.0911,3.0,2.6161,1.2513
70,104,10,65,layer,1,1.2179,3.0,2.6161,1.3966
70,104,10,65,similar,3,2.2244,9.0,4.6161,4.3369
70,104,10,65,equat,2,1.2472,6.0,3.6161,2.0695
71,540,1,115,experiment,1,1.4175,3.0,3.2438,1.3109
71,540,1,115,result,1,0.7046,3.0,3.2438,0.6517
71,540,1,115,hyperson,3,2.1062,9.0,5.2438,3.6149
71,540,1,115,viscous,4,2.4368,12.0,6.2438,4.6834
71,540,1,115,interact,4,2.7396,12.0,6.2438,5.2652
71,573,2,100,result,1,0.7046,3.0,3.0555,0.6918
71,573,2,100,hyperson,5,2.1062,15.0,7.0555,4.4778
71,573,2,100,viscous,4,2.4368,12.0,6.0555,4.829
71,573,2,100,interact,2,2.7396,6.0,4.0555,4.0532
71,305,3,93,result,1,0.7046,3.0,2.9676,0.7123
71,305,3,93,hyperson,3,2.1062,9.0,4.9676,3.8159
71,305,3,93,viscous,5,2.4368,15.0,6.9676,5.2461
71,305,3,93,interact,2,2.7396,6.0,3.9676,4.143
71,525,4,69,result,1,0.7046,3.0,2.6663,0.7928
71,525,4,69,hyperson,2,2.1062,6.0,3.6663,3.4469
71,525,4,69,viscous,2,2.4368,6.0,3.6663,3.988
71,525,4,69,interact,2,2.7396,6.0,3.6663,4.4834
71,63,5,98,result,1,0.7046,3.0,3.0304,0.6976
71,63,5,98,hyperson,1,2.1062,3.0,3.0304,2.0851
71,63,5,98,viscous,4,2.4368,12.0,6.0304,4.8491
71,63,5,98,interact,3,2.7396,9.0,5.0304,4.9015
71,572,6,252,experiment,4,1.4175,12.0,7.9638,2.1359
71,572,6,252,result,1,0.7046,3.0,4.9638,0.4259
71,572,6,252,hyperson,5,2.1062,15.0,8.9638,3.5245
71,572,6,252,viscous,2,2.4368,6.0,5.9638,2.4516
71,572,6,252,interact,3,2.7396,9.0,6.9638,3.5406
71,1253,7,59,hyperson,2,2.1062,6.0,3.5407,3.5691
71,1253,7,59,viscous,3,2.4368,9.0,4.5407,4.8299
71,1253,7,59,interact,1,2.7396,3.0,2.5407,3.2348
71,1299,8,40,result,1,0.7046,3.0,2.3022,0.9182
71,1299,8,40,hyperson,2,2.1062,6.0,3.3022,3.8269
71,1299,8,40,viscous,1,2.4368,3.0,2.3022,3.1755
71,1299,8,40,interact,1,2.7396,3.0,2.3022,3.57
71,26,9,35,hyperson,3,2.1062,9.0,4.2394,4.4713
71,26,9,35,viscous,1,2.4368,3.0,2.2394,3.2645
71,26,9,35,interact,1,2.7396,3.0,2.2394,3.6701
71,310,10,99,hyperson,1,2.1062,3.0,3.0429,2.0765
71,310,10,99,viscous,5,2.4368,15.0,7.0429,5.19
71,310,10,99,interact,2,2.7396,6.0,4.0429,4.0658
72,630,1,98,viscous,1,2.4368,3.0,3.0304,2.4124
72,630,1,98,interact,1,2.7396,3.0,3.0304,2.7121
72,630,1,98,low,2,2.2047,6.0,4.0304,3.2822
72,630,1,98,reynold,2,1.9491,6.0,4.0304,2.9017
72,630,1,98,number,3,0.7937,9.0,5.0304,1.42
72,630,1,98,flow,1,0.6512,3.0,3.0304,0.6447
72,630,1,98,high,1,1.7175,3.0,3.0304,1.7003
72,630,1,98,mach,1,1.2826,3.0,3.0304,1.2698
72,630,1,98,number,3,0.7937,9.0,5.0304,1.42
72,1395,2,64,viscous,1,2.4368,3.0,2.6035,2.8079
72,1395,2,64,interact,2,2.7396,6.0,3.6035,4.5615
72,1395,2,64,low,1,2.2047,3.0,2.6035,2.5405
72,1395,2,64,reynold,2,1.9491,6.0,3.6035,3.2454
72,1395,2,64,number,3,0.7937,9.0,4.6035,1.5517
72,1395,2,64,mach,1,1.2826,3.0,2.6035,1.478
72,1395,2,64,number,3,0.7937,9.0,4.6035,1.5517
72,63,3,98,viscous,4,2.4368,12.0,6.0304,4.8491
72,63,3,98,interact,3,2.7396,9.0,5.0304,4.9015
72,63,3,98,reynold,1,1.9491,3.0,3.0304,1.9296
72,63,3,98,number,3,0.7937,9.0,5.0304,1.42
72,63,3,98,flow,3,0.6512,9.0,5.0304,1.1651
72,63,3,98,mach,2,1.2826,6.0,4.0304,1.9095
72,63,3,98,number,3,0.7937,9.0,5.0304,1.42
72,540,4,115,viscous,4,2.4368,12.0,6.2438,4.6834
72,540,4,115,interact,4,2.7396,12.0,6.2438,5.2652
72,540,4,115,relat,2,1.8004,6.0,4.2438,2.5454
72,540,4,115,number,1,0.7937,3.0,3.2438,0.734
72,540,4,115,flow,5,0.6512,15.0,7.2438,1.3485
72,540,4,115,high,1,1.7175,3.0,3.2438,1.5884
72,540,4,115,number,1,0.7937,3.0,3.2438,0.734
72,315,5,266,low,4,2.2047,12.0,8.1396,3.2504
72,315,5,266,reynold,7,1.9491,21.0,11.1396,3.6744
72,315,5,266,number,7,0.7937,21.0,11.1396,1.4962
72,315,5,266,flow,4,0.6512,12.0,8.1396,0.9601
72,315,5,266,particular,3,2.3434,9.0,7.1396,2.954
72,315,5,266,high,6,1.7175,18.0,10.1396,3.0489
72,315,5,266,number,7,0.7937,21.0,11.1396,1.4962
72,1313,6,369,viscous,2,2.4368,6.0,7.4327,1.9671
72,1313,6,369,interact,1,2.7396,3.0,6.4327,1.2777
72,1313,6,369,relat,1,1.8004,3.0,6.4327,0.8396
72,1313,6,369,low,1,2.2047,3.0,6.4327,1.0282
72,1313,6,369,reynold,1,1.9491,3.0,6.4327,0.909
72,1313,6,369,number,13,0.7937,39.0,18.4327,1.6793
72,1313,6,369,flow,6,0.6512,18.0,11.4327,1.0253
72,1313,6,369,particular,2,2.3434,6.0,7.4327,1.8917
72,1313,6,369,high,2,1.7175,6.0,7.4327,1.3864
72,1313,6,369,mach,12,1.2826,36.0,17.4327,2.6488
72,1313,6,369,number,13,0.7937,39.0,18.4327,1.6793
72,667,7,146,viscous,1,2.4368,3.0,3.633,2.0123
72,667,7,146,interact,1,2.7396,3.0,3.633,2.2623
72,667,7,146,relat,3,1.8004,9.0,5.633,2.8765
72,667,7,146,low,2,2.2047,6.0,4.633,2.8553
72,667,7,146,reynold,2,1.9491,6.0,4.633,2.5242
72,667,7,146,number,2,0.7937,6.0,4.633,1.0279
72,667,7,146,flow,4,0.6512,12.0,6.633,1.1781
72,667,7,146,number,2,0.7937,6.0,4.633,1.0279
72,798,8,341,interact,10,2.7396,30.0,15.0812,5.4497
72,798,8,341,relat,2,1.8004,6.0,7.0812,1.5255
72,798,8,341,reynold,2,1.9491,6.0,7.0812,1.6515
72,798,8,341,number,3,0.7937,9.0,8.0812,0.8839
72,798,8,341,flow,5,0.6512,15.0,10.0812,0.969
72,798,8,341,particular,2,2.3434,6.0,7.0812,1.9856
72,798,8,341,high,2,1.7175,6.0,7.0812,1.4553
72,798,8,341,mach,1,1.2826,3.0,6.0812,0.6328
72,798,8,341,number,3,0.7937,9.0,8.0812,0.8839
72,1082,9,154,viscous,2,2.4368,6.0,4.7334,3.0889
72,1082,9,154,low,2,2.2047,6.0,4.7334,2.7947
72,1082,9,154,reynold,7,1.9491,21.0,9.7334,4.2053
72,1082,9,154,number,8,0.7937,24.0,10.7334,1.7747
72,1082,9,154,flow,4,0.6512,12.0,6.7334,1.1606
72,1082,9,154,number,8,0.7937,24.0,10.7334,1.7747
72,187,10,180,interact,2,2.7396,6.0,5.0599,3.2486
72,187,10,180,relat,2,1.8004,6.0,5.0599,2.1349
72,187,10,180,reynold,2,1.9491,6.0,5.0599,2.3113
72,187,10,180,number,5,0.7937,15.0,8.0599,1.4771
72,187,10,180,flow,6,0.6512,18.0,9.0599,1.2938
72,187,10,180,high,1,1.7175,3.0,4.0599,1.2691
72,187,10,180,mach,2,1.2826,6.0,5.0599,1.521
72,187,10,180,number,5,0.7937,15.0,8.0599,1.4771
73,332,1,109,equilibrium,2,2.8321,6.0,4.1685,4.0765
73,332,1,109,similitud,4,4.9936,12.0,6.1685,9.7145
73,332,1,109,law,3,3.2653,9.0,5.1685,5.6859
73,332,1,109,govern,1,3.4272,3.0,3.1685,3.245
73,332,1,109,hyperson,4,2.1062,12.0,6.1685,4.0974
73,332,1,109,flow,9,0.6512,27.0,11.1685,1.5743
73,332,1,109,slender,3,2.6754,9.0,5.1685,4.6587
73,332,1,109,bodi,4,1.5631,12.0,6.1685,3.0408
73,541,2,126,effect,1,0.9524,3.0,3.3819,0.8449
73,541,2,126,equilibrium,1,2.8321,3.0,3.3819,2.5123
73,541,2,126,similitud,4,4.9936,12.0,6.3819,9.3897
73,541,2,126,law,2,3.2653,6.0,4.3819,4.471
73,541,2,126,govern,1,3.4272,3.0,3.3819,3.0402
73,541,2,126,hyperson,3,2.1062,9.0,5.3819,3.5222
73,541,2,126,flow,6,0.6512,18.0,8.3819,1.3985
73,541,2,126,slender,2,2.6754,6.0,4.3819,3.6633
73,541,2,126,bodi,3,1.5631,9.0,5.3819,2.6139
73,401,3,199,effect,1,0.9524,3.0,4.2984,0.6647
73,401,3,199,chemic,2,3.5686,6.0,5.2984,4.0412
73,401,3,199,reaction,4,3.795,12.0,7.2984,6.2397
73,401,3,199,particular,1,2.3434,3.0,4.2984,1.6355
73,401,3,199,equilibrium,3,2.8321,9.0,6.2984,4.047
73,401,3,199,similitud,1,4.9936,3.0,4.2984,3.4852
73,401,3,199,hyperson,3,2.1062,9.0,6.2984,3.0096
73,401,3,199,flow,6,0.6512,18.0,9.2984,1.2606
73,401,3,199,bodi,1,1.5631,3.0,4.2984,1.0909
73,573,4,100,effect,3,0.9524,9.0,5.0555,1.6956
73,573,4,100,similitud,6,4.9936,18.0,8.0555,11.1583
73,573,4,100,law,1,3.2653,3.0,3.0555,3.206
73,573,4,100,govern,1,3.4272,3.0,3.0555,3.365
73,573,4,100,hyperson,5,2.1062,15.0,7.0555,4.4778
73,573,4,100,bodi,1,1.5631,3.0,3.0555,1.5347
73,1296,5,125,effect,1,0.9524,3.0,3.3693,0.848
73,1296,5,125,chemic,2,3.5686,6.0,4.3693,4.9005
73,1296,5,125,reaction,5,3.795,15.0,7.3693,7.7245
73,1296,5,125,equilibrium,2,2.8321,6.0,4.3693,3.8891
73,1296,5,125,hyperson,3,2.1062,9.0,5.3693,3.5304
73,1296,5,125,flow,3,0.6512,9.0,5.3693,1.0916
73,1296,5,125,bodi,2,1.5631,6.0,4.3693,2.1464
73,625,6,192,effect,1,0.9524,3.0,4.2105,0.6786
73,625,6,192,chemic,1,3.5686,3.0,4.2105,2.5427
73,625,6,192,reaction,1,3.795,3.0,4.2105,2.7039
73,625,6,192,equilibrium,1,2.8321,3.0,4.2105,2.0179
73,625,6,192,law,1,3.2653,3.0,4.2105,2.3265
73,625,6,192,govern,1,3.4272,3.0,4.2105,2.4419
73,625,6,192,hyperson,3,2.1062,9.0,6.2105,3.0522
73,625,6,192,flow,7,0.6512,21.0,10.2105,1.3394
73,625,6,192,slender,2,2.6754,6.0,5.2105,3.0808
73,625,6,192,aerodynam,1,2.0548,3.0,4.2105,1.464
73,625,6,192,bodi,2,1.5631,6.0,5.2105,1.7999
73,574,7,114,effect,1,0.9524,3.0,3.2312,0.8843
73,574,7,114,chemic,1,3.5686,3.0,3.2312,3.3133
73,574,7,114,reaction,2,3.795,6.0,4.2312,5.3813
73,574,7,114,equilibrium,2,2.8321,6.0,4.2312,4.016
73,574,7,114,hyperson,3,2.1062,9.0,5.2312,3.6236
73,574,7,114,flow,7,0.6512,21.0,9.2312,1.4814
73,574,7,114,bodi,2,1.5631,6.0,4.2312,2.2165
73,488,8,96,chemic,2,3.5686,6.0,4.0053,5.3459
73,488,8,96,reaction,5,3.795,15.0,7.0053,8.1259
73,488,8,96,equilibrium,1,2.8321,3.0,3.0053,2.8272
73,488,8,96,hyperson,1,2.1062,3.0,3.0053,2.1025
73,488,8,96,flow,1,0.6512,3.0,3.0053,0.6501
73,572,9,252,effect,5,0.9524,15.0,8.9638,1.5938
73,572,9,252,similitud,4,4.9936,12.0,7.9638,7.5245
73,572,9,252,govern,1,3.4272,3.0,4.9638,2.0713
73,572,9,252,hyperson,5,2.1062,15.0,8.9638,3.5245
73,572,9,252,flow,4,0.6512,12.0,7.9638,0.9813
73,572,9,252,slender,1,2.6754,3.0,4.9638,1.6169
73,572,9,252,bodi,2,1.5631,6.0,5.9638,1.5726
73,160,10,212,particular,2,2.3434,6.0,5.4616,2.5744
73,160,10,212,law,2,3.2653,6.0,5.4616,3.5871
73,160,10,212,hyperson,4,2.1062,12.0,7.4616,3.3873
73,160,10,212,flow,10,0.6512,30.0,13.4616,1.4513
73,160,10,212,slender,4,2.6754,12.0,7.4616,4.3027
73,160,10,212,bodi,11,1.5631,33.0,14.4616,3.5668
74,625,1,192,possibl,1,2.2047,3.0,4.2105,1.5709
74,625,1,192,pressur,1,0.9305,3.0,4.2105,0.663
74,625,1,192,dissoci,7,3.5436,21.0,10.2105,7.2882
74,625,1,192,free,3,1.8582,9.0,6.2105,2.6928
74,625,1,192,stream,3,1.7581,9.0,6.2105,2.5477
74,625,1,192,hyperson,3,2.1062,9.0,6.2105,3.0522
74,625,1,192,simul,1,3.6754,3.0,4.2105,2.6187
74,625,1,192,high,1,1.7175,3.0,4.2105,1.2237
74,625,1,192,wind,1,2.3968,3.0,4.2105,1.7077
74,625,1,192,tunnel,1,2.0492,3.0,4.2105,1.4601
74,1153,2,89,free,2,1.8582,6.0,3.9174,2.846
74,1153,2,89,stream,2,1.7581,6.0,3.9174,2.6927
74,1153,2,89,simul,2,3.6754,6.0,3.9174,5.6294
74,1153,2,89,wind,5,2.3968,15.0,6.9174,5.1974
74,1153,2,89,tunnel,5,2.0492,15.0,6.9174,4.4436
74,876,3,92,pressur,3,0.9305,9.0,4.955,1.6901
74,876,3,92,simul,3,3.6754,9.0,4.955,6.6758
74,876,3,92,high,3,1.7175,9.0,4.955,3.1196
74,876,3,92,wind,3,2.3968,9.0,4.955,4.3534
74,876,3,92,tunnel,6,2.0492,18.0,7.955,4.6368
74,68,4,65,possibl,1,2.2047,3.0,2.6161,2.5283
74,68,4,65,hyperson,2,2.1062,6.0,3.6161,3.4948
74,68,4,65,simul,4,3.6754,12.0,5.6161,7.8534
74,68,4,65,wind,1,2.3968,3.0,2.6161,2.7486
74,68,4,65,tunnel,1,2.0492,3.0,2.6161,2.35
74,576,5,268,signific,1,2.7286,3.0,5.1647,1.585
74,576,5,268,pressur,1,0.9305,3.0,5.1647,0.5405
74,576,5,268,dissoci,5,3.5436,15.0,9.1647,5.7999
74,576,5,268,free,4,1.8582,12.0,8.1647,2.731
74,576,5,268,stream,4,1.7581,12.0,8.1647,2.5839
74,576,5,268,respect,1,2.7286,3.0,5.1647,1.585
74,576,5,268,hyperson,1,2.1062,3.0,5.1647,1.2234
74,576,5,268,high,3,1.7175,9.0,7.1647,2.1575
74,372,6,66,pressur,1,0.9305,3.0,2.6286,1.062
74,372,6,66,free,2,1.8582,6.0,3.6286,3.0725
74,372,6,66,stream,2,1.7581,6.0,3.6286,2.907
74,372,6,66,hyperson,2,2.1062,6.0,3.6286,3.4827
74,372,6,66,wind,2,2.3968,6.0,3.6286,3.9632
74,372,6,66,tunnel,2,2.0492,6.0,3.6286,3.3884
74,1143,7,85,pressur,2,0.9305,6.0,3.8672,1.4437
74,1143,7,85,stream,2,1.7581,6.0,3.8672,2.7277
74,1143,7,85,high,2,1.7175,6.0,3.8672,2.6647
74,1143,7,85,enthalpi,3,3.6754,9.0,4.8672,6.7963
74,1143,7,85,tunnel,4,2.0492,12.0,5.8672,4.1912
74,26,8,35,signific,1,2.7286,3.0,2.2394,3.6553
74,26,8,35,realize,1,6.8395,3.0,2.2394,9.1624
74,26,8,35,hyperson,3,2.1062,9.0,4.2394,4.4713
74,656,9,126,dissoci,6,3.5436,18.0,8.3819,7.6099
74,656,9,126,hyperson,3,2.1062,9.0,5.3819,3.5222
74,656,9,126,wind,2,2.3968,6.0,4.3819,3.2819
74,656,9,126,tunnel,2,2.0492,6.0,4.3819,2.8059
74,431,10,106,pressur,4,0.9305,12.0,6.1308,1.8213
74,431,10,106,free,2,1.8582,6.0,4.1308,2.699
74,431,10,106,simul,1,3.6754,3.0,3.1308,3.5219
74,431,10,106,wind,3,2.3968,9.0,5.1308,4.2043
74,431,10,106,tunnel,5,2.0492,15.0,7.1308,4.3106
75,565,1,138,effect,5,0.9524,15.0,7.5326,1.8967
75,565,1,138,stagnat,2,2.3434,6.0,4.5326,3.1021
75,565,1,138,point,1,1.0785,3.0,3.5326,0.9159
75,565,1,138,heat,2,1.5197,6.0,4.5326,2.0117
75,565,1,138,transfer,2,1.905,6.0,4.5326,2.5218
75,565,1,138,result,2,0.7046,6.0,4.5326,0.9328
75,565,1,138,differ,1,1.9848,3.0,3.5326,1.6856
75,565,1,138,viscos,4,3.0939,12.0,6.5326,5.6834
75,565,1,138,temperatur,5,1.6521,15.0,7.5326,3.2899
75,630,2,98,vortic,1,3.2841,3.0,3.0304,3.2512
75,630,2,98,stagnat,3,2.3434,9.0,5.0304,4.1926
75,630,2,98,point,3,1.0785,9.0,5.0304,1.9295
75,630,2,98,result,2,0.7046,6.0,4.0304,1.049
75,630,2,98,viscos,1,3.0939,3.0,3.0304,3.0629
75,630,2,98,temperatur,5,1.6521,15.0,7.0304,3.5249
75,630,2,98,law,1,3.2653,3.0,3.0304,3.2325
75,50,3,101,point,2,1.0785,6.0,4.068,1.5907
75,50,3,101,heat,2,1.5197,6.0,4.068,2.2415
75,50,3,101,transfer,1,1.905,3.0,3.068,1.8628
75,50,3,101,result,2,0.7046,6.0,4.068,1.0393
75,50,3,101,viscos,2,3.0939,6.0,4.068,4.5632
75,50,3,101,temperatur,4,1.6521,12.0,6.068,3.2671
75,50,3,101,law,1,3.2653,3.0,3.068,3.1929
75,50,3,101,assum,1,2.1792,3.0,3.068,2.1309
75,55,4,81,effect,1,0.9524,3.0,2.8169,1.0143
75,55,4,81,point,2,1.0785,6.0,3.8169,1.6953
75,55,4,81,heat,3,1.5197,9.0,4.8169,2.8395
75,55,4,81,transfer,3,1.905,9.0,4.8169,3.5593
75,55,4,81,result,1,0.7046,3.0,2.8169,0.7504
75,55,4,81,viscos,1,3.0939,3.0,2.8169,3.295
75,55,4,81,temperatur,3,1.6521,9.0,4.8169,3.0868
75,55,4,81,assum,2,2.1792,6.0,3.8169,3.4256
75,82,5,204,effect,1,0.9524,3.0,4.3612,0.6552
75,82,5,204,stagnat,2,2.3434,6.0,5.3612,2.6226
75,82,5,204,point,6,1.0785,18.0,9.3612,2.0737
75,82,5,204,heat,4,1.5197,12.0,7.3612,2.4774
75,82,5,204,transfer,1,1.905,3.0,4.3612,1.3104
75,82,5,204,result,2,0.7046,6.0,5.3612,0.7886
75,82,5,204,differ,1,1.9848,3.0,4.3612,1.3654
75,82,5,204,viscos,2,3.0939,6.0,5.3612,3.4626
75,82,5,204,temperatur,3,1.6521,9.0,6.3612,2.3374
75,82,5,204,assum,2,2.1792,6.0,5.3612,2.4389
75,645,6,87,discrep,2,4.4416,6.0,3.8923,6.8468
75,645,6,87,effect,2,0.9524,6.0,3.8923,1.4682
75,645,6,87,stagnat,1,2.3434,3.0,2.8923,2.4307
75,645,6,87,point,1,1.0785,3.0,2.8923,1.1186
75,645,6,87,heat,1,1.5197,3.0,2.8923,1.5763
75,645,6,87,transfer,2,1.905,6.0,3.8923,2.9366
75,645,6,87,result,3,0.7046,9.0,4.8923,1.2963
75,645,6,87,temperatur,1,1.6521,3.0,2.8923,1.7136
75,1395,7,64,vortic,2,3.2841,6.0,3.6035,5.4682
75,1395,7,64,effect,1,0.9524,3.0,2.6035,1.0975
75,1395,7,64,stagnat,1,2.3434,3.0,2.6035,2.7003
75,1395,7,64,point,3,1.0785,9.0,4.6035,2.1085
75,1395,7,64,heat,3,1.5197,9.0,4.6035,2.9711
75,1395,7,64,transfer,3,1.905,9.0,4.6035,3.7243
75,1395,7,64,result,1,0.7046,3.0,2.6035,0.8119
75,1393,8,114,stagnat,5,2.3434,15.0,7.2312,4.8609
75,1393,8,114,point,5,1.0785,15.0,7.2312,2.2371
75,1393,8,114,heat,5,1.5197,15.0,7.2312,3.1524
75,1393,8,114,transfer,5,1.905,15.0,7.2312,3.9516
75,1393,8,114,temperatur,1,1.6521,3.0,3.2312,1.5339
75,1393,8,114,assum,1,2.1792,3.0,3.2312,2.0232
75,54,9,131,stagnat,1,2.3434,3.0,3.4447,2.0409
75,54,9,131,point,2,1.0785,6.0,4.4447,1.4559
75,54,9,131,heat,1,1.5197,3.0,3.4447,1.3235
75,54,9,131,transfer,1,1.905,3.0,3.4447,1.6591
75,54,9,131,result,3,0.7046,9.0,5.4447,1.1648
75,54,9,131,primarili,1,4.3827,3.0,3.4447,3.817
75,54,9,131,viscos,1,3.0939,3.0,3.4447,2.6945
75,54,9,131,temperatur,1,1.6521,3.0,3.4447,1.4388
75,54,9,131,assum,1,2.1792,3.0,3.4447,1.8979
75,584,10,66,heat,3,1.5197,9.0,4.6286,2.955
75,584,10,66,transfer,2,1.905,6.0,3.6286,3.15
75,584,10,66,differ,1,1.9848,3.0,2.6286,2.2653
75,584,10,66,temperatur,4,1.6521,12.0,5.6286,3.5222
75,584,10,66,law,2,3.2653,6.0,3.6286,5.3992
76,630,1,98,one,1,0.9143,3.0,3.0304,0.9052
76,630,1,98,linear,1,2.1481,3.0,3.0304,2.1266
76,630,1,98,viscos,1,3.0939,3.0,3.0304,3.0629
76,630,1,98,temperatur,5,1.6521,15.0,7.0304,3.5249
76,630,1,98,solut,1,1.2349,3.0,3.0304,1.2225
76,630,1,98,shock,3,1.7622,9.0,5.0304,3.1529
76,630,1,98,layer,4,1.2179,12.0,6.0304,2.4235
76,630,1,98,low,2,2.2047,6.0,4.0304,3.2822
76,630,1,98,reynold,2,1.9491,6.0,4.0304,2.9017
76,630,1,98,number,3,0.7937,9.0,5.0304,1.42
76,667,2,146,one,1,0.9143,3.0,3.633,0.755
76,667,2,146,temperatur,1,1.6521,3.0,3.633,1.3642
76,667,2,146,solut,3,1.2349,9.0,5.633,1.973
76,667,2,146,hyperson,2,2.1062,6.0,4.633,2.7277
76,667,2,146,shock,10,1.7622,30.0,12.633,4.1848
76,667,2,146,layer,6,1.2179,18.0,8.633,2.5393
76,667,2,146,low,2,2.2047,6.0,4.633,2.8553
76,667,2,146,reynold,2,1.9491,6.0,4.633,2.5242
76,667,2,146,number,2,0.7937,6.0,4.633,1.0279
76,666,3,79,far,1,3.5436,3.0,2.7918,3.8079
76,666,3,79,solut,1,1.2349,3.0,2.7918,1.327
76,666,3,79,hyperson,1,2.1062,3.0,2.7918,2.2633
76,666,3,79,shock,1,1.7622,3.0,2.7918,1.8936
76,666,3,79,layer,1,1.2179,3.0,2.7918,1.3087
76,666,3,79,low,2,2.2047,6.0,3.7918,3.4887
76,666,3,79,reynold,3,1.9491,9.0,4.7918,3.6608
76,666,3,79,number,3,0.7937,9.0,4.7918,1.4907
76,565,4,138,one,1,0.9143,3.0,3.5326,0.7765
76,565,4,138,linear,2,2.1481,6.0,4.5326,2.8436
76,565,4,138,viscos,4,3.0939,12.0,6.5326,5.6834
76,565,4,138,temperatur,5,1.6521,15.0,7.5326,3.2899
76,565,4,138,solut,5,1.2349,15.0,7.5326,2.4591
76,565,4,138,layer,4,1.2179,12.0,6.5326,2.2372
76,565,4,138,number,5,0.7937,15.0,7.5326,1.5805
76,1394,5,88,solut,1,1.2349,3.0,2.9048,1.2754
76,1394,5,88,hyperson,3,2.1062,9.0,4.9048,3.8647
76,1394,5,88,shock,2,1.7622,6.0,3.9048,2.7078
76,1394,5,88,layer,4,1.2179,12.0,5.9048,2.475
76,1394,5,88,low,3,2.2047,9.0,4.9048,4.0456
76,1394,5,88,reynold,2,1.9491,6.0,3.9048,2.995
76,1394,5,88,number,3,0.7937,9.0,4.9048,1.4564
76,328,6,183,one,3,0.9143,9.0,6.0975,1.3496
76,328,6,183,viscos,1,3.0939,3.0,4.0975,2.2652
76,328,6,183,temperatur,4,1.6521,12.0,7.0975,2.7932
76,328,6,183,solut,1,1.2349,3.0,4.0975,0.9041
76,328,6,183,assum,1,2.1792,3.0,4.0975,1.5955
76,328,6,183,hyperson,1,2.1062,3.0,4.0975,1.5421
76,328,6,183,shock,3,1.7622,9.0,6.0975,2.6011
76,328,6,183,layer,4,1.2179,12.0,7.0975,2.0591
76,328,6,183,reynold,1,1.9491,3.0,4.0975,1.4271
76,328,6,183,number,4,0.7937,12.0,7.0975,1.3419
76,474,7,102,one,1,0.9143,3.0,3.0806,0.8904
76,474,7,102,linear,3,2.1481,9.0,5.0806,3.8053
76,474,7,102,viscos,2,3.0939,6.0,4.0806,4.5492
76,474,7,102,temperatur,2,1.6521,6.0,4.0806,2.4292
76,474,7,102,assum,1,2.1792,3.0,3.0806,2.1222
76,474,7,102,layer,2,1.2179,6.0,4.0806,1.7907
76,474,7,102,number,4,0.7937,12.0,6.0806,1.5663
76,1198,8,147,temperatur,2,1.6521,6.0,4.6455,2.1338
76,1198,8,147,solut,2,1.2349,6.0,4.6455,1.5949
76,1198,8,147,assum,1,2.1792,3.0,3.6455,1.7933
76,1198,8,147,hyperson,4,2.1062,12.0,6.6455,3.8032
76,1198,8,147,shock,2,1.7622,6.0,4.6455,2.276
76,1198,8,147,layer,5,1.2179,15.0,7.6455,2.3894
76,1198,8,147,reynold,1,1.9491,3.0,3.6455,1.604
76,1198,8,147,number,3,0.7937,9.0,5.6455,1.2653
76,171,9,110,one,4,0.9143,12.0,6.181,1.7751
76,171,9,110,viscos,2,3.0939,6.0,4.181,4.4399
76,171,9,110,temperatur,2,1.6521,6.0,4.181,2.3708
76,171,9,110,shock,6,1.7622,18.0,8.181,3.8773
76,171,9,110,low,2,2.2047,6.0,4.181,3.1639
76,171,9,110,number,2,0.7937,6.0,4.181,1.139
76,1007,10,111,one,4,0.9143,12.0,6.1936,1.7715
76,1007,10,111,viscos,1,3.0939,3.0,3.1936,2.9064
76,1007,10,111,temperatur,3,1.6521,9.0,5.1936,2.8629
76,1007,10,111,hyperson,1,2.1062,3.0,3.1936,1.9785
76,1007,10,111,shock,3,1.7622,9.0,5.1936,3.0538
76,1007,10,111,reynold,1,1.9491,3.0,3.1936,1.831
76,1007,10,111,number,5,0.7937,15.0,7.1936,1.655
77,329,1,378,close,1,2.6754,3.0,6.5457,1.2262
77,329,1,378,shock,14,1.7622,42.0,19.5457,3.7867
77,329,1,378,layer,18,1.2179,54.0,23.5457,2.7931
77,329,1,378,theori,4,1.1214,12.0,9.5457,1.4097
77,329,1,378,reynold,3,1.9491,9.0,8.5457,2.0527
77,329,1,378,number,5,0.7937,15.0,10.5457,1.1289
77,329,1,378,merg,10,5.7409,30.0,15.5457,11.0787
77,329,1,378,layer,18,1.2179,54.0,23.5457,2.7931
77,329,1,378,regim,8,3.8272,24.0,13.5457,6.781
77,1395,2,64,shock,1,1.7622,3.0,2.6035,2.0306
77,1395,2,64,layer,3,1.2179,9.0,4.6035,2.381
77,1395,2,64,theori,1,1.1214,3.0,2.6035,1.2921
77,1395,2,64,low,1,2.2047,3.0,2.6035,2.5405
77,1395,2,64,reynold,2,1.9491,6.0,3.6035,3.2454
77,1395,2,64,number,3,0.7937,9.0,4.6035,1.5517
77,1395,2,64,merg,1,5.7409,3.0,2.6035,6.6152
77,1395,2,64,layer,3,1.2179,9.0,4.6035,2.381
77,1395,2,64,regim,1,3.8272,3.0,2.6035,4.4101
77,630,3,98,close,1,2.6754,3.0,3.0304,2.6486
77,630,3,98,shock,3,1.7622,9.0,5.0304,3.1529
77,630,3,98,layer,4,1.2179,12.0,6.0304,2.4235
77,630,3,98,experi,1,2.2178,3.0,3.0304,2.1956
77,630,3,98,low,2,2.2047,6.0,4.0304,3.2822
77,630,3,98,reynold,2,1.9491,6.0,4.0304,2.9017
77,630,3,98,number,3,0.7937,9.0,5.0304,1.42
77,630,3,98,merg,1,5.7409,3.0,3.0304,5.6833
77,630,3,98,layer,4,1.2179,12.0,6.0304,2.4235
77,1264,4,133,comparison,1,2.2997,3.0,3.4698,1.9884
77,1264,4,133,shock,8,1.7622,24.0,10.4698,4.0396
77,1264,4,133,layer,3,1.2179,9.0,5.4698,2.0039
77,1264,4,133,theori,1,1.1214,3.0,3.4698,0.9695
77,1264,4,133,exist,2,2.4785,6.0,4.4698,3.327
77,1264,4,133,experi,1,2.2178,3.0,3.4698,1.9175
77,1264,4,133,reynold,6,1.9491,18.0,8.4698,4.1423
77,1264,4,133,number,8,0.7937,24.0,10.4698,1.8194
77,1264,4,133,layer,3,1.2179,9.0,5.4698,2.0039
77,1264,4,133,regim,1,3.8272,3.0,3.4698,3.309
77,667,5,146,shock,10,1.7622,30.0,12.633,4.1848
77,667,5,146,layer,6,1.2179,18.0,8.633,2.5393
77,667,5,146,theori,3,1.1214,9.0,5.633,1.7916
77,667,5,146,low,2,2.2047,6.0,4.633,2.8553
77,667,5,146,reynold,2,1.9491,6.0,4.633,2.5242
77,667,5,146,number,2,0.7937,6.0,4.633,1.0279
77,667,5,146,layer,6,1.2179,18.0,8.633,2.5393
77,667,5,146,regim,4,3.8272,12.0,6.633,6.924
77,170,6,134,close,2,2.6754,6.0,4.4823,3.5813
77,170,6,134,shock,8,1.7622,24.0,10.4823,4.0347
77,170,6,134,layer,7,1.2179,21.0,9.4823,2.6971
77,170,6,134,theori,1,1.1214,3.0,3.4823,0.966
77,170,6,134,exist,2,2.4785,6.0,4.4823,3.3177
77,170,6,134,experi,3,2.2178,9.0,5.4823,3.6408
77,170,6,134,number,1,0.7937,3.0,3.4823,0.6837
77,170,6,134,layer,7,1.2179,21.0,9.4823,2.6971
77,272,7,307,shock,5,1.7622,15.0,9.6543,2.738
77,272,7,307,layer,12,1.2179,36.0,16.6543,2.6325
77,272,7,307,theori,1,1.1214,3.0,5.6543,0.595
77,272,7,307,experi,3,2.2178,9.0,7.6543,2.6077
77,272,7,307,low,1,2.2047,3.0,5.6543,1.1698
77,272,7,307,reynold,10,1.9491,30.0,14.6543,3.9902
77,272,7,307,number,10,0.7937,30.0,14.6543,1.6248
77,272,7,307,layer,12,1.2179,36.0,16.6543,2.6325
77,572,8,252,close,2,2.6754,6.0,5.9638,2.6916
77,572,8,252,comparison,1,2.2997,3.0,4.9638,1.3899
77,572,8,252,shock,5,1.7622,15.0,8.9638,2.9489
77,572,8,252,layer,7,1.2179,21.0,10.9638,2.3327
77,572,8,252,theori,5,1.1214,15.0,8.9638,1.8765
77,572,8,252,experi,2,2.2178,6.0,5.9638,2.2312
77,572,8,252,reynold,1,1.9491,3.0,4.9638,1.178
77,572,8,252,number,2,0.7937,6.0,5.9638,0.7985
77,572,8,252,layer,7,1.2179,21.0,10.9638,2.3327
77,315,9,266,close,1,2.6754,3.0,5.1396,1.5617
77,315,9,266,shock,1,1.7622,3.0,5.1396,1.0286
77,315,9,266,layer,7,1.2179,21.0,11.1396,2.2959
77,315,9,266,experi,2,2.2178,6.0,6.1396,2.1674
77,315,9,266,low,4,2.2047,12.0,8.1396,3.2504
77,315,9,266,reynold,7,1.9491,21.0,11.1396,3.6744
77,315,9,266,number,7,0.7937,21.0,11.1396,1.4962
77,315,9,266,layer,7,1.2179,21.0,11.1396,2.2959
77,1391,10,126,shock,3,1.7622,9.0,5.3819,2.9469
77,1391,10,126,layer,2,1.2179,6.0,4.3819,1.6676
77,1391,10,126,theori,1,1.1214,3.0,3.3819,0.9947
77,1391,10,126,low,1,2.2047,3.0,3.3819,1.9558
77,1391,10,126,number,1,0.7937,3.0,3.3819,0.7041
77,1391,10,126,layer,2,1.2179,6.0,4.3819,1.6676
77,1391,10,126,regim,5,3.8272,15.0,7.3819,7.7769
78,589,1,140,surg,4,5.7409,12.0,6.5577,10.5053
78,589,1,140,stage,6,3.9678,18.0,8.5577,8.3458
78,589,1,140,axial,1,2.2511,3.0,3.5577,1.8983
78,589,1,140,compressor,13,4.2245,39.0,15.5577,10.59
78,543,2,47,multi,1,5.23,3.0,2.3901,6.5647
78,543,2,47,stage,4,3.9678,12.0,5.3901,8.8336
78,543,2,47,axial,1,2.2511,3.0,2.3901,2.8256
78,543,2,47,compressor,5,4.2245,15.0,6.3901,9.9166
78,588,3,182,surg,1,5.7409,3.0,4.085,4.2161
78,588,3,182,stage,14,3.9678,42.0,17.085,9.754
78,588,3,182,axial,2,2.2511,6.0,5.085,2.6562
78,588,3,182,compressor,7,4.2245,21.0,10.085,8.7967
78,237,4,80,multi,1,5.23,3.0,2.8044,5.5949
78,237,4,80,stage,1,3.9678,3.0,2.8044,4.2446
78,237,4,80,axial,1,2.2511,3.0,2.8044,2.4081
78,237,4,80,compressor,4,4.2245,12.0,5.8044,8.7338
78,590,5,42,stage,3,3.9678,9.0,4.3273,8.2523
78,590,5,42,axial,2,2.2511,6.0,3.3273,4.0594
78,590,5,42,compressor,2,4.2245,6.0,3.3273,7.6179
78,216,6,155,stage,3,3.9678,9.0,5.746,6.2148
78,216,6,155,axial,3,2.2511,9.0,5.746,3.5259
78,216,6,155,compressor,9,4.2245,27.0,11.746,9.7107
78,578,7,53,surg,1,5.7409,3.0,2.4654,6.9857
78,578,7,53,stage,1,3.9678,3.0,2.4654,4.8282
78,578,7,53,compressor,2,4.2245,6.0,3.4654,7.3143
78,576,8,268,stage,13,3.9678,39.0,17.1647,9.0153
78,576,8,268,axial,1,2.2511,3.0,5.1647,1.3076
78,576,8,268,compressor,4,4.2245,12.0,8.1647,6.209
78,592,9,48,stage,1,3.9678,3.0,2.4026,4.9543
78,592,9,48,axial,2,2.2511,6.0,3.4026,3.9695
78,592,9,48,compressor,2,4.2245,6.0,3.4026,7.4493
78,426,10,89,stage,1,3.9678,3.0,2.9174,4.0802
78,426,10,89,axial,3,2.2511,9.0,4.9174,4.1201
78,426,10,89,compressor,3,4.2245,9.0,4.9174,7.7319
79,199,1,210,deriv,16,1.8813,48.0,19.4365,4.646
79,199,1,210,measur,6,1.7135,18.0,9.4365,3.2685
79,199,1,210,number,6,0.7937,18.0,9.4365,1.5139
79,199,1,210,comparison,3,2.2997,9.0,6.4365,3.2157
79,199,1,210,made,5,1.3799,15.0,8.4365,2.4534
79,199,1,210,theoret,3,1.7832,9.0,6.4365,2.4934
79,1066,2,224,aerodynam,9,2.0548,27.0,12.6123,4.3988
79,1066,2,224,deriv,3,1.8813,9.0,6.6123,2.5607
79,1066,2,224,measur,4,1.7135,12.0,7.6123,2.7012
79,1066,2,224,mach,5,1.2826,15.0,8.6123,2.234
79,1066,2,224,number,5,0.7937,15.0,8.6123,1.3824
79,1066,2,224,comparison,1,2.2997,3.0,4.6123,1.4958
79,1066,2,224,made,1,1.3799,3.0,4.6123,0.8975
79,544,3,60,aerodynam,1,2.0548,3.0,2.5533,2.4143
79,544,3,60,deriv,2,1.8813,6.0,3.5533,3.1767
79,544,3,60,measur,2,1.7135,6.0,3.5533,2.8934
79,544,3,60,hyperson,3,2.1062,9.0,4.5533,4.1631
79,544,3,60,theoret,2,1.7832,6.0,3.5533,3.0111
79,567,4,101,aerodynam,2,2.0548,6.0,4.068,3.0306
79,567,4,101,hyperson,2,2.1062,6.0,4.068,3.1065
79,567,4,101,mach,6,1.2826,18.0,8.068,2.8616
79,567,4,101,number,6,0.7937,18.0,8.068,1.7707
79,567,4,101,comparison,2,2.2997,6.0,4.068,3.3919
79,567,4,101,made,1,1.3799,3.0,3.068,1.3493
79,755,5,77,deriv,3,1.8813,9.0,4.7667,3.5521
79,755,5,77,measur,3,1.7135,9.0,4.7667,3.2353
79,755,5,77,mach,2,1.2826,6.0,3.7667,2.0431
79,755,5,77,number,2,0.7937,6.0,3.7667,1.2643
79,755,5,77,made,1,1.3799,3.0,2.7667,1.4962
79,755,5,77,work,1,2.5131,3.0,2.7667,2.725
79,56,6,126,deriv,2,1.8813,6.0,4.3819,2.576
79,56,6,126,hyperson,3,2.1062,9.0,5.3819,3.5222
79,56,6,126,mach,5,1.2826,15.0,7.3819,2.6063
79,56,6,126,number,5,0.7937,15.0,7.3819,1.6128
79,56,6,126,comparison,1,2.2997,3.0,3.3819,2.04
79,56,6,126,made,1,1.3799,3.0,3.3819,1.2241
79,1310,7,166,deriv,3,1.8813,9.0,5.8841,2.8775
79,1310,7,166,hyperson,6,2.1062,18.0,8.8841,4.2674
79,1310,7,166,mach,2,1.2826,6.0,4.8841,1.5757
79,1310,7,166,number,3,0.7937,9.0,5.8841,1.214
79,1310,7,166,made,2,1.3799,6.0,4.8841,1.6952
79,1310,7,166,work,1,2.5131,3.0,3.8841,1.9411
79,413,8,93,deriv,1,1.8813,3.0,2.9676,1.9019
79,413,8,93,measur,2,1.7135,6.0,3.9676,2.5913
79,413,8,93,mach,2,1.2826,6.0,3.9676,1.9397
79,413,8,93,number,4,0.7937,12.0,5.9676,1.596
79,413,8,93,made,1,1.3799,3.0,2.9676,1.395
79,413,8,93,work,2,2.5131,6.0,3.9676,3.8005
79,202,9,176,aerodynam,4,2.0548,12.0,7.0096,3.5176
79,202,9,176,measur,1,1.7135,3.0,4.0096,1.2821
79,202,9,176,made,2,1.3799,6.0,5.0096,1.6527
79,202,9,176,theoret,4,1.7832,12.0,7.0096,3.0528
79,202,9,176,work,2,2.5131,6.0,5.0096,3.01
79,466,10,133,mach,6,1.2826,18.0,8.4698,2.7259
79,466,10,133,number,6,0.7937,18.0,8.4698,1.6867
79,466,10,133,comparison,1,2.2997,3.0,3.4698,1.9884
79,466,10,133,made,1,1.3799,3.0,3.4698,1.1931
79,466,10,133,theoret,1,1.7832,3.0,3.4698,1.5418
79,466,10,133,work,2,2.5131,6.0,4.4698,3.3735
80,544,1,60,measur,2,1.7135,6.0,3.5533,2.8934
80,544,1,60,aerodynam,1,2.0548,3.0,2.5533,2.4143
80,544,1,60,deriv,2,1.8813,6.0,3.5533,3.1767
80,544,1,60,avail,1,2.8443,3.0,2.5533,3.342
80,544,1,60,short,1,3.5436,3.0,2.5533,4.1636
80,544,1,60,run,1,4.5041,3.0,2.5533,5.2921
80,544,1,60,time,1,2.2178,3.0,2.5533,2.6058
80,546,2,87,method,1,1.1235,3.0,2.8923,1.1654
80,546,2,87,measur,2,1.7135,6.0,3.8923,2.6414
80,546,2,87,aerodynam,1,2.0548,3.0,2.8923,2.1313
80,546,2,87,use,2,1.0037,6.0,3.8923,1.5472
80,546,2,87,run,2,4.5041,6.0,3.8923,6.9432
80,546,2,87,time,3,2.2178,9.0,4.8923,4.0799
80,1335,3,117,measur,2,1.7135,6.0,4.2689,2.4084
80,1335,3,117,aerodynam,3,2.0548,9.0,5.2689,3.5098
80,1335,3,117,use,4,1.0037,12.0,6.2689,1.9213
80,1335,3,117,short,1,3.5436,3.0,3.2689,3.2521
80,1335,3,117,time,3,2.2178,9.0,5.2689,3.7883
80,441,4,163,method,1,1.1235,3.0,3.8464,0.8763
80,441,4,163,measur,1,1.7135,3.0,3.8464,1.3365
80,441,4,163,aerodynam,5,2.0548,15.0,7.8464,3.9281
80,441,4,163,deriv,1,1.8813,3.0,3.8464,1.4673
80,441,4,163,avail,2,2.8443,6.0,4.8464,3.5214
80,441,4,163,use,1,1.0037,3.0,3.8464,0.7828
80,441,4,163,time,2,2.2178,6.0,4.8464,2.7457
80,602,5,78,method,1,1.1235,3.0,2.7793,1.2128
80,602,5,78,measur,1,1.7135,3.0,2.7793,1.8496
80,602,5,78,use,1,1.0037,3.0,2.7793,1.0834
80,602,5,78,run,1,4.5041,3.0,2.7793,4.8618
80,602,5,78,facil,1,4.5708,3.0,2.7793,4.9338
80,813,6,75,method,1,1.1235,3.0,2.7416,1.2294
80,813,6,75,measur,1,1.7135,3.0,2.7416,1.875
80,813,6,75,aerodynam,2,2.0548,6.0,3.7416,3.295
80,813,6,75,deriv,3,1.8813,9.0,4.7416,3.5709
80,813,6,75,use,1,1.0037,3.0,2.7416,1.0983
80,813,6,75,time,1,2.2178,3.0,2.7416,2.4268
80,1019,7,142,method,5,1.1235,15.0,7.5828,2.2226
80,1019,7,142,measur,1,1.7135,3.0,3.5828,1.4348
80,1019,7,142,deriv,1,1.8813,3.0,3.5828,1.5753
80,1019,7,142,use,1,1.0037,3.0,3.5828,0.8404
80,1019,7,142,short,1,3.5436,3.0,3.5828,2.9672
80,1019,7,142,time,5,2.2178,15.0,7.5828,4.3871
80,790,8,125,method,2,1.1235,6.0,4.3693,1.5429
80,790,8,125,measur,4,1.7135,12.0,6.3693,3.2283
80,790,8,125,deriv,6,1.8813,18.0,8.3693,4.0461
80,790,8,125,use,2,1.0037,6.0,4.3693,1.3783
80,790,8,125,short,1,3.5436,3.0,3.3693,3.1552
80,1020,9,80,measur,1,1.7135,3.0,2.8044,1.8331
80,1020,9,80,deriv,1,1.8813,3.0,2.8044,2.0125
80,1020,9,80,use,1,1.0037,3.0,2.8044,1.0737
80,1020,9,80,short,1,3.5436,3.0,2.8044,3.7908
80,1020,9,80,time,3,2.2178,9.0,4.8044,4.1545
80,168,10,144,measur,3,1.7135,9.0,5.6079,2.75
80,168,10,144,could,1,3.1098,3.0,3.6079,2.5858
80,168,10,144,short,1,3.5436,3.0,3.6079,2.9466
80,168,10,144,time,5,2.2178,15.0,7.6079,4.3727
81,799,1,141,wind,1,2.3968,3.0,3.5702,2.014
81,799,1,141,tunnel,4,2.0492,12.0,6.5702,3.7427
81,799,1,141,correct,3,2.9614,9.0,5.5702,4.7848
81,799,1,141,two,2,0.8439,6.0,4.5702,1.1079
81,799,1,141,dimension,2,1.7748,6.0,4.5702,2.33
81,799,1,141,aerofoil,2,3.8272,6.0,4.5702,5.0245
81,799,1,141,tunnel,4,2.0492,12.0,6.5702,3.7427
81,714,2,61,wind,3,2.3968,9.0,4.5658,4.7245
81,714,2,61,tunnel,4,2.0492,12.0,5.5658,4.4181
81,714,2,61,correct,3,2.9614,9.0,4.5658,5.8373
81,714,2,61,dimension,2,1.7748,6.0,3.5658,2.9863
81,714,2,61,tunnel,4,2.0492,12.0,5.5658,4.4181
81,755,3,77,wind,2,2.3968,6.0,3.7667,3.8179
81,755,3,77,tunnel,3,2.0492,9.0,4.7667,3.8691
81,755,3,77,two,3,0.8439,9.0,4.7667,1.5933
81,755,3,77,mount,2,4.2245,6.0,3.7667,6.7292
81,755,3,77,tunnel,3,2.0492,9.0,4.7667,3.8691
81,631,4,50,wind,1,2.3968,3.0,2.4277,2.9618
81,631,4,50,tunnel,1,2.0492,3.0,2.4277,2.5322
81,631,4,50,two,3,0.8439,9.0,4.4277,1.7153
81,631,4,50,dimension,2,1.7748,6.0,3.4277,3.1066
81,631,4,50,aerofoil,2,3.8272,6.0,3.4277,6.6993
81,631,4,50,tunnel,1,2.0492,3.0,2.4277,2.5322
81,672,5,48,tunnel,2,2.0492,6.0,3.4026,3.6135
81,672,5,48,correct,1,2.9614,3.0,2.4026,3.6976
81,672,5,48,two,1,0.8439,3.0,2.4026,1.0537
81,672,5,48,dimension,1,1.7748,3.0,2.4026,2.216
81,672,5,48,aerofoil,1,3.8272,3.0,2.4026,4.7788
81,672,5,48,tunnel,2,2.0492,6.0,3.4026,3.6135
81,140,6,198,wind,3,2.3968,9.0,6.2858,3.4318
81,140,6,198,tunnel,3,2.0492,9.0,6.2858,2.934
81,140,6,198,correct,2,2.9614,6.0,5.2858,3.3615
81,140,6,198,two,1,0.8439,3.0,4.2858,0.5907
81,140,6,198,dimension,2,1.7748,6.0,5.2858,2.0146
81,140,6,198,centr,1,4.6423,3.0,4.2858,3.2495
81,140,6,198,tunnel,3,2.0492,9.0,6.2858,2.934
81,904,7,111,wind,5,2.3968,15.0,7.1936,4.9978
81,904,7,111,tunnel,6,2.0492,18.0,8.1936,4.5018
81,904,7,111,correct,1,2.9614,3.0,3.1936,2.7819
81,904,7,111,tunnel,6,2.0492,18.0,8.1936,4.5018
81,1153,8,89,wind,5,2.3968,15.0,6.9174,5.1974
81,1153,8,89,tunnel,5,2.0492,15.0,6.9174,4.4436
81,1153,8,89,two,1,0.8439,3.0,2.9174,0.8678
81,1153,8,89,dimension,1,1.7748,3.0,2.9174,1.825
81,1153,8,89,tunnel,5,2.0492,15.0,6.9174,4.4436
81,203,9,42,two,1,0.8439,3.0,2.3273,1.0878
81,203,9,42,dimension,1,1.7748,3.0,2.3273,2.2878
81,203,9,42,aerofoil,2,3.8272,6.0,3.3273,6.9015
81,203,9,42,centr,1,4.6423,3.0,2.3273,5.9841
81,544,10,60,wind,1,2.3968,3.0,2.5533,2.8162
81,544,10,60,tunnel,1,2.0492,3.0,2.5533,2.4077
81,544,10,60,two,1,0.8439,3.0,2.5533,0.9915
81,544,10,60,dimension,1,1.7748,3.0,2.5533,2.0853
81,544,10,60,aerofoil,1,3.8272,3.0,2.5533,4.4968
81,544,10,60,tunnel,1,2.0492,3.0,2.5533,2.4077
82,678,1,55,method,2,1.1235,6.0,3.4905,1.9313
82,678,1,55,calcul,3,1.4504,9.0,4.4905,2.9069
82,678,1,55,lift,2,2.1729,6.0,3.4905,3.7351
82,678,1,55,distribut,1,1.3547,3.0,2.4905,1.6318
82,678,1,55,swept,3,3.7334,9.0,4.4905,7.4826
82,678,1,55,wing,5,1.8222,15.0,6.4905,4.2112
82,678,1,55,compar,1,1.7335,3.0,2.4905,2.0882
82,1334,2,90,method,1,1.1235,3.0,2.9299,1.1504
82,1334,2,90,calcul,5,1.4504,15.0,6.9299,3.1394
82,1334,2,90,lift,2,2.1729,6.0,3.9299,3.3175
82,1334,2,90,distribut,5,1.3547,15.0,6.9299,2.9322
82,1334,2,90,swept,2,3.7334,6.0,3.9299,5.6999
82,1334,2,90,wing,5,1.8222,15.0,6.9299,3.9442
82,1334,2,90,subson,1,2.5131,3.0,2.9299,2.5732
82,1334,2,90,flow,1,0.6512,3.0,2.9299,0.6668
82,1339,3,136,method,4,1.1235,12.0,6.5074,2.0719
82,1339,3,136,calcul,4,1.4504,12.0,6.5074,2.6746
82,1339,3,136,lift,3,2.1729,9.0,5.5074,3.5508
82,1339,3,136,distribut,3,1.3547,9.0,5.5074,2.2138
82,1339,3,136,swept,2,3.7334,6.0,4.5074,4.9696
82,1339,3,136,wing,4,1.8222,12.0,6.5074,3.3602
82,1339,3,136,subson,2,2.5131,6.0,4.5074,3.3453
82,1339,3,136,flow,2,0.6512,6.0,4.5074,0.8668
82,247,4,107,method,3,1.1235,9.0,5.1434,1.966
82,247,4,107,calcul,3,1.4504,9.0,5.1434,2.538
82,247,4,107,lift,1,2.1729,3.0,3.1434,2.0738
82,247,4,107,distribut,1,1.3547,3.0,3.1434,1.2929
82,247,4,107,swept,1,3.7334,3.0,3.1434,3.5631
82,247,4,107,wing,7,1.8222,21.0,9.1434,4.1851
82,247,4,107,subson,1,2.5131,3.0,3.1434,2.3985
82,247,4,107,flow,1,0.6512,3.0,3.1434,0.6215
82,247,4,107,compar,1,1.7335,3.0,3.1434,1.6545
82,676,5,44,method,2,1.1235,6.0,3.3524,2.0109
82,676,5,44,calcul,3,1.4504,9.0,4.3524,2.9992
82,676,5,44,swept,1,3.7334,3.0,2.3524,4.7612
82,676,5,44,wing,3,1.8222,9.0,4.3524,3.768
82,676,5,44,subson,1,2.5131,3.0,2.3524,3.205
82,676,5,44,experi,1,2.2178,3.0,2.3524,2.8283
82,1332,6,81,method,2,1.1235,6.0,3.8169,1.7661
82,1332,6,81,calcul,5,1.4504,15.0,6.8169,3.1915
82,1332,6,81,lift,2,2.1729,6.0,3.8169,3.4157
82,1332,6,81,distribut,5,1.3547,15.0,6.8169,2.9808
82,1332,6,81,wing,4,1.8222,12.0,5.8169,3.7591
82,1332,6,81,subson,1,2.5131,3.0,2.8169,2.6765
82,1332,6,81,flow,1,0.6512,3.0,2.8169,0.6935
82,677,7,152,method,7,1.1235,21.0,9.7083,2.4303
82,677,7,152,calcul,4,1.4504,12.0,6.7083,2.5945
82,677,7,152,lift,5,2.1729,15.0,7.7083,4.2283
82,677,7,152,distribut,2,1.3547,6.0,4.7083,1.7263
82,677,7,152,wing,4,1.8222,12.0,6.7083,3.2596
82,677,7,152,subson,1,2.5131,3.0,3.7083,2.0331
82,677,7,152,compar,2,1.7335,6.0,4.7083,2.2091
82,781,8,129,method,3,1.1235,9.0,5.4196,1.8658
82,781,8,129,calcul,4,1.4504,12.0,6.4196,2.7112
82,781,8,129,lift,1,2.1729,3.0,3.4196,1.9063
82,781,8,129,distribut,1,1.3547,3.0,3.4196,1.1885
82,781,8,129,wing,3,1.8222,9.0,5.4196,3.026
82,781,8,129,subson,3,2.5131,9.0,5.4196,4.1734
82,781,8,129,flow,1,0.6512,3.0,3.4196,0.5713
82,781,8,129,experi,2,2.2178,6.0,4.4196,3.0109
82,1289,9,150,method,3,1.1235,9.0,5.6832,1.7793
82,1289,9,150,calcul,7,1.4504,21.0,9.6832,3.1455
82,1289,9,150,lift,5,2.1729,15.0,7.6832,4.2422
82,1289,9,150,distribut,1,1.3547,3.0,3.6832,1.1034
82,1289,9,150,wing,6,1.8222,18.0,8.6832,3.7774
82,1289,9,150,subson,1,2.5131,3.0,3.6832,2.047
82,1289,9,150,flow,2,0.6512,6.0,4.6832,0.8343
82,1289,9,150,compar,1,1.7335,3.0,3.6832,1.412
82,465,10,64,method,1,1.1235,3.0,2.6035,1.2947
82,465,10,64,calcul,1,1.4504,3.0,2.6035,1.6713
82,465,10,64,lift,3,2.1729,9.0,4.6035,4.2481
82,465,10,64,distribut,1,1.3547,3.0,2.6035,1.561
82,465,10,64,wing,3,1.8222,9.0,4.6035,3.5625
82,465,10,64,subson,1,2.5131,3.0,2.6035,2.8959
82,465,10,64,flow,2,0.6512,6.0,3.6035,1.0843
82,465,10,64,compar,1,1.7335,3.0,2.6035,1.9975
83,753,1,152,present,1,1.0154,3.0,3.7083,0.8215
83,753,1,152,state,3,2.9614,9.0,5.7083,4.669
83,753,1,152,theori,3,1.1214,9.0,5.7083,1.768
83,753,1,152,quasi,8,4.2245,24.0,10.7083,9.4682
83,1275,2,58,state,3,2.9614,9.0,4.5282,5.8859
83,1275,2,58,quasi,3,4.2245,9.0,4.5282,8.3965
83,1275,2,58,flow,6,0.6512,18.0,7.5282,1.5571
83,898,3,31,present,2,1.0154,6.0,3.1892,1.9104
83,898,3,31,state,1,2.9614,3.0,2.1892,4.0581
83,898,3,31,theori,1,1.1214,3.0,2.1892,1.5367
83,898,3,31,conic,2,3.0477,6.0,3.1892,5.7339
83,680,4,78,theori,4,1.1214,12.0,5.7793,2.3284
83,680,4,78,quasi,1,4.2245,3.0,2.7793,4.56
83,680,4,78,conic,2,3.0477,6.0,3.7793,4.8386
83,680,4,78,flow,2,0.6512,6.0,3.7793,1.0339
83,428,5,101,present,1,1.0154,3.0,3.068,0.9929
83,428,5,101,theori,1,1.1214,3.0,3.068,1.0965
83,428,5,101,quasi,4,4.2245,12.0,6.068,8.3543
83,428,5,101,flow,3,0.6512,9.0,5.068,1.1564
83,1196,6,61,present,2,1.0154,6.0,3.5658,1.7086
83,1196,6,61,state,1,2.9614,3.0,2.5658,3.4624
83,1196,6,61,theori,1,1.1214,3.0,2.5658,1.3111
83,1196,6,61,quasi,1,4.2245,3.0,2.5658,4.9393
83,224,7,39,theori,1,1.1214,3.0,2.2896,1.4693
83,224,7,39,quasi,2,4.2245,6.0,3.2896,7.7051
83,224,7,39,flow,1,0.6512,3.0,2.2896,0.8533
83,688,8,158,present,1,1.0154,3.0,3.7836,0.8051
83,688,8,158,theori,4,1.1214,12.0,6.7836,1.9836
83,688,8,158,conic,6,3.0477,18.0,8.7836,6.2456
83,688,8,158,flow,2,0.6512,6.0,4.7836,0.8168
83,633,9,49,present,1,1.0154,3.0,2.4152,1.2613
83,633,9,49,conic,4,3.0477,12.0,5.4152,6.7538
83,633,9,49,flow,4,0.6512,12.0,5.4152,1.4431
83,122,10,133,present,1,1.0154,3.0,3.4698,0.878
83,122,10,133,theori,3,1.1214,9.0,5.4698,1.8451
83,122,10,133,conic,4,3.0477,12.0,6.4698,5.6529
83,122,10,133,flow,2,0.6512,6.0,4.4698,0.8742
84,294,1,165,refer,1,2.9752,3.0,3.8715,2.3055
84,294,1,165,method,1,1.1235,3.0,3.8715,0.8706
84,294,1,165,accur,1,2.9208,3.0,3.8715,2.2633
84,294,1,165,estim,2,2.5862,6.0,4.8715,3.1853
84,294,1,165,heat,5,1.5197,15.0,7.8715,2.896
84,294,1,165,transfer,4,1.905,12.0,6.8715,3.3268
84,294,1,165,conic,1,3.0477,3.0,3.8715,2.3617
84,294,1,165,bodi,2,1.5631,6.0,4.8715,1.9251
84,294,1,165,laminar,4,1.7875,12.0,6.8715,3.1216
84,294,1,165,turbul,5,2.2648,15.0,7.8715,4.3157
84,294,1,165,flow,2,0.6512,6.0,4.8715,0.8021
84,522,2,224,refer,1,2.9752,3.0,4.6123,1.9352
84,522,2,224,method,3,1.1235,9.0,6.6123,1.5293
84,522,2,224,avail,1,2.8443,3.0,4.6123,1.8501
84,522,2,224,heat,7,1.5197,21.0,10.6123,3.0073
84,522,2,224,transfer,5,1.905,15.0,8.6123,3.3179
84,522,2,224,conic,2,3.0477,6.0,5.6123,3.2583
84,522,2,224,bodi,6,1.5631,18.0,9.6123,2.927
84,522,2,224,laminar,3,1.7875,9.0,6.6123,2.433
84,522,2,224,turbul,6,2.2648,18.0,9.6123,4.241
84,522,2,224,flow,2,0.6512,6.0,5.6123,0.6962
84,873,3,101,refer,1,2.9752,3.0,3.068,2.9093
84,873,3,101,method,1,1.1235,3.0,3.068,1.0986
84,873,3,101,accur,1,2.9208,3.0,3.068,2.856
84,873,3,101,heat,6,1.5197,18.0,8.068,3.3905
84,873,3,101,transfer,5,1.905,15.0,7.068,4.0429
84,873,3,101,laminar,2,1.7875,6.0,4.068,2.6364
84,873,3,101,turbul,2,2.2648,6.0,4.068,3.3403
84,873,3,101,flow,3,0.6512,9.0,5.068,1.1564
84,554,4,97,estim,1,2.5862,3.0,3.0178,2.571
84,554,4,97,heat,7,1.5197,21.0,9.0178,3.539
84,554,4,97,transfer,6,1.905,18.0,8.0178,4.2767
84,554,4,97,bodi,1,1.5631,3.0,3.0178,1.5538
84,554,4,97,laminar,2,1.7875,6.0,4.0178,2.6693
84,554,4,97,turbul,2,2.2648,6.0,4.0178,3.3821
84,555,5,98,estim,1,2.5862,3.0,3.0304,2.5603
84,555,5,98,heat,6,1.5197,18.0,8.0304,3.4064
84,555,5,98,transfer,1,1.905,3.0,3.0304,1.8859
84,555,5,98,bodi,2,1.5631,6.0,4.0304,2.3269
84,555,5,98,laminar,3,1.7875,9.0,5.0304,3.1981
84,555,5,98,turbul,3,2.2648,9.0,5.0304,4.052
84,142,6,69,aerodynam,1,2.0548,3.0,2.6663,2.3119
84,142,6,69,heat,4,1.5197,12.0,5.6663,3.2185
84,142,6,69,transfer,3,1.905,9.0,4.6663,3.6742
84,142,6,69,bodi,1,1.5631,3.0,2.6663,1.7587
84,142,6,69,laminar,1,1.7875,3.0,2.6663,2.0112
84,142,6,69,turbul,3,2.2648,9.0,4.6663,4.3681
84,1104,7,191,avail,2,2.8443,6.0,5.198,3.2832
84,1104,7,191,aerodynam,2,2.0548,6.0,5.198,2.3718
84,1104,7,191,heat,8,1.5197,24.0,11.198,3.2571
84,1104,7,191,transfer,2,1.905,6.0,5.198,2.1989
84,1104,7,191,bodi,5,1.5631,15.0,8.198,2.86
84,1104,7,191,laminar,1,1.7875,3.0,4.198,1.2774
84,1104,7,191,turbul,1,2.2648,3.0,4.198,1.6185
84,1104,7,191,flow,1,0.6512,3.0,4.198,0.4654
84,36,8,78,accur,1,2.9208,3.0,2.7793,3.1528
84,36,8,78,estim,1,2.5862,3.0,2.7793,2.7916
84,36,8,78,aerodynam,1,2.0548,3.0,2.7793,2.218
84,36,8,78,heat,2,1.5197,6.0,3.7793,2.4127
84,36,8,78,transfer,2,1.905,6.0,3.7793,3.0244
84,36,8,78,bodi,3,1.5631,9.0,4.7793,2.9435
84,36,8,78,flow,1,0.6512,3.0,2.7793,0.7029
84,17,9,79,refer,1,2.9752,3.0,2.7918,3.1971
84,17,9,79,avail,1,2.8443,3.0,2.7918,3.0564
84,17,9,79,estim,2,2.5862,6.0,3.7918,4.0923
84,17,9,79,bodi,1,1.5631,3.0,2.7918,1.6796
84,17,9,79,turbul,2,2.2648,6.0,3.7918,3.5837
84,17,9,79,flow,4,0.6512,12.0,5.7918,1.3492
84,1281,10,130,method,2,1.1235,6.0,4.4321,1.521
84,1281,10,130,estim,1,2.5862,3.0,3.4321,2.2606
84,1281,10,130,heat,1,1.5197,3.0,3.4321,1.3284
84,1281,10,130,transfer,1,1.905,3.0,3.4321,1.6652
84,1281,10,130,bodi,1,1.5631,3.0,3.4321,1.3663
84,1281,10,130,laminar,3,1.7875,9.0,5.4321,2.9615
84,1281,10,130,turbul,5,2.2648,15.0,7.4321,4.5709
84,1281,10,130,flow,3,0.6512,9.0,5.4321,1.0789
85,710,1,157,paramet,3,2.1983,9.0,5.7711,3.4282
85,710,1,157,natur,1,3.2286,3.0,3.7711,2.5684
85,710,1,157,transit,3,2.707,9.0,5.7711,4.2215
85,710,1,157,laminar,2,1.7875,6.0,4.7711,2.2479
85,710,1,157,turbul,1,2.2648,3.0,3.7711,1.8017
85,710,1,157,flow,4,0.6512,12.0,6.7711,1.1541
85,710,1,157,wind,1,2.3968,3.0,3.7711,1.9067
85,710,1,157,tunnel,2,2.0492,6.0,4.7711,2.577
85,315,2,266,natur,1,3.2286,3.0,5.1396,1.8845
85,315,2,266,transit,12,2.707,36.0,16.1396,6.038
85,315,2,266,laminar,2,1.7875,6.0,6.1396,1.7469
85,315,2,266,turbul,7,2.2648,21.0,11.1396,4.2695
85,315,2,266,flow,4,0.6512,12.0,8.1396,0.9601
85,315,2,266,model,2,2.066,6.0,6.1396,2.019
85,315,2,266,wind,1,2.3968,3.0,5.1396,1.399
85,315,2,266,tunnel,1,2.0492,3.0,5.1396,1.1961
85,798,3,341,serious,2,4.8936,6.0,7.0812,4.1464
85,798,3,341,influenc,1,2.6249,3.0,6.0812,1.2949
85,798,3,341,natur,1,3.2286,3.0,6.0812,1.5927
85,798,3,341,transit,1,2.707,3.0,6.0812,1.3354
85,798,3,341,laminar,4,1.7875,12.0,9.0812,2.362
85,798,3,341,turbul,8,2.2648,24.0,13.0812,4.1552
85,798,3,341,flow,5,0.6512,15.0,10.0812,0.969
85,798,3,341,model,4,2.066,12.0,9.0812,2.73
85,184,4,83,paramet,1,2.1983,3.0,2.842,2.3205
85,184,4,83,laminar,1,1.7875,3.0,2.842,1.8868
85,184,4,83,turbul,1,2.2648,3.0,2.842,2.3906
85,184,4,83,flow,1,0.6512,3.0,2.842,0.6874
85,184,4,83,model,3,2.066,9.0,4.842,3.8401
85,184,4,83,wind,1,2.3968,3.0,2.842,2.53
85,184,4,83,tunnel,3,2.0492,9.0,4.842,3.8089
85,294,5,165,transit,6,2.707,18.0,8.8715,5.4924
85,294,5,165,laminar,4,1.7875,12.0,6.8715,3.1216
85,294,5,165,turbul,5,2.2648,15.0,7.8715,4.3157
85,294,5,165,flow,2,0.6512,6.0,4.8715,0.8021
85,294,5,165,model,4,2.066,12.0,6.8715,3.6079
85,80,6,185,paramet,1,2.1983,3.0,4.1226,1.5997
85,80,6,185,influenc,1,2.6249,3.0,4.1226,1.9101
85,80,6,185,transit,6,2.707,18.0,9.1226,5.3412
85,80,6,185,laminar,1,1.7875,3.0,4.1226,1.3007
85,80,6,185,turbul,4,2.2648,12.0,7.1226,3.8156
85,80,6,185,model,1,2.066,3.0,4.1226,1.5034
85,80,6,185,tunnel,1,2.0492,3.0,4.1226,1.4912
85,84,7,102,paramet,2,2.1983,6.0,4.0806,3.2323
85,84,7,102,influenc,2,2.6249,6.0,4.0806,3.8596
85,84,7,102,laminar,1,1.7875,3.0,3.0806,1.7407
85,84,7,102,flow,7,0.6512,21.0,9.0806,1.506
85,84,7,102,model,1,2.066,3.0,3.0806,2.0119
85,84,7,102,wind,1,2.3968,3.0,3.0806,2.3341
85,84,7,102,tunnel,1,2.0492,3.0,3.0806,1.9956
85,314,8,105,transit,3,2.707,9.0,5.1182,4.76
85,314,8,105,laminar,1,1.7875,3.0,3.1182,1.7197
85,314,8,105,flow,1,0.6512,3.0,3.1182,0.6265
85,314,8,105,model,2,2.066,6.0,4.1182,3.01
85,314,8,105,wind,2,2.3968,6.0,4.1182,3.492
85,314,8,105,tunnel,2,2.0492,6.0,4.1182,2.9856
85,1155,9,70,influenc,2,2.6249,6.0,3.6788,4.2811
85,1155,9,70,model,2,2.066,6.0,3.6788,3.3695
85,1155,9,70,wind,3,2.3968,9.0,4.6788,4.6104
85,1155,9,70,tunnel,3,2.0492,9.0,4.6788,3.9418
85,522,10,224,transit,9,2.707,27.0,12.6123,5.795
85,522,10,224,laminar,3,1.7875,9.0,6.6123,2.433
85,522,10,224,turbul,6,2.2648,18.0,9.6123,4.241
85,522,10,224,flow,2,0.6512,6.0,5.6123,0.6962
85,522,10,224,model,3,2.066,9.0,6.6123,2.812
86,755,1,77,develop,2,1.6671,6.0,3.7667,2.6555
86,755,1,77,measur,3,1.7135,9.0,4.7667,3.2353
86,755,1,77,oscillatori,2,4.1769,6.0,3.7667,6.6534
86,755,1,77,deriv,3,1.8813,9.0,4.7667,3.5521
86,755,1,77,sting,2,5.3731,6.0,3.7667,8.5589
86,755,1,77,mount,2,4.2245,6.0,3.7667,6.7292
86,755,1,77,model,3,2.066,9.0,4.7667,3.9007
86,755,1,77,superson,1,1.6447,3.0,2.7667,1.7833
86,755,1,77,wind,2,2.3968,6.0,3.7667,3.8179
86,755,1,77,tunnel,3,2.0492,9.0,4.7667,3.8691
86,594,2,36,techniqu,3,2.6448,9.0,4.252,5.5981
86,594,2,36,measur,3,1.7135,9.0,4.252,3.627
86,594,2,36,oscillatori,2,4.1769,6.0,3.252,7.7065
86,594,2,36,deriv,2,1.8813,6.0,3.252,3.4711
86,594,2,36,wind,3,2.3968,9.0,4.252,5.0733
86,594,2,36,tunnel,3,2.0492,9.0,4.252,4.3375
86,790,3,125,experiment,1,1.4175,3.0,3.3693,1.2621
86,790,3,125,techniqu,1,2.6448,3.0,3.3693,2.3549
86,790,3,125,measur,4,1.7135,12.0,6.3693,3.2283
86,790,3,125,oscillatori,3,4.1769,9.0,5.3693,7.0012
86,790,3,125,deriv,6,1.8813,18.0,8.3693,4.0461
86,790,3,125,model,1,2.066,3.0,3.3693,1.8395
86,790,3,125,superson,1,1.6447,3.0,3.3693,1.4644
86,790,3,125,wind,2,2.3968,6.0,4.3693,3.2913
86,790,3,125,tunnel,2,2.0492,6.0,4.3693,2.814
86,431,4,106,measur,4,1.7135,12.0,6.1308,3.3539
86,431,4,106,sting,3,5.3731,9.0,5.1308,9.4251
86,431,4,106,model,5,2.066,15.0,7.1308,4.3459
86,431,4,106,wind,3,2.3968,9.0,5.1308,4.2043
86,431,4,106,tunnel,5,2.0492,15.0,7.1308,4.3106
86,188,5,137,satisfactori,1,3.343,3.0,3.52,2.8491
86,188,5,137,experiment,1,1.4175,3.0,3.52,1.2081
86,188,5,137,develop,1,1.6671,3.0,3.52,1.4208
86,188,5,137,measur,2,1.7135,6.0,4.52,2.2746
86,188,5,137,sting,3,5.3731,9.0,5.52,8.7606
86,188,5,137,superson,2,1.6447,6.0,4.52,2.1832
86,188,5,137,wind,1,2.3968,3.0,3.52,2.0427
86,188,5,137,tunnel,1,2.0492,3.0,3.52,1.7465
86,179,6,157,satisfactori,1,3.343,3.0,3.7711,2.6594
86,179,6,157,experiment,2,1.4175,6.0,4.7711,1.7826
86,179,6,157,develop,1,1.6671,3.0,3.7711,1.3262
86,179,6,157,measur,2,1.7135,6.0,4.7711,2.1549
86,179,6,157,sting,3,5.3731,9.0,5.7711,8.3794
86,179,6,157,superson,2,1.6447,6.0,4.7711,2.0683
86,179,6,157,wind,1,2.3968,3.0,3.7711,1.9067
86,179,6,157,tunnel,1,2.0492,3.0,3.7711,1.6302
86,1155,7,70,experiment,1,1.4175,3.0,2.6788,1.5874
86,1155,7,70,techniqu,1,2.6448,3.0,2.6788,2.9619
86,1155,7,70,measur,3,1.7135,9.0,4.6788,3.2961
86,1155,7,70,model,2,2.066,6.0,3.6788,3.3695
86,1155,7,70,wind,3,2.3968,9.0,4.6788,4.6104
86,1155,7,70,tunnel,3,2.0492,9.0,4.6788,3.9418
86,1290,8,132,experiment,1,1.4175,3.0,3.4572,1.23
86,1290,8,132,measur,2,1.7135,6.0,4.4572,2.3066
86,1290,8,132,sting,1,5.3731,3.0,3.4572,4.6625
86,1290,8,132,mount,2,4.2245,6.0,4.4572,5.6867
86,1290,8,132,model,2,2.066,6.0,4.4572,2.7811
86,1290,8,132,tunnel,2,2.0492,6.0,4.4572,2.7585
86,280,9,80,techniqu,2,2.6448,6.0,3.8044,4.1712
86,280,9,80,develop,1,1.6671,3.0,2.8044,1.7834
86,280,9,80,model,2,2.066,6.0,3.8044,3.2583
86,280,9,80,superson,1,1.6447,3.0,2.8044,1.7594
86,280,9,80,wind,2,2.3968,6.0,3.8044,3.7801
86,280,9,80,tunnel,4,2.0492,12.0,5.8044,4.2365
86,141,10,63,techniqu,1,2.6448,3.0,2.5909,3.0623
86,141,10,63,develop,1,1.6671,3.0,2.5909,1.9303
86,141,10,63,measur,3,1.7135,9.0,4.5909,3.3592
86,141,10,63,model,1,2.066,3.0,2.5909,2.3921
86,141,10,63,wind,1,2.3968,3.0,2.5909,2.7752
86,141,10,63,tunnel,3,2.0492,9.0,4.5909,4.0172
87,1228,1,75,boundari,2,1.0911,6.0,3.7416,1.7497
87,1228,1,75,layer,3,1.2179,9.0,4.7416,2.3116
87,1228,1,75,flow,4,0.6512,12.0,5.7416,1.361
87,1228,1,75,shock,3,1.7622,9.0,4.7416,3.3449
87,1228,1,75,lead,4,2.083,12.0,5.7416,4.3535
87,1228,1,75,edg,4,2.0058,12.0,5.7416,4.1922
87,1228,1,75,corner,2,4.3827,6.0,3.7416,7.0281
87,547,2,70,effect,1,0.9524,3.0,2.6788,1.0666
87,547,2,70,boundari,4,1.0911,12.0,5.6788,2.3057
87,547,2,70,layer,4,1.2179,12.0,5.6788,2.5735
87,547,2,70,flow,1,0.6512,3.0,2.6788,0.7293
87,547,2,70,behind,1,3.0181,3.0,2.6788,3.38
87,547,2,70,shock,2,1.7622,6.0,3.6788,2.8741
87,547,2,70,neglect,2,3.4272,6.0,3.6788,5.5896
87,547,2,70,effect,1,0.9524,3.0,2.6788,1.0666
87,547,2,70,lead,1,2.083,3.0,2.6788,2.3328
87,547,2,70,edg,1,2.0058,3.0,2.6788,2.2463
87,439,3,113,boundari,3,1.0911,9.0,5.2187,1.8818
87,439,3,113,layer,3,1.2179,9.0,5.2187,2.1003
87,439,3,113,flow,8,0.6512,24.0,10.2187,1.5295
87,439,3,113,behind,3,3.0181,9.0,5.2187,5.2049
87,439,3,113,shock,5,1.7622,15.0,7.2187,3.6618
87,439,3,113,lead,4,2.083,12.0,6.2187,4.0195
87,439,3,113,edg,4,2.0058,12.0,6.2187,3.8706
87,797,4,199,effect,2,0.9524,6.0,5.2984,1.0786
87,797,4,199,modifi,1,2.9077,3.0,4.2984,2.0294
87,797,4,199,basic,2,3.5192,6.0,5.2984,3.9853
87,797,4,199,flow,6,0.6512,18.0,9.2984,1.2606
87,797,4,199,shock,6,1.7622,18.0,9.2984,3.4113
87,797,4,199,effect,2,0.9524,6.0,5.2984,1.0786
87,797,4,199,lead,10,2.083,30.0,13.2984,4.6991
87,797,4,199,edg,10,2.0058,30.0,13.2984,4.525
87,334,5,142,effect,2,0.9524,6.0,4.5828,1.247
87,334,5,142,boundari,5,1.0911,15.0,7.5828,2.1585
87,334,5,142,layer,5,1.2179,15.0,7.5828,2.4091
87,334,5,142,flow,1,0.6512,3.0,3.5828,0.5453
87,334,5,142,shock,7,1.7622,21.0,9.5828,3.8618
87,334,5,142,effect,2,0.9524,6.0,4.5828,1.247
87,334,5,142,lead,8,2.083,24.0,10.5828,4.7239
87,334,5,142,edg,9,2.0058,27.0,11.5828,4.6757
87,667,6,146,effect,2,0.9524,6.0,4.633,1.2335
87,667,6,146,boundari,2,1.0911,6.0,4.633,1.4131
87,667,6,146,layer,6,1.2179,18.0,8.633,2.5393
87,667,6,146,modifi,2,2.9077,6.0,4.633,3.7656
87,667,6,146,flow,4,0.6512,12.0,6.633,1.1781
87,667,6,146,behind,3,3.0181,9.0,5.633,4.8221
87,667,6,146,shock,10,1.7622,30.0,12.633,4.1848
87,667,6,146,effect,2,0.9524,6.0,4.633,1.2335
87,572,7,252,effect,5,0.9524,15.0,8.9638,1.5938
87,572,7,252,boundari,4,1.0911,12.0,7.9638,1.6442
87,572,7,252,layer,7,1.2179,21.0,10.9638,2.3327
87,572,7,252,basic,1,3.5192,3.0,4.9638,2.127
87,572,7,252,inviscid,1,2.8692,3.0,4.9638,1.7341
87,572,7,252,flow,4,0.6512,12.0,7.9638,0.9813
87,572,7,252,shock,5,1.7622,15.0,8.9638,2.9489
87,572,7,252,effect,5,0.9524,15.0,8.9638,1.5938
87,572,7,252,lead,3,2.083,9.0,6.9638,2.6921
87,572,7,252,edg,3,2.0058,9.0,6.9638,2.5923
87,1198,8,147,boundari,1,1.0911,3.0,3.6455,0.8979
87,1198,8,147,layer,5,1.2179,15.0,7.6455,2.3894
87,1198,8,147,inviscid,2,2.8692,6.0,4.6455,3.7057
87,1198,8,147,flow,6,0.6512,18.0,8.6455,1.3558
87,1198,8,147,behind,1,3.0181,3.0,3.6455,2.4837
87,1198,8,147,shock,2,1.7622,6.0,4.6455,2.276
87,1198,8,147,lead,3,2.083,9.0,5.6455,3.3207
87,1198,8,147,edg,4,2.0058,12.0,6.6455,3.622
87,134,9,111,boundari,7,1.0911,21.0,9.1936,2.4924
87,134,9,111,layer,8,1.2179,24.0,10.1936,2.8674
87,134,9,111,modifi,1,2.9077,3.0,3.1936,2.7314
87,134,9,111,inviscid,3,2.8692,9.0,5.1936,4.972
87,134,9,111,flow,5,0.6512,15.0,7.1936,1.3579
87,134,9,111,lead,3,2.083,9.0,5.1936,3.6097
87,134,9,111,edg,1,2.0058,3.0,3.1936,1.8843
87,625,10,192,effect,1,0.9524,3.0,4.2105,0.6786
87,625,10,192,boundari,2,1.0911,6.0,5.2105,1.2565
87,625,10,192,layer,2,1.2179,6.0,5.2105,1.4024
87,625,10,192,inviscid,4,2.8692,12.0,7.2105,4.775
87,625,10,192,flow,7,0.6512,21.0,10.2105,1.3394
87,625,10,192,behind,1,3.0181,3.0,4.2105,2.1504
87,625,10,192,shock,1,1.7622,3.0,4.2105,1.2556
87,625,10,192,effect,1,0.9524,3.0,4.2105,0.6786
87,625,10,192,lead,3,2.083,9.0,6.2105,3.0186
87,625,10,192,edg,3,2.0058,9.0,6.2105,2.9068
88,548,1,164,satellit,2,3.7637,6.0,4.859,4.6475
88,548,1,164,orbit,5,4.3827,15.0,7.859,8.3651
88,548,1,164,contract,1,5.1049,3.0,3.859,3.9686
88,548,1,164,air,4,2.0273,12.0,6.859,3.5468
88,548,1,164,drag,2,2.3141,6.0,4.859,2.8575
88,548,1,164,atmospher,2,2.8947,6.0,4.859,3.5744
88,548,1,164,scale,3,3.3034,9.0,5.859,5.0743
88,548,1,164,height,8,3.704,24.0,10.859,8.1864
88,548,1,164,vari,5,2.2717,15.0,7.859,4.3358
88,548,1,164,altitud,2,3.4272,6.0,4.859,4.232
88,613,2,71,satellit,2,3.7637,6.0,3.6914,6.1175
88,613,2,71,orbit,4,4.3827,12.0,5.6914,9.2408
88,613,2,71,contract,2,5.1049,6.0,3.6914,8.2975
88,613,2,71,air,2,2.0273,6.0,3.6914,3.2952
88,613,2,71,drag,2,2.3141,6.0,3.6914,3.7613
88,613,2,71,atmospher,4,2.8947,12.0,5.6914,6.1033
88,613,2,71,vari,2,2.2717,6.0,3.6914,3.6924
88,617,3,59,satellit,2,3.7637,6.0,3.5407,6.3778
88,617,3,59,orbit,2,4.3827,6.0,3.5407,7.4268
88,617,3,59,air,3,2.0273,9.0,4.5407,4.0182
88,617,3,59,drag,1,2.3141,3.0,2.5407,2.7324
88,617,3,59,atmospher,1,2.8947,3.0,2.5407,3.4179
88,617,3,59,scale,1,3.3034,3.0,2.5407,3.9005
88,617,3,59,height,1,3.704,3.0,2.5407,4.3735
88,617,3,59,altitud,1,3.4272,3.0,2.5407,4.0467
88,622,4,151,satellit,5,3.7637,15.0,7.6958,7.3359
88,622,4,151,orbit,4,4.3827,12.0,6.6958,7.8546
88,622,4,151,air,2,2.0273,6.0,4.6958,2.5904
88,622,4,151,atmospher,2,2.8947,6.0,4.6958,3.6986
88,622,4,151,scale,2,3.3034,6.0,4.6958,4.2209
88,622,4,151,height,8,3.704,24.0,10.6958,8.3113
88,622,4,151,vari,1,2.2717,3.0,3.6958,1.844
88,615,5,57,satellit,3,3.7637,9.0,4.5156,7.5014
88,615,5,57,orbit,4,4.3827,12.0,5.5156,9.5353
88,615,5,57,contract,1,5.1049,3.0,2.5156,6.0878
88,615,5,57,air,3,2.0273,9.0,4.5156,4.0406
88,615,5,57,drag,2,2.3141,6.0,3.5156,3.9494
88,615,5,57,vari,1,2.2717,3.0,2.5156,2.7091
88,616,6,93,satellit,4,3.7637,12.0,5.9676,7.5683
88,616,6,93,orbit,1,4.3827,3.0,2.9676,4.4306
88,616,6,93,air,4,2.0273,12.0,5.9676,4.0766
88,616,6,93,atmospher,3,2.8947,9.0,4.9676,5.2444
88,616,6,93,scale,1,3.3034,3.0,2.9676,3.3394
88,616,6,93,height,3,3.704,9.0,4.9676,6.7107
88,616,6,93,vari,1,2.2717,3.0,2.9676,2.2965
88,614,7,121,satellit,2,3.7637,6.0,4.3191,5.2284
88,614,7,121,orbit,4,4.3827,12.0,6.3191,8.3228
88,614,7,121,contract,1,5.1049,3.0,3.3191,4.6141
88,614,7,121,air,3,2.0273,9.0,5.3191,3.4302
88,614,7,121,drag,2,2.3141,6.0,4.3191,3.2146
88,614,7,121,atmospher,5,2.8947,15.0,7.3191,5.9324
88,614,7,121,vari,1,2.2717,3.0,3.3191,2.0532
88,618,8,78,satellit,2,3.7637,6.0,3.7793,5.9753
88,618,8,78,orbit,4,4.3827,12.0,5.7793,9.1003
88,618,8,78,drag,2,2.3141,6.0,3.7793,3.6738
88,618,8,78,atmospher,3,2.8947,9.0,4.7793,5.451
88,618,8,78,altitud,1,3.4272,3.0,2.7793,3.6994
88,162,9,121,satellit,3,3.7637,9.0,5.3191,6.3682
88,162,9,121,orbit,5,4.3827,15.0,7.3191,8.9821
88,162,9,121,atmospher,1,2.8947,3.0,3.3191,2.6164
88,162,9,121,altitud,1,3.4272,3.0,3.3191,3.0977
88,621,10,73,satellit,1,3.7637,3.0,2.7165,4.1565
88,621,10,73,orbit,1,4.3827,3.0,2.7165,4.8401
88,621,10,73,air,3,2.0273,9.0,4.7165,3.8685
88,621,10,73,scale,1,3.3034,3.0,2.7165,3.6481
88,621,10,73,height,1,3.704,3.0,2.7165,4.0905
89,1338,1,140,transon,3,3.0939,9.0,5.5577,5.0102
89,1338,1,140,speed,4,1.5665,12.0,6.5577,2.8665
89,1338,1,140,wing,3,1.8222,9.0,5.5577,2.9508
89,1338,1,140,differ,1,1.9848,3.0,3.5577,1.6737
89,1338,1,140,taper,1,4.1769,3.0,3.5577,3.5222
89,1338,1,140,sweptback,1,4.5041,3.0,3.5577,3.7981
89,1338,1,140,wing,3,1.8222,9.0,5.5577,2.9508
89,757,2,184,flow,8,0.6512,24.0,11.1101,1.4068
89,757,2,184,transon,1,3.0939,3.0,4.1101,2.2583
89,757,2,184,speed,1,1.5665,3.0,4.1101,1.1434
89,757,2,184,delta,3,3.6754,9.0,6.1101,5.4138
89,757,2,184,wing,4,1.8222,12.0,7.1101,3.0754
89,757,2,184,differ,1,1.9848,3.0,4.1101,1.4488
89,757,2,184,close,1,2.6754,3.0,4.1101,1.9528
89,757,2,184,relat,2,1.8004,6.0,5.1101,2.1139
89,757,2,184,wing,4,1.8222,12.0,7.1101,3.0754
89,464,3,115,flow,3,0.6512,9.0,5.2438,1.1177
89,464,3,115,speed,2,1.5665,6.0,4.2438,2.2147
89,464,3,115,delta,3,3.6754,9.0,5.2438,6.3082
89,464,3,115,wing,9,1.8222,27.0,11.2438,4.3757
89,464,3,115,close,1,2.6754,3.0,3.2438,2.4743
89,464,3,115,wing,9,1.8222,27.0,11.2438,4.3757
89,924,4,126,transon,2,3.0939,6.0,4.3819,4.2364
89,924,4,126,speed,3,1.5665,9.0,5.3819,2.6196
89,924,4,126,wing,12,1.8222,36.0,14.3819,4.5612
89,924,4,126,sweptback,1,4.5041,3.0,3.3819,3.9955
89,924,4,126,wing,12,1.8222,36.0,14.3819,4.5612
89,699,5,119,flow,1,0.6512,3.0,3.294,0.5931
89,699,5,119,speed,1,1.5665,3.0,3.294,1.4267
89,699,5,119,delta,2,3.6754,6.0,4.294,5.1356
89,699,5,119,wing,10,1.8222,30.0,12.294,4.4465
89,699,5,119,taper,1,4.1769,3.0,3.294,3.8041
89,699,5,119,wing,10,1.8222,30.0,12.294,4.4465
89,1290,6,132,transon,5,3.0939,15.0,7.4572,6.2233
89,1290,6,132,wing,3,1.8222,9.0,5.4572,3.0051
89,1290,6,132,taper,1,4.1769,3.0,3.4572,3.6245
89,1290,6,132,sweptback,1,4.5041,3.0,3.4572,3.9084
89,1290,6,132,wing,3,1.8222,9.0,5.4572,3.0051
89,902,7,119,flow,4,0.6512,12.0,6.294,1.2416
89,902,7,119,delta,3,3.6754,9.0,5.294,6.2483
89,902,7,119,wing,6,1.8222,18.0,8.294,3.9546
89,902,7,119,differ,1,1.9848,3.0,3.294,1.8077
89,902,7,119,close,1,2.6754,3.0,3.294,2.4366
89,902,7,119,wing,6,1.8222,18.0,8.294,3.9546
89,52,8,111,flow,1,0.6512,3.0,3.1936,0.6117
89,52,8,111,speed,3,1.5665,9.0,5.1936,2.7146
89,52,8,111,delta,1,3.6754,3.0,3.1936,3.4526
89,52,8,111,wing,7,1.8222,21.0,9.1936,4.1623
89,52,8,111,sweptback,1,4.5041,3.0,3.1936,4.2311
89,52,8,111,wing,7,1.8222,21.0,9.1936,4.1623
89,779,9,115,flow,6,0.6512,18.0,8.2438,1.4219
89,779,9,115,delta,2,3.6754,6.0,4.2438,5.1964
89,779,9,115,wing,8,1.8222,24.0,10.2438,4.2692
89,779,9,115,close,1,2.6754,3.0,3.2438,2.4743
89,779,9,115,relat,1,1.8004,3.0,3.2438,1.6651
89,779,9,115,wing,8,1.8222,24.0,10.2438,4.2692
89,793,10,102,flow,4,0.6512,12.0,6.0806,1.2852
89,793,10,102,wing,4,1.8222,12.0,6.0806,3.5961
89,793,10,102,taper,2,4.1769,6.0,4.0806,6.1416
89,793,10,102,sweptback,1,4.5041,3.0,3.0806,4.3863
89,793,10,102,wing,4,1.8222,12.0,6.0806,3.5961
90,265,1,47,recent,1,2.7177,3.0,2.3901,3.4113
90,265,1,47,shock,3,1.7622,9.0,4.3901,3.6127
90,265,1,47,induc,2,2.9477,6.0,3.3901,5.217
90,265,1,47,boundari,1,1.0911,3.0,2.3901,1.3696
90,265,1,47,layer,1,1.2179,3.0,2.3901,1.5287
90,265,1,47,separ,2,2.2244,6.0,3.3901,3.9368
90,1187,2,73,data,1,1.8627,3.0,2.7165,2.0571
90,1187,2,73,shock,2,1.7622,6.0,3.7165,2.845
90,1187,2,73,induc,1,2.9477,3.0,2.7165,3.2553
90,1187,2,73,boundari,1,1.0911,3.0,2.7165,1.205
90,1187,2,73,layer,1,1.2179,3.0,2.7165,1.345
90,1187,2,73,separ,5,2.2244,15.0,6.7165,4.9677
90,358,3,52,shock,4,1.7622,12.0,5.4528,3.8781
90,358,3,52,boundari,4,1.0911,12.0,5.4528,2.4013
90,358,3,52,layer,4,1.2179,12.0,5.4528,2.6801
90,358,3,52,separ,6,2.2244,18.0,7.4528,5.3722
90,798,4,341,shock,8,1.7622,24.0,13.0812,3.2331
90,798,4,341,induc,1,2.9477,3.0,6.0812,1.4542
90,798,4,341,boundari,9,1.0911,27.0,14.0812,2.0922
90,798,4,341,layer,13,1.2179,39.0,18.0812,2.6269
90,798,4,341,separ,10,2.2244,30.0,15.0812,4.4248
90,1228,5,75,data,1,1.8627,3.0,2.7416,2.0383
90,1228,5,75,shock,3,1.7622,9.0,4.7416,3.3449
90,1228,5,75,boundari,2,1.0911,6.0,3.7416,1.7497
90,1228,5,75,layer,3,1.2179,9.0,4.7416,2.3116
90,1228,5,75,separ,3,2.2244,9.0,4.7416,4.222
90,569,6,168,shock,3,1.7622,9.0,5.9092,2.684
90,569,6,168,induc,3,2.9477,9.0,5.9092,4.4894
90,569,6,168,boundari,6,1.0911,18.0,8.9092,2.2045
90,569,6,168,layer,6,1.2179,18.0,8.9092,2.4606
90,569,6,168,separ,1,2.2244,3.0,3.9092,1.707
90,1364,7,112,shock,8,1.7622,24.0,10.2061,4.1439
90,1364,7,112,boundari,8,1.0911,24.0,10.2061,2.5659
90,1364,7,112,layer,8,1.2179,24.0,10.2061,2.8639
90,1364,7,112,separ,3,2.2244,9.0,5.2061,3.8453
90,1257,8,83,data,2,1.8627,6.0,3.842,2.909
90,1257,8,83,shock,4,1.7622,12.0,5.842,3.6197
90,1257,8,83,induc,1,2.9477,3.0,2.842,3.1115
90,1257,8,83,boundari,2,1.0911,6.0,3.842,1.704
90,1257,8,83,layer,2,1.2179,6.0,3.842,1.9019
90,311,9,107,shock,3,1.7622,9.0,5.1434,3.0836
90,311,9,107,induc,1,2.9477,3.0,3.1434,2.8132
90,311,9,107,boundari,1,1.0911,3.0,3.1434,1.0414
90,311,9,107,layer,1,1.2179,3.0,3.1434,1.1623
90,311,9,107,separ,6,2.2244,18.0,8.1434,4.9167
90,334,10,142,data,1,1.8627,3.0,3.5828,1.5597
90,334,10,142,shock,7,1.7622,21.0,9.5828,3.8618
90,334,10,142,induc,1,2.9477,3.0,3.5828,2.4682
90,334,10,142,boundari,5,1.0911,15.0,7.5828,2.1585
90,334,10,142,layer,5,1.2179,15.0,7.5828,2.4091
91,252,1,144,interfer,5,3.4055,15.0,7.6079,6.7144
91,252,1,144,effect,8,0.9524,24.0,10.6079,2.1549
91,252,1,144,transon,2,3.0939,6.0,4.6079,4.0286
91,252,1,144,speed,6,1.5665,18.0,8.6079,3.2757
91,924,2,126,interfer,3,3.4055,9.0,5.3819,5.6949
91,924,2,126,effect,2,0.9524,6.0,4.3819,1.3042
91,924,2,126,transon,2,3.0939,6.0,4.3819,4.2364
91,924,2,126,speed,3,1.5665,9.0,5.3819,2.6196
91,799,3,141,interfer,4,3.4055,12.0,6.5702,6.2199
91,799,3,141,effect,8,0.9524,24.0,10.5702,2.1626
91,799,3,141,transon,1,3.0939,3.0,3.5702,2.5998
91,799,3,141,speed,2,1.5665,6.0,4.5702,2.0565
91,431,4,106,interfer,3,3.4055,9.0,5.1308,5.9736
91,431,4,106,effect,3,0.9524,9.0,5.1308,1.6707
91,431,4,106,transon,1,3.0939,3.0,3.1308,2.9646
91,431,4,106,speed,1,1.5665,3.0,3.1308,1.501
91,1153,5,89,interfer,2,3.4055,6.0,3.9174,5.216
91,1153,5,89,effect,2,0.9524,6.0,3.9174,1.4588
91,1153,5,89,transon,2,3.0939,6.0,3.9174,4.7387
91,795,6,31,interfer,1,3.4055,3.0,2.1892,4.6668
91,795,6,31,transon,1,3.0939,3.0,2.1892,4.2398
91,795,6,31,speed,1,1.5665,3.0,2.1892,2.1466
91,520,7,135,interfer,6,3.4055,18.0,8.4949,7.216
91,520,7,135,effect,6,0.9524,18.0,8.4949,2.0182
91,520,7,135,speed,1,1.5665,3.0,3.4949,1.3447
91,1154,8,148,interfer,2,3.4055,6.0,4.6581,4.3865
91,1154,8,148,effect,1,0.9524,3.0,3.6581,0.7811
91,1154,8,148,transon,3,3.0939,9.0,5.6581,4.9213
91,610,9,85,interfer,7,3.4055,21.0,8.8672,8.0652
91,610,9,85,effect,4,0.9524,12.0,5.8672,1.948
91,672,10,48,interfer,2,3.4055,6.0,3.4026,6.005
91,672,10,48,effect,2,0.9524,6.0,3.4026,1.6795
91,672,10,48,speed,1,1.5665,3.0,2.4026,1.956
92,810,1,103,given,1,1.2852,3.0,3.0931,1.2465
92,810,1,103,airplan,4,3.8272,12.0,6.0931,7.5374
92,810,1,103,minim,1,4.2245,3.0,3.0931,4.0973
92,810,1,103,boom,4,4.7192,12.0,6.0931,9.2942
92,810,1,103,intens,1,3.895,3.0,3.0931,3.7778
92,810,1,103,minim,1,4.2245,3.0,3.0931,4.0973
92,806,2,160,given,1,1.2852,3.0,3.8088,1.0123
92,806,2,160,airplan,5,3.8272,15.0,7.8088,7.3518
92,806,2,160,sonic,2,3.2286,6.0,4.8088,4.0283
92,806,2,160,boom,4,4.7192,12.0,6.8088,8.3173
92,806,2,160,intens,5,3.895,15.0,7.8088,7.4821
92,758,3,79,design,2,2.2717,6.0,3.7918,3.5946
92,758,3,79,airplan,2,3.8272,6.0,3.7918,6.056
92,758,3,79,sonic,3,3.2286,9.0,4.7918,6.0639
92,758,3,79,boom,3,4.7192,9.0,4.7918,8.8636
92,758,3,79,limit,1,2.3286,3.0,2.7918,2.5023
92,807,4,71,airplan,3,3.8272,9.0,4.6914,7.3422
92,807,4,71,would,1,3.0783,3.0,2.6914,3.4313
92,807,4,71,sonic,1,3.2286,3.0,2.6914,3.5988
92,807,4,71,boom,1,4.7192,3.0,2.6914,5.2604
92,807,4,71,intens,1,3.895,3.0,2.6914,4.3417
92,804,5,99,minim,1,4.2245,3.0,3.0429,4.1649
92,804,5,99,sonic,3,3.2286,9.0,5.0429,5.7619
92,804,5,99,boom,4,4.7192,12.0,6.0429,9.3714
92,804,5,99,minim,1,4.2245,3.0,3.0429,4.1649
92,683,6,157,given,2,1.2852,6.0,4.7711,1.6163
92,683,6,157,complet,1,2.7733,3.0,3.7711,2.2062
92,683,6,157,design,1,2.2717,3.0,3.7711,1.8072
92,683,6,157,use,1,1.0037,3.0,3.7711,0.7985
92,683,6,157,minim,2,4.2245,6.0,4.7711,5.3126
92,683,6,157,sonic,3,3.2286,9.0,5.7711,5.0349
92,683,6,157,minim,2,4.2245,6.0,4.7711,5.3126
92,1247,7,94,given,2,1.2852,6.0,3.9801,1.9375
92,1247,7,94,use,1,1.0037,3.0,2.9801,1.0104
92,1247,7,94,order,1,1.9592,3.0,2.9801,1.9723
92,1247,7,94,boom,6,4.7192,18.0,7.9801,10.6446
92,1247,7,94,intens,2,3.895,6.0,3.9801,5.8717
92,809,8,79,sonic,2,3.2286,6.0,3.7918,5.1087
92,809,8,79,boom,2,4.7192,6.0,3.7918,7.4675
92,809,8,79,intens,4,3.895,12.0,5.7918,8.0701
92,1331,9,58,freedom,2,4.1314,6.0,3.5282,7.0259
92,1331,9,58,airplan,2,3.8272,6.0,3.5282,6.5085
92,1331,9,58,degre,2,3.2467,6.0,3.5282,5.5214
92,1219,10,82,use,1,1.0037,3.0,2.8295,1.0642
92,1219,10,82,minim,2,4.2245,6.0,3.8295,6.6189
92,1219,10,82,limit,2,2.3286,6.0,3.8295,3.6485
92,1219,10,82,minim,2,4.2245,6.0,3.8295,6.6189
93,635,1,117,methan,3,6.3287,9.0,5.2689,10.8102
93,635,1,117,air,9,2.0273,27.0,11.2689,4.8573
93,635,1,117,combust,6,4.5041,18.0,8.2689,9.8047
93,635,1,117,product,7,4.0063,21.0,9.2689,9.0767
93,635,1,117,use,1,1.0037,3.0,3.2689,0.9211
93,635,1,117,test,5,1.63,15.0,7.2689,3.3636
93,635,1,117,medium,1,4.2745,3.0,3.2689,3.9229
93,635,1,117,predict,1,1.9797,3.0,3.2689,1.8168
93,635,1,117,within,1,2.5675,3.0,3.2689,2.3562
93,635,1,117,experiment,1,1.4175,3.0,3.2689,1.3009
93,635,1,117,result,2,0.7046,6.0,4.2689,0.9904
93,635,1,117,obtain,5,1.104,15.0,7.2689,2.2782
93,635,1,117,air,9,2.0273,27.0,11.2689,4.8573
93,691,2,79,methan,2,6.3287,6.0,3.7918,10.0142
93,691,2,79,air,4,2.0273,12.0,5.7918,4.2003
93,691,2,79,combust,3,4.5041,9.0,4.7918,8.4596
93,691,2,79,product,3,4.0063,9.0,4.7918,7.5246
93,691,2,79,result,2,0.7046,6.0,3.7918,1.115
93,691,2,79,air,4,2.0273,12.0,5.7918,4.2003
93,68,3,65,air,4,2.0273,12.0,5.6161,4.3318
93,68,3,65,hyperson,2,2.1062,6.0,3.6161,3.4948
93,68,3,65,test,2,1.63,6.0,3.6161,2.7046
93,68,3,65,medium,1,4.2745,3.0,2.6161,4.9019
93,68,3,65,result,3,0.7046,9.0,4.6161,1.3738
93,68,3,65,obtain,2,1.104,6.0,3.6161,1.8318
93,68,3,65,air,4,2.0273,12.0,5.6161,4.3318
93,1336,4,128,air,5,2.0273,15.0,7.407,4.1055
93,1336,4,128,use,4,1.0037,12.0,6.407,1.8799
93,1336,4,128,test,2,1.63,6.0,4.407,2.2192
93,1336,4,128,medium,2,4.2745,6.0,4.407,5.8196
93,1336,4,128,predict,1,1.9797,3.0,3.407,1.7432
93,1336,4,128,obtain,2,1.104,6.0,4.407,1.503
93,1336,4,128,air,5,2.0273,15.0,7.407,4.1055
93,1241,5,96,combust,2,4.5041,6.0,4.0053,6.7473
93,1241,5,96,use,1,1.0037,3.0,3.0053,1.0019
93,1241,5,96,predict,2,1.9797,6.0,4.0053,2.9656
93,1241,5,96,within,1,2.5675,3.0,3.0053,2.563
93,1241,5,96,accuraci,1,2.9208,3.0,3.0053,2.9157
93,1241,5,96,obtain,2,1.104,6.0,4.0053,1.6538
93,1335,6,117,air,4,2.0273,12.0,6.2689,3.8807
93,1335,6,117,use,4,1.0037,12.0,6.2689,1.9213
93,1335,6,117,test,3,1.63,9.0,5.2689,2.7842
93,1335,6,117,predict,1,1.9797,3.0,3.2689,1.8168
93,1335,6,117,accuraci,1,2.9208,3.0,3.2689,2.6805
93,1335,6,117,result,1,0.7046,3.0,3.2689,0.6467
93,1335,6,117,air,4,2.0273,12.0,6.2689,3.8807
93,421,7,103,air,2,2.0273,6.0,4.0931,2.9717
93,421,7,103,use,1,1.0037,3.0,3.0931,0.9735
93,421,7,103,hyperson,2,2.1062,6.0,4.0931,3.0874
93,421,7,103,medium,1,4.2745,3.0,3.0931,4.1458
93,421,7,103,experiment,1,1.4175,3.0,3.0931,1.3748
93,421,7,103,result,1,0.7046,3.0,3.0931,0.6834
93,421,7,103,obtain,1,1.104,3.0,3.0931,1.0707
93,421,7,103,air,2,2.0273,6.0,4.0931,2.9717
93,1143,8,85,air,3,2.0273,9.0,4.8672,3.7487
93,1143,8,85,combust,2,4.5041,6.0,3.8672,6.9882
93,1143,8,85,test,2,1.63,6.0,3.8672,2.529
93,1143,8,85,air,3,2.0273,9.0,4.8672,3.7487
93,628,9,124,air,5,2.0273,15.0,7.3568,4.1335
93,628,9,124,use,1,1.0037,3.0,3.3568,0.897
93,628,9,124,test,1,1.63,3.0,3.3568,1.4567
93,628,9,124,predict,1,1.9797,3.0,3.3568,1.7692
93,628,9,124,within,1,2.5675,3.0,3.3568,2.2946
93,628,9,124,result,1,0.7046,3.0,3.3568,0.6297
93,628,9,124,obtain,2,1.104,6.0,4.3568,1.5204
93,628,9,124,air,5,2.0273,15.0,7.3568,4.1335
93,1157,10,120,air,2,2.0273,6.0,4.3066,2.8245
93,1157,10,120,hyperson,3,2.1062,9.0,5.3066,3.5721
93,1157,10,120,test,2,1.63,6.0,4.3066,2.2709
93,1157,10,120,predict,2,1.9797,6.0,4.3066,2.7581
93,1157,10,120,result,2,0.7046,6.0,4.3066,0.9817
93,1157,10,120,obtain,2,1.104,6.0,4.3066,1.5381
93,1157,10,120,air,2,2.0273,6.0,4.3066,2.8245
94,283,1,118,theoret,1,1.7832,3.0,3.2815,1.6303
94,283,1,118,heat,5,1.5197,15.0,7.2815,3.1307
94,283,1,118,transfer,5,1.905,15.0,7.2815,3.9244
94,283,1,118,rate,5,2.2648,15.0,7.2815,4.6655
94,283,1,118,stagnat,3,2.3434,9.0,5.2815,3.9933
94,283,1,118,point,3,1.0785,9.0,5.2815,1.8378
94,283,1,118,blunt,2,2.2997,6.0,4.2815,3.2228
94,283,1,118,bodi,4,1.5631,12.0,6.2815,2.9861
94,1393,2,114,theoret,1,1.7832,3.0,3.2312,1.6556
94,1393,2,114,heat,5,1.5197,15.0,7.2312,3.1524
94,1393,2,114,transfer,5,1.905,15.0,7.2312,3.9516
94,1393,2,114,rate,1,2.2648,3.0,3.2312,2.1027
94,1393,2,114,stagnat,5,2.3434,15.0,7.2312,4.8609
94,1393,2,114,point,5,1.0785,15.0,7.2312,2.2371
94,1393,2,114,blunt,2,2.2997,6.0,4.2312,3.2611
94,1393,2,114,bodi,6,1.5631,18.0,8.2312,3.4181
94,1104,3,191,theoret,1,1.7832,3.0,4.198,1.2744
94,1104,3,191,heat,8,1.5197,24.0,11.198,3.2571
94,1104,3,191,transfer,2,1.905,6.0,5.198,2.1989
94,1104,3,191,rate,9,2.2648,27.0,12.198,5.013
94,1104,3,191,stagnat,3,2.3434,9.0,6.198,3.4028
94,1104,3,191,point,3,1.0785,9.0,6.198,1.566
94,1104,3,191,blunt,2,2.2997,6.0,5.198,2.6546
94,1104,3,191,bodi,5,1.5631,15.0,8.198,2.86
94,101,4,195,theoret,1,1.7832,3.0,4.2482,1.2593
94,101,4,195,heat,6,1.5197,18.0,9.2482,2.9579
94,101,4,195,transfer,5,1.905,15.0,8.2482,3.4644
94,101,4,195,rate,8,2.2648,24.0,11.2482,4.8323
94,101,4,195,stagnat,2,2.3434,6.0,5.2482,2.6791
94,101,4,195,point,1,1.0785,3.0,4.2482,0.7616
94,101,4,195,blunt,4,2.2997,12.0,7.2482,3.8074
94,101,4,195,bodi,3,1.5631,9.0,6.2482,2.2515
94,1394,5,88,heat,3,1.5197,9.0,4.9048,2.7886
94,1394,5,88,transfer,3,1.905,9.0,4.9048,3.4955
94,1394,5,88,rate,2,2.2648,6.0,3.9048,3.48
94,1394,5,88,stagnat,2,2.3434,6.0,3.9048,3.6007
94,1394,5,88,point,1,1.0785,3.0,2.9048,1.1138
94,1394,5,88,blunt,2,2.2997,6.0,3.9048,3.5337
94,1394,5,88,bodi,2,1.5631,6.0,3.9048,2.4017
94,559,6,55,heat,3,1.5197,9.0,4.4905,3.0459
94,559,6,55,transfer,3,1.905,9.0,4.4905,3.8181
94,559,6,55,stagnat,3,2.3434,9.0,4.4905,4.6967
94,559,6,55,point,3,1.0785,9.0,4.4905,2.1615
94,559,6,55,blunt,2,2.2997,6.0,3.4905,3.9531
94,559,6,55,bodi,2,1.5631,6.0,3.4905,2.6868
94,983,7,52,heat,3,1.5197,9.0,4.4528,3.0716
94,983,7,52,transfer,3,1.905,9.0,4.4528,3.8504
94,983,7,52,rate,2,2.2648,6.0,3.4528,3.9355
94,983,7,52,stagnat,1,2.3434,3.0,2.4528,2.8661
94,983,7,52,point,1,1.0785,3.0,2.4528,1.319
94,983,7,52,blunt,1,2.2997,3.0,2.4528,2.8127
94,983,7,52,bodi,1,1.5631,3.0,2.4528,1.9117
94,1161,8,64,theoret,1,1.7832,3.0,2.6035,2.0548
94,1161,8,64,heat,3,1.5197,9.0,4.6035,2.9711
94,1161,8,64,transfer,3,1.905,9.0,4.6035,3.7243
94,1161,8,64,stagnat,3,2.3434,9.0,4.6035,4.5814
94,1161,8,64,point,2,1.0785,6.0,3.6035,1.7957
94,1161,8,64,blunt,1,2.2997,3.0,2.6035,2.65
94,1161,8,64,bodi,1,1.5631,3.0,2.6035,1.8011
94,1213,9,141,theoret,2,1.7832,6.0,4.5702,2.3411
94,1213,9,141,heat,7,1.5197,21.0,9.5702,3.3347
94,1213,9,141,transfer,7,1.905,21.0,9.5702,4.1802
94,1213,9,141,rate,3,2.2648,9.0,5.5702,3.6593
94,1213,9,141,blunt,4,2.2997,12.0,6.5702,4.2003
94,1213,9,141,bodi,1,1.5631,3.0,3.5702,1.3134
94,572,10,252,theoret,3,1.7832,9.0,6.9638,2.3046
94,572,10,252,heat,4,1.5197,12.0,7.9638,2.2899
94,572,10,252,transfer,3,1.905,9.0,6.9638,2.462
94,572,10,252,rate,1,2.2648,3.0,4.9638,1.3688
94,572,10,252,stagnat,3,2.3434,9.0,6.9638,3.0286
94,572,10,252,point,2,1.0785,6.0,5.9638,1.085
94,572,10,252,blunt,6,2.2997,18.0,9.9638,4.1546
94,572,10,252,bodi,2,1.5631,6.0,5.9638,1.5726
95,635,1,117,theoret,1,1.7832,3.0,3.2689,1.6365
95,635,1,117,heat,5,1.5197,15.0,7.2689,3.1361
95,635,1,117,transfer,2,1.905,6.0,4.2689,2.6775
95,635,1,117,distribut,3,1.3547,9.0,5.2689,2.314
95,635,1,117,around,1,3.2286,3.0,3.2689,2.963
95,635,1,117,hemispher,5,3.795,15.0,7.2689,7.8312
95,662,2,249,theoret,2,1.7832,6.0,5.9261,1.8055
95,662,2,249,heat,10,1.5197,30.0,13.9261,3.2738
95,662,2,249,transfer,8,1.905,24.0,11.9261,3.8336
95,662,2,249,distribut,6,1.3547,18.0,9.9261,2.4566
95,662,2,249,hemispher,5,3.795,15.0,8.9261,6.3773
95,1002,3,98,heat,3,1.5197,9.0,5.0304,2.719
95,1002,3,98,transfer,3,1.905,9.0,5.0304,3.4083
95,1002,3,98,distribut,1,1.3547,3.0,3.0304,1.3411
95,1002,3,98,around,1,3.2286,3.0,3.0304,3.1962
95,1002,3,98,hemispher,3,3.795,9.0,5.0304,6.7897
95,553,4,98,heat,3,1.5197,9.0,5.0304,2.719
95,553,4,98,transfer,1,1.905,3.0,3.0304,1.8859
95,553,4,98,distribut,1,1.3547,3.0,3.0304,1.3411
95,553,4,98,around,3,3.2286,9.0,5.0304,5.7763
95,553,4,98,hemispher,1,3.795,3.0,3.0304,3.7569
95,1258,5,131,heat,4,1.5197,12.0,6.4447,2.8297
95,1258,5,131,transfer,4,1.905,12.0,6.4447,3.5471
95,1258,5,131,distribut,4,1.3547,12.0,6.4447,2.5224
95,1258,5,131,around,2,3.2286,6.0,4.4447,4.3583
95,628,6,124,heat,3,1.5197,9.0,5.3568,2.5533
95,628,6,124,transfer,1,1.905,3.0,3.3568,1.7025
95,628,6,124,distribut,3,1.3547,9.0,5.3568,2.276
95,628,6,124,hemispher,3,3.795,9.0,5.3568,6.3759
95,283,7,118,theoret,1,1.7832,3.0,3.2815,1.6303
95,283,7,118,heat,5,1.5197,15.0,7.2815,3.1307
95,283,7,118,transfer,5,1.905,15.0,7.2815,3.9244
95,283,7,118,distribut,1,1.3547,3.0,3.2815,1.2385
95,283,7,118,around,1,3.2286,3.0,3.2815,2.9516
95,689,8,169,heat,4,1.5197,12.0,6.9218,2.6347
95,689,8,169,transfer,4,1.905,12.0,6.9218,3.3026
95,689,8,169,distribut,1,1.3547,3.0,3.9218,1.0363
95,689,8,169,hemispher,3,3.795,9.0,5.9218,5.7676
95,1104,9,191,theoret,1,1.7832,3.0,4.198,1.2744
95,1104,9,191,heat,8,1.5197,24.0,11.198,3.2571
95,1104,9,191,transfer,2,1.905,6.0,5.198,2.1989
95,1104,9,191,distribut,2,1.3547,6.0,5.198,1.5637
95,1104,9,191,hemispher,2,3.795,6.0,5.198,4.3805
95,564,10,162,theoret,2,1.7832,6.0,4.8339,2.2134
95,564,10,162,heat,11,1.5197,33.0,13.8339,3.6252
95,564,10,162,transfer,10,1.905,30.0,12.8339,4.4531
95,564,10,162,distribut,3,1.3547,9.0,5.8339,2.0899
96,637,1,66,unsteadi,1,3.4055,3.0,2.6286,3.8866
96,637,1,66,lift,1,2.1729,3.0,2.6286,2.4799
96,637,1,66,distribut,2,1.3547,6.0,3.6286,2.24
96,637,1,66,finit,2,2.8201,6.0,3.6286,4.6631
96,637,1,66,wing,3,1.8222,9.0,4.6286,3.5431
96,637,1,66,subson,2,2.5131,6.0,3.6286,4.1555
96,637,1,66,flow,3,0.6512,9.0,4.6286,1.2662
96,698,2,83,unsteadi,2,3.4055,6.0,3.842,5.3182
96,698,2,83,lift,7,2.1729,21.0,8.842,5.1607
96,698,2,83,distribut,2,1.3547,6.0,3.842,2.1156
96,698,2,83,finit,3,2.8201,9.0,4.842,5.2418
96,698,2,83,wing,6,1.8222,18.0,7.842,4.1825
96,699,3,119,investig,1,1.3547,3.0,3.294,1.2338
96,699,3,119,unsteadi,2,3.4055,6.0,4.294,4.7585
96,699,3,119,lift,9,2.1729,27.0,11.294,5.1946
96,699,3,119,distribut,2,1.3547,6.0,4.294,1.8929
96,699,3,119,finit,1,2.8201,3.0,3.294,2.5684
96,699,3,119,wing,10,1.8222,30.0,12.294,4.4465
96,699,3,119,flow,1,0.6512,3.0,3.294,0.5931
96,1339,4,136,lift,3,2.1729,9.0,5.5074,3.5508
96,1339,4,136,distribut,3,1.3547,9.0,5.5074,2.2138
96,1339,4,136,finit,2,2.8201,6.0,4.5074,3.7539
96,1339,4,136,wing,4,1.8222,12.0,6.5074,3.3602
96,1339,4,136,subson,2,2.5131,6.0,4.5074,3.3453
96,1339,4,136,flow,2,0.6512,6.0,4.5074,0.8668
96,779,5,115,unsteadi,2,3.4055,6.0,4.2438,4.8148
96,779,5,115,lift,4,2.1729,12.0,6.2438,4.1761
96,779,5,115,wing,8,1.8222,24.0,10.2438,4.2692
96,779,5,115,subson,1,2.5131,3.0,3.2438,2.3243
96,779,5,115,flow,6,0.6512,18.0,8.2438,1.4219
96,680,6,78,lift,2,2.1729,6.0,3.7793,3.4497
96,680,6,78,distribut,3,1.3547,9.0,4.7793,2.551
96,680,6,78,finit,1,2.8201,3.0,2.7793,3.0441
96,680,6,78,wing,4,1.8222,12.0,5.7793,3.7836
96,680,6,78,subson,1,2.5131,3.0,2.7793,2.7127
96,680,6,78,flow,2,0.6512,6.0,3.7793,1.0339
96,705,7,129,lift,2,2.1729,6.0,4.4196,2.9499
96,705,7,129,distribut,3,1.3547,9.0,5.4196,2.2496
96,705,7,129,finit,2,2.8201,6.0,4.4196,3.8286
96,705,7,129,wing,2,1.8222,6.0,4.4196,2.4738
96,705,7,129,subson,2,2.5131,6.0,4.4196,3.4118
96,705,7,129,flow,3,0.6512,9.0,5.4196,1.0814
96,712,8,193,investig,6,1.3547,18.0,9.2231,2.6438
96,712,8,193,lift,8,2.1729,24.0,11.2231,4.6466
96,712,8,193,wing,10,1.8222,30.0,13.2231,4.1341
96,712,8,193,subson,3,2.5131,9.0,6.2231,3.6346
96,465,9,64,investig,1,1.3547,3.0,2.6035,1.561
96,465,9,64,lift,3,2.1729,9.0,4.6035,4.2481
96,465,9,64,distribut,1,1.3547,3.0,2.6035,1.561
96,465,9,64,wing,3,1.8222,9.0,4.6035,3.5625
96,465,9,64,subson,1,2.5131,3.0,2.6035,2.8959
96,465,9,64,flow,2,0.6512,6.0,3.6035,1.0843
96,803,10,69,unsteadi,1,3.4055,3.0,2.6663,3.8317
96,803,10,69,lift,1,2.1729,3.0,2.6663,2.4449
96,803,10,69,wing,6,1.8222,18.0,7.6663,4.2784
96,803,10,69,subson,1,2.5131,3.0,2.6663,2.8277
96,803,10,69,flow,5,0.6512,15.0,6.6663,1.4653
97,1331,1,58,avail,1,2.8443,3.0,2.5282,3.3752
97,1331,1,58,dynam,1,2.8692,3.0,2.5282,3.4047
97,1331,1,58,respons,4,4.0879,12.0,5.5282,8.8737
97,1331,1,58,airplan,2,3.8272,6.0,3.5282,6.5085
97,1331,1,58,gust,1,4.7192,3.0,2.5282,5.5999
97,1289,2,150,dynam,1,2.8692,3.0,3.6832,2.337
97,1289,2,150,respons,1,4.0879,3.0,3.6832,3.3297
97,1289,2,150,gust,6,4.7192,18.0,8.6832,9.7828
97,1289,2,150,subson,1,2.5131,3.0,3.6832,2.047
97,779,3,115,respons,2,4.0879,6.0,4.2438,5.7796
97,779,3,115,gust,4,4.7192,12.0,6.2438,9.0699
97,779,3,115,subson,1,2.5131,3.0,3.2438,2.3243
97,882,4,32,inform,1,3.4495,3.0,2.2018,4.7001
97,882,4,32,gust,4,4.7192,12.0,5.2018,10.8868
97,1270,5,85,dynam,1,2.8692,3.0,2.8672,3.0021
97,1270,5,85,respons,3,4.0879,9.0,4.8672,7.5591
97,1270,5,85,airplan,1,3.8272,3.0,2.8672,4.0045
97,783,6,84,dynam,1,2.8692,3.0,2.8546,3.0153
97,783,6,84,airplan,4,3.8272,12.0,5.8546,7.8445
97,783,6,84,subson,1,2.5131,3.0,2.8546,2.6411
97,781,7,129,respons,6,4.0879,18.0,8.4196,8.7395
97,781,7,129,subson,3,2.5131,9.0,5.4196,4.1734
97,1214,8,113,inform,3,3.4495,9.0,5.2187,5.9488
97,1214,8,113,avail,4,2.8443,12.0,6.2187,5.4886
97,790,9,125,dynam,2,2.8692,6.0,4.3693,3.94
97,790,9,125,airplan,2,3.8272,6.0,4.3693,5.2555
97,790,9,125,subson,1,2.5131,3.0,3.3693,2.2377
97,701,10,164,avail,1,2.8443,3.0,3.859,2.2112
97,701,10,164,gust,2,4.7192,6.0,4.859,5.8274
97,701,10,164,subson,2,2.5131,6.0,4.859,3.1033
98,638,1,145,forward,1,3.3842,3.0,3.6204,2.8043
98,638,1,145,locat,2,2.8567,6.0,4.6204,3.7096
98,638,1,145,control,8,3.1259,24.0,10.6204,7.0639
98,638,1,145,effect,2,0.9524,6.0,4.6204,1.2368
98,638,1,145,low,2,2.2047,6.0,4.6204,2.863
98,638,1,145,subson,2,2.5131,6.0,4.6204,3.2635
98,638,1,145,speed,2,1.5665,6.0,4.6204,2.0342
98,638,1,145,trail,3,3.4272,9.0,5.6204,5.488
98,638,1,145,edg,3,2.0058,9.0,5.6204,3.212
98,638,1,145,flap,4,4.3272,12.0,6.6204,7.8433
98,673,2,240,locat,7,2.8567,21.0,10.8131,5.5479
98,673,2,240,effect,3,0.9524,9.0,6.8131,1.2582
98,673,2,240,low,1,2.2047,3.0,4.8131,1.3742
98,673,2,240,trail,3,3.4272,9.0,6.8131,4.5273
98,673,2,240,edg,5,2.0058,15.0,8.8131,3.414
98,673,2,240,flap,27,4.3272,81.0,30.8131,11.375
98,1343,3,145,apex,3,4.9936,9.0,5.6204,7.9963
98,1343,3,145,speed,1,1.5665,3.0,3.6204,1.298
98,1343,3,145,convent,1,3.6206,3.0,3.6204,3.0001
98,1343,3,145,trail,5,3.4272,15.0,7.6204,6.7461
98,1343,3,145,edg,7,2.0058,21.0,9.6204,4.3785
98,792,4,257,control,4,3.1259,12.0,8.0266,4.6733
98,792,4,257,effect,3,0.9524,9.0,7.0266,1.2199
98,792,4,257,low,3,2.2047,9.0,7.0266,2.824
98,792,4,257,speed,7,1.5665,21.0,11.0266,2.9833
98,792,4,257,trail,1,3.4272,3.0,5.0266,2.0455
98,792,4,257,edg,5,2.0058,15.0,9.0266,3.3332
98,792,4,257,flap,2,4.3272,6.0,6.0266,4.3081
98,433,5,249,locat,4,2.8567,12.0,7.9261,4.325
98,433,5,249,effect,1,0.9524,3.0,4.9261,0.58
98,433,5,249,low,1,2.2047,3.0,4.9261,1.3427
98,433,5,249,subson,2,2.5131,6.0,5.9261,2.5445
98,433,5,249,speed,4,1.5665,12.0,7.9261,2.3716
98,433,5,249,compar,1,1.7335,3.0,4.9261,1.0557
98,433,5,249,trail,3,3.4272,9.0,6.9261,4.4534
98,433,5,249,edg,2,2.0058,6.0,5.9261,2.0308
98,288,6,108,effect,1,0.9524,3.0,3.1559,0.9054
98,288,6,108,low,1,2.2047,3.0,3.1559,2.0958
98,288,6,108,subson,2,2.5131,6.0,4.1559,3.6283
98,288,6,108,speed,2,1.5665,6.0,4.1559,2.2616
98,288,6,108,trail,6,3.4272,18.0,8.1559,7.5639
98,288,6,108,edg,1,2.0058,3.0,3.1559,1.9067
98,85,7,159,control,5,3.1259,15.0,7.7962,6.0143
98,85,7,159,effect,2,0.9524,6.0,4.7962,1.1915
98,85,7,159,speed,1,1.5665,3.0,3.7962,1.2379
98,85,7,159,compar,1,1.7335,3.0,3.7962,1.3699
98,85,7,159,trail,12,3.4272,36.0,14.7962,8.3386
98,1163,8,110,forward,4,3.3842,12.0,6.181,6.5702
98,1163,8,110,control,4,3.1259,12.0,6.181,6.0687
98,1163,8,110,effect,1,0.9524,3.0,3.181,0.8982
98,1163,8,110,flap,1,4.3272,3.0,3.181,4.0809
98,704,9,202,control,3,3.1259,9.0,6.3361,4.4402
98,704,9,202,subson,2,2.5131,6.0,5.3361,2.8258
98,704,9,202,speed,1,1.5665,3.0,4.3361,1.0838
98,704,9,202,compar,2,1.7335,6.0,5.3361,1.9492
98,704,9,202,trail,1,3.4272,3.0,4.3361,2.3712
98,704,9,202,edg,1,2.0058,3.0,4.3361,1.3878
98,704,9,202,flap,1,4.3272,3.0,4.3361,2.9939
98,1393,10,114,forward,4,3.3842,12.0,6.2312,6.5172
98,1393,10,114,low,2,2.2047,6.0,4.2312,3.1264
98,1393,10,114,subson,1,2.5131,3.0,3.2312,2.3333
98,1393,10,114,speed,2,1.5665,6.0,4.2312,2.2213
98,1393,10,114,compar,2,1.7335,6.0,4.2312,2.4582
99,639,1,52,vehicl,2,3.0629,6.0,3.4528,5.3224
99,639,1,52,tumbl,3,5.5402,9.0,4.4528,11.1977
99,639,1,52,enter,2,3.8272,6.0,3.4528,6.6505
99,639,1,52,atmospher,2,2.8947,6.0,3.4528,5.03
99,639,1,52,tumbl,3,5.5402,9.0,4.4528,11.1977
99,639,1,52,subsequ,1,4.1314,3.0,2.4528,5.053
99,639,1,52,motion,5,2.4533,15.0,6.4528,5.7028
99,719,2,100,tumbl,3,5.5402,9.0,5.0555,9.8629
99,719,2,100,enter,2,3.8272,6.0,4.0555,5.6623
99,719,2,100,atmospher,2,2.8947,6.0,4.0555,4.2826
99,719,2,100,tumbl,3,5.5402,9.0,5.0555,9.8629
99,719,2,100,motion,1,2.4533,3.0,3.0555,2.4088
99,715,3,64,given,1,1.2852,3.0,2.6035,1.481
99,715,3,64,tumbl,1,5.5402,3.0,2.6035,6.3839
99,715,3,64,enter,2,3.8272,6.0,3.6035,6.3725
99,715,3,64,atmospher,3,2.8947,9.0,4.6035,5.6592
99,715,3,64,tumbl,1,5.5402,3.0,2.6035,6.3839
99,715,3,64,motion,4,2.4533,12.0,5.6035,5.2538
99,716,4,50,vehicl,4,3.0629,12.0,5.4277,6.7716
99,716,4,50,enter,1,3.8272,3.0,2.4277,4.7294
99,716,4,50,atmospher,2,2.8947,6.0,3.4277,5.0669
99,716,4,50,motion,3,2.4533,9.0,4.4277,4.9867
99,717,5,215,given,1,1.2852,3.0,4.4993,0.857
99,717,5,215,vehicl,8,3.0629,24.0,11.4993,6.3925
99,717,5,215,enter,2,3.8272,6.0,5.4993,4.1757
99,717,5,215,atmospher,4,2.8947,12.0,7.4993,4.6319
99,717,5,215,possibl,1,2.2047,3.0,4.4993,1.4701
99,717,5,215,motion,3,2.4533,9.0,6.4993,3.3972
99,164,6,182,vehicl,5,3.0629,15.0,8.085,5.6826
99,164,6,182,enter,2,3.8272,6.0,5.085,4.5159
99,164,6,182,atmospher,4,2.8947,12.0,7.085,4.9028
99,164,6,182,motion,2,2.4533,6.0,5.085,2.8948
99,67,7,44,given,1,1.2852,3.0,2.3524,1.639
99,67,7,44,vehicl,2,3.0629,6.0,3.3524,5.4818
99,67,7,44,atmospher,2,2.8947,6.0,3.3524,5.1807
99,67,7,44,motion,2,2.4533,6.0,3.3524,4.3908
99,1000,8,123,tumbl,1,5.5402,3.0,3.3442,4.9699
99,1000,8,123,atmospher,1,2.8947,3.0,3.3442,2.5967
99,1000,8,123,predict,1,1.9797,3.0,3.3442,1.7759
99,1000,8,123,tumbl,1,5.5402,3.0,3.3442,4.9699
99,1000,8,123,motion,1,2.4533,3.0,3.3442,2.2008
99,682,9,104,given,2,1.2852,6.0,4.1057,1.8782
99,682,9,104,tumbl,1,5.5402,3.0,3.1057,5.3516
99,682,9,104,tumbl,1,5.5402,3.0,3.1057,5.3516
99,682,9,104,motion,2,2.4533,6.0,4.1057,3.5852
99,944,10,69,vehicl,1,3.0629,3.0,2.6663,3.4463
99,944,10,69,enter,2,3.8272,6.0,3.6663,6.2634
99,944,10,69,atmospher,3,2.8947,9.0,4.6663,5.583
100,760,1,102,effect,1,0.9524,3.0,3.0806,0.9275
100,760,1,102,initi,4,2.549,12.0,6.0806,5.0305
100,760,1,102,imperfect,4,4.0463,12.0,6.0806,7.9853
100,760,1,102,buckl,6,2.3968,18.0,8.0806,5.3391
100,760,1,102,cylindr,2,2.6448,6.0,4.0806,3.8888
100,760,1,102,shell,2,2.5768,6.0,4.0806,3.7889
100,760,1,102,axial,2,2.2511,6.0,4.0806,3.31
100,760,1,102,compress,2,1.9491,6.0,4.0806,2.866
100,1122,2,118,initi,5,2.549,15.0,7.2815,5.251
100,1122,2,118,imperfect,5,4.0463,15.0,7.2815,8.3354
100,1122,2,118,buckl,5,2.3968,15.0,7.2815,4.9375
100,1122,2,118,cylindr,2,2.6448,6.0,4.2815,3.7064
100,1122,2,118,shell,2,2.5768,6.0,4.2815,3.6111
100,1122,2,118,axial,3,2.2511,9.0,5.2815,3.8361
100,1122,2,118,compress,3,1.9491,9.0,5.2815,3.3215
100,822,3,121,effect,2,0.9524,6.0,4.3191,1.3231
100,822,3,121,initi,2,2.549,6.0,4.3191,3.541
100,822,3,121,imperfect,5,4.0463,15.0,7.3191,8.2925
100,822,3,121,elast,3,2.8321,9.0,5.3191,4.792
100,822,3,121,buckl,5,2.3968,15.0,7.3191,4.9121
100,822,3,121,shell,1,2.5768,3.0,3.3191,2.329
100,822,3,121,axial,2,2.2511,6.0,4.3191,3.1272
100,822,3,121,compress,2,1.9491,6.0,4.3191,2.7077
100,1172,4,98,effect,3,0.9524,9.0,5.0304,1.7041
100,1172,4,98,elast,7,2.8321,21.0,9.0304,6.5861
100,1172,4,98,buckl,5,2.3968,15.0,7.0304,5.1139
100,1172,4,98,cylindr,2,2.6448,6.0,4.0304,3.9373
100,1172,4,98,shell,5,2.5768,15.0,7.0304,5.4979
100,1172,4,98,axial,2,2.2511,6.0,4.0304,3.3512
100,1172,4,98,compress,1,1.9491,3.0,3.0304,1.9296
100,739,5,167,imperfect,1,4.0463,3.0,3.8966,3.1152
100,739,5,167,elast,2,2.8321,6.0,4.8966,3.4703
100,739,5,167,buckl,10,2.3968,30.0,12.8966,5.5755
100,739,5,167,cylindr,3,2.6448,9.0,5.8966,4.0367
100,739,5,167,shell,10,2.5768,30.0,12.8966,5.9941
100,739,5,167,axial,2,2.2511,6.0,4.8966,2.7584
100,739,5,167,compress,2,1.9491,6.0,4.8966,2.3883
100,1126,6,53,effect,1,0.9524,3.0,2.4654,1.159
100,1126,6,53,elast,2,2.8321,6.0,3.4654,4.9036
100,1126,6,53,buckl,3,2.3968,9.0,4.4654,4.8308
100,1126,6,53,cylindr,2,2.6448,6.0,3.4654,4.5792
100,1126,6,53,shell,2,2.5768,6.0,3.4654,4.4615
100,1126,6,53,axial,3,2.2511,9.0,4.4654,4.5371
100,1126,6,53,compress,1,1.9491,3.0,2.4654,2.3718
100,897,7,60,effect,2,0.9524,6.0,3.5533,1.6083
100,897,7,60,initi,2,2.549,6.0,3.5533,4.3042
100,897,7,60,buckl,4,2.3968,12.0,5.5533,5.1793
100,897,7,60,cylindr,3,2.6448,9.0,4.5533,5.2277
100,897,7,60,shell,3,2.5768,9.0,4.5533,5.0933
100,897,7,60,axial,1,2.2511,3.0,2.5533,2.645
100,897,7,60,compress,1,1.9491,3.0,2.5533,2.2901
100,740,8,130,initi,1,2.549,3.0,3.4321,2.2281
100,740,8,130,elast,1,2.8321,3.0,3.4321,2.4756
100,740,8,130,buckl,5,2.3968,15.0,7.4321,4.8374
100,740,8,130,cylindr,5,2.6448,15.0,7.4321,5.3379
100,740,8,130,shell,5,2.5768,15.0,7.4321,5.2007
100,740,8,130,axial,1,2.2511,3.0,3.4321,1.9677
100,740,8,130,compress,3,1.9491,9.0,5.4321,3.2293
100,1051,9,129,effect,1,0.9524,3.0,3.4196,0.8356
100,1051,9,129,initi,1,2.549,3.0,3.4196,2.2363
100,1051,9,129,imperfect,1,4.0463,3.0,3.4196,3.5498
100,1051,9,129,buckl,3,2.3968,9.0,5.4196,3.9803
100,1051,9,129,cylindr,2,2.6448,6.0,4.4196,3.5906
100,1051,9,129,shell,2,2.5768,6.0,4.4196,3.4983
100,1051,9,129,axial,2,2.2511,6.0,4.4196,3.0561
100,1051,9,129,compress,5,1.9491,15.0,7.4196,3.9405
100,885,10,49,elast,1,2.8321,3.0,2.4152,3.5179
100,885,10,49,buckl,4,2.3968,12.0,5.4152,5.3113
100,885,10,49,cylindr,2,2.6448,6.0,3.4152,4.6465
100,885,10,49,shell,2,2.5768,6.0,3.4152,4.5271
100,885,10,49,axial,2,2.2511,6.0,3.4152,3.9549
100,885,10,49,compress,1,1.9491,3.0,2.4152,2.4211
101,819,1,58,increment,1,4.3827,3.0,2.5282,5.2007
101,819,1,58,theori,4,1.1214,12.0,5.5282,2.4341
101,819,1,58,deform,3,3.3842,9.0,4.5282,6.7263
101,819,1,58,theori,4,1.1214,12.0,5.5282,2.4341
101,819,1,58,plastic,3,3.8272,9.0,4.5282,7.6068
101,819,1,58,stress,3,2.2047,9.0,4.5282,4.3821
101,819,1,58,differ,2,1.9848,6.0,3.5282,3.3754
101,819,1,58,great,1,3.5192,3.0,2.5282,4.176
101,817,2,44,increment,2,4.3827,6.0,3.3524,7.844
101,817,2,44,deform,1,3.3842,3.0,2.3524,4.3158
101,817,2,44,plastic,2,3.8272,6.0,3.3524,6.8498
101,817,2,44,stress,5,2.2047,15.0,6.3524,5.2061
101,817,2,44,strain,6,3.5686,18.0,7.3524,8.7367
101,820,3,143,theori,16,1.1214,48.0,18.5953,2.8945
101,820,3,143,deform,6,3.3842,18.0,8.5953,7.0871
101,820,3,143,theori,16,1.1214,48.0,18.5953,2.8945
101,820,3,143,plastic,9,3.8272,27.0,11.5953,8.9118
101,820,3,143,stress,4,2.2047,12.0,6.5953,4.0115
101,820,3,143,strain,3,3.5686,9.0,5.5953,5.7401
101,818,4,66,theori,3,1.1214,9.0,4.6286,2.1804
101,818,4,66,deform,2,3.3842,6.0,3.6286,5.5959
101,818,4,66,theori,3,1.1214,9.0,4.6286,2.1804
101,818,4,66,plastic,2,3.8272,6.0,3.6286,6.3284
101,818,4,66,stress,3,2.2047,9.0,4.6286,4.287
101,818,4,66,strain,2,3.5686,6.0,3.6286,5.9008
101,818,4,66,differ,1,1.9848,3.0,2.6286,2.2653
101,818,4,66,problem,1,1.4657,3.0,2.6286,1.6728
101,760,5,102,increment,2,4.3827,6.0,4.0806,6.4443
101,760,5,102,theori,4,1.1214,12.0,6.0806,2.213
101,760,5,102,deform,2,3.3842,6.0,4.0806,4.9761
101,760,5,102,theori,4,1.1214,12.0,6.0806,2.213
101,760,5,102,plastic,1,3.8272,3.0,3.0806,3.7271
101,760,5,102,stress,2,2.2047,6.0,4.0806,3.2418
101,760,5,102,strain,1,3.5686,3.0,3.0806,3.4753
101,760,5,102,relationship,1,3.9308,3.0,3.0806,3.8279
101,1119,6,174,increment,1,4.3827,3.0,3.9845,3.2998
101,1119,6,174,theori,9,1.1214,27.0,11.9845,2.5263
101,1119,6,174,deform,4,3.3842,12.0,6.9845,5.8144
101,1119,6,174,theori,9,1.1214,27.0,11.9845,2.5263
101,1119,6,174,plastic,6,3.8272,18.0,8.9845,7.6676
101,1119,6,174,appli,1,1.9244,3.0,3.9845,1.4489
101,1119,6,174,stabil,5,2.4533,15.0,7.9845,4.6088
101,1119,6,174,problem,2,1.4657,6.0,4.9845,1.7644
101,825,7,128,increment,4,4.3827,12.0,6.407,8.2087
101,825,7,128,theori,5,1.1214,15.0,7.407,2.2709
101,825,7,128,deform,1,3.3842,3.0,3.407,2.9799
101,825,7,128,theori,5,1.1214,15.0,7.407,2.2709
101,825,7,128,plastic,4,3.8272,12.0,6.407,7.1682
101,825,7,128,stress,1,2.2047,3.0,3.407,1.9414
101,825,7,128,appli,1,1.9244,3.0,3.407,1.6945
101,823,8,60,theori,1,1.1214,3.0,2.5533,1.3175
101,823,8,60,deform,1,3.3842,3.0,2.5533,3.9763
101,823,8,60,theori,1,1.1214,3.0,2.5533,1.3175
101,823,8,60,plastic,4,3.8272,12.0,5.5533,8.2702
101,823,8,60,stress,1,2.2047,3.0,2.5533,2.5905
101,823,8,60,strain,1,3.5686,3.0,2.5533,4.193
101,823,8,60,relationship,1,3.9308,3.0,2.5533,4.6185
101,837,9,147,theori,1,1.1214,3.0,3.6455,0.9228
101,837,9,147,deform,1,3.3842,3.0,3.6455,2.7849
101,837,9,147,theori,1,1.1214,3.0,3.6455,0.9228
101,837,9,147,plastic,3,3.8272,9.0,5.6455,6.1013
101,837,9,147,stress,10,2.2047,30.0,12.6455,5.2305
101,837,9,147,strain,5,3.5686,15.0,7.6455,7.0014
101,837,9,147,problem,3,1.4657,9.0,5.6455,2.3367
101,826,10,189,theori,9,1.1214,27.0,12.1728,2.4872
101,826,10,189,deform,5,3.3842,15.0,8.1728,6.2112
101,826,10,189,theori,9,1.1214,27.0,12.1728,2.4872
101,826,10,189,stress,5,2.2047,15.0,8.1728,4.0465
101,826,10,189,differ,1,1.9848,3.0,4.1728,1.427
101,826,10,189,great,1,3.5192,3.0,4.1728,2.5301
101,826,10,189,appli,1,1.9244,3.0,4.1728,1.3835
101,826,10,189,problem,3,1.4657,9.0,6.1728,2.1371
102,910,1,28,continu,2,3.2107,6.0,3.1515,6.1126
102,910,1,28,span,2,3.4954,6.0,3.1515,6.6547
102,729,2,95,characterist,1,2.0273,3.0,2.9927,2.0322
102,729,2,95,structur,3,2.5675,9.0,4.9927,4.6282
102,729,2,95,continu,2,3.2107,6.0,3.9927,4.8249
102,1339,3,136,basic,1,3.5192,3.0,3.5074,3.0101
102,1339,3,136,characterist,3,2.0273,9.0,5.5074,3.3129
102,1339,3,136,span,2,3.4954,6.0,4.5074,4.6529
102,1092,4,169,characterist,2,2.0273,6.0,4.9218,2.4714
102,1092,4,169,span,8,3.4954,24.0,10.9218,7.681
102,1290,5,132,dynam,2,2.8692,6.0,4.4572,3.8623
102,1290,5,132,characterist,2,2.0273,6.0,4.4572,2.729
102,1290,5,132,span,1,3.4954,3.0,3.4572,3.0332
102,1289,6,150,dynam,1,2.8692,3.0,3.6832,2.337
102,1289,6,150,continu,2,3.2107,6.0,4.6832,4.1135
102,1289,6,150,span,1,3.4954,3.0,3.6832,2.8471
102,728,7,39,structur,1,2.5675,3.0,2.2896,3.364
102,728,7,39,continu,2,3.2107,6.0,3.2896,5.856
102,1007,8,111,dynam,1,2.8692,3.0,3.1936,2.6953
102,1007,8,111,characterist,1,2.0273,3.0,3.1936,1.9044
102,1007,8,111,continu,2,3.2107,6.0,4.1936,4.5937
102,1001,9,82,dynam,3,2.8692,9.0,4.8295,5.3469
102,1001,9,82,characterist,3,2.0273,9.0,4.8295,3.778
102,720,10,109,dynam,1,2.8692,3.0,3.1685,2.7166
102,720,10,109,characterist,1,2.0273,3.0,3.1685,1.9195
102,720,10,109,structur,3,2.5675,9.0,5.1685,4.4708
103,761,1,49,buckl,4,2.3968,12.0,5.4152,5.3113
103,761,1,49,sandwich,2,4.6423,6.0,3.4152,8.1558
103,761,1,49,sphere,3,3.5686,9.0,4.4152,7.2744
103,1214,2,113,inform,3,3.4495,9.0,5.2187,5.9488
103,1214,2,113,sphere,2,3.5686,6.0,4.2187,5.0755
103,1214,2,113,avail,4,2.8443,12.0,6.2187,5.4886
103,1127,3,135,buckl,6,2.3968,18.0,8.4949,5.0787
103,1127,3,135,sandwich,3,4.6423,9.0,5.4949,7.6035
103,1050,4,45,buckl,2,2.3968,6.0,3.365,4.2737
103,1050,4,45,sandwich,2,4.6423,6.0,3.365,8.2775
103,956,5,75,buckl,3,2.3968,9.0,4.7416,4.5494
103,956,5,75,sandwich,2,4.6423,6.0,3.7416,7.4443
103,1048,6,32,buckl,1,2.3968,3.0,2.2018,3.2658
103,1048,6,32,sandwich,2,4.6423,6.0,3.2018,8.6995
103,1126,7,53,buckl,3,2.3968,9.0,4.4654,4.8308
103,1126,7,53,sandwich,1,4.6423,3.0,2.4654,5.6489
103,720,8,109,sandwich,6,4.6423,18.0,8.1685,10.2296
103,951,9,52,buckl,2,2.3968,6.0,3.4528,4.165
103,951,9,52,sandwich,1,4.6423,3.0,2.4528,5.6778
103,251,10,47,inform,2,3.4495,6.0,3.3901,6.1051
103,251,10,47,avail,1,2.8443,3.0,2.3901,3.5702
104,762,1,103,load,7,1.9441,21.0,9.0931,4.4898
104,762,1,103,beam,1,4.3827,3.0,3.0931,4.2508
104,762,1,103,materi,1,3.0036,3.0,3.0931,2.9132
104,762,1,103,inelast,3,4.8936,9.0,5.0931,8.6473
104,762,1,103,temperatur,7,1.6521,21.0,9.0931,3.8154
104,462,2,88,beam,2,4.3827,6.0,3.9048,6.7344
104,462,2,88,obtain,2,1.104,6.0,3.9048,1.6963
104,462,2,88,materi,3,3.0036,9.0,4.9048,5.5114
104,462,2,88,temperatur,5,1.6521,15.0,6.9048,3.589
104,462,2,88,present,1,1.0154,3.0,2.9048,1.0487
104,644,3,109,load,3,1.9441,9.0,5.1685,3.3854
104,644,3,109,beam,3,4.3827,9.0,5.1685,7.6318
104,644,3,109,obtain,2,1.104,6.0,4.1685,1.589
104,644,3,109,uniform,2,2.2444,6.0,4.1685,3.2305
104,644,3,109,present,4,1.0154,12.0,6.1685,1.9754
104,837,4,147,load,2,1.9441,6.0,4.6455,2.511
104,837,4,147,deform,1,3.3842,3.0,3.6455,2.7849
104,837,4,147,obtain,1,1.104,3.0,3.6455,0.9085
104,837,4,147,materi,1,3.0036,3.0,3.6455,2.4717
104,837,4,147,inelast,2,4.8936,6.0,4.6455,6.3203
104,837,4,147,temperatur,3,1.6521,9.0,5.6455,2.6337
104,1024,5,111,load,4,1.9441,12.0,6.1936,3.7667
104,1024,5,111,beam,3,4.3827,9.0,5.1936,7.5949
104,1024,5,111,obtain,3,1.104,9.0,5.1936,1.9131
104,1024,5,111,materi,2,3.0036,6.0,4.1936,4.2975
104,840,6,51,load,3,1.9441,9.0,4.4403,3.9405
104,840,6,51,deform,2,3.3842,6.0,3.4403,5.9022
104,840,6,51,materi,1,3.0036,3.0,2.4403,3.6925
104,840,6,51,present,2,1.0154,6.0,3.4403,1.771
104,824,7,96,load,2,1.9441,6.0,4.0053,2.9124
104,824,7,96,deform,1,3.3842,3.0,3.0053,3.3783
104,824,7,96,obtain,2,1.104,6.0,4.0053,1.6538
104,824,7,96,inelast,2,4.8936,6.0,4.0053,7.3307
104,1177,8,62,load,4,1.9441,12.0,5.5784,4.1821
104,1177,8,62,beam,4,4.3827,12.0,5.5784,9.428
104,1177,8,62,present,1,1.0154,3.0,2.5784,1.1815
104,29,9,144,beam,4,4.3827,12.0,6.6079,7.9591
104,29,9,144,obtain,1,1.104,3.0,3.6079,0.918
104,29,9,144,temperatur,8,1.6521,24.0,10.6079,3.7378
104,29,9,144,present,5,1.0154,15.0,7.6079,2.0021
104,744,10,66,load,5,1.9441,15.0,6.6286,4.3994
104,744,10,66,characterist,1,2.0273,3.0,2.6286,2.3137
104,744,10,66,non,2,3.0939,6.0,3.6286,5.1158
104,744,10,66,uniform,1,2.2444,3.0,2.6286,2.5615
105,764,1,97,effect,1,0.9524,3.0,3.0178,0.9468
105,764,1,97,intern,2,3.4495,6.0,4.0178,5.1512
105,764,1,97,liquid,6,4.1314,18.0,8.0178,9.2751
105,764,1,97,breath,2,5.9922,6.0,4.0178,8.9484
105,764,1,97,vibrat,2,3.2107,6.0,4.0178,4.7947
105,764,1,97,cylindr,1,2.6448,3.0,3.0178,2.6292
105,764,1,97,shell,8,2.5768,24.0,10.0178,6.1733
105,848,2,42,effect,1,0.9524,3.0,2.3273,1.2277
105,848,2,42,intern,1,3.4495,3.0,2.3273,4.4465
105,848,2,42,column,1,3.6476,3.0,2.3273,4.702
105,848,2,42,breath,1,5.9922,3.0,2.3273,7.7242
105,848,2,42,vibrat,1,3.2107,3.0,2.3273,4.1387
105,848,2,42,cylindr,2,2.6448,6.0,3.3273,4.7692
105,848,2,42,shell,4,2.5768,12.0,5.3273,5.8044
105,847,3,53,effect,1,0.9524,3.0,2.4654,1.159
105,847,3,53,intern,1,3.4495,3.0,2.4654,4.1974
105,847,3,53,vibrat,2,3.2107,6.0,3.4654,5.559
105,847,3,53,cylindr,2,2.6448,6.0,3.4654,4.5792
105,847,3,53,shell,3,2.5768,9.0,4.4654,5.1935
105,846,4,121,effect,2,0.9524,6.0,4.3191,1.3231
105,846,4,121,intern,8,3.4495,24.0,10.3191,8.0227
105,846,4,121,vibrat,4,3.2107,12.0,6.3191,6.0971
105,846,4,121,cylindr,1,2.6448,3.0,3.3191,2.3905
105,846,4,121,shell,1,2.5768,3.0,3.3191,2.329
105,953,5,38,effect,1,0.9524,3.0,2.2771,1.2548
105,953,5,38,vibrat,1,3.2107,3.0,2.2771,4.23
105,953,5,38,cylindr,2,2.6448,6.0,3.2771,4.8423
105,953,5,38,shell,3,2.5768,9.0,4.2771,5.4222
105,739,6,167,column,1,3.6476,3.0,3.8966,2.8083
105,739,6,167,vibrat,1,3.2107,3.0,3.8966,2.4719
105,739,6,167,cylindr,3,2.6448,9.0,5.8966,4.0367
105,739,6,167,shell,10,2.5768,30.0,12.8966,5.9941
105,743,7,75,intern,1,3.4495,3.0,2.7416,3.7746
105,743,7,75,cylindr,4,2.6448,12.0,5.7416,5.5276
105,743,7,75,shell,5,2.5768,15.0,6.7416,5.7333
105,763,8,56,effect,2,0.9524,6.0,3.5031,1.6313
105,763,8,56,intern,3,3.4495,9.0,4.5031,6.8942
105,763,8,56,cylindr,1,2.6448,3.0,2.5031,3.1699
105,763,8,56,shell,1,2.5768,3.0,2.5031,3.0884
105,1126,9,53,effect,1,0.9524,3.0,2.4654,1.159
105,1126,9,53,intern,1,3.4495,3.0,2.4654,4.1974
105,1126,9,53,cylindr,2,2.6448,6.0,3.4654,4.5792
105,1126,9,53,shell,2,2.5768,6.0,3.4654,4.4615
105,1067,10,42,column,1,3.6476,3.0,2.3273,4.702
105,1067,10,42,cylindr,2,2.6448,6.0,3.3273,4.7692
105,1067,10,42,shell,2,2.5768,6.0,3.3273,4.6466
106,847,1,53,experiment,1,1.4175,3.0,2.4654,1.7248
106,847,1,53,shell,3,2.5768,9.0,4.4654,5.1935
106,847,1,53,vibrat,2,3.2107,6.0,3.4654,5.559
106,764,2,97,experiment,1,1.4175,3.0,3.0178,1.4091
106,764,2,97,shell,8,2.5768,24.0,10.0178,6.1733
106,764,2,97,vibrat,2,3.2107,6.0,4.0178,4.7947
106,1036,3,69,shell,3,2.5768,9.0,4.6663,4.97
106,1036,3,69,vibrat,3,3.2107,9.0,4.6663,6.1926
106,844,4,119,experiment,1,1.4175,3.0,3.294,1.2909
106,844,4,119,shell,1,2.5768,3.0,3.294,2.3468
106,844,4,119,vibrat,6,3.2107,18.0,8.294,6.968
106,848,5,42,shell,4,2.5768,12.0,5.3273,5.8044
106,848,5,42,vibrat,1,3.2107,3.0,2.3273,4.1387
106,846,6,121,experiment,1,1.4175,3.0,3.3191,1.2812
106,846,6,121,shell,1,2.5768,3.0,3.3191,2.329
106,846,6,121,vibrat,4,3.2107,12.0,6.3191,6.0971
106,953,7,38,shell,3,2.5768,9.0,4.2771,5.4222
106,953,7,38,vibrat,1,3.2107,3.0,2.2771,4.23
106,739,8,167,experiment,1,1.4175,3.0,3.8966,1.0913
106,739,8,167,shell,10,2.5768,30.0,12.8966,5.9941
106,739,8,167,vibrat,1,3.2107,3.0,3.8966,2.4719
106,42,9,161,experiment,1,1.4175,3.0,3.8213,1.1128
106,42,9,161,techniqu,1,2.6448,3.0,3.8213,2.0763
106,42,9,161,vibrat,5,3.2107,15.0,7.8213,6.1576
106,1043,10,103,shell,5,2.5768,15.0,7.0931,5.4492
106,1043,10,103,vibrat,1,3.2107,3.0,3.0931,3.114
107,640,1,187,theoret,3,1.7832,9.0,6.1477,2.6106
107,640,1,187,work,1,2.5131,3.0,4.1477,1.8177
107,640,1,187,behaviour,3,3.9308,9.0,6.1477,5.7544
107,640,1,187,typic,2,3.5943,6.0,5.1477,4.1894
107,640,1,187,structur,8,2.5675,24.0,11.1477,5.5275
107,640,1,187,nois,5,3.8606,15.0,8.1477,7.1073
107,640,1,187,environ,1,4.9936,3.0,4.1477,3.6118
107,640,1,187,possibl,2,2.2047,6.0,5.1477,2.5698
107,640,1,187,design,6,2.2717,18.0,9.1477,4.4699
107,725,2,65,theoret,1,1.7832,3.0,2.6161,2.0449
107,725,2,65,experiment,1,1.4175,3.0,2.6161,1.6255
107,725,2,65,typic,1,3.5943,3.0,2.6161,4.1218
107,725,2,65,aircraft,2,2.9752,6.0,3.6161,4.9367
107,725,2,65,structur,3,2.5675,9.0,4.6161,5.0058
107,725,2,65,nois,3,3.8606,9.0,4.6161,7.527
107,883,3,59,behaviour,3,3.9308,9.0,4.5407,7.791
107,883,3,59,typic,1,3.5943,3.0,2.5407,4.244
107,883,3,59,aircraft,2,2.9752,6.0,3.5407,5.0417
107,883,3,59,structur,2,2.5675,6.0,3.5407,4.3507
107,883,3,59,design,1,2.2717,3.0,2.5407,2.6823
107,724,4,85,aircraft,1,2.9752,3.0,2.8672,3.1131
107,724,4,85,structur,4,2.5675,12.0,5.8672,5.2512
107,724,4,85,environ,1,4.9936,3.0,2.8672,5.225
107,724,4,85,develop,1,1.6671,3.0,2.8672,1.7443
107,724,4,85,design,4,2.2717,12.0,5.8672,4.6462
107,220,5,81,experiment,1,1.4175,3.0,2.8169,1.5096
107,220,5,81,work,3,2.5131,9.0,4.8169,4.6956
107,220,5,81,aircraft,1,2.9752,3.0,2.8169,3.1686
107,220,5,81,structur,1,2.5675,3.0,2.8169,2.7343
107,220,5,81,nois,2,3.8606,6.0,3.8169,6.0686
107,220,5,81,develop,1,1.6671,3.0,2.8169,1.7754
107,909,6,36,aircraft,1,2.9752,3.0,2.252,3.9635
107,909,6,36,structur,2,2.5675,6.0,3.252,4.737
107,909,6,36,nois,3,3.8606,9.0,4.252,8.1715
107,909,6,36,possibl,1,2.2047,3.0,2.252,2.9371
107,12,7,73,summar,1,4.4416,3.0,2.7165,4.9051
107,12,7,73,experiment,1,1.4175,3.0,2.7165,1.5654
107,12,7,73,aircraft,2,2.9752,6.0,3.7165,4.8033
107,12,7,73,structur,5,2.5675,15.0,6.7165,5.7339
107,12,7,73,design,1,2.2717,3.0,2.7165,2.5087
107,720,8,109,theoret,1,1.7832,3.0,3.1685,1.6884
107,720,8,109,experiment,1,1.4175,3.0,3.1685,1.3421
107,720,8,109,work,1,2.5131,3.0,3.1685,2.3795
107,720,8,109,structur,3,2.5675,9.0,5.1685,4.4708
107,720,8,109,environ,2,4.9936,6.0,4.1685,7.1878
107,720,8,109,possibl,1,2.2047,3.0,3.1685,2.0875
107,870,9,75,work,1,2.5131,3.0,2.7416,2.75
107,870,9,75,behaviour,1,3.9308,3.0,2.7416,4.3012
107,870,9,75,structur,1,2.5675,3.0,2.7416,2.8094
107,870,9,75,develop,1,1.6671,3.0,2.7416,1.8242
107,870,9,75,design,2,2.2717,6.0,3.7416,3.6428
107,870,9,75,procedur,1,2.7619,3.0,2.7416,3.0222
107,29,10,144,theoret,2,1.7832,6.0,4.6079,2.322
107,29,10,144,experiment,1,1.4175,3.0,3.6079,1.1786
107,29,10,144,work,1,2.5131,3.0,3.6079,2.0897
107,29,10,144,aircraft,2,2.9752,6.0,4.6079,3.8741
107,29,10,144,structur,1,2.5675,3.0,3.6079,2.1349
107,29,10,144,environ,2,4.9936,6.0,4.6079,6.5023
108,75,1,62,data,1,1.8627,3.0,2.5784,2.1673
108,75,1,62,fatigu,3,4.1314,9.0,4.5784,8.1214
108,75,1,62,structur,2,2.5675,6.0,3.5784,4.3049
108,75,1,62,acoust,3,4.5041,9.0,4.5784,8.854
108,75,1,62,load,1,1.9441,3.0,2.5784,2.262
108,724,2,85,fatigu,2,4.1314,6.0,3.8672,6.41
108,724,2,85,structur,4,2.5675,12.0,5.8672,5.2512
108,724,2,85,acoust,7,4.5041,21.0,8.8672,10.667
108,724,2,85,load,1,1.9441,3.0,2.8672,2.0342
108,720,3,109,fatigu,3,4.1314,9.0,5.1685,7.1942
108,720,3,109,structur,3,2.5675,9.0,5.1685,4.4708
108,720,3,109,acoust,3,4.5041,9.0,5.1685,7.8431
108,884,4,39,data,1,1.8627,3.0,2.2896,2.4407
108,884,4,39,fatigu,3,4.1314,9.0,4.2896,8.6681
108,884,4,39,structur,4,2.5675,12.0,5.2896,5.8245
108,884,4,39,load,1,1.9441,3.0,2.2896,2.5473
108,726,5,63,fatigu,4,4.1314,12.0,5.5909,8.8674
108,726,5,63,structur,4,2.5675,12.0,5.5909,5.5106
108,726,5,63,load,3,1.9441,9.0,4.5909,3.8112
108,883,6,59,data,1,1.8627,3.0,2.5407,2.1995
108,883,6,59,fatigu,4,4.1314,12.0,5.5407,8.9478
108,883,6,59,structur,2,2.5675,6.0,3.5407,4.3507
108,883,6,59,load,1,1.9441,3.0,2.5407,2.2956
108,640,7,187,data,1,1.8627,3.0,4.1477,1.3473
108,640,7,187,fatigu,4,4.1314,12.0,7.1477,6.9361
108,640,7,187,structur,8,2.5675,24.0,11.1477,5.5275
108,640,7,187,acoust,1,4.5041,3.0,4.1477,3.2578
108,727,8,126,fatigu,3,4.1314,9.0,5.3819,6.9089
108,727,8,126,structur,1,2.5675,3.0,3.3819,2.2775
108,727,8,126,acoust,1,4.5041,3.0,3.3819,3.9955
108,727,8,126,load,4,1.9441,12.0,6.3819,3.6556
108,768,9,43,fatigu,5,4.1314,15.0,6.3399,9.7749
108,768,9,43,load,2,1.9441,6.0,3.3399,3.4926
108,881,10,87,data,1,1.8627,3.0,2.8923,1.9321
108,881,10,87,fatigu,3,4.1314,9.0,4.8923,7.6003
108,881,10,87,load,3,1.9441,9.0,4.8923,3.5765
109,391,1,79,panel,5,3.4272,15.0,6.7918,7.5692
109,391,1,79,subject,1,2.6549,3.0,2.7918,2.8528
109,391,1,79,aerodynam,3,2.0548,9.0,4.7918,3.8593
109,859,2,159,panel,15,3.4272,45.0,17.7962,8.6662
109,859,2,159,aerodynam,3,2.0548,9.0,5.7962,3.1905
109,859,2,159,heat,3,1.5197,9.0,5.7962,2.3597
109,627,3,84,panel,6,3.4272,18.0,7.8546,7.854
109,627,3,84,subject,1,2.6549,3.0,2.8546,2.7901
109,627,3,84,aerodynam,1,2.0548,3.0,2.8546,2.1594
109,1008,4,51,panel,6,3.4272,18.0,7.4403,8.2914
109,1008,4,51,aerodynam,1,2.0548,3.0,2.4403,2.5261
109,1008,4,51,heat,1,1.5197,3.0,2.4403,1.8683
109,51,5,105,subject,3,2.6549,9.0,5.1182,4.6684
109,51,5,105,aerodynam,4,2.0548,12.0,6.1182,4.0301
109,51,5,105,heat,7,1.5197,21.0,9.1182,3.5
109,658,6,137,panel,11,3.4272,33.0,13.52,8.3653
109,658,6,137,aerodynam,4,2.0548,12.0,6.52,3.7818
109,711,7,91,panel,5,3.4272,15.0,6.9425,7.4049
109,711,7,91,aerodynam,2,2.0548,6.0,3.9425,3.1271
109,711,7,91,heat,1,1.5197,3.0,2.9425,1.5494
109,31,8,23,panel,2,3.4272,6.0,3.0888,6.6575
109,31,8,23,subject,1,2.6549,3.0,2.0888,3.8131
109,390,9,75,panel,4,3.4272,12.0,5.7416,7.1629
109,390,9,75,aerodynam,2,2.0548,6.0,3.7416,3.295
109,5,10,37,subject,1,2.6549,3.0,2.2645,3.5171
109,5,10,37,aerodynam,1,2.0548,3.0,2.2645,2.7221
109,5,10,37,heat,6,1.5197,18.0,7.2645,3.7656
110,15,1,74,increas,1,1.9002,3.0,2.7291,2.0889
110,15,1,74,plate,5,1.8178,15.0,6.7291,4.0521
110,15,1,74,critic,1,2.9208,3.0,2.7291,3.2108
110,15,1,74,valu,1,1.4876,3.0,2.7291,1.6353
110,15,1,74,buckl,2,2.3968,6.0,3.7291,3.8565
110,15,1,74,buckl,2,2.3968,6.0,3.7291,3.8565
110,15,1,74,mode,1,3.1423,3.0,2.7291,3.4543
110,1387,2,120,edg,6,2.0058,18.0,8.3066,4.3466
110,1387,2,120,load,3,1.9441,9.0,5.3066,3.2973
110,1387,2,120,critic,2,2.9208,6.0,4.3066,4.0693
110,1387,2,120,valu,2,1.4876,6.0,4.3066,2.0726
110,1387,2,120,buckl,3,2.3968,9.0,5.3066,4.065
110,1387,2,120,buckl,3,2.3968,9.0,5.3066,4.065
110,862,3,32,plate,2,1.8178,6.0,3.2018,3.4065
110,862,3,32,buckl,2,2.3968,6.0,3.2018,4.4916
110,862,3,32,chang,2,2.4368,6.0,3.2018,4.5666
110,862,3,32,buckl,2,2.3968,6.0,3.2018,4.4916
110,862,3,32,mode,1,3.1423,3.0,2.2018,4.2815
110,1035,4,132,load,3,1.9441,9.0,5.4572,3.2062
110,1035,4,132,buckl,7,2.3968,21.0,9.4572,5.3222
110,1035,4,132,chang,3,2.4368,9.0,5.4572,4.0188
110,1035,4,132,buckl,7,2.3968,21.0,9.4572,5.3222
110,1035,4,132,mode,1,3.1423,3.0,3.4572,2.7267
110,827,5,174,increas,1,1.9002,3.0,3.9845,1.4307
110,827,5,174,load,4,1.9441,12.0,6.9845,3.3402
110,827,5,174,valu,4,1.4876,12.0,6.9845,2.5559
110,827,5,174,buckl,10,2.3968,30.0,12.9845,5.5377
110,827,5,174,chang,1,2.4368,3.0,3.9845,1.8347
110,827,5,174,buckl,10,2.3968,30.0,12.9845,5.5377
110,856,6,144,increas,2,1.9002,6.0,4.6079,2.4743
110,856,6,144,edg,2,2.0058,6.0,4.6079,2.6118
110,856,6,144,plate,1,1.8178,3.0,3.6079,1.5115
110,856,6,144,buckl,5,2.3968,15.0,7.6079,4.7257
110,856,6,144,buckl,5,2.3968,15.0,7.6079,4.7257
110,856,6,144,mode,2,3.1423,6.0,4.6079,4.0916
110,1398,7,115,edg,3,2.0058,9.0,5.2438,3.4427
110,1398,7,115,load,3,1.9441,9.0,5.2438,3.3367
110,1398,7,115,plate,11,1.8178,33.0,13.2438,4.5295
110,1398,7,115,critic,2,2.9208,6.0,4.2438,4.1295
110,1398,7,115,buckl,1,2.3968,3.0,3.2438,2.2167
110,1398,7,115,buckl,1,2.3968,3.0,3.2438,2.2167
110,1177,8,62,load,4,1.9441,12.0,5.5784,4.1821
110,1177,8,62,buckl,4,2.3968,12.0,5.5784,5.1559
110,1177,8,62,buckl,4,2.3968,12.0,5.5784,5.1559
110,1177,8,62,mode,2,3.1423,6.0,3.5784,5.2688
110,412,9,64,edg,2,2.0058,6.0,3.6035,3.3398
110,412,9,64,plate,3,1.8178,9.0,4.6035,3.5538
110,412,9,64,critic,2,2.9208,6.0,3.6035,4.8633
110,412,9,64,buckl,2,2.3968,6.0,3.6035,3.9908
110,412,9,64,buckl,2,2.3968,6.0,3.6035,3.9908
110,1131,10,66,load,3,1.9441,9.0,4.6286,3.7802
110,1131,10,66,critic,1,2.9208,3.0,2.6286,3.3335
110,1131,10,66,valu,1,1.4876,3.0,2.6286,1.6978
110,1131,10,66,buckl,5,2.3968,15.0,6.6286,5.4238
110,1131,10,66,buckl,5,2.3968,15.0,6.6286,5.4238
111,894,1,134,elast,4,2.8321,12.0,6.4823,5.2428
111,894,1,134,edg,5,2.0058,15.0,7.4823,4.0212
111,894,1,134,restraint,2,5.1049,6.0,4.4823,6.8333
111,894,1,134,panel,7,3.4272,21.0,9.4823,7.5901
111,894,1,134,flutter,2,3.2107,6.0,4.4823,4.2978
111,856,2,144,effect,4,0.9524,12.0,6.6079,1.7297
111,856,2,144,edg,2,2.0058,6.0,4.6079,2.6118
111,856,2,144,panel,15,3.4272,45.0,17.6079,8.7589
111,856,2,144,flutter,10,3.2107,30.0,12.6079,7.6397
111,857,3,142,effect,4,0.9524,12.0,6.5828,1.7363
111,857,3,142,edg,3,2.0058,9.0,5.5828,3.2336
111,857,3,142,panel,14,3.4272,42.0,16.5828,8.6803
111,857,3,142,flutter,6,3.2107,18.0,8.5828,6.7336
111,627,4,84,elast,1,2.8321,3.0,2.8546,2.9764
111,627,4,84,edg,2,2.0058,6.0,3.8546,3.1223
111,627,4,84,panel,6,3.4272,18.0,7.8546,7.854
111,627,4,84,flutter,3,3.2107,9.0,4.8546,5.9524
111,390,5,75,effect,1,0.9524,3.0,2.7416,1.0422
111,390,5,75,edg,1,2.0058,3.0,2.7416,2.1949
111,390,5,75,consid,2,1.7255,6.0,3.7416,2.767
111,390,5,75,panel,4,3.4272,12.0,5.7416,7.1629
111,390,5,75,flutter,4,3.2107,12.0,5.7416,6.7104
111,1008,6,51,effect,1,0.9524,3.0,2.4403,1.1709
111,1008,6,51,consid,1,1.7255,3.0,2.4403,2.1212
111,1008,6,51,panel,6,3.4272,18.0,7.4403,8.2914
111,1008,6,51,flutter,4,3.2107,12.0,5.4403,7.082
111,1131,7,66,effect,2,0.9524,6.0,3.6286,1.5749
111,1131,7,66,elast,1,2.8321,3.0,2.6286,3.2323
111,1131,7,66,restraint,4,5.1049,12.0,5.6286,10.8834
111,1131,7,66,consid,2,1.7255,6.0,3.6286,2.8531
111,766,8,161,effect,4,0.9524,12.0,6.8213,1.6755
111,766,8,161,panel,13,3.4272,39.0,15.8213,8.4482
111,766,8,161,flutter,9,3.2107,27.0,11.8213,7.3333
111,392,9,52,elast,3,2.8321,9.0,4.4528,5.7243
111,392,9,52,edg,7,2.0058,21.0,8.4528,4.9833
111,392,9,52,restraint,1,5.1049,3.0,2.4528,6.2436
111,1392,10,165,elast,1,2.8321,3.0,3.8715,2.1946
111,1392,10,165,edg,7,2.0058,21.0,9.8715,4.2671
111,1392,10,165,consid,2,1.7255,6.0,4.8715,2.1252
111,1392,10,165,panel,10,3.4272,30.0,12.8715,7.9879
112,641,1,73,solut,3,1.2349,9.0,4.7165,2.3564
112,641,1,73,clamp,3,3.795,9.0,4.7165,7.2415
112,641,1,73,plate,3,1.8178,9.0,4.7165,3.4687
112,641,1,73,problem,7,1.4657,21.0,8.7165,3.5313
112,641,1,73,classic,1,3.5192,3.0,2.7165,3.8865
112,641,1,73,theori,1,1.1214,3.0,2.7165,1.2384
112,641,1,73,bend,1,3.0036,3.0,2.7165,3.3171
112,641,1,73,reduc,1,2.3659,3.0,2.7165,2.6129
112,641,1,73,two,2,0.8439,6.0,3.7165,1.3623
112,641,1,73,success,1,3.4954,3.0,2.7165,3.8602
112,641,1,73,membran,3,4.8936,9.0,4.7165,9.3379
112,641,1,73,boundari,1,1.0911,3.0,2.7165,1.205
112,641,1,73,problem,7,1.4657,21.0,8.7165,3.5313
112,730,2,132,solut,1,1.2349,3.0,3.4572,1.0716
112,730,2,132,clamp,4,3.795,12.0,6.4572,7.0525
112,730,2,132,plate,7,1.8178,21.0,9.4572,4.0364
112,730,2,132,problem,9,1.4657,27.0,11.4572,3.4542
112,730,2,132,bend,2,3.0036,6.0,4.4572,4.0433
112,730,2,132,membran,3,4.8936,9.0,5.4572,8.0704
112,730,2,132,boundari,1,1.0911,3.0,3.4572,0.9468
112,730,2,132,valu,1,1.4876,3.0,3.4572,1.2909
112,730,2,132,problem,9,1.4657,27.0,11.4572,3.4542
112,734,3,105,solut,3,1.2349,9.0,5.1182,2.1715
112,734,3,105,clamp,2,3.795,6.0,4.1182,5.529
112,734,3,105,plate,2,1.8178,6.0,4.1182,2.6484
112,734,3,105,problem,3,1.4657,9.0,5.1182,2.5774
112,734,3,105,bend,1,3.0036,3.0,3.1182,2.8897
112,734,3,105,two,1,0.8439,3.0,3.1182,0.8119
112,734,3,105,success,1,3.4954,3.0,3.1182,3.3629
112,734,3,105,boundari,6,1.0911,18.0,8.1182,2.4193
112,734,3,105,valu,2,1.4876,6.0,4.1182,2.1674
112,734,3,105,problem,3,1.4657,9.0,5.1182,2.5774
112,733,4,104,clamp,3,3.795,9.0,5.1057,6.6895
112,733,4,104,plate,7,1.8178,21.0,9.1057,4.1923
112,733,4,104,problem,4,1.4657,12.0,6.1057,2.8807
112,733,4,104,bend,4,3.0036,12.0,6.1057,5.9032
112,733,4,104,boundari,1,1.0911,3.0,3.1057,1.054
112,733,4,104,problem,4,1.4657,12.0,6.1057,2.8807
112,422,5,69,solut,1,1.2349,3.0,2.6663,1.3895
112,422,5,69,clamp,1,3.795,3.0,2.6663,4.2699
112,422,5,69,plate,1,1.8178,3.0,2.6663,2.0453
112,422,5,69,problem,3,1.4657,9.0,4.6663,2.827
112,422,5,69,bend,2,3.0036,6.0,3.6663,4.9155
112,422,5,69,two,3,0.8439,9.0,4.6663,1.6276
112,422,5,69,boundari,2,1.0911,6.0,3.6663,1.7857
112,422,5,69,valu,1,1.4876,3.0,2.6663,1.6738
112,422,5,69,problem,3,1.4657,9.0,4.6663,2.827
112,736,6,49,solut,3,1.2349,9.0,4.4152,2.5172
112,736,6,49,clamp,1,3.795,3.0,2.4152,4.7139
112,736,6,49,plate,5,1.8178,15.0,6.4152,4.2504
112,736,6,49,problem,1,1.4657,3.0,2.4152,1.8207
112,736,6,49,bend,2,3.0036,6.0,3.4152,5.2769
112,736,6,49,boundari,1,1.0911,3.0,2.4152,1.3554
112,736,6,49,problem,1,1.4657,3.0,2.4152,1.8207
112,648,7,56,solut,1,1.2349,3.0,2.5031,1.4801
112,648,7,56,clamp,2,3.795,6.0,3.5031,6.4999
112,648,7,56,plate,2,1.8178,6.0,3.5031,3.1135
112,648,7,56,problem,3,1.4657,9.0,4.5031,2.9295
112,648,7,56,boundari,2,1.0911,6.0,3.5031,1.8689
112,648,7,56,valu,2,1.4876,6.0,3.5031,2.548
112,648,7,56,problem,3,1.4657,9.0,4.5031,2.9295
112,735,8,31,solut,1,1.2349,3.0,2.1892,1.6923
112,735,8,31,clamp,3,3.795,9.0,4.1892,8.153
112,735,8,31,plate,3,1.8178,9.0,4.1892,3.9053
112,735,8,31,bend,2,3.0036,6.0,3.1892,5.6509
112,735,8,31,two,1,0.8439,3.0,2.1892,1.1564
112,936,9,89,solut,1,1.2349,3.0,2.9174,1.2699
112,936,9,89,plate,1,1.8178,3.0,2.9174,1.8693
112,936,9,89,problem,1,1.4657,3.0,2.9174,1.5073
112,936,9,89,theori,1,1.1214,3.0,2.9174,1.1531
112,936,9,89,bend,4,3.0036,12.0,5.9174,6.0911
112,936,9,89,reduc,4,2.3659,12.0,5.9174,4.7979
112,936,9,89,valu,1,1.4876,3.0,2.9174,1.5298
112,936,9,89,problem,1,1.4657,3.0,2.9174,1.5073
112,831,10,52,solut,2,1.2349,6.0,3.4528,2.1459
112,831,10,52,clamp,1,3.795,3.0,2.4528,4.6415
112,831,10,52,problem,4,1.4657,12.0,5.4528,3.2256
112,831,10,52,theori,1,1.1214,3.0,2.4528,1.3715
112,831,10,52,bend,1,3.0036,3.0,2.4528,3.6736
112,831,10,52,two,1,0.8439,3.0,2.4528,1.0321
112,831,10,52,problem,4,1.4657,12.0,5.4528,3.2256
113,815,1,152,oscillatori,2,4.1769,6.0,4.7083,5.3228
113,815,1,152,aerodynam,3,2.0548,9.0,5.7083,3.2396
113,815,1,152,transon,2,3.0939,6.0,4.7083,3.9427
113,815,1,152,mach,4,1.2826,12.0,6.7083,2.2944
113,815,1,152,number,5,0.7937,15.0,7.7083,1.5445
113,704,2,202,data,1,1.8627,3.0,4.3361,1.2888
113,704,2,202,oscillatori,1,4.1769,3.0,4.3361,2.8899
113,704,2,202,aerodynam,1,2.0548,3.0,4.3361,1.4216
113,704,2,202,forc,3,2.1121,9.0,6.3361,3.0001
113,704,2,202,control,3,3.1259,9.0,6.3361,4.4402
113,704,2,202,surfac,2,1.4443,6.0,5.3361,1.624
113,704,2,202,mach,1,1.2826,3.0,4.3361,0.8874
113,704,2,202,number,1,0.7937,3.0,4.3361,0.5491
113,638,3,145,aerodynam,3,2.0548,9.0,5.6204,3.2903
113,638,3,145,control,8,3.1259,24.0,10.6204,7.0639
113,638,3,145,surfac,4,1.4443,12.0,6.6204,2.618
113,638,3,145,transon,1,3.0939,3.0,3.6204,2.5637
113,748,4,159,aerodynam,2,2.0548,6.0,4.7962,2.5705
113,748,4,159,control,5,3.1259,15.0,7.7962,6.0143
113,748,4,159,surfac,5,1.4443,15.0,7.7962,2.7789
113,748,4,159,mach,4,1.2826,12.0,6.7962,2.2648
113,748,4,159,number,5,0.7937,15.0,7.7962,1.5271
113,467,5,115,data,1,1.8627,3.0,3.2438,1.7227
113,467,5,115,exist,2,2.4785,6.0,4.2438,3.5042
113,467,5,115,transon,3,3.0939,9.0,5.2438,5.3101
113,467,5,115,mach,3,1.2826,9.0,5.2438,2.2014
113,467,5,115,number,3,0.7937,9.0,5.2438,1.3622
113,812,6,125,data,4,1.8627,12.0,6.3693,3.5095
113,812,6,125,aerodynam,2,2.0548,6.0,4.3693,2.8216
113,812,6,125,forc,3,2.1121,9.0,5.3693,3.5402
113,812,6,125,mach,3,1.2826,9.0,5.3693,2.15
113,812,6,125,number,4,0.7937,12.0,6.3693,1.4953
113,52,7,111,aerodynam,2,2.0548,6.0,4.1936,2.9399
113,52,7,111,forc,2,2.1121,6.0,4.1936,3.0219
113,52,7,111,control,1,3.1259,3.0,3.1936,2.9364
113,52,7,111,surfac,1,1.4443,3.0,3.1936,1.3568
113,52,7,111,mach,2,1.2826,6.0,4.1936,1.8352
113,52,7,111,number,3,0.7937,9.0,5.1936,1.3754
113,360,8,82,data,1,1.8627,3.0,2.8295,1.975
113,360,8,82,exist,1,2.4785,3.0,2.8295,2.6279
113,360,8,82,aerodynam,1,2.0548,3.0,2.8295,2.1786
113,360,8,82,forc,2,2.1121,6.0,3.8295,3.3092
113,360,8,82,mach,2,1.2826,6.0,3.8295,2.0096
113,360,8,82,number,2,0.7937,6.0,3.8295,1.2435
113,265,9,47,oscillatori,1,4.1769,3.0,2.3901,5.2428
113,265,9,47,control,2,3.1259,6.0,3.3901,5.5325
113,265,9,47,surfac,2,1.4443,6.0,3.3901,2.5563
113,801,10,124,aerodynam,2,2.0548,6.0,4.3568,2.8297
113,801,10,124,forc,1,2.1121,3.0,3.3568,1.8876
113,801,10,124,transon,6,3.0939,18.0,8.3568,6.6641
113,801,10,124,mach,1,1.2826,3.0,3.3568,1.1463
113,801,10,124,number,1,0.7937,3.0,3.3568,0.7093
114,895,1,60,airforc,3,6.8395,9.0,4.5533,13.5189
114,895,1,60,wing,2,1.8222,6.0,3.5533,3.0769
114,895,1,60,oscil,4,3.1759,12.0,5.5533,6.8628
114,895,1,60,flow,2,0.6512,6.0,3.5533,1.0996
114,895,1,60,airforc,3,6.8395,9.0,4.5533,13.5189
114,895,1,60,rectangular,2,3.2286,6.0,3.5533,5.4517
114,712,2,193,wing,10,1.8222,30.0,13.2231,4.1341
114,712,2,193,general,1,1.5665,3.0,4.2231,1.1128
114,712,2,193,planform,7,4.0879,21.0,10.2231,8.3974
114,712,2,193,determin,1,1.5428,3.0,4.2231,1.096
114,712,2,193,method,1,1.1235,3.0,4.2231,0.7981
114,712,2,193,possibl,2,2.2047,6.0,5.2231,2.5327
114,712,2,193,determin,1,1.5428,3.0,4.2231,1.096
114,712,2,193,planform,7,4.0879,21.0,10.2231,8.3974
114,712,2,193,rectangular,2,3.2286,6.0,5.2231,3.7088
114,712,2,193,one,1,0.9143,3.0,4.2231,0.6495
114,712,2,193,method,1,1.1235,3.0,4.2231,0.7981
114,917,3,169,wing,4,1.8222,12.0,6.9218,3.1591
114,917,3,169,general,1,1.5665,3.0,3.9218,1.1983
114,917,3,169,planform,1,4.0879,3.0,3.9218,3.1271
114,917,3,169,oscil,3,3.1759,9.0,5.9218,4.8268
114,917,3,169,transon,2,3.0939,6.0,4.9218,3.7717
114,917,3,169,flow,3,0.6512,9.0,5.9218,0.9897
114,917,3,169,method,4,1.1235,12.0,6.9218,1.9479
114,917,3,169,planform,1,4.0879,3.0,3.9218,3.1271
114,917,3,169,one,4,0.9143,12.0,6.9218,1.5851
114,917,3,169,method,4,1.1235,12.0,6.9218,1.9479
114,1266,4,37,wing,2,1.8222,6.0,3.2645,3.3491
114,1266,4,37,planform,1,4.0879,3.0,2.2645,5.4156
114,1266,4,37,flow,1,0.6512,3.0,2.2645,0.8627
114,1266,4,37,determin,1,1.5428,3.0,2.2645,2.0439
114,1266,4,37,method,1,1.1235,3.0,2.2645,1.4885
114,1266,4,37,possibl,1,2.2047,3.0,2.2645,2.9208
114,1266,4,37,determin,1,1.5428,3.0,2.2645,2.0439
114,1266,4,37,planform,1,4.0879,3.0,2.2645,5.4156
114,1266,4,37,method,1,1.1235,3.0,2.2645,1.4885
114,1290,5,132,wing,3,1.8222,9.0,5.4572,3.0051
114,1290,5,132,planform,3,4.0879,9.0,5.4572,6.7418
114,1290,5,132,transon,5,3.0939,15.0,7.4572,6.2233
114,1290,5,132,method,1,1.1235,3.0,3.4572,0.975
114,1290,5,132,planform,3,4.0879,9.0,5.4572,6.7418
114,1290,5,132,method,1,1.1235,3.0,3.4572,0.975
114,919,6,98,like,1,4.2245,3.0,3.0304,4.1822
114,919,6,98,wing,7,1.8222,21.0,9.0304,4.2375
114,919,6,98,general,1,1.5665,3.0,3.0304,1.5508
114,919,6,98,oscil,3,3.1759,9.0,5.0304,5.6821
114,919,6,98,transon,1,3.0939,3.0,3.0304,3.0629
114,919,6,98,flow,2,0.6512,6.0,4.0304,0.9695
114,919,6,98,rectangular,2,3.2286,6.0,4.0304,4.8064
114,704,7,202,wing,2,1.8222,6.0,5.3361,2.0489
114,704,7,202,general,3,1.5665,9.0,6.3361,2.2251
114,704,7,202,oscil,3,3.1759,9.0,6.3361,4.5112
114,704,7,202,flow,1,0.6512,3.0,4.3361,0.4506
114,704,7,202,determin,2,1.5428,6.0,5.3361,1.7348
114,704,7,202,analyt,1,2.5768,3.0,4.3361,1.7828
114,704,7,202,method,4,1.1235,12.0,7.3361,1.8378
114,704,7,202,determin,2,1.5428,6.0,5.3361,1.7348
114,704,7,202,rectangular,3,3.2286,9.0,6.3361,4.586
114,704,7,202,one,2,0.9143,6.0,5.3361,1.0281
114,704,7,202,method,4,1.1235,12.0,7.3361,1.8378
114,780,8,80,wing,3,1.8222,9.0,4.8044,3.4135
114,780,8,80,transon,3,3.0939,9.0,4.8044,5.7958
114,780,8,80,determin,2,1.5428,6.0,3.8044,2.4332
114,780,8,80,method,1,1.1235,3.0,2.8044,1.2019
114,780,8,80,determin,2,1.5428,6.0,3.8044,2.4332
114,780,8,80,rectangular,2,3.2286,6.0,3.8044,5.0919
114,780,8,80,one,5,0.9143,15.0,6.8044,2.0156
114,780,8,80,method,1,1.1235,3.0,2.8044,1.2019
114,1289,9,150,wing,6,1.8222,18.0,8.6832,3.7774
114,1289,9,150,general,1,1.5665,3.0,3.6832,1.2759
114,1289,9,150,planform,3,4.0879,9.0,5.6832,6.4737
114,1289,9,150,flow,2,0.6512,6.0,4.6832,0.8343
114,1289,9,150,method,3,1.1235,9.0,5.6832,1.7793
114,1289,9,150,planform,3,4.0879,9.0,5.6832,6.4737
114,1289,9,150,one,1,0.9143,3.0,3.6832,0.7447
114,1289,9,150,method,3,1.1235,9.0,5.6832,1.7793
114,757,10,184,wing,4,1.8222,12.0,7.1101,3.0754
114,757,10,184,general,1,1.5665,3.0,4.1101,1.1434
114,757,10,184,planform,3,4.0879,9.0,6.1101,6.0214
114,757,10,184,transon,1,3.0939,3.0,4.1101,2.2583
114,757,10,184,flow,8,0.6512,24.0,11.1101,1.4068
114,757,10,184,possibl,1,2.2047,3.0,4.1101,1.6093
114,757,10,184,planform,3,4.0879,9.0,6.1101,6.0214
114,757,10,184,one,3,0.9143,9.0,6.1101,1.3468
115,184,1,83,similar,3,2.2244,9.0,4.842,4.1345
115,184,1,83,investig,1,1.3547,3.0,2.842,1.43
115,184,1,83,aeroelast,3,4.3272,9.0,4.842,8.043
115,184,1,83,effect,1,0.9524,3.0,2.842,1.0054
115,184,1,83,flow,1,0.6512,3.0,2.842,0.6874
115,184,1,83,investig,1,1.3547,3.0,2.842,1.43
115,486,2,139,problem,3,1.4657,9.0,5.5451,2.379
115,486,2,139,similar,4,2.2244,12.0,6.5451,4.0782
115,486,2,139,investig,1,1.3547,3.0,3.5451,1.1464
115,486,2,139,aeroelast,1,4.3272,3.0,3.5451,3.6618
115,486,2,139,heat,3,1.5197,9.0,5.5451,2.4666
115,486,2,139,flow,1,0.6512,3.0,3.5451,0.5511
115,486,2,139,investig,1,1.3547,3.0,3.5451,1.1464
115,746,3,74,problem,4,1.4657,12.0,5.7291,3.0701
115,746,3,74,aeroelast,3,4.3272,9.0,4.7291,8.2352
115,746,3,74,effect,2,0.9524,6.0,3.7291,1.5325
115,746,3,74,heat,1,1.5197,3.0,2.7291,1.6706
115,540,4,115,problem,3,1.4657,9.0,5.2438,2.5157
115,540,4,115,similar,4,2.2244,12.0,6.2438,4.275
115,540,4,115,investig,2,1.3547,6.0,4.2438,1.9153
115,540,4,115,flow,5,0.6512,15.0,7.2438,1.3485
115,540,4,115,previous,1,2.5862,3.0,3.2438,2.3919
115,540,4,115,investig,2,1.3547,6.0,4.2438,1.9153
115,51,5,105,problem,1,1.4657,3.0,3.1182,1.4102
115,51,5,105,similar,3,2.2244,9.0,5.1182,3.9113
115,51,5,105,investig,1,1.3547,3.0,3.1182,1.3033
115,51,5,105,effect,1,0.9524,3.0,3.1182,0.9163
115,51,5,105,heat,7,1.5197,21.0,9.1182,3.5
115,51,5,105,flow,1,0.6512,3.0,3.1182,0.6265
115,51,5,105,investig,1,1.3547,3.0,3.1182,1.3033
115,102,6,44,repres,1,2.6651,3.0,2.3524,3.3988
115,102,6,44,investig,1,1.3547,3.0,2.3524,1.7276
115,102,6,44,effect,1,0.9524,3.0,2.3524,1.2146
115,102,6,44,heat,3,1.5197,9.0,4.3524,3.1425
115,102,6,44,flow,1,0.6512,3.0,2.3524,0.8305
115,102,6,44,investig,1,1.3547,3.0,2.3524,1.7276
115,527,7,62,problem,3,1.4657,9.0,4.5784,2.8813
115,527,7,62,investig,2,1.3547,6.0,3.5784,2.2714
115,527,7,62,flow,3,0.6512,9.0,4.5784,1.2801
115,527,7,62,previous,1,2.5862,3.0,2.5784,3.0091
115,527,7,62,investig,2,1.3547,6.0,3.5784,2.2714
115,44,8,164,problem,3,1.4657,9.0,5.859,2.2515
115,44,8,164,similar,1,2.2244,3.0,3.859,1.7292
115,44,8,164,investig,2,1.3547,6.0,4.859,1.6728
115,44,8,164,effect,3,0.9524,9.0,5.859,1.4631
115,44,8,164,heat,3,1.5197,9.0,5.859,2.3345
115,44,8,164,flow,1,0.6512,3.0,3.859,0.5063
115,44,8,164,investig,2,1.3547,6.0,4.859,1.6728
115,549,9,42,repres,1,2.6651,3.0,2.3273,3.4354
115,549,9,42,investig,2,1.3547,6.0,3.3273,2.4428
115,549,9,42,heat,1,1.5197,3.0,2.3273,1.959
115,549,9,42,flow,2,0.6512,6.0,3.3273,1.1743
115,549,9,42,investig,2,1.3547,6.0,3.3273,2.4428
115,875,10,26,investig,1,1.3547,3.0,2.1264,1.9112
115,875,10,26,aeroelast,1,4.3272,3.0,2.1264,6.1049
115,875,10,26,effect,1,0.9524,3.0,2.1264,1.3437
115,875,10,26,investig,1,1.3547,3.0,2.1264,1.9112
116,522,1,224,cone,3,2.4616,9.0,6.6123,3.3505
116,522,1,224,cylindr,4,2.6448,12.0,7.6123,4.1692
116,522,1,224,portion,5,3.2107,15.0,8.6123,5.5921
116,522,1,224,cone,3,2.4616,9.0,6.6123,3.3505
116,522,1,224,cylind,6,2.0604,18.0,9.6123,3.8582
116,522,1,224,configur,1,2.8443,3.0,4.6123,1.8501
116,1106,2,87,magnitud,1,2.9477,3.0,2.8923,3.0575
116,1106,2,87,distribut,1,1.3547,3.0,2.8923,1.4051
116,1106,2,87,cone,1,2.4616,3.0,2.8923,2.5533
116,1106,2,87,cylindr,2,2.6448,6.0,3.8923,4.077
116,1106,2,87,portion,2,3.2107,6.0,3.8923,4.9494
116,1106,2,87,cone,1,2.4616,3.0,2.8923,2.5533
116,1106,2,87,cylind,1,2.0604,3.0,2.8923,2.1371
116,1038,3,57,distribut,1,1.3547,3.0,2.5156,1.6155
116,1038,3,57,cone,2,2.4616,6.0,3.5156,4.2012
116,1038,3,57,portion,3,3.2107,9.0,4.5156,6.3992
116,1038,3,57,cone,2,2.4616,6.0,3.5156,4.2012
116,1038,3,57,cylind,3,2.0604,9.0,4.5156,4.1065
116,605,4,97,cone,6,2.4616,18.0,8.0178,5.5264
116,605,4,97,cone,6,2.4616,18.0,8.0178,5.5264
116,605,4,97,cylind,3,2.0604,9.0,5.0178,3.6955
116,605,4,97,configur,2,2.8443,6.0,4.0178,4.2476
116,384,5,52,lift,1,2.1729,3.0,2.4528,2.6576
116,384,5,52,cone,5,2.4616,15.0,6.4528,5.7222
116,384,5,52,cone,5,2.4616,15.0,6.4528,5.7222
116,384,5,52,cylind,3,2.0604,9.0,4.4528,4.1643
116,225,6,238,distribut,2,1.3547,6.0,5.788,1.4043
116,225,6,238,lift,8,2.1729,24.0,11.788,4.4239
116,225,6,238,cone,15,2.4616,45.0,18.788,5.8959
116,225,6,238,cone,15,2.4616,45.0,18.788,5.8959
116,1218,7,185,lift,3,2.1729,9.0,6.1226,3.1941
116,1218,7,185,cone,6,2.4616,18.0,9.1226,4.8571
116,1218,7,185,cone,6,2.4616,18.0,9.1226,4.8571
116,1218,7,185,configur,3,2.8443,9.0,6.1226,4.1811
116,272,8,307,magnitud,2,2.9477,6.0,6.6543,2.6578
116,272,8,307,cone,1,2.4616,3.0,5.6543,1.3061
116,272,8,307,cylindr,2,2.6448,6.0,6.6543,2.3847
116,272,8,307,portion,3,3.2107,9.0,7.6543,3.7752
116,272,8,307,cone,1,2.4616,3.0,5.6543,1.3061
116,272,8,307,cylind,9,2.0604,27.0,13.6543,4.0741
116,272,8,307,configur,1,2.8443,3.0,5.6543,1.5091
116,759,9,142,cone,4,2.4616,12.0,6.5828,4.4874
116,759,9,142,cylindr,1,2.6448,3.0,3.5828,2.2146
116,759,9,142,portion,1,3.2107,3.0,3.5828,2.6884
116,759,9,142,cone,4,2.4616,12.0,6.5828,4.4874
116,759,9,142,cylind,2,2.0604,6.0,4.5828,2.6975
116,48,10,66,magnitud,1,2.9477,3.0,2.6286,3.3641
116,48,10,66,distribut,1,1.3547,3.0,2.6286,1.5461
116,48,10,66,cone,6,2.4616,18.0,7.6286,5.8083
116,48,10,66,cone,6,2.4616,18.0,7.6286,5.8083
117,229,1,128,tail,10,4.0879,30.0,12.407,9.8846
117,229,1,128,forc,1,2.1121,3.0,3.407,1.8598
117,229,1,128,bodi,4,1.5631,12.0,6.407,2.9275
117,229,1,128,angl,2,1.886,6.0,4.407,2.5677
117,229,1,128,incid,2,3.159,6.0,4.407,4.3008
117,230,2,122,tail,8,4.0879,24.0,10.3317,9.4961
117,230,2,122,normal,1,2.3813,3.0,3.3317,2.1442
117,230,2,122,bodi,3,1.5631,9.0,5.3317,2.6385
117,230,2,122,angl,1,1.886,3.0,3.3317,1.6982
117,230,2,122,incid,2,3.159,6.0,4.3317,4.3756
117,282,3,158,addit,1,2.6754,3.0,3.7836,2.1213
117,282,3,158,boat,2,5.9922,6.0,4.7836,7.5158
117,282,3,158,tail,3,4.0879,9.0,5.7836,6.3613
117,282,3,158,angl,4,1.886,12.0,6.7836,3.3363
117,1304,4,84,normal,1,2.3813,3.0,2.8546,2.5026
117,1304,4,84,forc,3,2.1121,9.0,4.8546,3.9156
117,1304,4,84,bodi,3,1.5631,9.0,4.8546,2.8978
117,1304,4,84,angl,2,1.886,6.0,3.8546,2.9357
117,1304,4,84,incid,2,3.159,6.0,3.8546,4.9172
117,60,5,88,addit,1,2.6754,3.0,2.9048,2.7631
117,60,5,88,tail,5,4.0879,15.0,6.9048,8.8806
117,60,5,88,forc,2,2.1121,6.0,3.9048,3.2454
117,60,5,88,various,1,2.1543,3.0,2.9048,2.2249
117,907,6,129,inform,2,3.4495,6.0,4.4196,4.683
117,907,6,129,tail,1,4.0879,3.0,3.4196,3.5864
117,907,6,129,bodi,2,1.5631,6.0,4.4196,2.122
117,907,6,129,various,3,2.1543,9.0,5.4196,3.5775
117,907,6,129,angl,3,1.886,9.0,5.4196,3.132
117,924,7,126,tail,7,4.0879,21.0,9.3819,9.1503
117,924,7,126,bodi,5,1.5631,15.0,7.3819,3.1761
117,924,7,126,angl,1,1.886,3.0,3.3819,1.673
117,924,7,126,incid,1,3.159,3.0,3.3819,2.8022
117,782,8,138,inform,1,3.4495,3.0,3.5326,2.9294
117,782,8,138,tail,10,4.0879,30.0,12.5326,9.7856
117,782,8,138,various,1,2.1543,3.0,3.5326,1.8295
117,782,8,138,angl,1,1.886,3.0,3.5326,1.6017
117,1164,9,143,addit,1,2.6754,3.0,3.5953,2.2324
117,1164,9,143,tail,4,4.0879,12.0,6.5953,7.4379
117,1164,9,143,various,1,2.1543,3.0,3.5953,1.7976
117,1164,9,143,angl,1,1.886,3.0,3.5953,1.5737
117,1164,9,143,incid,1,3.159,3.0,3.5953,2.6359
117,927,10,252,normal,6,2.3813,18.0,9.9638,4.3018
117,927,10,252,forc,7,2.1121,21.0,10.9638,4.0455
117,927,10,252,bodi,9,1.5631,27.0,12.9638,3.2554
117,927,10,252,various,1,2.1543,3.0,4.9638,1.302
117,927,10,252,angl,3,1.886,9.0,6.9638,2.4375
118,246,1,78,fin,9,4.8026,27.0,10.7793,12.0296
118,246,1,78,lift,2,2.1729,6.0,3.7793,3.4497
118,246,1,78,lift,2,2.1729,6.0,3.7793,3.4497
118,246,1,78,fin,9,4.8026,27.0,10.7793,12.0296
118,520,2,135,interfer,6,3.4055,18.0,8.4949,7.216
118,520,2,135,effect,6,0.9524,18.0,8.4949,2.0182
118,520,2,135,fin,4,4.8026,12.0,6.4949,8.8733
118,520,2,135,lift,1,2.1729,3.0,3.4949,1.8652
118,520,2,135,lift,1,2.1729,3.0,3.4949,1.8652
118,520,2,135,fin,4,4.8026,12.0,6.4949,8.8733
118,923,3,93,interfer,2,3.4055,6.0,3.9676,5.15
118,923,3,93,effect,3,0.9524,9.0,4.9676,1.7256
118,923,3,93,lift,4,2.1729,12.0,5.9676,4.3694
118,923,3,93,bodi,6,1.5631,18.0,7.9676,3.5312
118,923,3,93,lift,4,2.1729,12.0,5.9676,4.3694
118,923,3,93,bodi,6,1.5631,18.0,7.9676,3.5312
118,923,3,93,combin,3,2.5309,9.0,4.9676,4.5854
118,229,4,128,interfer,2,3.4055,6.0,4.407,4.6365
118,229,4,128,effect,1,0.9524,3.0,3.407,0.8387
118,229,4,128,fin,1,4.8026,3.0,3.407,4.2289
118,229,4,128,lift,1,2.1729,3.0,3.407,1.9133
118,229,4,128,bodi,4,1.5631,12.0,6.407,2.9275
118,229,4,128,lift,1,2.1729,3.0,3.407,1.9133
118,229,4,128,fin,1,4.8026,3.0,3.407,4.2289
118,229,4,128,bodi,4,1.5631,12.0,6.407,2.9275
118,229,4,128,combin,2,2.5309,6.0,4.407,3.4458
118,924,5,126,interfer,3,3.4055,9.0,5.3819,5.6949
118,924,5,126,effect,2,0.9524,6.0,4.3819,1.3042
118,924,5,126,lift,3,2.1729,9.0,5.3819,3.6337
118,924,5,126,bodi,5,1.5631,15.0,7.3819,3.1761
118,924,5,126,lift,3,2.1729,9.0,5.3819,3.6337
118,924,5,126,bodi,5,1.5631,15.0,7.3819,3.1761
118,924,5,126,combin,3,2.5309,9.0,5.3819,4.2324
118,1075,6,126,interfer,5,3.4055,15.0,7.3819,6.9199
118,1075,6,126,effect,2,0.9524,6.0,4.3819,1.3042
118,1075,6,126,lift,2,2.1729,6.0,4.3819,2.9753
118,1075,6,126,bodi,5,1.5631,15.0,7.3819,3.1761
118,1075,6,126,lift,2,2.1729,6.0,4.3819,2.9753
118,1075,6,126,bodi,5,1.5631,15.0,7.3819,3.1761
118,1075,6,126,combin,2,2.5309,6.0,4.3819,3.4655
118,803,7,69,interfer,1,3.4055,3.0,2.6663,3.8317
118,803,7,69,effect,1,0.9524,3.0,2.6663,1.0717
118,803,7,69,lift,1,2.1729,3.0,2.6663,2.4449
118,803,7,69,bodi,7,1.5631,21.0,8.6663,3.7876
118,803,7,69,lift,1,2.1729,3.0,2.6663,2.4449
118,803,7,69,bodi,7,1.5631,21.0,8.6663,3.7876
118,803,7,69,combin,7,2.5309,21.0,8.6663,6.1329
118,1239,8,237,interfer,2,3.4055,6.0,5.7755,3.5379
118,1239,8,237,effect,1,0.9524,3.0,4.7755,0.5983
118,1239,8,237,lift,6,2.1729,18.0,9.7755,4.001
118,1239,8,237,bodi,19,1.5631,57.0,22.7755,3.9119
118,1239,8,237,lift,6,2.1729,18.0,9.7755,4.001
118,1239,8,237,bodi,19,1.5631,57.0,22.7755,3.9119
118,1239,8,237,combin,2,2.5309,6.0,5.7755,2.6293
118,1062,9,65,interfer,3,3.4055,9.0,4.6161,6.6397
118,1062,9,65,effect,1,0.9524,3.0,2.6161,1.0922
118,1062,9,65,lift,1,2.1729,3.0,2.6161,2.4918
118,1062,9,65,bodi,4,1.5631,12.0,5.6161,3.3398
118,1062,9,65,lift,1,2.1729,3.0,2.6161,2.4918
118,1062,9,65,bodi,4,1.5631,12.0,5.6161,3.3398
118,1062,9,65,combin,1,2.5309,3.0,2.6161,2.9024
118,1074,10,98,interfer,3,3.4055,9.0,5.0304,6.0929
118,1074,10,98,effect,1,0.9524,3.0,3.0304,0.9429
118,1074,10,98,lift,1,2.1729,3.0,3.0304,2.1511
118,1074,10,98,bodi,4,1.5631,12.0,6.0304,3.1104
118,1074,10,98,lift,1,2.1729,3.0,3.0304,2.1511
118,1074,10,98,bodi,4,1.5631,12.0,6.0304,3.1104
118,1074,10,98,combin,3,2.5309,9.0,5.0304,4.5282
119,926,1,80,initi,1,2.549,3.0,2.8044,2.7268
119,926,1,80,circular,2,2.3069,6.0,3.8044,3.6382
119,926,1,80,deflect,3,2.7733,9.0,4.8044,5.1952
119,926,1,80,load,6,1.9441,18.0,7.8044,4.4839
119,926,1,80,deflect,3,2.7733,9.0,4.8044,5.1952
119,926,1,80,hydrostat,2,4.6423,6.0,3.8044,7.3214
119,926,1,80,pressur,2,0.9305,6.0,3.8044,1.4675
119,1024,2,111,initi,1,2.549,3.0,3.1936,2.3945
119,1024,2,111,deviat,1,3.9678,3.0,3.1936,3.7273
119,1024,2,111,linear,1,2.1481,3.0,3.1936,2.0179
119,1024,2,111,larg,3,1.8907,9.0,5.1936,3.2764
119,1024,2,111,deflect,7,2.7733,21.0,9.1936,6.3348
119,1024,2,111,load,4,1.9441,12.0,6.1936,3.7667
119,1024,2,111,deflect,7,2.7733,21.0,9.1936,6.3348
119,928,3,235,effect,1,0.9524,3.0,4.7504,0.6015
119,928,3,235,initi,5,2.549,15.0,8.7504,4.3696
119,928,3,235,deviat,3,3.9678,9.0,6.7504,5.2901
119,928,3,235,larg,3,1.8907,9.0,6.7504,2.5208
119,928,3,235,deflect,5,2.7733,15.0,8.7504,4.754
119,928,3,235,load,1,1.9441,3.0,4.7504,1.2278
119,928,3,235,deflect,5,2.7733,15.0,8.7504,4.754
119,928,3,235,cylind,4,2.0604,12.0,7.7504,3.1901
119,744,4,66,circular,1,2.3069,3.0,2.6286,2.6328
119,744,4,66,non,2,3.0939,6.0,3.6286,5.1158
119,744,4,66,linear,2,2.1481,6.0,3.6286,3.552
119,744,4,66,deflect,1,2.7733,3.0,2.6286,3.1651
119,744,4,66,load,5,1.9441,15.0,6.6286,4.3994
119,744,4,66,deflect,1,2.7733,3.0,2.6286,3.1651
119,744,4,66,cylind,1,2.0604,3.0,2.6286,2.3515
119,1055,5,72,circular,2,2.3069,6.0,3.7039,3.7369
119,1055,5,72,non,3,3.0939,9.0,4.7039,5.9195
119,1055,5,72,linear,3,2.1481,9.0,4.7039,4.11
119,1055,5,72,deflect,1,2.7733,3.0,2.7039,3.077
119,1055,5,72,load,1,1.9441,3.0,2.7039,2.157
119,1055,5,72,deflect,1,2.7733,3.0,2.7039,3.077
119,1055,5,72,pressur,1,0.9305,3.0,2.7039,1.0324
119,897,6,60,effect,2,0.9524,6.0,3.5533,1.6083
119,897,6,60,initi,2,2.549,6.0,3.5533,4.3042
119,897,6,60,axisymmetr,1,3.2653,3.0,2.5533,3.8365
119,897,6,60,circular,2,2.3069,6.0,3.5533,3.8953
119,897,6,60,load,1,1.9441,3.0,2.5533,2.2843
119,897,6,60,hydrostat,1,4.6423,3.0,2.5533,5.4544
119,897,6,60,pressur,1,0.9305,3.0,2.5533,1.0933
119,1056,7,137,axisymmetr,3,3.2653,9.0,5.52,5.3238
119,1056,7,137,circular,3,2.3069,9.0,5.52,3.7612
119,1056,7,137,larg,3,1.8907,9.0,5.52,3.0827
119,1056,7,137,deflect,1,2.7733,3.0,3.52,2.3636
119,1056,7,137,load,6,1.9441,18.0,8.52,4.1073
119,1056,7,137,deflect,1,2.7733,3.0,3.52,2.3636
119,1056,7,137,pressur,1,0.9305,3.0,3.52,0.793
119,1362,8,84,effect,3,0.9524,9.0,4.8546,1.7658
119,1362,8,84,initi,1,2.549,3.0,2.8546,2.6789
119,1362,8,84,non,2,3.0939,6.0,3.8546,4.8159
119,1362,8,84,linear,2,2.1481,6.0,3.8546,3.3437
119,1362,8,84,larg,2,1.8907,6.0,3.8546,2.9431
119,1362,8,84,deflect,1,2.7733,3.0,2.8546,2.9146
119,1362,8,84,deflect,1,2.7733,3.0,2.8546,2.9146
119,765,9,86,effect,1,0.9524,3.0,2.8797,0.9922
119,765,9,86,circular,1,2.3069,3.0,2.8797,2.4032
119,765,9,86,deflect,1,2.7733,3.0,2.8797,2.8892
119,765,9,86,deflect,1,2.7733,3.0,2.8797,2.8892
119,765,9,86,cylind,2,2.0604,6.0,3.8797,3.1864
119,765,9,86,hydrostat,2,4.6423,6.0,3.8797,7.1793
119,765,9,86,pressur,2,0.9305,6.0,3.8797,1.439
119,533,10,25,initi,1,2.549,3.0,2.1139,3.6176
119,533,10,25,circular,1,2.3069,3.0,2.1139,3.2739
119,533,10,25,deflect,1,2.7733,3.0,2.1139,3.9359
119,533,10,25,load,1,1.9441,3.0,2.1139,2.7591
119,533,10,25,deflect,1,2.7733,3.0,2.1139,3.9359
119,533,10,25,cylind,1,2.0604,3.0,2.1139,2.9241
120,769,1,54,analys,1,3.704,3.0,2.478,4.4843
120,769,1,54,circumferenti,2,3.9678,6.0,3.478,6.845
120,769,1,54,thermal,1,2.7396,3.0,2.478,3.3168
120,769,1,54,buckl,4,2.3968,12.0,5.478,5.2505
120,769,1,54,circular,2,2.3069,6.0,3.478,3.9797
120,769,1,54,cylindr,2,2.6448,6.0,3.478,4.5627
120,769,1,54,shell,2,2.5768,6.0,3.478,4.4454
120,769,1,54,due,1,2.2786,3.0,2.478,2.7587
120,769,1,54,assum,1,2.1792,3.0,2.478,2.6383
120,769,1,54,buckl,4,2.3968,12.0,5.478,5.2505
120,769,1,54,mode,1,3.1423,3.0,2.478,3.8043
120,887,2,63,circumferenti,1,3.9678,3.0,2.5909,4.5942
120,887,2,63,thermal,3,2.7396,9.0,4.5909,5.3706
120,887,2,63,buckl,4,2.3968,12.0,5.5909,5.1444
120,887,2,63,circular,1,2.3069,3.0,2.5909,2.6711
120,887,2,63,cylindr,2,2.6448,6.0,3.5909,4.4191
120,887,2,63,shell,5,2.5768,15.0,6.5909,5.8644
120,887,2,63,due,4,2.2786,12.0,5.5909,4.8906
120,887,2,63,buckl,4,2.3968,12.0,5.5909,5.1444
120,890,3,73,circumferenti,3,3.9678,9.0,4.7165,7.5713
120,890,3,73,thermal,1,2.7396,3.0,2.7165,3.0255
120,890,3,73,buckl,2,2.3968,6.0,3.7165,3.8695
120,890,3,73,cylindr,2,2.6448,6.0,3.7165,4.2698
120,890,3,73,shell,8,2.5768,24.0,9.7165,6.3648
120,890,3,73,assum,1,2.1792,3.0,2.7165,2.4066
120,890,3,73,buckl,2,2.3968,6.0,3.7165,3.8695
120,1172,4,98,buckl,5,2.3968,15.0,7.0304,5.1139
120,1172,4,98,circular,2,2.3069,6.0,4.0304,3.4342
120,1172,4,98,cylindr,2,2.6448,6.0,4.0304,3.9373
120,1172,4,98,shell,5,2.5768,15.0,7.0304,5.4979
120,1172,4,98,even,1,3.3634,3.0,3.0304,3.3297
120,1172,4,98,due,1,2.2786,3.0,3.0304,2.2558
120,1172,4,98,buckl,5,2.3968,15.0,7.0304,5.1139
120,740,5,130,previous,1,2.5862,3.0,3.4321,2.2606
120,740,5,130,buckl,5,2.3968,15.0,7.4321,4.8374
120,740,5,130,circular,1,2.3069,3.0,3.4321,2.0164
120,740,5,130,cylindr,5,2.6448,15.0,7.4321,5.3379
120,740,5,130,shell,5,2.5768,15.0,7.4321,5.2007
120,740,5,130,assum,1,2.1792,3.0,3.4321,1.9048
120,740,5,130,form,1,1.7664,3.0,3.4321,1.544
120,740,5,130,buckl,5,2.3968,15.0,7.4321,4.8374
120,1122,6,118,circumferenti,1,3.9678,3.0,3.2815,3.6275
120,1122,6,118,buckl,5,2.3968,15.0,7.2815,4.9375
120,1122,6,118,cylindr,2,2.6448,6.0,4.2815,3.7064
120,1122,6,118,shell,2,2.5768,6.0,4.2815,3.6111
120,1122,6,118,even,1,3.3634,3.0,3.2815,3.0749
120,1122,6,118,buckl,5,2.3968,15.0,7.2815,4.9375
120,1122,6,118,mode,1,3.1423,3.0,3.2815,2.8728
120,886,7,41,thermal,2,2.7396,6.0,3.3147,4.9589
120,886,7,41,buckl,2,2.3968,6.0,3.3147,4.3385
120,886,7,41,cylindr,1,2.6448,3.0,2.3147,3.4277
120,886,7,41,shell,5,2.5768,15.0,6.3147,6.1209
120,886,7,41,assum,1,2.1792,3.0,2.3147,2.8243
120,886,7,41,buckl,2,2.3968,6.0,3.3147,4.3385
120,885,8,49,thermal,3,2.7396,9.0,4.4152,5.5844
120,885,8,49,buckl,4,2.3968,12.0,5.4152,5.3113
120,885,8,49,cylindr,2,2.6448,6.0,3.4152,4.6465
120,885,8,49,shell,2,2.5768,6.0,3.4152,4.5271
120,885,8,49,buckl,4,2.3968,12.0,5.4152,5.3113
120,760,9,102,buckl,6,2.3968,18.0,8.0806,5.3391
120,760,9,102,cylindr,2,2.6448,6.0,4.0806,3.8888
120,760,9,102,shell,2,2.5768,6.0,4.0806,3.7889
120,760,9,102,even,1,3.3634,3.0,3.0806,3.2754
120,760,9,102,buckl,6,2.3968,18.0,8.0806,5.3391
120,760,9,102,mode,1,3.1423,3.0,3.0806,3.0601
120,897,10,60,buckl,4,2.3968,12.0,5.5533,5.1793
120,897,10,60,circular,2,2.3069,6.0,3.5533,3.8953
120,897,10,60,cylindr,3,2.6448,9.0,4.5533,5.2277
120,897,10,60,shell,3,2.5768,9.0,4.5533,5.0933
120,897,10,60,buckl,4,2.3968,12.0,5.5533,5.1793
121,769,1,54,circumferenti,2,3.9678,6.0,3.478,6.845
121,769,1,54,buckl,4,2.3968,12.0,5.478,5.2505
121,769,1,54,thermal,1,2.7396,3.0,2.478,3.3168
121,769,1,54,buckl,4,2.3968,12.0,5.478,5.2505
121,769,1,54,due,1,2.2786,3.0,2.478,2.7587
121,769,1,54,load,1,1.9441,3.0,2.478,2.3537
121,887,2,63,circumferenti,1,3.9678,3.0,2.5909,4.5942
121,887,2,63,buckl,4,2.3968,12.0,5.5909,5.1444
121,887,2,63,thermal,3,2.7396,9.0,4.5909,5.3706
121,887,2,63,buckl,4,2.3968,12.0,5.5909,5.1444
121,887,2,63,due,4,2.2786,12.0,5.5909,4.8906
121,888,3,66,circumferenti,1,3.9678,3.0,2.6286,4.5284
121,888,3,66,buckl,6,2.3968,18.0,7.6286,5.6554
121,888,3,66,thermal,1,2.7396,3.0,2.6286,3.1267
121,888,3,66,buckl,6,2.3968,18.0,7.6286,5.6554
121,888,3,66,due,1,2.2786,3.0,2.6286,2.6005
121,888,3,66,load,2,1.9441,6.0,3.6286,3.2147
121,1146,4,25,circumferenti,1,3.9678,3.0,2.1139,5.6311
121,1146,4,25,buckl,2,2.3968,6.0,3.1139,4.6184
121,1146,4,25,thermal,2,2.7396,6.0,3.1139,5.2788
121,1146,4,25,buckl,2,2.3968,6.0,3.1139,4.6184
121,1146,4,25,due,1,2.2786,3.0,2.1139,3.2338
121,1017,5,79,buckl,5,2.3968,15.0,6.7918,5.2935
121,1017,5,79,buckl,5,2.3968,15.0,6.7918,5.2935
121,1017,5,79,due,1,2.2786,3.0,2.7918,2.4485
121,1017,5,79,mechan,2,3.4055,6.0,3.7918,5.3887
121,1017,5,79,load,5,1.9441,15.0,6.7918,4.2937
121,890,6,73,paper,1,1.9441,3.0,2.7165,2.147
121,890,6,73,circumferenti,3,3.9678,9.0,4.7165,7.5713
121,890,6,73,buckl,2,2.3968,6.0,3.7165,3.8695
121,890,6,73,thermal,1,2.7396,3.0,2.7165,3.0255
121,890,6,73,buckl,2,2.3968,6.0,3.7165,3.8695
121,1177,7,62,buckl,4,2.3968,12.0,5.5784,5.1559
121,1177,7,62,thermal,3,2.7396,9.0,4.5784,5.3854
121,1177,7,62,buckl,4,2.3968,12.0,5.5784,5.1559
121,1177,7,62,load,4,1.9441,12.0,5.5784,4.1821
121,1178,8,68,buckl,4,2.3968,12.0,5.6537,5.0873
121,1178,8,68,thermal,5,2.7396,15.0,6.6537,6.1761
121,1178,8,68,buckl,4,2.3968,12.0,5.6537,5.0873
121,1178,8,68,load,2,1.9441,6.0,3.6537,3.1926
121,739,9,167,paper,3,1.9441,9.0,5.8966,2.9673
121,739,9,167,buckl,10,2.3968,30.0,12.8966,5.5755
121,739,9,167,buckl,10,2.3968,30.0,12.8966,5.5755
121,739,9,167,load,4,1.9441,12.0,6.8966,3.3827
121,1117,10,82,paper,1,1.9441,3.0,2.8295,2.0613
121,1117,10,82,circumferenti,1,3.9678,3.0,2.8295,4.2069
121,1117,10,82,buckl,2,2.3968,6.0,3.8295,3.7553
121,1117,10,82,buckl,2,2.3968,6.0,3.8295,3.7553
121,1117,10,82,load,3,1.9441,9.0,4.8295,3.623
122,898,1,31,stabil,1,2.4533,3.0,2.1892,3.3619
122,898,1,31,conic,2,3.0477,6.0,3.1892,5.7339
122,898,1,31,shell,2,2.5768,6.0,3.1892,4.8479
122,898,1,31,result,1,0.7046,3.0,2.1892,0.9656
122,898,1,31,compar,1,1.7335,3.0,2.1892,2.3756
122,898,1,31,experi,2,2.2178,6.0,3.1892,4.1724
122,1070,2,67,stabil,2,2.4533,6.0,3.6412,4.0426
122,1070,2,67,conic,6,3.0477,18.0,7.6412,7.1794
122,1070,2,67,shell,7,2.5768,21.0,8.6412,6.2622
122,1070,2,67,result,1,0.7046,3.0,2.6412,0.8004
122,931,3,44,stabil,2,2.4533,6.0,3.3524,4.3908
122,931,3,44,conic,1,3.0477,3.0,2.3524,3.8867
122,931,3,44,shell,3,2.5768,9.0,4.3524,5.3284
122,931,3,44,result,1,0.7046,3.0,2.3524,0.8986
122,934,4,121,stabil,2,2.4533,6.0,4.3191,3.408
122,934,4,121,conic,4,3.0477,12.0,6.3191,5.7876
122,934,4,121,shell,4,2.5768,12.0,6.3191,4.8933
122,930,5,73,conic,2,3.0477,6.0,3.7165,4.9203
122,930,5,73,shell,8,2.5768,24.0,9.7165,6.3648
122,930,5,73,result,1,0.7046,3.0,2.7165,0.7782
122,930,5,73,compar,1,1.7335,3.0,2.7165,1.9144
122,78,6,119,analyt,2,2.5768,6.0,4.294,3.6005
122,78,6,119,investig,1,1.3547,3.0,3.294,1.2338
122,78,6,119,made,1,1.3799,3.0,3.294,1.2567
122,78,6,119,stabil,5,2.4533,15.0,7.294,5.0451
122,78,6,119,result,3,0.7046,9.0,5.294,1.1979
122,78,6,119,compar,1,1.7335,3.0,3.294,1.5788
122,935,7,41,conic,2,3.0477,6.0,3.3147,5.5167
122,935,7,41,shell,2,2.5768,6.0,3.3147,4.6642
122,935,7,41,result,2,0.7046,6.0,3.3147,1.2755
122,935,7,41,compar,1,1.7335,3.0,2.3147,2.2467
122,938,8,38,stabil,2,2.4533,6.0,3.2771,4.4917
122,938,8,38,conic,2,3.0477,6.0,3.2771,5.5801
122,938,8,38,shell,1,2.5768,3.0,2.2771,3.3949
122,1171,9,45,investig,1,1.3547,3.0,2.365,1.7184
122,1171,9,45,made,1,1.3799,3.0,2.365,1.7504
122,1171,9,45,stabil,3,2.4533,9.0,4.365,5.0584
122,1171,9,45,shell,2,2.5768,6.0,3.365,4.5946
122,1172,10,98,investig,1,1.3547,3.0,3.0304,1.3411
122,1172,10,98,stabil,3,2.4533,9.0,5.0304,4.3893
122,1172,10,98,shell,5,2.5768,15.0,7.0304,5.4979
122,1172,10,98,compar,1,1.7335,3.0,3.0304,1.7162
123,941,1,60,compress,3,1.9491,9.0,4.5533,3.8526
123,941,1,60,viscous,2,2.4368,6.0,3.5533,4.1148
123,941,1,60,flow,6,0.6512,18.0,7.5533,1.5519
123,941,1,60,channel,6,4.3827,18.0,7.5533,10.4444
123,1360,2,66,work,2,2.5131,6.0,3.6286,4.1555
123,1360,2,66,done,2,4.5708,6.0,3.6286,7.5579
123,1360,2,66,determin,3,1.5428,9.0,4.6286,2.9999
123,742,3,66,work,2,2.5131,6.0,3.6286,4.1555
123,742,3,66,done,1,4.5708,3.0,2.6286,5.2166
123,742,3,66,determin,1,1.5428,3.0,2.6286,1.7608
123,742,3,66,compress,2,1.9491,6.0,3.6286,3.2229
123,1221,4,60,flow,2,0.6512,6.0,3.5533,1.0996
123,1221,4,60,straight,1,3.795,3.0,2.5533,4.4589
123,1221,4,60,channel,3,4.3827,9.0,4.5533,8.6629
123,112,5,84,determin,1,1.5428,3.0,2.8546,1.6214
123,112,5,84,viscous,1,2.4368,3.0,2.8546,2.561
123,112,5,84,flow,2,0.6512,6.0,3.8546,1.0137
123,112,5,84,channel,3,4.3827,9.0,4.8546,8.1252
123,387,6,38,determin,1,1.5428,3.0,2.2771,2.0326
123,387,6,38,viscous,1,2.4368,3.0,2.2771,3.2105
123,387,6,38,flow,2,0.6512,6.0,3.2771,1.1923
123,387,6,38,channel,1,4.3827,3.0,2.2771,5.7742
123,740,7,130,work,3,2.5131,9.0,5.4321,4.1638
123,740,7,130,done,1,4.5708,3.0,3.4321,3.9953
123,740,7,130,compress,3,1.9491,9.0,5.4321,3.2293
123,34,8,111,work,1,2.5131,3.0,3.1936,2.3608
123,34,8,111,flow,6,0.6512,18.0,8.1936,1.4306
123,34,8,111,channel,3,4.3827,9.0,5.1936,7.5949
123,1270,9,85,done,1,4.5708,3.0,2.8672,4.7826
123,1270,9,85,natur,1,3.2286,3.0,2.8672,3.3782
123,1270,9,85,compress,1,1.9491,3.0,2.8672,2.0394
123,1270,9,85,flow,2,0.6512,6.0,3.8672,1.0104
123,775,10,47,determin,1,1.5428,3.0,2.3901,1.9365
123,775,10,47,natur,1,3.2286,3.0,2.3901,4.0525
123,775,10,47,compress,2,1.9491,6.0,3.3901,3.4497
123,775,10,47,flow,8,0.6512,24.0,9.3901,1.6644
124,941,1,60,flow,6,0.6512,18.0,7.5533,1.5519
124,941,1,60,viscous,2,2.4368,6.0,3.5533,4.1148
124,941,1,60,compress,3,1.9491,9.0,4.5533,3.8526
124,941,1,60,flow,6,0.6512,18.0,7.5533,1.5519
124,941,1,60,slender,3,2.6754,9.0,4.5533,5.2882
124,941,1,60,channel,6,4.3827,18.0,7.5533,10.4444
124,941,1,60,analyt,1,2.5768,3.0,2.5533,3.0276
124,941,1,60,made,1,1.3799,3.0,2.5533,1.6213
124,941,1,60,result,1,0.7046,3.0,2.5533,0.8279
124,898,2,31,stabil,1,2.4533,3.0,2.1892,3.3619
124,898,2,31,conic,2,3.0477,6.0,3.1892,5.7339
124,898,2,31,shell,2,2.5768,6.0,3.1892,4.8479
124,898,2,31,result,1,0.7046,3.0,2.1892,0.9656
124,898,2,31,compar,1,1.7335,3.0,2.1892,2.3756
124,898,2,31,experi,2,2.2178,6.0,3.1892,4.1724
124,516,3,71,low,1,2.2047,3.0,2.6914,2.4576
124,516,3,71,wind,3,2.3968,9.0,4.6914,4.5981
124,516,3,71,tunnel,4,2.0492,12.0,5.6914,4.3207
124,516,3,71,investig,1,1.3547,3.0,2.6914,1.51
124,516,3,71,made,1,1.3799,3.0,2.6914,1.5381
124,516,3,71,stabil,2,2.4533,6.0,3.6914,3.9876
124,516,3,71,result,1,0.7046,3.0,2.6914,0.7854
124,516,3,71,compar,1,1.7335,3.0,2.6914,1.9323
124,1070,4,67,compress,1,1.9491,3.0,2.6412,2.2139
124,1070,4,67,stabil,2,2.4533,6.0,3.6412,4.0426
124,1070,4,67,conic,6,3.0477,18.0,7.6412,7.1794
124,1070,4,67,shell,7,2.5768,21.0,8.6412,6.2622
124,1070,4,67,result,1,0.7046,3.0,2.6412,0.8004
124,442,5,124,low,2,2.2047,6.0,4.3568,3.0363
124,442,5,124,densiti,6,2.7619,18.0,8.3568,5.949
124,442,5,124,flow,1,0.6512,3.0,3.3568,0.582
124,442,5,124,flow,1,0.6512,3.0,3.3568,0.582
124,442,5,124,analyt,2,2.5768,6.0,4.3568,3.5487
124,442,5,124,investig,3,1.3547,9.0,5.3568,2.276
124,442,5,124,made,2,1.3799,6.0,4.3568,1.9003
124,442,5,124,result,1,0.7046,3.0,3.3568,0.6297
124,442,5,124,experi,1,2.2178,3.0,3.3568,1.9821
124,934,6,121,compress,4,1.9491,12.0,6.3191,3.7014
124,934,6,121,problem,3,1.4657,9.0,5.3191,2.48
124,934,6,121,stabil,2,2.4533,6.0,4.3191,3.408
124,934,6,121,conic,4,3.0477,12.0,6.3191,5.7876
124,934,6,121,shell,4,2.5768,12.0,6.3191,4.8933
124,938,7,38,compress,1,1.9491,3.0,2.2771,2.5679
124,938,7,38,problem,1,1.4657,3.0,2.2771,1.9311
124,938,7,38,stabil,2,2.4533,6.0,3.2771,4.4917
124,938,7,38,conic,2,3.0477,6.0,3.2771,5.5801
124,938,7,38,shell,1,2.5768,3.0,2.2771,3.3949
124,78,8,119,wind,1,2.3968,3.0,3.294,2.1829
124,78,8,119,tunnel,1,2.0492,3.0,3.294,1.8663
124,78,8,119,analyt,2,2.5768,6.0,4.294,3.6005
124,78,8,119,investig,1,1.3547,3.0,3.294,1.2338
124,78,8,119,made,1,1.3799,3.0,3.294,1.2567
124,78,8,119,stabil,5,2.4533,15.0,7.294,5.0451
124,78,8,119,result,3,0.7046,9.0,5.294,1.1979
124,78,8,119,compar,1,1.7335,3.0,3.294,1.5788
124,535,9,66,low,1,2.2047,3.0,2.6286,2.5162
124,535,9,66,wind,1,2.3968,3.0,2.6286,2.7355
124,535,9,66,tunnel,1,2.0492,3.0,2.6286,2.3387
124,535,9,66,flow,4,0.6512,12.0,5.6286,1.3884
124,535,9,66,compress,1,1.9491,3.0,2.6286,2.2245
124,535,9,66,flow,4,0.6512,12.0,5.6286,1.3884
124,535,9,66,analyt,1,2.5768,3.0,2.6286,2.9409
124,535,9,66,investig,1,1.3547,3.0,2.6286,1.5461
124,535,9,66,result,1,0.7046,3.0,2.6286,0.8042
124,801,10,124,area,1,3.159,3.0,3.3568,2.8232
124,801,10,124,flow,2,0.6512,6.0,4.3568,0.8968
124,801,10,124,flow,2,0.6512,6.0,4.3568,0.8968
124,801,10,124,slender,7,2.6754,21.0,9.3568,6.0046
124,801,10,124,investig,2,1.3547,6.0,4.3568,1.8656
124,801,10,124,made,1,1.3799,3.0,3.3568,1.2332
124,801,10,124,result,1,0.7046,3.0,3.3568,0.6297
124,801,10,124,compar,1,1.7335,3.0,3.3568,1.5493
124,801,10,124,experi,1,2.2178,3.0,3.3568,1.9821
125,997,1,119,jet,17,2.6754,51.0,19.294,7.0719
125,997,1,119,interfer,1,3.4055,3.0,3.294,3.1015
125,997,1,119,superson,3,1.6447,9.0,5.294,2.796
125,997,1,119,experiment,3,1.4175,9.0,5.294,2.4097
125,993,2,135,jet,10,2.6754,30.0,12.4949,6.4236
125,993,2,135,interfer,2,3.4055,6.0,4.4949,4.5458
125,993,2,135,superson,4,1.6447,12.0,6.4949,3.0387
125,993,2,135,flow,2,0.6512,6.0,4.4949,0.8693
125,176,3,70,jet,8,2.6754,24.0,9.6788,6.634
125,176,3,70,superson,2,1.6447,6.0,3.6788,2.6824
125,176,3,70,flow,1,0.6512,3.0,2.6788,0.7293
125,176,3,70,experiment,1,1.4175,3.0,2.6788,1.5874
125,176,3,70,paper,1,1.9441,3.0,2.6788,2.1772
125,131,4,184,jet,9,2.6754,27.0,12.1101,5.9649
125,131,4,184,superson,3,1.6447,9.0,6.1101,2.4226
125,131,4,184,flow,4,0.6512,12.0,7.1101,1.0991
125,131,4,184,experiment,1,1.4175,3.0,4.1101,1.0346
125,131,4,184,paper,3,1.9441,9.0,6.1101,2.8637
125,696,5,190,jet,11,2.6754,33.0,14.1854,6.2239
125,696,5,190,interfer,2,3.4055,6.0,5.1854,3.9405
125,696,5,190,superson,1,1.6447,3.0,4.1854,1.1789
125,696,5,190,flow,3,0.6512,9.0,6.1854,0.9475
125,1083,6,45,flow,4,0.6512,12.0,5.365,1.4566
125,1083,6,45,dash,1,4.8936,3.0,2.365,6.2076
125,1083,6,45,experiment,1,1.4175,3.0,2.365,1.7981
125,1083,6,45,paper,1,1.9441,3.0,2.365,2.4662
125,970,7,124,jet,5,2.6754,15.0,7.3568,5.455
125,970,7,124,interfer,1,3.4055,3.0,3.3568,3.0435
125,970,7,124,superson,2,1.6447,6.0,4.3568,2.265
125,970,7,124,flow,2,0.6512,6.0,4.3568,0.8968
125,1074,8,98,interfer,3,3.4055,9.0,5.0304,6.0929
125,1074,8,98,superson,2,1.6447,6.0,4.0304,2.4484
125,1074,8,98,flow,2,0.6512,6.0,4.0304,0.9695
125,1074,8,98,experiment,2,1.4175,6.0,4.0304,2.1102
125,1350,9,77,jet,5,2.6754,15.0,6.7667,5.9306
125,1350,9,77,interfer,2,3.4055,6.0,3.7667,5.4246
125,1075,10,126,interfer,5,3.4055,15.0,7.3819,6.9199
125,1075,10,126,superson,2,1.6447,6.0,4.3819,2.252
125,1075,10,126,experiment,2,1.4175,6.0,4.3819,1.9409
126,1326,1,100,thrust,5,3.7334,15.0,7.0555,7.9372
126,1326,1,100,vector,2,4.7192,6.0,4.0555,6.982
126,1326,1,100,control,2,3.1259,6.0,4.0555,4.6247
126,1326,1,100,fluid,1,2.1666,3.0,3.0555,2.1273
126,1326,1,100,inject,4,3.4722,12.0,6.0555,6.8807
126,1288,2,59,thrust,1,3.7334,3.0,2.5407,4.4083
126,1288,2,59,vector,1,4.7192,3.0,2.5407,5.5723
126,1288,2,59,control,1,3.1259,3.0,2.5407,3.691
126,1288,2,59,fluid,1,2.1666,3.0,2.5407,2.5583
126,1288,2,59,inject,4,3.4722,12.0,5.5407,7.52
126,974,3,115,thrust,1,3.7334,3.0,3.2438,3.4528
126,974,3,115,vector,1,4.7192,3.0,3.2438,4.3645
126,974,3,115,control,1,3.1259,3.0,3.2438,2.891
126,974,3,115,fluid,1,2.1666,3.0,3.2438,2.0038
126,974,3,115,inject,9,3.4722,27.0,11.2438,8.3378
126,1095,4,118,thrust,9,3.7334,27.0,11.2815,8.9352
126,1095,4,118,vector,4,4.7192,12.0,6.2815,9.0155
126,773,5,192,thrust,1,3.7334,3.0,4.2105,2.6601
126,773,5,192,control,3,3.1259,9.0,6.2105,4.5299
126,773,5,192,fluid,2,2.1666,6.0,5.2105,2.4949
126,773,5,192,inject,6,3.4722,18.0,9.2105,6.7856
126,1083,6,45,fluid,3,2.1666,9.0,4.365,4.4674
126,1083,6,45,dash,1,4.8936,3.0,2.365,6.2076
126,1083,6,45,paper,1,1.9441,3.0,2.365,2.4662
126,1265,7,95,thrust,8,3.7334,24.0,9.9927,8.9667
126,1265,7,95,fluid,1,2.1666,3.0,2.9927,2.1719
126,1265,7,95,paper,1,1.9441,3.0,2.9927,1.9489
126,397,8,66,fluid,3,2.1666,9.0,4.6286,4.2129
126,397,8,66,inject,5,3.4722,15.0,6.6286,7.8573
126,1169,9,92,thrust,1,3.7334,3.0,2.955,3.7902
126,1169,9,92,control,4,3.1259,12.0,5.955,6.299
126,1169,9,92,paper,1,1.9441,3.0,2.955,1.9737
126,1237,10,70,fluid,1,2.1666,3.0,2.6788,2.4264
126,1237,10,70,inject,5,3.4722,15.0,6.6788,7.7982
127,6,1,56,obtain,1,1.104,3.0,2.5031,1.3232
127,6,1,56,analyt,1,2.5768,3.0,2.5031,3.0884
127,6,1,56,solut,4,1.2349,12.0,5.5031,2.6928
127,6,1,56,heat,3,1.5197,9.0,4.5031,3.0374
127,6,1,56,time,1,2.2178,3.0,2.5031,2.6581
127,6,1,56,heat,3,1.5197,9.0,4.5031,3.0374
127,6,1,56,input,2,4.8936,6.0,3.5031,8.3816
127,869,2,186,possibl,2,2.2047,6.0,5.1352,2.576
127,869,2,186,obtain,1,1.104,3.0,4.1352,0.8009
127,869,2,186,simpl,1,2.0273,3.0,4.1352,1.4708
127,869,2,186,solut,3,1.2349,9.0,6.1352,1.8115
127,869,2,186,heat,4,1.5197,12.0,7.1352,2.5559
127,869,2,186,equat,1,1.2472,3.0,4.1352,0.9049
127,869,2,186,exponenti,4,4.4416,12.0,7.1352,7.4699
127,869,2,186,time,3,2.2178,9.0,6.1352,3.2534
127,869,2,186,heat,4,1.5197,12.0,7.1352,2.5559
127,5,3,37,analyt,1,2.5768,3.0,2.2645,3.4137
127,5,3,37,solut,1,1.2349,3.0,2.2645,1.636
127,5,3,37,heat,6,1.5197,18.0,7.2645,3.7656
127,5,3,37,time,1,2.2178,3.0,2.2645,2.9381
127,5,3,37,heat,6,1.5197,18.0,7.2645,3.7656
127,5,3,37,input,1,4.8936,3.0,2.2645,6.4829
127,981,4,68,reason,1,2.9614,3.0,2.6537,3.3478
127,981,4,68,analyt,1,2.5768,3.0,2.6537,2.913
127,981,4,68,solut,4,1.2349,12.0,5.6537,2.6211
127,981,4,68,heat,4,1.5197,12.0,5.6537,3.2256
127,981,4,68,equat,1,1.2472,3.0,2.6537,1.41
127,981,4,68,time,3,2.2178,9.0,4.6537,4.289
127,981,4,68,heat,4,1.5197,12.0,5.6537,3.2256
127,158,5,85,simpl,2,2.0273,6.0,3.8672,3.1454
127,158,5,85,solut,1,1.2349,3.0,2.8672,1.2921
127,158,5,85,heat,10,1.5197,30.0,11.8672,3.8418
127,158,5,85,equat,1,1.2472,3.0,2.8672,1.305
127,158,5,85,time,4,2.2178,12.0,5.8672,4.536
127,158,5,85,heat,10,1.5197,30.0,11.8672,3.8418
127,582,6,49,obtain,1,1.104,3.0,2.4152,1.3713
127,582,6,49,solut,1,1.2349,3.0,2.4152,1.5339
127,582,6,49,heat,2,1.5197,6.0,3.4152,2.6699
127,582,6,49,time,1,2.2178,3.0,2.4152,2.7548
127,582,6,49,heat,2,1.5197,6.0,3.4152,2.6699
127,582,6,49,input,1,4.8936,3.0,2.4152,6.0785
127,944,7,69,obtain,1,1.104,3.0,2.6663,1.2422
127,944,7,69,solut,3,1.2349,9.0,4.6663,2.3818
127,944,7,69,heat,4,1.5197,12.0,5.6663,3.2185
127,944,7,69,equat,1,1.2472,3.0,2.6663,1.4034
127,944,7,69,exponenti,1,4.4416,3.0,2.6663,4.9975
127,944,7,69,heat,4,1.5197,12.0,5.6663,3.2185
127,587,8,60,heat,2,1.5197,6.0,3.5533,2.5662
127,587,8,60,equat,2,1.2472,6.0,3.5533,2.1061
127,587,8,60,time,1,2.2178,3.0,2.5533,2.6058
127,587,8,60,heat,2,1.5197,6.0,3.5533,2.5662
127,587,8,60,input,1,4.8936,3.0,2.5533,5.7497
127,585,9,66,simpl,1,2.0273,3.0,2.6286,2.3137
127,585,9,66,solut,1,1.2349,3.0,2.6286,1.4094
127,585,9,66,heat,3,1.5197,9.0,4.6286,2.955
127,585,9,66,equat,1,1.2472,3.0,2.6286,1.4235
127,585,9,66,time,2,2.2178,6.0,3.6286,3.6671
127,585,9,66,heat,3,1.5197,9.0,4.6286,2.955
127,395,10,143,possibl,1,2.2047,3.0,3.5953,1.8397
127,395,10,143,obtain,1,1.104,3.0,3.5953,0.9212
127,395,10,143,simpl,1,2.0273,3.0,3.5953,1.6916
127,395,10,143,heat,8,1.5197,24.0,10.5953,3.4424
127,395,10,143,equat,1,1.2472,3.0,3.5953,1.0407
127,395,10,143,time,1,2.2178,3.0,3.5953,1.8505
127,395,10,143,heat,8,1.5197,24.0,10.5953,3.4424
128,945,1,59,pump,2,5.9922,6.0,3.5407,10.1541
128,945,1,59,design,2,2.2717,6.0,3.5407,3.8495
128,945,1,59,method,3,1.1235,9.0,4.5407,2.2269
128,945,1,59,high,1,1.7175,3.0,2.5407,2.028
128,945,1,59,speed,1,1.5665,3.0,2.5407,1.8496
128,945,1,59,digit,2,4.2245,6.0,3.5407,7.1587
128,945,1,59,comput,2,2.4206,6.0,3.5407,4.1019
128,1063,2,47,method,2,1.1235,6.0,3.3901,1.9885
128,1063,2,47,high,2,1.7175,6.0,3.3901,3.0398
128,1063,2,47,speed,2,1.5665,6.0,3.3901,2.7725
128,1063,2,47,digit,2,4.2245,6.0,3.3901,7.4769
128,1063,2,47,comput,2,2.4206,6.0,3.3901,4.2842
128,92,3,127,program,1,4.0879,3.0,3.3945,3.6129
128,92,3,127,high,2,1.7175,6.0,4.3945,2.345
128,92,3,127,speed,2,1.5665,6.0,4.3945,2.1388
128,92,3,127,digit,2,4.2245,6.0,4.3945,5.768
128,92,3,127,comput,5,2.4206,15.0,7.3945,4.9104
128,745,4,32,program,1,4.0879,3.0,2.2018,5.57
128,745,4,32,method,3,1.1235,9.0,4.2018,2.4066
128,745,4,32,digit,1,4.2245,3.0,2.2018,5.7561
128,745,4,32,comput,1,2.4206,3.0,2.2018,3.2982
128,1087,5,72,method,7,1.1235,21.0,8.7039,2.7108
128,1087,5,72,high,1,1.7175,3.0,2.7039,1.9056
128,1087,5,72,speed,1,1.5665,3.0,2.7039,1.738
128,1087,5,72,digit,1,4.2245,3.0,2.7039,4.6871
128,1087,5,72,comput,3,2.4206,9.0,4.7039,4.6314
128,493,6,165,method,2,1.1235,6.0,4.8715,1.3838
128,493,6,165,high,2,1.7175,6.0,4.8715,2.1153
128,493,6,165,speed,3,1.5665,9.0,5.8715,2.4011
128,493,6,165,digit,1,4.2245,3.0,3.8715,3.2735
128,493,6,165,comput,7,2.4206,21.0,9.8715,5.1495
128,248,7,71,method,1,1.1235,3.0,2.6914,1.2524
128,248,7,71,speed,1,1.5665,3.0,2.6914,1.7461
128,248,7,71,digit,2,4.2245,6.0,3.6914,6.8666
128,248,7,71,comput,2,2.4206,6.0,3.6914,3.9345
128,1219,8,82,program,5,4.0879,15.0,6.8295,8.9786
128,1219,8,82,method,3,1.1235,9.0,4.8295,2.0938
128,1219,8,82,speed,2,1.5665,6.0,3.8295,2.4543
128,1246,9,157,design,1,2.2717,3.0,3.7711,1.8072
128,1246,9,157,method,5,1.1235,15.0,7.7711,2.1687
128,1246,9,157,high,1,1.7175,3.0,3.7711,1.3663
128,1246,9,157,speed,1,1.5665,3.0,3.7711,1.2462
128,1246,9,157,digit,1,4.2245,3.0,3.7711,3.3607
128,1246,9,157,comput,2,2.4206,6.0,4.7711,3.0441
128,762,10,103,design,3,2.2717,9.0,5.0931,4.0142
128,762,10,103,method,3,1.1235,9.0,5.0931,1.9854
128,762,10,103,digit,1,4.2245,3.0,3.0931,4.0973
128,762,10,103,comput,1,2.4206,3.0,3.0931,2.3477
129,945,1,59,deriv,2,1.8813,6.0,3.5407,3.188
129,945,1,59,pump,2,5.9922,6.0,3.5407,10.1541
129,945,1,59,design,2,2.2717,6.0,3.5407,3.8495
129,945,1,59,equat,2,1.2472,6.0,3.5407,2.1135
129,945,1,59,equat,2,1.2472,6.0,3.5407,2.1135
129,945,1,59,incompress,1,2.3584,3.0,2.5407,2.7847
129,945,1,59,nonvisc,1,4.9936,3.0,2.5407,5.8963
129,945,1,59,flow,2,0.6512,6.0,3.5407,1.1035
129,988,2,55,pump,2,5.9922,6.0,3.4905,10.3002
129,988,2,55,incompress,1,2.3584,3.0,2.4905,2.8408
129,988,2,55,nonvisc,2,4.9936,6.0,3.4905,8.5838
129,988,2,55,flow,2,0.6512,6.0,3.4905,1.1194
129,987,3,147,design,2,2.2717,6.0,4.6455,2.934
129,987,3,147,equat,8,1.2472,24.0,10.6455,2.8119
129,987,3,147,three,4,1.4782,12.0,6.6455,2.6692
129,987,3,147,dimension,6,1.7748,18.0,8.6455,3.6951
129,987,3,147,equat,8,1.2472,24.0,10.6455,2.8119
129,987,3,147,nonvisc,1,4.9936,3.0,3.6455,4.1094
129,987,3,147,flow,7,0.6512,21.0,9.6455,1.4178
129,989,4,117,pump,2,5.9922,6.0,4.2689,8.4221
129,989,4,117,incompress,1,2.3584,3.0,3.2689,2.1644
129,989,4,117,nonvisc,2,4.9936,6.0,4.2689,7.0186
129,989,4,117,flow,8,0.6512,24.0,10.2689,1.522
129,86,5,76,simplifi,1,3.159,3.0,2.7542,3.4409
129,86,5,76,equat,1,1.2472,3.0,2.7542,1.3586
129,86,5,76,three,1,1.4782,3.0,2.7542,1.6101
129,86,5,76,dimension,2,1.7748,6.0,3.7542,2.8365
129,86,5,76,equat,1,1.2472,3.0,2.7542,1.3586
129,86,5,76,incompress,1,2.3584,3.0,2.7542,2.5689
129,86,5,76,flow,3,0.6512,9.0,4.7542,1.2328
129,985,6,95,deriv,1,1.8813,3.0,2.9927,1.8859
129,985,6,95,design,3,2.2717,9.0,4.9927,4.095
129,985,6,95,three,3,1.4782,9.0,4.9927,2.6646
129,985,6,95,nonvisc,1,4.9936,3.0,2.9927,5.0058
129,985,6,95,flow,1,0.6512,3.0,2.9927,0.6528
129,278,7,75,deriv,1,1.8813,3.0,2.7416,2.0586
129,278,7,75,equat,2,1.2472,6.0,3.7416,2.0001
129,278,7,75,fundament,1,3.795,3.0,2.7416,4.1526
129,278,7,75,equat,2,1.2472,6.0,3.7416,2.0001
129,278,7,75,incompress,1,2.3584,3.0,2.7416,2.5806
129,278,7,75,flow,5,0.6512,15.0,6.7416,1.4489
129,637,8,66,deriv,1,1.8813,3.0,2.6286,2.1471
129,637,8,66,equat,6,1.2472,18.0,7.6286,2.9429
129,637,8,66,dimension,1,1.7748,3.0,2.6286,2.0255
129,637,8,66,equat,6,1.2472,18.0,7.6286,2.9429
129,637,8,66,incompress,1,2.3584,3.0,2.6286,2.6916
129,637,8,66,flow,3,0.6512,9.0,4.6286,1.2662
129,527,9,62,equat,3,1.2472,9.0,4.5784,2.4518
129,527,9,62,three,3,1.4782,9.0,4.5784,2.9057
129,527,9,62,dimension,1,1.7748,3.0,2.5784,2.065
129,527,9,62,equat,3,1.2472,9.0,4.5784,2.4518
129,527,9,62,incompress,1,2.3584,3.0,2.5784,2.744
129,527,9,62,flow,3,0.6512,9.0,4.5784,1.2801
129,404,10,89,deriv,1,1.8813,3.0,2.9174,1.9346
129,404,10,89,simplifi,1,3.159,3.0,2.9174,3.2484
129,404,10,89,dimension,1,1.7748,3.0,2.9174,1.825
129,404,10,89,incompress,3,2.3584,9.0,4.9174,4.3164
129,404,10,89,flow,10,0.6512,30.0,11.9174,1.6393
130,859,1,159,flutter,8,3.2107,24.0,10.7962,7.1374
130,859,1,159,skin,3,2.6858,9.0,5.7962,4.1704
130,859,1,159,panel,15,3.4272,45.0,17.7962,8.6662
130,859,1,159,fifteen,2,3.5436,6.0,4.7962,4.4331
130,859,1,159,vertic,1,3.4722,3.0,3.7962,2.7439
130,859,1,159,stabil,2,2.4533,6.0,4.7962,3.069
130,859,1,159,aerodynam,3,2.0548,9.0,5.7962,3.1905
130,859,1,159,heat,3,1.5197,9.0,5.7962,2.3597
130,948,2,115,flutter,6,3.2107,18.0,8.2438,7.0104
130,948,2,115,skin,1,2.6858,3.0,3.2438,2.484
130,948,2,115,panel,10,3.4272,30.0,12.2438,8.3975
130,948,2,115,fifteen,2,3.5436,6.0,4.2438,5.0101
130,948,2,115,vertic,3,3.4722,9.0,5.2438,5.9594
130,948,2,115,stabil,3,2.4533,9.0,5.2438,4.2106
130,766,3,161,flutter,9,3.2107,27.0,11.8213,7.3333
130,766,3,161,characterist,1,2.0273,3.0,3.8213,1.5916
130,766,3,161,skin,7,2.6858,21.0,9.8213,5.7428
130,766,3,161,panel,13,3.4272,39.0,15.8213,8.4482
130,391,4,79,flutter,6,3.2107,18.0,7.7918,7.4171
130,391,4,79,panel,5,3.4272,15.0,6.7918,7.5692
130,391,4,79,subject,1,2.6549,3.0,2.7918,2.8528
130,391,4,79,aerodynam,3,2.0548,9.0,4.7918,3.8593
130,729,5,95,characterist,1,2.0273,3.0,2.9927,2.0322
130,729,5,95,expos,1,4.8026,3.0,2.9927,4.8143
130,729,5,95,skin,3,2.6858,9.0,4.9927,4.8415
130,729,5,95,panel,4,3.4272,12.0,5.9927,6.8628
130,729,5,95,subject,1,2.6549,3.0,2.9927,2.6614
130,634,6,92,flutter,4,3.2107,12.0,5.955,6.4699
130,634,6,92,characterist,2,2.0273,6.0,3.955,3.0755
130,634,6,92,fifteen,2,3.5436,6.0,3.955,5.3759
130,634,6,92,stabil,1,2.4533,3.0,2.955,2.4906
130,634,6,92,aerodynam,2,2.0548,6.0,3.955,3.1172
130,856,7,144,flutter,10,3.2107,30.0,12.6079,7.6397
130,856,7,144,characterist,1,2.0273,3.0,3.6079,1.6857
130,856,7,144,panel,15,3.4272,45.0,17.6079,8.7589
130,856,7,144,stabil,1,2.4533,3.0,3.6079,2.0399
130,858,8,116,flutter,6,3.2107,18.0,8.2563,6.9998
130,858,8,116,skin,3,2.6858,9.0,5.2563,4.5987
130,858,8,116,panel,10,3.4272,30.0,12.2563,8.3889
130,1008,9,51,flutter,4,3.2107,12.0,5.4403,7.082
130,1008,9,51,panel,6,3.4272,18.0,7.4403,8.2914
130,1008,9,51,aerodynam,1,2.0548,3.0,2.4403,2.5261
130,1008,9,51,heat,1,1.5197,3.0,2.4403,1.8683
130,627,10,84,flutter,3,3.2107,9.0,4.8546,5.9524
130,627,10,84,panel,6,3.4272,18.0,7.8546,7.854
130,627,10,84,subject,1,2.6549,3.0,2.8546,2.7901
130,627,10,84,aerodynam,1,2.0548,3.0,2.8546,2.1594
131,950,1,58,found,1,1.4688,3.0,2.5282,1.743
131,950,1,58,theoret,2,1.7832,6.0,3.5282,3.0326
131,950,1,58,predict,4,1.9797,12.0,5.5282,4.2973
131,950,1,58,instabl,1,3.5943,3.0,2.5282,4.2651
131,950,1,58,time,4,2.2178,12.0,5.5282,4.8141
131,950,1,58,experiment,3,1.4175,9.0,4.5282,2.8173
131,950,1,58,collaps,1,4.8936,3.0,2.5282,5.8068
131,950,1,58,time,4,2.2178,12.0,5.5282,4.8141
131,950,1,58,column,2,3.6476,6.0,3.5282,6.2031
131,950,1,58,creep,2,3.6754,6.0,3.5282,6.2504
131,1025,2,107,theoret,1,1.7832,3.0,3.1434,1.7019
131,1025,2,107,time,5,2.2178,15.0,7.1434,4.657
131,1025,2,107,collaps,3,4.8936,9.0,5.1434,8.5629
131,1025,2,107,time,5,2.2178,15.0,7.1434,4.657
131,1025,2,107,column,6,3.6476,18.0,8.1434,8.0627
131,1025,2,107,creep,4,3.6754,12.0,6.1434,7.1793
131,1021,3,40,agreement,1,2.0437,3.0,2.3022,2.6631
131,1021,3,40,theoret,3,1.7832,9.0,4.3022,3.7304
131,1021,3,40,time,1,2.2178,3.0,2.3022,2.89
131,1021,3,40,collaps,2,4.8936,6.0,3.3022,8.8915
131,1021,3,40,time,1,2.2178,3.0,2.3022,2.89
131,1021,3,40,column,1,3.6476,3.0,2.3022,4.7533
131,1021,3,40,creep,3,3.6754,9.0,4.3022,7.6888
131,1023,4,33,time,2,2.2178,6.0,3.2143,4.1398
131,1023,4,33,collaps,1,4.8936,3.0,2.2143,6.6299
131,1023,4,33,time,2,2.2178,6.0,3.2143,4.1398
131,1023,4,33,column,2,3.6476,6.0,3.2143,6.8089
131,1023,4,33,creep,3,3.6754,9.0,4.2143,7.8491
131,1012,5,73,agreement,1,2.0437,3.0,2.7165,2.257
131,1012,5,73,instabl,1,3.5943,3.0,2.7165,3.9694
131,1012,5,73,time,1,2.2178,3.0,2.7165,2.4492
131,1012,5,73,time,1,2.2178,3.0,2.7165,2.4492
131,1012,5,73,compress,1,1.9491,3.0,2.7165,2.1525
131,1012,5,73,column,4,3.6476,12.0,5.7165,7.6571
131,1012,5,73,creep,4,3.6754,12.0,5.7165,7.7154
131,1019,6,142,found,1,1.4688,3.0,3.5828,1.2299
131,1019,6,142,time,5,2.2178,15.0,7.5828,4.3871
131,1019,6,142,experiment,3,1.4175,9.0,5.5828,2.2851
131,1019,6,142,measur,1,1.7135,3.0,3.5828,1.4348
131,1019,6,142,time,5,2.2178,15.0,7.5828,4.3871
131,1019,6,142,column,11,3.6476,33.0,13.5828,8.8621
131,1019,6,142,creep,2,3.6754,6.0,4.5828,4.812
131,1017,7,79,theoret,3,1.7832,9.0,4.7918,3.3493
131,1017,7,79,time,2,2.2178,6.0,3.7918,3.5093
131,1017,7,79,time,2,2.2178,6.0,3.7918,3.5093
131,1017,7,79,column,7,3.6476,21.0,8.7918,8.7127
131,1017,7,79,creep,4,3.6754,12.0,5.7918,7.615
131,1024,8,111,time,4,2.2178,12.0,6.1936,4.2969
131,1024,8,111,time,4,2.2178,12.0,6.1936,4.2969
131,1024,8,111,compress,1,1.9491,3.0,3.1936,1.831
131,1024,8,111,column,5,3.6476,15.0,7.1936,7.606
131,1024,8,111,creep,6,3.6754,18.0,8.1936,8.0743
131,952,9,69,theoret,1,1.7832,3.0,2.6663,2.0064
131,952,9,69,predict,1,1.9797,3.0,2.6663,2.2274
131,952,9,69,time,1,2.2178,3.0,2.6663,2.4954
131,952,9,69,collaps,3,4.8936,9.0,4.6663,9.4384
131,952,9,69,time,1,2.2178,3.0,2.6663,2.4954
131,952,9,69,creep,3,3.6754,9.0,4.6663,7.0889
131,1034,10,116,time,5,2.2178,15.0,7.2563,4.5845
131,1034,10,116,collaps,2,4.8936,6.0,4.2563,6.8983
131,1034,10,116,time,5,2.2178,15.0,7.2563,4.5845
131,1034,10,116,column,1,3.6476,3.0,3.2563,3.3605
131,1034,10,116,creep,3,3.6754,9.0,5.2563,6.2931
132,1017,1,79,theoret,3,1.7832,9.0,4.7918,3.3493
132,1017,1,79,creep,4,3.6754,12.0,5.7918,7.615
132,1017,1,79,buckl,5,2.3968,15.0,6.7918,5.2935
132,1021,2,40,theoret,3,1.7832,9.0,4.3022,3.7304
132,1021,2,40,creep,3,3.6754,9.0,4.3022,7.6888
132,1021,2,40,buckl,1,2.3968,3.0,2.3022,3.1233
132,1013,3,75,creep,5,3.6754,15.0,6.7416,8.1777
132,1013,3,75,buckl,6,2.3968,18.0,7.7416,5.5729
132,950,4,58,theoret,2,1.7832,6.0,3.5282,3.0326
132,950,4,58,creep,2,3.6754,6.0,3.5282,6.2504
132,950,4,58,buckl,2,2.3968,6.0,3.5282,4.076
132,1026,5,31,creep,4,3.6754,12.0,5.1892,8.4994
132,1026,5,31,buckl,2,2.3968,6.0,3.1892,4.5093
132,1025,6,107,theoret,1,1.7832,3.0,3.1434,1.7019
132,1025,6,107,studi,1,1.7664,3.0,3.1434,1.6858
132,1025,6,107,creep,4,3.6754,12.0,6.1434,7.1793
132,1025,6,107,buckl,1,2.3968,3.0,3.1434,2.2875
132,1020,7,80,creep,5,3.6754,15.0,6.8044,8.1023
132,1020,7,80,buckl,3,2.3968,9.0,4.8044,4.49
132,1015,8,85,creep,7,3.6754,21.0,8.8672,8.7044
132,1015,8,85,buckl,2,2.3968,6.0,3.8672,3.7187
132,1023,9,33,creep,3,3.6754,9.0,4.2143,7.8491
132,1023,9,33,buckl,2,2.3968,6.0,3.2143,4.474
132,951,10,52,creep,3,3.6754,9.0,4.4528,7.4287
132,951,10,52,buckl,2,2.3968,6.0,3.4528,4.165
133,1013,1,75,creep,5,3.6754,15.0,6.7416,8.1777
133,1013,1,75,buckl,6,2.3968,18.0,7.7416,5.5729
133,951,2,52,experiment,1,1.4175,3.0,2.4528,1.7337
133,951,2,52,creep,3,3.6754,9.0,4.4528,7.4287
133,951,2,52,buckl,2,2.3968,6.0,3.4528,4.165
133,950,3,58,experiment,3,1.4175,9.0,4.5282,2.8173
133,950,3,58,creep,2,3.6754,6.0,3.5282,6.2504
133,950,3,58,buckl,2,2.3968,6.0,3.5282,4.076
133,1026,4,31,creep,4,3.6754,12.0,5.1892,8.4994
133,1026,4,31,buckl,2,2.3968,6.0,3.1892,4.5093
133,1017,5,79,creep,4,3.6754,12.0,5.7918,7.615
133,1017,5,79,buckl,5,2.3968,15.0,6.7918,5.2935
133,1020,6,80,creep,5,3.6754,15.0,6.8044,8.1023
133,1020,6,80,buckl,3,2.3968,9.0,4.8044,4.49
133,1028,7,109,experiment,1,1.4175,3.0,3.1685,1.3421
133,1028,7,109,creep,9,3.6754,27.0,11.1685,8.8854
133,1028,7,109,buckl,1,2.3968,3.0,3.1685,2.2694
133,1015,8,85,creep,7,3.6754,21.0,8.8672,8.7044
133,1015,8,85,buckl,2,2.3968,6.0,3.8672,3.7187
133,1023,9,33,creep,3,3.6754,9.0,4.2143,7.8491
133,1023,9,33,buckl,2,2.3968,6.0,3.2143,4.474
133,1012,10,73,creep,4,3.6754,12.0,5.7165,7.7154
133,1012,10,73,buckl,2,2.3968,6.0,3.7165,3.8695
134,951,1,52,possibl,1,2.2047,3.0,2.4528,2.6966
134,951,1,52,creep,3,3.6754,9.0,4.4528,7.4287
134,951,1,52,buckl,2,2.3968,6.0,3.4528,4.165
134,951,1,52,differ,1,1.9848,3.0,2.4528,2.4276
134,951,1,52,structur,2,2.5675,6.0,3.4528,4.4615
134,951,1,52,theori,4,1.1214,12.0,5.4528,2.4677
134,1028,2,109,possibl,1,2.2047,3.0,3.1685,2.0875
134,1028,2,109,result,1,0.7046,3.0,3.1685,0.6672
134,1028,2,109,creep,9,3.6754,27.0,11.1685,8.8854
134,1028,2,109,buckl,1,2.3968,3.0,3.1685,2.2694
134,1028,2,109,wide,1,3.3034,3.0,3.1685,3.1277
134,1028,2,109,differ,1,1.9848,3.0,3.1685,1.8793
134,1028,2,109,theori,5,1.1214,15.0,7.1685,2.3464
134,1012,3,73,possibl,2,2.2047,6.0,3.7165,3.5594
134,1012,3,73,creep,4,3.6754,12.0,5.7165,7.7154
134,1012,3,73,buckl,2,2.3968,6.0,3.7165,3.8695
134,1012,3,73,structur,1,2.5675,3.0,2.7165,2.8354
134,1012,3,73,theori,3,1.1214,9.0,4.7165,2.1398
134,866,4,67,result,1,0.7046,3.0,2.6412,0.8004
134,866,4,67,creep,2,3.6754,6.0,3.6412,6.0564
134,866,4,67,wide,1,3.3034,3.0,2.6412,3.7522
134,866,4,67,differ,2,1.9848,6.0,3.6412,3.2707
134,866,4,67,singl,1,3.1098,3.0,2.6412,3.5323
134,866,4,67,theori,3,1.1214,9.0,4.6412,2.1745
134,1015,5,85,creep,7,3.6754,21.0,8.8672,8.7044
134,1015,5,85,buckl,2,2.3968,6.0,3.8672,3.7187
134,1015,5,85,structur,2,2.5675,6.0,3.8672,3.9835
134,1015,5,85,theori,3,1.1214,9.0,4.8672,2.0735
134,1013,6,75,result,1,0.7046,3.0,2.7416,0.771
134,1013,6,75,creep,5,3.6754,15.0,6.7416,8.1777
134,1013,6,75,buckl,6,2.3968,18.0,7.7416,5.5729
134,1013,6,75,theori,2,1.1214,6.0,3.7416,1.7982
134,1017,7,79,possibl,1,2.2047,3.0,2.7918,2.3691
134,1017,7,79,result,1,0.7046,3.0,2.7918,0.7572
134,1017,7,79,creep,4,3.6754,12.0,5.7918,7.615
134,1017,7,79,buckl,5,2.3968,15.0,6.7918,5.2935
134,1020,8,80,result,2,0.7046,6.0,3.8044,1.1113
134,1020,8,80,creep,5,3.6754,15.0,6.8044,8.1023
134,1020,8,80,buckl,3,2.3968,9.0,4.8044,4.49
134,1020,8,80,theori,1,1.1214,3.0,2.8044,1.1996
134,195,9,101,correl,4,2.7964,12.0,6.068,5.5301
134,195,9,101,result,2,0.7046,6.0,4.068,1.0393
134,195,9,101,differ,1,1.9848,3.0,3.068,1.9408
134,195,9,101,structur,2,2.5675,6.0,4.068,3.7868
134,195,9,101,theori,7,1.1214,21.0,9.068,2.5969
134,640,10,187,possibl,2,2.2047,6.0,5.1477,2.5698
134,640,10,187,wide,1,3.3034,3.0,4.1477,2.3893
134,640,10,187,structur,8,2.5675,24.0,11.1477,5.5275
134,640,10,187,within,1,2.5675,3.0,4.1477,1.857
134,640,10,187,singl,1,3.1098,3.0,4.1477,2.2493
135,1017,1,79,result,1,0.7046,3.0,2.7918,0.7572
135,1017,1,79,creep,4,3.6754,12.0,5.7918,7.615
135,1017,1,79,buckl,5,2.3968,15.0,6.7918,5.2935
135,1017,1,79,column,7,3.6476,21.0,8.7918,8.7127
135,1026,2,31,creep,4,3.6754,12.0,5.1892,8.4994
135,1026,2,31,buckl,2,2.3968,6.0,3.1892,4.5093
135,1026,2,31,column,3,3.6476,9.0,4.1892,7.8365
135,1020,3,80,result,2,0.7046,6.0,3.8044,1.1113
135,1020,3,80,creep,5,3.6754,15.0,6.8044,8.1023
135,1020,3,80,buckl,3,2.3968,9.0,4.8044,4.49
135,1020,3,80,column,3,3.6476,9.0,4.8044,6.8331
135,1013,4,75,result,1,0.7046,3.0,2.7416,0.771
135,1013,4,75,creep,5,3.6754,15.0,6.7416,8.1777
135,1013,4,75,buckl,6,2.3968,18.0,7.7416,5.5729
135,1013,4,75,column,2,3.6476,6.0,3.7416,5.8493
135,951,5,52,experiment,1,1.4175,3.0,2.4528,1.7337
135,951,5,52,creep,3,3.6754,9.0,4.4528,7.4287
135,951,5,52,buckl,2,2.3968,6.0,3.4528,4.165
135,951,5,52,column,2,3.6476,6.0,3.4528,6.3385
135,950,6,58,experiment,3,1.4175,9.0,4.5282,2.8173
135,950,6,58,creep,2,3.6754,6.0,3.5282,6.2504
135,950,6,58,buckl,2,2.3968,6.0,3.5282,4.076
135,950,6,58,column,2,3.6476,6.0,3.5282,6.2031
135,1019,7,142,experiment,3,1.4175,9.0,5.5828,2.2851
135,1019,7,142,result,4,0.7046,12.0,6.5828,1.2845
135,1019,7,142,creep,2,3.6754,6.0,4.5828,4.812
135,1019,7,142,buckl,1,2.3968,3.0,3.5828,2.007
135,1019,7,142,column,11,3.6476,33.0,13.5828,8.8621
135,1012,8,73,creep,4,3.6754,12.0,5.7165,7.7154
135,1012,8,73,buckl,2,2.3968,6.0,3.7165,3.8695
135,1012,8,73,column,4,3.6476,12.0,5.7165,7.6571
135,1015,9,85,creep,7,3.6754,21.0,8.8672,8.7044
135,1015,9,85,buckl,2,2.3968,6.0,3.8672,3.7187
135,1015,9,85,column,3,3.6476,9.0,4.8672,6.7449
135,1023,10,33,creep,3,3.6754,9.0,4.2143,7.8491
135,1023,10,33,buckl,2,2.3968,6.0,3.2143,4.474
135,1023,10,33,column,2,3.6476,6.0,3.2143,6.8089
136,1021,1,40,result,1,0.7046,3.0,2.3022,0.9182
136,1021,1,40,creep,3,3.6754,9.0,4.3022,7.6888
136,1021,1,40,buckl,1,2.3968,3.0,2.3022,3.1233
136,1021,1,40,extern,1,2.9341,3.0,2.3022,3.8235
136,1021,1,40,pressur,1,0.9305,3.0,2.3022,1.2125
136,951,2,52,creep,3,3.6754,9.0,4.4528,7.4287
136,951,2,52,buckl,2,2.3968,6.0,3.4528,4.165
136,951,2,52,tube,2,2.9752,6.0,3.4528,5.1701
136,140,3,198,result,2,0.7046,6.0,5.2858,0.7998
136,140,3,198,round,3,4.5041,9.0,6.2858,6.4489
136,140,3,198,tube,8,2.9752,24.0,11.2858,6.327
136,140,3,198,pressur,4,0.9305,12.0,7.2858,1.5325
136,891,4,105,result,5,0.7046,15.0,7.1182,1.4848
136,891,4,105,buckl,3,2.3968,9.0,5.1182,4.2146
136,891,4,105,tube,1,2.9752,3.0,3.1182,2.8624
136,891,4,105,extern,2,2.9341,6.0,4.1182,4.2748
136,891,4,105,pressur,7,0.9305,21.0,9.1182,2.143
136,1031,5,63,result,2,0.7046,6.0,3.5909,1.1773
136,1031,5,63,creep,1,3.6754,3.0,2.5909,4.2557
136,1031,5,63,buckl,3,2.3968,9.0,4.5909,4.6987
136,1031,5,63,extern,1,2.9341,3.0,2.5909,3.3974
136,1031,5,63,pressur,1,0.9305,3.0,2.5909,1.0774
136,1013,6,75,result,1,0.7046,3.0,2.7416,0.771
136,1013,6,75,creep,5,3.6754,15.0,6.7416,8.1777
136,1013,6,75,buckl,6,2.3968,18.0,7.7416,5.5729
136,1125,7,93,result,1,0.7046,3.0,2.9676,0.7123
136,1125,7,93,tube,4,2.9752,12.0,5.9676,5.9828
136,1125,7,93,extern,3,2.9341,9.0,4.9676,5.3159
136,1125,7,93,pressur,6,0.9305,18.0,7.9676,2.1021
136,239,8,100,result,1,0.7046,3.0,3.0555,0.6918
136,239,8,100,round,1,4.5041,3.0,3.0555,4.4223
136,239,8,100,tube,9,2.9752,27.0,11.0555,7.2662
136,239,8,100,pressur,2,0.9305,6.0,4.0555,1.3766
136,1033,9,56,tube,6,2.9752,18.0,7.5031,7.1377
136,1033,9,56,extern,2,2.9341,6.0,3.5031,5.0256
136,1033,9,56,pressur,2,0.9305,6.0,3.5031,1.5937
136,1020,10,80,result,2,0.7046,6.0,3.8044,1.1113
136,1020,10,80,creep,5,3.6754,15.0,6.8044,8.1023
136,1020,10,80,buckl,3,2.3968,9.0,4.8044,4.49
137,952,1,69,studi,1,1.7664,3.0,2.6663,1.9875
137,952,1,69,time,1,2.2178,3.0,2.6663,2.4954
137,952,1,69,creep,3,3.6754,9.0,4.6663,7.0889
137,952,1,69,collaps,3,4.8936,9.0,4.6663,9.4384
137,952,1,69,long,2,3.1423,6.0,3.6663,5.1425
137,952,1,69,circular,2,2.3069,6.0,3.6663,3.7753
137,952,1,69,cylindr,1,2.6448,3.0,2.6663,2.9758
137,952,1,69,shell,1,2.5768,3.0,2.6663,2.8993
137,952,1,69,primari,1,4.6423,3.0,2.6663,5.2233
137,952,1,69,secondari,1,4.4416,3.0,2.6663,4.9975
137,952,1,69,creep,3,3.6754,9.0,4.6663,7.0889
137,952,1,69,various,1,2.1543,3.0,2.6663,2.4239
137,952,1,69,distribut,1,1.3547,3.0,2.6663,1.5242
137,952,1,69,forc,2,2.1121,6.0,3.6663,3.4565
137,952,1,69,system,1,2.8082,3.0,2.6663,3.1597
137,1034,2,116,time,5,2.2178,15.0,7.2563,4.5845
137,1034,2,116,creep,3,3.6754,9.0,5.2563,6.2931
137,1034,2,116,collaps,2,4.8936,6.0,4.2563,6.8983
137,1034,2,116,long,1,3.1423,3.0,3.2563,2.8949
137,1034,2,116,circular,1,2.3069,3.0,3.2563,2.1253
137,1034,2,116,cylindr,2,2.6448,6.0,4.2563,3.7282
137,1034,2,116,shell,2,2.5768,6.0,4.2563,3.6324
137,1034,2,116,creep,3,3.6754,9.0,5.2563,6.2931
137,1034,2,116,deform,1,3.3842,3.0,3.2563,3.1178
137,1023,3,33,time,2,2.2178,6.0,3.2143,4.1398
137,1023,3,33,creep,3,3.6754,9.0,4.2143,7.8491
137,1023,3,33,collaps,1,4.8936,3.0,2.2143,6.6299
137,1023,3,33,creep,3,3.6754,9.0,4.2143,7.8491
137,1023,3,33,well,1,2.124,3.0,2.2143,2.8776
137,1023,3,33,elast,1,2.8321,3.0,2.2143,3.8371
137,1023,3,33,deform,2,3.3842,6.0,3.2143,6.3172
137,1026,4,31,time,1,2.2178,3.0,2.1892,3.0392
137,1026,4,31,creep,4,3.6754,12.0,5.1892,8.4994
137,1026,4,31,secondari,1,4.4416,3.0,2.1892,6.0866
137,1026,4,31,creep,4,3.6754,12.0,5.1892,8.4994
137,1026,4,31,well,1,2.124,3.0,2.1892,2.9106
137,1026,4,31,elast,1,2.8321,3.0,2.1892,3.8811
137,1026,4,31,deform,1,3.3842,3.0,2.1892,4.6376
137,1024,5,111,time,4,2.2178,12.0,6.1936,4.2969
137,1024,5,111,mechan,1,3.4055,3.0,3.1936,3.1991
137,1024,5,111,creep,6,3.6754,18.0,8.1936,8.0743
137,1024,5,111,exhibit,1,4.2745,3.0,3.1936,4.0154
137,1024,5,111,creep,6,3.6754,18.0,8.1936,8.0743
137,1024,5,111,well,1,2.124,3.0,3.1936,1.9952
137,1024,5,111,elast,3,2.8321,9.0,5.1936,4.9078
137,1021,6,40,time,1,2.2178,3.0,2.3022,2.89
137,1021,6,40,creep,3,3.6754,9.0,4.3022,7.6888
137,1021,6,40,collaps,2,4.8936,6.0,3.3022,8.8915
137,1021,6,40,long,1,3.1423,3.0,2.3022,4.0948
137,1021,6,40,creep,3,3.6754,9.0,4.3022,7.6888
137,837,7,147,analyt,1,2.5768,3.0,3.6455,2.1205
137,837,7,147,time,4,2.2178,12.0,6.6455,4.0047
137,837,7,147,failur,2,3.704,6.0,4.6455,4.7839
137,837,7,147,mechan,4,3.4055,12.0,6.6455,6.1494
137,837,7,147,creep,2,3.6754,6.0,4.6455,4.747
137,837,7,147,creep,2,3.6754,6.0,4.6455,4.747
137,837,7,147,deform,1,3.3842,3.0,3.6455,2.7849
137,837,7,147,various,1,2.1543,3.0,3.6455,1.7728
137,1013,8,75,time,2,2.2178,6.0,3.7416,3.5564
137,1013,8,75,failur,1,3.704,3.0,2.7416,4.0531
137,1013,8,75,associ,1,3.0181,3.0,2.7416,3.3026
137,1013,8,75,creep,5,3.6754,15.0,6.7416,8.1777
137,1013,8,75,shell,1,2.5768,3.0,2.7416,2.8197
137,1013,8,75,creep,5,3.6754,15.0,6.7416,8.1777
137,1025,9,107,studi,1,1.7664,3.0,3.1434,1.6858
137,1025,9,107,time,5,2.2178,15.0,7.1434,4.657
137,1025,9,107,creep,4,3.6754,12.0,6.1434,7.1793
137,1025,9,107,collaps,3,4.8936,9.0,5.1434,8.5629
137,1025,9,107,creep,4,3.6754,12.0,6.1434,7.1793
137,1052,10,67,conduct,1,2.1792,3.0,2.6412,2.4753
137,1052,10,67,mechan,1,3.4055,3.0,2.6412,3.8682
137,1052,10,67,creep,1,3.6754,3.0,2.6412,4.1748
137,1052,10,67,shell,6,2.5768,18.0,7.6412,6.0701
137,1052,10,67,creep,1,3.6754,3.0,2.6412,4.1748
137,1052,10,67,well,1,2.124,3.0,2.6412,2.4125
137,1052,10,67,elast,1,2.8321,3.0,2.6412,3.2169
137,1052,10,67,various,1,2.1543,3.0,2.6412,2.4469
138,953,1,38,effect,1,0.9524,3.0,2.2771,1.2548
138,953,1,38,initi,3,2.549,9.0,4.2771,5.3637
138,953,1,38,stress,3,2.2047,9.0,4.2771,4.6393
138,953,1,38,vibrat,1,3.2107,3.0,2.2771,4.23
138,953,1,38,cylindr,2,2.6448,6.0,3.2771,4.8423
138,953,1,38,shell,3,2.5768,9.0,4.2771,5.4222
138,953,1,38,investig,1,1.3547,3.0,2.2771,1.7848
138,847,2,53,effect,1,0.9524,3.0,2.4654,1.159
138,847,2,53,frequenc,2,3.2107,6.0,3.4654,5.559
138,847,2,53,vibrat,2,3.2107,6.0,3.4654,5.559
138,847,2,53,circular,2,2.3069,6.0,3.4654,3.9941
138,847,2,53,cylindr,2,2.6448,6.0,3.4654,4.5792
138,847,2,53,shell,3,2.5768,9.0,4.4654,5.1935
138,764,3,97,effect,1,0.9524,3.0,3.0178,0.9468
138,764,3,97,frequenc,6,3.2107,18.0,8.0178,7.208
138,764,3,97,vibrat,2,3.2107,6.0,4.0178,4.7947
138,764,3,97,circular,2,2.3069,6.0,4.0178,3.445
138,764,3,97,cylindr,1,2.6448,3.0,3.0178,2.6292
138,764,3,97,shell,8,2.5768,24.0,10.0178,6.1733
138,897,4,60,effect,2,0.9524,6.0,3.5533,1.6083
138,897,4,60,initi,2,2.549,6.0,3.5533,4.3042
138,897,4,60,stress,2,2.2047,6.0,3.5533,3.7229
138,897,4,60,circular,2,2.3069,6.0,3.5533,3.8953
138,897,4,60,cylindr,3,2.6448,9.0,4.5533,5.2277
138,897,4,60,shell,3,2.5768,9.0,4.5533,5.0933
138,846,5,121,effect,2,0.9524,6.0,4.3191,1.3231
138,846,5,121,frequenc,9,3.2107,27.0,11.3191,7.6586
138,846,5,121,vibrat,4,3.2107,12.0,6.3191,6.0971
138,846,5,121,circular,2,2.3069,6.0,4.3191,3.2046
138,846,5,121,cylindr,1,2.6448,3.0,3.3191,2.3905
138,846,5,121,shell,1,2.5768,3.0,3.3191,2.329
138,844,6,119,frequenc,5,3.2107,15.0,7.294,6.6027
138,844,6,119,vibrat,6,3.2107,18.0,8.294,6.968
138,844,6,119,circular,1,2.3069,3.0,3.294,2.101
138,844,6,119,cylindr,1,2.6448,3.0,3.294,2.4087
138,844,6,119,shell,1,2.5768,3.0,3.294,2.3468
138,844,6,119,investig,1,1.3547,3.0,3.294,1.2338
138,887,7,63,effect,1,0.9524,3.0,2.5909,1.1028
138,887,7,63,stress,3,2.2047,9.0,4.5909,4.3221
138,887,7,63,circular,1,2.3069,3.0,2.5909,2.6711
138,887,7,63,cylindr,2,2.6448,6.0,3.5909,4.4191
138,887,7,63,shell,5,2.5768,15.0,6.5909,5.8644
138,887,7,63,investig,2,1.3547,6.0,3.5909,2.2635
138,841,8,37,stress,2,2.2047,6.0,3.2645,4.0522
138,841,8,37,circular,2,2.3069,6.0,3.2645,4.2399
138,841,8,37,cylindr,2,2.6448,6.0,3.2645,4.861
138,841,8,37,shell,2,2.5768,6.0,3.2645,4.736
138,841,8,37,investig,2,1.3547,6.0,3.2645,2.4898
138,848,9,42,effect,1,0.9524,3.0,2.3273,1.2277
138,848,9,42,frequenc,1,3.2107,3.0,2.3273,4.1387
138,848,9,42,vibrat,1,3.2107,3.0,2.3273,4.1387
138,848,9,42,cylindr,2,2.6448,6.0,3.3273,4.7692
138,848,9,42,shell,4,2.5768,12.0,5.3273,5.8044
138,1068,10,81,initi,1,2.549,3.0,2.8169,2.7147
138,1068,10,81,stress,1,2.2047,3.0,2.8169,2.348
138,1068,10,81,circular,1,2.3069,3.0,2.8169,2.4568
138,1068,10,81,cylindr,3,2.6448,9.0,4.8169,4.9415
138,1068,10,81,shell,5,2.5768,15.0,6.8169,5.67
138,1068,10,81,investig,1,1.3547,3.0,2.8169,1.4427
139,847,1,53,effect,1,0.9524,3.0,2.4654,1.159
139,847,1,53,pressur,1,0.9305,3.0,2.4654,1.1323
139,847,1,53,frequenc,2,3.2107,6.0,3.4654,5.559
139,847,1,53,vibrat,2,3.2107,6.0,3.4654,5.559
139,847,1,53,circular,2,2.3069,6.0,3.4654,3.9941
139,847,1,53,cylindr,2,2.6448,6.0,3.4654,4.5792
139,847,1,53,shell,3,2.5768,9.0,4.4654,5.1935
139,897,2,60,effect,2,0.9524,6.0,3.5533,1.6083
139,897,2,60,initi,2,2.549,6.0,3.5533,4.3042
139,897,2,60,pressur,1,0.9305,3.0,2.5533,1.0933
139,897,2,60,deform,2,3.3842,6.0,3.5533,5.7145
139,897,2,60,circular,2,2.3069,6.0,3.5533,3.8953
139,897,2,60,cylindr,3,2.6448,9.0,4.5533,5.2277
139,897,2,60,shell,3,2.5768,9.0,4.5533,5.0933
139,764,3,97,effect,1,0.9524,3.0,3.0178,0.9468
139,764,3,97,frequenc,6,3.2107,18.0,8.0178,7.208
139,764,3,97,vibrat,2,3.2107,6.0,4.0178,4.7947
139,764,3,97,circular,2,2.3069,6.0,4.0178,3.445
139,764,3,97,cylindr,1,2.6448,3.0,3.0178,2.6292
139,764,3,97,shell,8,2.5768,24.0,10.0178,6.1733
139,846,4,121,effect,2,0.9524,6.0,4.3191,1.3231
139,846,4,121,pressur,8,0.9305,24.0,10.3191,2.1641
139,846,4,121,frequenc,9,3.2107,27.0,11.3191,7.6586
139,846,4,121,vibrat,4,3.2107,12.0,6.3191,6.0971
139,846,4,121,circular,2,2.3069,6.0,4.3191,3.2046
139,846,4,121,cylindr,1,2.6448,3.0,3.3191,2.3905
139,846,4,121,shell,1,2.5768,3.0,3.3191,2.329
139,826,5,189,effect,8,0.9524,24.0,11.1728,2.0459
139,826,5,189,chang,3,2.4368,9.0,6.1728,3.5529
139,826,5,189,due,1,2.2786,3.0,4.1728,1.6382
139,826,5,189,deform,5,3.3842,15.0,8.1728,6.2112
139,826,5,189,circular,2,2.3069,6.0,5.1728,2.6758
139,826,5,189,cylindr,1,2.6448,3.0,4.1728,1.9014
139,826,5,189,shell,10,2.5768,30.0,13.1728,5.8684
139,826,5,189,investig,1,1.3547,3.0,4.1728,0.9739
139,844,6,119,due,1,2.2786,3.0,3.294,2.0752
139,844,6,119,frequenc,5,3.2107,15.0,7.294,6.6027
139,844,6,119,vibrat,6,3.2107,18.0,8.294,6.968
139,844,6,119,circular,1,2.3069,3.0,3.294,2.101
139,844,6,119,cylindr,1,2.6448,3.0,3.294,2.4087
139,844,6,119,shell,1,2.5768,3.0,3.294,2.3468
139,844,6,119,investig,1,1.3547,3.0,3.294,1.2338
139,953,7,38,effect,1,0.9524,3.0,2.2771,1.2548
139,953,7,38,initi,3,2.549,9.0,4.2771,5.3637
139,953,7,38,vibrat,1,3.2107,3.0,2.2771,4.23
139,953,7,38,cylindr,2,2.6448,6.0,3.2771,4.8423
139,953,7,38,shell,3,2.5768,9.0,4.2771,5.4222
139,953,7,38,investig,1,1.3547,3.0,2.2771,1.7848
139,848,8,42,effect,1,0.9524,3.0,2.3273,1.2277
139,848,8,42,pressur,1,0.9305,3.0,2.3273,1.1994
139,848,8,42,frequenc,1,3.2107,3.0,2.3273,4.1387
139,848,8,42,vibrat,1,3.2107,3.0,2.3273,4.1387
139,848,8,42,cylindr,2,2.6448,6.0,3.3273,4.7692
139,848,8,42,shell,4,2.5768,12.0,5.3273,5.8044
139,887,9,63,effect,1,0.9524,3.0,2.5909,1.1028
139,887,9,63,due,4,2.2786,12.0,5.5909,4.8906
139,887,9,63,circular,1,2.3069,3.0,2.5909,2.6711
139,887,9,63,cylindr,2,2.6448,6.0,3.5909,4.4191
139,887,9,63,shell,5,2.5768,15.0,6.5909,5.8644
139,887,9,63,investig,2,1.3547,6.0,3.5909,2.2635
139,763,10,56,effect,2,0.9524,6.0,3.5031,1.6313
139,763,10,56,pressur,4,0.9305,12.0,5.5031,2.029
139,763,10,56,due,1,2.2786,3.0,2.5031,2.731
139,763,10,56,deform,1,3.3842,3.0,2.5031,4.0561
139,763,10,56,circular,1,2.3069,3.0,2.5031,2.7649
139,763,10,56,cylindr,1,2.6448,3.0,2.5031,3.1699
139,763,10,56,shell,1,2.5768,3.0,2.5031,3.0884
139,763,10,56,investig,1,1.3547,3.0,2.5031,1.6236
140,954,1,48,discontinu,1,4.1769,3.0,2.4026,5.2154
140,954,1,48,stress,4,2.2047,12.0,5.4026,4.8971
140,954,1,48,junction,3,4.8026,9.0,4.4026,9.8176
140,954,1,48,pressur,2,0.9305,6.0,3.4026,1.6408
140,890,2,73,discontinu,1,4.1769,3.0,2.7165,4.6128
140,890,2,73,stress,4,2.2047,12.0,5.7165,4.6282
140,890,2,73,junction,1,4.8026,3.0,2.7165,5.3038
140,1038,3,57,discontinu,1,4.1769,3.0,2.5156,4.9811
140,1038,3,57,stress,2,2.2047,6.0,3.5156,3.7628
140,1038,3,57,junction,1,4.8026,3.0,2.5156,5.7273
140,1202,4,184,discontinu,2,4.1769,6.0,5.1101,4.9043
140,1202,4,184,junction,1,4.8026,3.0,4.1101,3.5055
140,1202,4,184,structur,2,2.5675,6.0,5.1101,3.0146
140,887,5,63,discontinu,2,4.1769,6.0,3.5909,6.979
140,887,5,63,stress,3,2.2047,9.0,4.5909,4.3221
140,1039,6,168,discontinu,2,4.1769,6.0,4.9092,5.105
140,1039,6,168,stress,9,2.2047,27.0,11.9092,4.9985
140,1039,6,168,pressur,2,0.9305,6.0,4.9092,1.1372
140,720,7,109,stress,5,2.2047,15.0,7.1685,4.6134
140,720,7,109,pressur,4,0.9305,12.0,6.1685,1.8102
140,720,7,109,structur,3,2.5675,9.0,5.1685,4.4708
140,729,8,95,stress,5,2.2047,15.0,6.9927,4.7294
140,729,8,95,pressur,1,0.9305,3.0,2.9927,0.9328
140,729,8,95,structur,3,2.5675,9.0,4.9927,4.6282
140,726,9,63,stress,3,2.2047,9.0,4.5909,4.3221
140,726,9,63,structur,4,2.5675,12.0,5.5909,5.5106
140,922,10,66,discontinu,3,4.1769,9.0,4.6286,8.1217
140,922,10,66,pressur,2,0.9305,6.0,3.6286,1.5386
141,889,1,161,solut,6,1.2349,18.0,8.8213,2.5198
141,889,1,161,stress,5,2.2047,15.0,7.8213,4.2283
141,889,1,161,edg,4,2.0058,12.0,6.8213,3.5287
141,889,1,161,load,2,1.9441,6.0,4.8213,2.4194
141,889,1,161,shell,7,2.5768,21.0,9.8213,5.5097
141,1059,2,122,solut,2,1.2349,6.0,4.3317,1.7105
141,1059,2,122,stress,2,2.2047,6.0,4.3317,3.0539
141,1059,2,122,edg,4,2.0058,12.0,6.3317,3.8015
141,1059,2,122,load,3,1.9441,9.0,5.3317,3.2817
141,1059,2,122,shell,4,2.5768,12.0,6.3317,4.8836
141,843,3,95,solut,4,1.2349,12.0,5.9927,2.4728
141,843,3,95,stress,3,2.2047,9.0,4.9927,3.9743
141,843,3,95,edg,3,2.0058,9.0,4.9927,3.6158
141,843,3,95,load,1,1.9441,3.0,2.9927,1.9489
141,843,3,95,shell,3,2.5768,9.0,4.9927,4.645
141,852,4,96,analyt,1,2.5768,3.0,3.0053,2.5723
141,852,4,96,solut,1,1.2349,3.0,3.0053,1.2327
141,852,4,96,stress,3,2.2047,9.0,5.0053,3.9644
141,852,4,96,edg,1,2.0058,3.0,3.0053,2.0023
141,852,4,96,load,1,1.9441,3.0,3.0053,1.9407
141,852,4,96,shell,3,2.5768,9.0,5.0053,4.6334
141,1043,5,103,solut,5,1.2349,15.0,7.0931,2.6115
141,1043,5,103,stress,1,2.2047,3.0,3.0931,2.1384
141,1043,5,103,load,1,1.9441,3.0,3.0931,1.8856
141,1043,5,103,shell,5,2.5768,15.0,7.0931,5.4492
141,1043,5,103,revolut,2,2.8947,6.0,4.0931,4.2432
141,851,6,77,solut,1,1.2349,3.0,2.7667,1.339
141,851,6,77,stress,3,2.2047,9.0,4.7667,4.1628
141,851,6,77,edg,1,2.0058,3.0,2.7667,2.175
141,851,6,77,load,1,1.9441,3.0,2.7667,2.1081
141,851,6,77,shell,3,2.5768,9.0,4.7667,4.8652
141,424,7,51,solut,1,1.2349,3.0,2.4403,1.5181
141,424,7,51,stress,2,2.2047,6.0,3.4403,3.8452
141,424,7,51,edg,3,2.0058,9.0,4.4403,4.0656
141,424,7,51,load,4,1.9441,12.0,5.4403,4.2883
141,837,8,147,analyt,1,2.5768,3.0,3.6455,2.1205
141,837,8,147,solut,1,1.2349,3.0,3.6455,1.0162
141,837,8,147,stress,10,2.2047,30.0,12.6455,5.2305
141,837,8,147,edg,2,2.0058,6.0,4.6455,2.5907
141,837,8,147,load,2,1.9441,6.0,4.6455,2.511
141,930,9,73,solut,1,1.2349,3.0,2.7165,1.3638
141,930,9,73,stress,1,2.2047,3.0,2.7165,2.4348
141,930,9,73,shell,8,2.5768,24.0,9.7165,6.3648
141,930,9,73,revolut,1,2.8947,3.0,2.7165,3.1968
141,1058,10,51,stress,1,2.2047,3.0,2.4403,2.7104
141,1058,10,51,edg,2,2.0058,6.0,3.4403,3.4983
141,1058,10,51,load,3,1.9441,9.0,4.4403,3.9405
141,1058,10,51,shell,1,2.5768,3.0,2.4403,3.1678
142,954,1,48,discontinu,1,4.1769,3.0,2.4026,5.2154
142,954,1,48,stress,4,2.2047,12.0,5.4026,4.8971
142,954,1,48,closur,1,6.8395,3.0,2.4026,8.54
142,954,1,48,pressur,2,0.9305,6.0,3.4026,1.6408
142,954,1,48,vessel,1,5.1049,3.0,2.4026,6.3741
142,1134,2,153,stress,4,2.2047,12.0,6.7209,3.9365
142,1134,2,153,use,2,1.0037,6.0,4.7209,1.2756
142,1134,2,153,pressur,3,0.9305,9.0,5.7209,1.4638
142,1134,2,153,vessel,5,5.1049,15.0,7.7209,9.9177
142,887,3,63,discontinu,2,4.1769,6.0,3.5909,6.979
142,887,3,63,stress,3,2.2047,9.0,4.5909,4.3221
142,887,3,63,cylindr,2,2.6448,6.0,3.5909,4.4191
142,1136,4,126,stress,1,2.2047,3.0,3.3819,1.9558
142,1136,4,126,use,1,1.0037,3.0,3.3819,0.8904
142,1136,4,126,cylindr,1,2.6448,3.0,3.3819,2.3461
142,1136,4,126,pressur,3,0.9305,9.0,5.3819,1.556
142,1136,4,126,vessel,3,5.1049,9.0,5.3819,8.5367
142,827,5,174,dome,7,6.8395,21.0,9.9845,14.3852
142,827,5,174,pressur,1,0.9305,3.0,3.9845,0.7006
142,1125,6,93,cylindr,2,2.6448,6.0,3.9676,3.9996
142,1125,6,93,pressur,6,0.9305,18.0,7.9676,2.1021
142,1125,6,93,vessel,2,5.1049,6.0,3.9676,7.7199
142,741,7,52,minim,1,4.2245,3.0,2.4528,5.1669
142,741,7,52,stress,2,2.2047,6.0,3.4528,3.8312
142,741,7,52,cylindr,2,2.6448,6.0,3.4528,4.5958
142,890,8,73,discontinu,1,4.1769,3.0,2.7165,4.6128
142,890,8,73,stress,4,2.2047,12.0,5.7165,4.6282
142,890,8,73,cylindr,2,2.6448,6.0,3.7165,4.2698
142,769,9,54,discontinu,1,4.1769,3.0,2.478,5.0569
142,769,9,54,stress,2,2.2047,6.0,3.478,3.8035
142,769,9,54,cylindr,2,2.6448,6.0,3.478,4.5627
142,1135,10,68,cylindr,1,2.6448,3.0,2.6537,2.9899
142,1135,10,68,pressur,2,0.9305,6.0,3.6537,1.528
142,1135,10,68,vessel,2,5.1049,6.0,3.6537,8.383
143,1043,1,103,general,2,1.5665,6.0,4.0931,2.2962
143,1043,1,103,solut,5,1.2349,15.0,7.0931,2.6115
143,1043,1,103,stress,1,2.2047,3.0,3.0931,2.1384
143,1043,1,103,pressur,1,0.9305,3.0,3.0931,0.9025
143,1043,1,103,shell,5,2.5768,15.0,7.0931,5.4492
143,1043,1,103,revolut,2,2.8947,6.0,4.0931,4.2432
143,930,2,73,general,2,1.5665,6.0,3.7165,2.529
143,930,2,73,solut,1,1.2349,3.0,2.7165,1.3638
143,930,2,73,stress,1,2.2047,3.0,2.7165,2.4348
143,930,2,73,shell,8,2.5768,24.0,9.7165,6.3648
143,930,2,73,revolut,1,2.8947,3.0,2.7165,3.1968
143,826,3,189,general,3,1.5665,9.0,6.1728,2.2839
143,826,3,189,solut,2,1.2349,6.0,5.1728,1.4324
143,826,3,189,stress,5,2.2047,15.0,8.1728,4.0465
143,826,3,189,shell,10,2.5768,30.0,13.1728,5.8684
143,1044,4,76,general,1,1.5665,3.0,2.7542,1.7063
143,1044,4,76,solut,3,1.2349,9.0,4.7542,2.3378
143,1044,4,76,stress,1,2.2047,3.0,2.7542,2.4015
143,1044,4,76,shell,7,2.5768,21.0,8.7542,6.1814
143,1129,5,73,general,3,1.5665,9.0,4.7165,2.9891
143,1129,5,73,solut,2,1.2349,6.0,3.7165,1.9937
143,1129,5,73,pressur,2,0.9305,6.0,3.7165,1.5022
143,1129,5,73,shell,6,2.5768,18.0,7.7165,6.0108
143,889,6,161,solut,6,1.2349,18.0,8.8213,2.5198
143,889,6,161,stress,5,2.2047,15.0,7.8213,4.2283
143,889,6,161,shell,7,2.5768,21.0,9.8213,5.5097
143,765,7,86,solut,2,1.2349,6.0,3.8797,1.9098
143,765,7,86,stress,3,2.2047,9.0,4.8797,4.0664
143,765,7,86,pressur,2,0.9305,6.0,3.8797,1.439
143,765,7,86,shell,3,2.5768,9.0,4.8797,4.7526
143,953,8,38,general,1,1.5665,3.0,2.2771,2.0638
143,953,8,38,stress,3,2.2047,9.0,4.2771,4.6393
143,953,8,38,shell,3,2.5768,9.0,4.2771,5.4222
143,1171,9,45,general,1,1.5665,3.0,2.365,1.9871
143,1171,9,45,pressur,3,0.9305,9.0,4.365,1.9185
143,1171,9,45,shell,2,2.5768,6.0,3.365,4.5946
143,1171,9,45,avail,1,2.8443,3.0,2.365,3.6081
143,1137,10,148,general,1,1.5665,3.0,3.6581,1.2847
143,1137,10,148,solut,2,1.2349,6.0,4.6581,1.5906
143,1137,10,148,pressur,1,0.9305,3.0,3.6581,0.7631
143,1137,10,148,shell,3,2.5768,9.0,5.6581,4.0988
143,1137,10,148,revolut,2,2.8947,6.0,4.6581,3.7286
144,955,1,50,pure,1,3.795,3.0,2.4277,4.6895
144,955,1,50,membran,4,4.8936,12.0,5.4277,10.819
144,955,1,50,cylind,2,2.0604,6.0,3.4277,3.6065
144,955,1,50,bend,2,3.0036,6.0,3.4277,5.2576
144,955,1,50,pressur,4,0.9305,12.0,5.4277,2.0572
144,955,1,50,pressur,4,0.9305,12.0,5.4277,2.0572
144,955,1,50,cylind,2,2.0604,6.0,3.4277,3.6065
144,763,2,56,cylind,4,2.0604,12.0,5.5031,4.4928
144,763,2,56,wall,1,1.9901,3.0,2.5031,2.3851
144,763,2,56,bend,3,3.0036,9.0,4.5031,6.0031
144,763,2,56,intern,3,3.4495,9.0,4.5031,6.8942
144,763,2,56,pressur,4,0.9305,12.0,5.5031,2.029
144,763,2,56,pressur,4,0.9305,12.0,5.5031,2.029
144,763,2,56,cylind,4,2.0604,12.0,5.5031,4.4928
144,763,2,56,wall,1,1.9901,3.0,2.5031,2.3851
144,839,3,96,cylind,7,2.0604,21.0,9.0053,4.8047
144,839,3,96,number,1,0.7937,3.0,3.0053,0.7923
144,839,3,96,wall,1,1.9901,3.0,3.0053,1.9866
144,839,3,96,bend,5,3.0036,15.0,7.0053,6.4315
144,839,3,96,intern,2,3.4495,6.0,4.0053,5.1674
144,839,3,96,pressur,7,0.9305,21.0,9.0053,2.1699
144,839,3,96,pressur,7,0.9305,21.0,9.0053,2.1699
144,839,3,96,cylind,7,2.0604,21.0,9.0053,4.8047
144,839,3,96,wall,1,1.9901,3.0,3.0053,1.9866
144,1363,4,97,pure,1,3.795,3.0,3.0178,3.7726
144,1363,4,97,wall,2,1.9901,6.0,4.0178,2.9718
144,1363,4,97,bend,4,3.0036,12.0,6.0178,5.9895
144,1363,4,97,stiff,1,4.0879,3.0,3.0178,4.0638
144,1363,4,97,behaviour,2,3.9308,6.0,4.0178,5.87
144,1363,4,97,wall,2,1.9901,6.0,4.0178,2.9718
144,1363,4,97,stiff,1,4.0879,3.0,3.0178,4.0638
144,846,5,121,cylind,5,2.0604,15.0,7.3191,4.2225
144,846,5,121,number,3,0.7937,9.0,5.3191,1.3429
144,846,5,121,wall,2,1.9901,6.0,4.3191,2.7645
144,846,5,121,intern,8,3.4495,24.0,10.3191,8.0227
144,846,5,121,pressur,8,0.9305,24.0,10.3191,2.1641
144,846,5,121,pressur,8,0.9305,24.0,10.3191,2.1641
144,846,5,121,cylind,5,2.0604,15.0,7.3191,4.2225
144,846,5,121,wall,2,1.9901,6.0,4.3191,2.7645
144,1126,6,53,cylind,2,2.0604,6.0,3.4654,3.5673
144,1126,6,53,bend,1,3.0036,3.0,2.4654,3.6549
144,1126,6,53,intern,1,3.4495,3.0,2.4654,4.1974
144,1126,6,53,pressur,1,0.9305,3.0,2.4654,1.1323
144,1126,6,53,provid,1,2.4287,3.0,2.4654,2.9553
144,1126,6,53,insight,1,5.5402,3.0,2.4654,6.7415
144,1126,6,53,pressur,1,0.9305,3.0,2.4654,1.1323
144,1126,6,53,cylind,2,2.0604,6.0,3.4654,3.5673
144,1340,7,64,bend,1,3.0036,3.0,2.6035,3.461
144,1340,7,64,stiff,4,4.0879,12.0,5.6035,8.7544
144,1340,7,64,maintain,1,4.1314,3.0,2.6035,4.7606
144,1340,7,64,stiff,4,4.0879,12.0,5.6035,8.7544
144,840,8,51,studi,2,1.7664,6.0,3.4403,3.0806
144,840,8,51,membran,5,4.8936,15.0,6.4403,11.3975
144,840,8,51,stiff,1,4.0879,3.0,2.4403,5.0256
144,840,8,51,stiff,1,4.0879,3.0,2.4403,5.0256
144,1045,9,15,membran,1,4.8936,3.0,1.9883,7.3835
144,1045,9,15,cylind,2,2.0604,6.0,2.9883,4.1368
144,1045,9,15,bend,1,3.0036,3.0,1.9883,4.5319
144,1045,9,15,pressur,2,0.9305,6.0,2.9883,1.8682
144,1045,9,15,pressur,2,0.9305,6.0,2.9883,1.8682
144,1045,9,15,cylind,2,2.0604,6.0,2.9883,4.1368
144,838,10,51,cylind,2,2.0604,6.0,3.4403,3.5933
144,838,10,51,bend,3,3.0036,9.0,4.4403,6.088
144,838,10,51,intern,2,3.4495,6.0,3.4403,6.016
144,838,10,51,pressur,3,0.9305,9.0,4.4403,1.886
144,838,10,51,pressur,3,0.9305,9.0,4.4403,1.886
144,838,10,51,cylind,2,2.0604,6.0,3.4403,3.5933
145,1051,1,129,best,1,4.4416,3.0,3.4196,3.8966
145,1051,1,129,experiment,1,1.4175,3.0,3.4196,1.2436
145,1051,1,129,data,5,1.8627,15.0,7.4196,3.7659
145,1051,1,129,classic,1,3.5192,3.0,3.4196,3.0875
145,1051,1,129,small,1,1.7664,3.0,3.4196,1.5497
145,1051,1,129,deflect,2,2.7733,6.0,4.4196,3.765
145,1051,1,129,theori,1,1.1214,3.0,3.4196,0.9838
145,1051,1,129,avail,2,2.8443,6.0,4.4196,3.8615
145,1051,1,129,pressur,4,0.9305,12.0,6.4196,1.7393
145,1051,1,129,cylind,6,2.0604,18.0,8.4196,4.4048
145,839,2,96,best,1,4.4416,3.0,3.0053,4.4338
145,839,2,96,data,4,1.8627,12.0,6.0053,3.7222
145,839,2,96,pressur,7,0.9305,21.0,9.0053,2.1699
145,839,2,96,cylind,7,2.0604,21.0,9.0053,4.8047
145,839,2,96,bend,5,3.0036,15.0,7.0053,6.4315
145,1126,3,53,classic,1,3.5192,3.0,2.4654,4.2824
145,1126,3,53,small,1,1.7664,3.0,2.4654,2.1494
145,1126,3,53,deflect,1,2.7733,3.0,2.4654,3.3747
145,1126,3,53,theori,1,1.1214,3.0,2.4654,1.3645
145,1126,3,53,pressur,1,0.9305,3.0,2.4654,1.1323
145,1126,3,53,cylind,2,2.0604,6.0,3.4654,3.5673
145,1126,3,53,bend,1,3.0036,3.0,2.4654,3.6549
145,827,4,174,experiment,2,1.4175,6.0,4.9845,1.7062
145,827,4,174,classic,3,3.5192,9.0,5.9845,5.2925
145,827,4,174,small,2,1.7664,6.0,4.9845,2.1262
145,827,4,174,deflect,6,2.7733,18.0,8.9845,5.5562
145,827,4,174,theori,2,1.1214,6.0,4.9845,1.3498
145,827,4,174,pressur,1,0.9305,3.0,3.9845,0.7006
145,827,4,174,bend,1,3.0036,3.0,3.9845,2.2615
145,1118,5,52,experiment,2,1.4175,6.0,3.4528,2.4631
145,1118,5,52,data,2,1.8627,6.0,3.4528,3.2369
145,1118,5,52,small,1,1.7664,3.0,2.4528,2.1604
145,1118,5,52,deflect,1,2.7733,3.0,2.4528,3.3919
145,1118,5,52,theori,3,1.1214,9.0,4.4528,2.2665
145,1118,5,52,pressur,1,0.9305,3.0,2.4528,1.1381
145,1118,5,52,cylind,3,2.0604,9.0,4.4528,4.1643
145,838,6,51,small,2,1.7664,6.0,3.4403,3.0806
145,838,6,51,deflect,1,2.7733,3.0,2.4403,3.4094
145,838,6,51,pressur,3,0.9305,9.0,4.4403,1.886
145,838,6,51,cylind,2,2.0604,6.0,3.4403,3.5933
145,838,6,51,bend,3,3.0036,9.0,4.4403,6.088
145,763,7,56,small,1,1.7664,3.0,2.5031,2.1171
145,763,7,56,deflect,1,2.7733,3.0,2.5031,3.3239
145,763,7,56,pressur,4,0.9305,12.0,5.5031,2.029
145,763,7,56,cylind,4,2.0604,12.0,5.5031,4.4928
145,763,7,56,bend,3,3.0036,9.0,4.5031,6.0031
145,928,8,235,experiment,3,1.4175,9.0,6.7504,1.8899
145,928,8,235,data,1,1.8627,3.0,4.7504,1.1764
145,928,8,235,deflect,5,2.7733,15.0,8.7504,4.754
145,928,8,235,theori,6,1.1214,18.0,9.7504,2.0701
145,928,8,235,cylind,4,2.0604,12.0,7.7504,3.1901
145,928,8,235,bend,4,3.0036,12.0,7.7504,4.6505
145,1045,9,15,experiment,1,1.4175,3.0,1.9883,2.1387
145,1045,9,15,data,1,1.8627,3.0,1.9883,2.8105
145,1045,9,15,theori,1,1.1214,3.0,1.9883,1.6919
145,1045,9,15,pressur,2,0.9305,6.0,2.9883,1.8682
145,1045,9,15,cylind,2,2.0604,6.0,2.9883,4.1368
145,1045,9,15,bend,1,3.0036,3.0,1.9883,4.5319
145,641,10,73,data,1,1.8627,3.0,2.7165,2.0571
145,641,10,73,classic,1,3.5192,3.0,2.7165,3.8865
145,641,10,73,small,1,1.7664,3.0,2.7165,1.9507
145,641,10,73,deflect,2,2.7733,6.0,3.7165,4.4773
145,641,10,73,theori,1,1.1214,3.0,2.7165,1.2384
145,641,10,73,bend,1,3.0036,3.0,2.7165,3.3171
146,955,1,50,membran,4,4.8936,12.0,5.4277,10.819
146,955,1,50,pressur,4,0.9305,12.0,5.4277,2.0572
146,955,1,50,membran,4,4.8936,12.0,5.4277,10.819
146,955,1,50,cylind,2,2.0604,6.0,3.4277,3.6065
146,955,1,50,bend,2,3.0036,6.0,3.4277,5.2576
146,840,2,51,membran,5,4.8936,15.0,6.4403,11.3975
146,840,2,51,theori,2,1.1214,6.0,3.4403,1.9557
146,840,2,51,membran,5,4.8936,15.0,6.4403,11.3975
146,840,2,51,predict,1,1.9797,3.0,2.4403,2.4337
146,1045,3,15,membran,1,4.8936,3.0,1.9883,7.3835
146,1045,3,15,theori,1,1.1214,3.0,1.9883,1.6919
146,1045,3,15,pressur,2,0.9305,6.0,2.9883,1.8682
146,1045,3,15,membran,1,4.8936,3.0,1.9883,7.3835
146,1045,3,15,cylind,2,2.0604,6.0,2.9883,4.1368
146,1045,3,15,bend,1,3.0036,3.0,1.9883,4.5319
146,641,4,73,membran,3,4.8936,9.0,4.7165,9.3379
146,641,4,73,theori,1,1.1214,3.0,2.7165,1.2384
146,641,4,73,membran,3,4.8936,9.0,4.7165,9.3379
146,641,4,73,bend,1,3.0036,3.0,2.7165,3.3171
146,1175,5,150,membran,3,4.8936,9.0,5.6832,7.7495
146,1175,5,150,theori,1,1.1214,3.0,3.6832,0.9133
146,1175,5,150,pressur,1,0.9305,3.0,3.6832,0.7579
146,1175,5,150,membran,3,4.8936,9.0,5.6832,7.7495
146,1175,5,150,bend,3,3.0036,9.0,5.6832,4.7566
146,730,6,132,membran,3,4.8936,9.0,5.4572,8.0704
146,730,6,132,membran,3,4.8936,9.0,5.4572,8.0704
146,730,6,132,bend,2,3.0036,6.0,4.4572,4.0433
146,854,7,26,membran,1,4.8936,3.0,2.1264,6.9039
146,854,7,26,theori,1,1.1214,3.0,2.1264,1.582
146,854,7,26,membran,1,4.8936,3.0,2.1264,6.9039
146,854,7,26,cylind,1,2.0604,3.0,2.1264,2.9068
146,1130,8,72,theori,2,1.1214,6.0,3.7039,1.8165
146,1130,8,72,exist,1,2.4785,3.0,2.7039,2.7499
146,1130,8,72,pressur,2,0.9305,6.0,3.7039,1.5073
146,1130,8,72,cylind,4,2.0604,12.0,5.7039,4.3346
146,1130,8,72,bend,2,3.0036,6.0,3.7039,4.8655
146,1134,9,153,membran,1,4.8936,3.0,3.7209,3.9455
146,1134,9,153,pressur,3,0.9305,9.0,5.7209,1.4638
146,1134,9,153,membran,1,4.8936,3.0,3.7209,3.9455
146,1134,9,153,cylind,1,2.0604,3.0,3.7209,1.6612
146,1134,9,153,predict,2,1.9797,6.0,4.7209,2.5161
146,839,10,96,pressur,7,0.9305,21.0,9.0053,2.1699
146,839,10,96,cylind,7,2.0604,21.0,9.0053,4.8047
146,839,10,96,bend,5,3.0036,15.0,7.0053,6.4315
147,956,1,75,equat,5,1.2472,15.0,6.7416,2.7751
147,956,1,75,stabil,1,2.4533,3.0,2.7416,2.6845
147,956,1,75,simpli,2,3.5686,6.0,3.7416,5.7226
147,956,1,75,support,2,2.9893,6.0,3.7416,4.7937
147,956,1,75,corrug,2,5.3731,6.0,3.7416,8.6163
147,956,1,75,core,3,4.0063,9.0,4.7416,7.6043
147,956,1,75,sandwich,2,4.6423,6.0,3.7416,7.4443
147,956,1,75,cylind,3,2.0604,9.0,4.7416,3.9107
147,1050,2,45,equat,1,1.2472,3.0,2.365,1.5822
147,1050,2,45,simpli,2,3.5686,6.0,3.365,6.3632
147,1050,2,45,support,2,2.9893,6.0,3.365,5.3302
147,1050,2,45,corrug,1,5.3731,3.0,2.365,6.8159
147,1050,2,45,core,2,4.0063,6.0,3.365,7.1435
147,1050,2,45,sandwich,2,4.6423,6.0,3.365,8.2775
147,1050,2,45,cylind,1,2.0604,3.0,2.365,2.6136
147,1049,3,44,corrug,2,5.3731,6.0,3.3524,9.6166
147,1049,3,44,core,1,4.0063,3.0,2.3524,5.1091
147,1049,3,44,sandwich,3,4.6423,9.0,4.3524,9.5993
147,1069,4,40,stabil,1,2.4533,3.0,2.3022,3.1969
147,1069,4,40,core,1,4.0063,3.0,2.3022,5.2206
147,1069,4,40,sandwich,1,4.6423,3.0,2.3022,6.0494
147,1069,4,40,cylind,2,2.0604,6.0,3.3022,3.7436
147,843,5,95,equat,1,1.2472,3.0,2.9927,1.2503
147,843,5,95,stabil,1,2.4533,3.0,2.9927,2.4593
147,843,5,95,simpli,2,3.5686,6.0,3.9927,5.3627
147,843,5,95,support,2,2.9893,6.0,3.9927,4.4922
147,843,5,95,cylind,4,2.0604,12.0,5.9927,4.1257
147,1171,6,45,equat,1,1.2472,3.0,2.365,1.5822
147,1171,6,45,stabil,3,2.4533,9.0,4.365,5.0584
147,1171,6,45,core,2,4.0063,6.0,3.365,7.1435
147,1171,6,45,cylind,2,2.0604,6.0,3.365,3.6738
147,1392,7,165,equat,6,1.2472,18.0,8.8715,2.5306
147,1392,7,165,stabil,3,2.4533,9.0,5.8715,3.7605
147,1392,7,165,simpli,3,3.5686,9.0,5.8715,5.4701
147,1392,7,165,support,3,2.9893,9.0,5.8715,4.5821
147,1128,8,79,core,5,4.0063,15.0,6.7918,8.848
147,1128,8,79,sandwich,2,4.6423,6.0,3.7918,7.3457
147,1358,9,25,stabil,1,2.4533,3.0,2.1139,3.4817
147,1358,9,25,simpli,2,3.5686,6.0,3.1139,6.8763
147,1358,9,25,support,2,2.9893,6.0,3.1139,5.76
147,889,10,161,equat,4,1.2472,12.0,6.8213,2.1941
147,889,10,161,stabil,1,2.4533,3.0,3.8213,1.926
147,889,10,161,simpli,2,3.5686,6.0,4.8213,4.4411
147,889,10,161,support,2,2.9893,6.0,4.8213,3.7201
147,889,10,161,cylind,4,2.0604,12.0,6.8213,3.6246
148,956,1,75,small,2,1.7664,6.0,3.7416,2.8326
148,956,1,75,deflect,2,2.7733,6.0,3.7416,4.4472
148,956,1,75,theori,1,1.1214,3.0,2.7416,1.227
148,956,1,75,buckl,3,2.3968,9.0,4.7416,4.5494
148,956,1,75,sandwich,2,4.6423,6.0,3.7416,7.4443
148,956,1,75,cylind,3,2.0604,9.0,4.7416,3.9107
148,1048,2,32,small,2,1.7664,6.0,3.2018,3.3102
148,1048,2,32,deflect,2,2.7733,6.0,3.2018,5.1971
148,1048,2,32,theori,3,1.1214,9.0,4.2018,2.4019
148,1048,2,32,buckl,1,2.3968,3.0,2.2018,3.2658
148,1048,2,32,sandwich,2,4.6423,6.0,3.2018,8.6995
148,1126,3,53,small,1,1.7664,3.0,2.4654,2.1494
148,1126,3,53,deflect,1,2.7733,3.0,2.4654,3.3747
148,1126,3,53,theori,1,1.1214,3.0,2.4654,1.3645
148,1126,3,53,buckl,3,2.3968,9.0,4.4654,4.8308
148,1126,3,53,sandwich,1,4.6423,3.0,2.4654,5.6489
148,1126,3,53,cylind,2,2.0604,6.0,3.4654,3.5673
148,1050,4,45,deflect,1,2.7733,3.0,2.365,3.518
148,1050,4,45,theori,1,1.1214,3.0,2.365,1.4225
148,1050,4,45,buckl,2,2.3968,6.0,3.365,4.2737
148,1050,4,45,sandwich,2,4.6423,6.0,3.365,8.2775
148,1050,4,45,cylind,1,2.0604,3.0,2.365,2.6136
148,928,5,235,paper,3,1.9441,9.0,6.7504,2.592
148,928,5,235,deflect,5,2.7733,15.0,8.7504,4.754
148,928,5,235,theori,6,1.1214,18.0,9.7504,2.0701
148,928,5,235,buckl,7,2.3968,21.0,10.7504,4.682
148,928,5,235,cylind,4,2.0604,12.0,7.7504,3.1901
148,1051,6,129,paper,1,1.9441,3.0,3.4196,1.7056
148,1051,6,129,small,1,1.7664,3.0,3.4196,1.5497
148,1051,6,129,deflect,2,2.7733,6.0,4.4196,3.765
148,1051,6,129,theori,1,1.1214,3.0,3.4196,0.9838
148,1051,6,129,buckl,3,2.3968,9.0,5.4196,3.9803
148,1051,6,129,cylind,6,2.0604,18.0,8.4196,4.4048
148,827,7,174,paper,1,1.9441,3.0,3.9845,1.4638
148,827,7,174,small,2,1.7664,6.0,4.9845,2.1262
148,827,7,174,deflect,6,2.7733,18.0,8.9845,5.5562
148,827,7,174,theori,2,1.1214,6.0,4.9845,1.3498
148,827,7,174,buckl,10,2.3968,30.0,12.9845,5.5377
148,1127,8,135,deflect,1,2.7733,3.0,3.4949,2.3806
148,1127,8,135,theori,1,1.1214,3.0,3.4949,0.9626
148,1127,8,135,buckl,6,2.3968,18.0,8.4949,5.0787
148,1127,8,135,sandwich,3,4.6423,9.0,5.4949,7.6035
148,826,9,189,small,2,1.7664,6.0,5.1728,2.0488
148,826,9,189,deflect,1,2.7733,3.0,4.1728,1.9938
148,826,9,189,theori,9,1.1214,27.0,12.1728,2.4872
148,826,9,189,buckl,1,2.3968,3.0,4.1728,1.7232
148,826,9,189,sandwich,3,4.6423,9.0,6.1728,6.7684
148,761,10,49,theori,1,1.1214,3.0,2.4152,1.3929
148,761,10,49,buckl,4,2.3968,12.0,5.4152,5.3113
148,761,10,49,sandwich,2,4.6423,6.0,3.4152,8.1558
149,930,1,73,develop,2,1.6671,6.0,3.7165,2.6914
149,930,1,73,larg,2,1.8907,6.0,3.7165,3.0524
149,930,1,73,deflect,3,2.7733,9.0,4.7165,5.292
149,930,1,73,conic,2,3.0477,6.0,3.7165,4.9203
149,930,1,73,shell,8,2.5768,24.0,9.7165,6.3648
149,1070,2,67,analysi,1,1.6155,3.0,2.6412,1.835
149,1070,2,67,accur,1,2.9208,3.0,2.6412,3.3176
149,1070,2,67,conic,6,3.0477,18.0,7.6412,7.1794
149,1070,2,67,shell,7,2.5768,21.0,8.6412,6.2622
149,1058,3,51,analysi,1,1.6155,3.0,2.4403,1.9861
149,1058,3,51,deflect,2,2.7733,6.0,3.4403,4.8367
149,1058,3,51,conic,4,3.0477,12.0,5.4403,6.7226
149,1058,3,51,shell,1,2.5768,3.0,2.4403,3.1678
149,926,4,80,develop,1,1.6671,3.0,2.8044,1.7834
149,926,4,80,deflect,3,2.7733,9.0,4.8044,5.1952
149,926,4,80,behaviour,1,3.9308,3.0,2.8044,4.2049
149,926,4,80,shell,4,2.5768,12.0,5.8044,5.3273
149,1068,5,81,develop,1,1.6671,3.0,2.8169,1.7754
149,1068,5,81,analysi,1,1.6155,3.0,2.8169,1.7205
149,1068,5,81,accur,1,2.9208,3.0,2.8169,3.1106
149,1068,5,81,establish,1,3.323,3.0,2.8169,3.5389
149,1068,5,81,shell,5,2.5768,15.0,6.8169,5.67
149,1053,6,96,develop,2,1.6671,6.0,4.0053,2.4974
149,1053,6,96,accur,1,2.9208,3.0,3.0053,2.9157
149,1053,6,96,larg,1,1.8907,3.0,3.0053,1.8874
149,1053,6,96,deflect,2,2.7733,6.0,4.0053,4.1545
149,1053,6,96,shell,2,2.5768,6.0,4.0053,3.8601
149,1059,7,122,analysi,1,1.6155,3.0,3.3317,1.4547
149,1059,7,122,larg,1,1.8907,3.0,3.3317,1.7025
149,1059,7,122,conic,6,3.0477,18.0,8.3317,6.5844
149,1059,7,122,shell,4,2.5768,12.0,6.3317,4.8836
149,1051,8,129,develop,2,1.6671,6.0,4.4196,2.2633
149,1051,8,129,analysi,5,1.6155,15.0,7.4196,3.2661
149,1051,8,129,larg,1,1.8907,3.0,3.4196,1.6587
149,1051,8,129,deflect,2,2.7733,6.0,4.4196,3.765
149,1051,8,129,shell,2,2.5768,6.0,4.4196,3.4983
149,931,9,44,deflect,1,2.7733,3.0,2.3524,3.5368
149,931,9,44,conic,1,3.0477,3.0,2.3524,3.8867
149,931,9,44,shell,3,2.5768,9.0,4.3524,5.3284
149,936,10,89,accur,1,2.9208,3.0,2.9174,3.0035
149,936,10,89,conic,2,3.0477,6.0,3.9174,4.668
149,936,10,89,shell,3,2.5768,9.0,4.9174,4.7162
150,1074,1,98,second,4,2.5399,12.0,6.0304,5.0543
150,1074,1,98,order,5,1.9592,15.0,7.0304,4.1802
150,1074,1,98,wing,5,1.8222,15.0,7.0304,3.8878
150,1074,1,98,bodi,4,1.5631,12.0,6.0304,3.1104
150,1074,1,98,interfer,3,3.4055,9.0,5.0304,6.0929
150,1074,1,98,high,1,1.7175,3.0,3.0304,1.7003
150,1074,1,98,superson,2,1.6447,6.0,4.0304,2.4484
150,1074,1,98,mach,2,1.2826,6.0,4.0304,1.9095
150,1074,1,98,number,1,0.7937,3.0,3.0304,0.7857
150,1075,2,126,second,2,2.5399,6.0,4.3819,3.4778
150,1075,2,126,order,2,1.9592,6.0,4.3819,2.6827
150,1075,2,126,wing,10,1.8222,30.0,12.3819,4.415
150,1075,2,126,bodi,5,1.5631,15.0,7.3819,3.1761
150,1075,2,126,interfer,5,3.4055,15.0,7.3819,6.9199
150,1075,2,126,superson,2,1.6447,6.0,4.3819,2.252
150,1075,2,126,mach,5,1.2826,15.0,7.3819,2.6063
150,1075,2,126,number,4,0.7937,12.0,6.3819,1.4924
150,1062,3,65,second,2,2.5399,6.0,3.6161,4.2144
150,1062,3,65,order,2,1.9592,6.0,3.6161,3.2508
150,1062,3,65,wing,5,1.8222,15.0,6.6161,4.1313
150,1062,3,65,bodi,4,1.5631,12.0,5.6161,3.3398
150,1062,3,65,interfer,3,3.4055,9.0,4.6161,6.6397
150,1062,3,65,high,1,1.7175,3.0,2.6161,1.9696
150,1062,3,65,mach,2,1.2826,6.0,3.6161,2.1283
150,1062,3,65,number,2,0.7937,6.0,3.6161,1.3169
150,1202,4,184,second,6,2.5399,18.0,9.1101,5.0185
150,1202,4,184,order,7,1.9592,21.0,10.1101,4.0695
150,1202,4,184,wing,3,1.8222,9.0,6.1101,2.6841
150,1202,4,184,bodi,1,1.5631,3.0,4.1101,1.1409
150,1202,4,184,high,1,1.7175,3.0,4.1101,1.2536
150,1202,4,184,superson,3,1.6447,9.0,6.1101,2.4226
150,1202,4,184,mach,4,1.2826,12.0,7.1101,2.1648
150,924,5,126,wing,12,1.8222,36.0,14.3819,4.5612
150,924,5,126,bodi,5,1.5631,15.0,7.3819,3.1761
150,924,5,126,interfer,3,3.4055,9.0,5.3819,5.6949
150,924,5,126,superson,3,1.6447,9.0,5.3819,2.7503
150,924,5,126,number,1,0.7937,3.0,3.3819,0.7041
150,799,6,141,magnitud,1,2.9477,3.0,3.5702,2.4769
150,799,6,141,order,1,1.9592,3.0,3.5702,1.6463
150,799,6,141,interfer,4,3.4055,12.0,6.5702,6.2199
150,799,6,141,high,2,1.7175,6.0,4.5702,2.2548
150,799,6,141,superson,1,1.6447,3.0,3.5702,1.382
150,799,6,141,mach,2,1.2826,6.0,4.5702,1.6839
150,799,6,141,number,2,0.7937,6.0,4.5702,1.042
150,1243,7,62,wing,6,1.8222,18.0,7.5784,4.328
150,1243,7,62,bodi,6,1.5631,18.0,7.5784,3.7125
150,1243,7,62,interfer,2,3.4055,6.0,3.5784,5.7101
150,1243,7,62,superson,2,1.6447,6.0,3.5784,2.7577
150,1108,8,148,second,6,2.5399,18.0,8.6581,5.2804
150,1108,8,148,order,9,1.9592,27.0,11.6581,4.5375
150,1108,8,148,wing,1,1.8222,3.0,3.6581,1.4944
150,1108,8,148,bodi,5,1.5631,15.0,7.6581,3.0616
150,1108,8,148,superson,2,1.6447,6.0,4.6581,2.1185
150,923,9,93,order,1,1.9592,3.0,2.9676,1.9806
150,923,9,93,wing,6,1.8222,18.0,7.9676,4.1166
150,923,9,93,bodi,6,1.5631,18.0,7.9676,3.5312
150,923,9,93,interfer,2,3.4055,6.0,3.9676,5.15
150,923,9,93,superson,1,1.6447,3.0,2.9676,1.6626
150,124,10,126,second,3,2.5399,9.0,5.3819,4.2474
150,124,10,126,order,3,1.9592,9.0,5.3819,3.2763
150,124,10,126,bodi,2,1.5631,6.0,4.3819,2.1403
150,124,10,126,superson,6,1.6447,18.0,8.3819,3.5319
150,124,10,126,mach,2,1.2826,6.0,4.3819,1.7563
150,124,10,126,number,3,0.7937,9.0,5.3819,1.3273
151,433,1,249,theoret,1,1.7832,3.0,4.9261,1.086
151,433,1,249,method,4,1.1235,12.0,7.9261,1.701
151,433,1,249,calcul,3,1.4504,9.0,6.9261,1.8847
151,433,1,249,wing,19,1.8222,57.0,22.9261,4.5304
151,433,1,249,alon,2,4.4416,6.0,5.9261,4.4969
151,1246,2,157,theoret,1,1.7832,3.0,3.7711,1.4186
151,1246,2,157,method,5,1.1235,15.0,7.7711,2.1687
151,1246,2,157,calcul,1,1.4504,3.0,3.7711,1.1538
151,1246,2,157,pressur,1,0.9305,3.0,3.7711,0.7402
151,1246,2,157,surfac,6,1.4443,18.0,8.7711,2.9641
151,1246,2,157,wing,6,1.8222,18.0,8.7711,3.7395
151,287,3,83,theoret,2,1.7832,6.0,3.842,2.7848
151,287,3,83,method,3,1.1235,9.0,4.842,2.0884
151,287,3,83,calcul,2,1.4504,6.0,3.842,2.2651
151,287,3,83,pressur,1,0.9305,3.0,2.842,0.9822
151,287,3,83,wing,3,1.8222,9.0,4.842,3.387
151,678,4,55,theoret,1,1.7832,3.0,2.4905,2.148
151,678,4,55,method,2,1.1235,6.0,3.4905,1.9313
151,678,4,55,calcul,3,1.4504,9.0,4.4905,2.9069
151,678,4,55,wing,5,1.8222,15.0,6.4905,4.2112
151,101,5,195,theoret,1,1.7832,3.0,4.2482,1.2593
151,101,5,195,method,1,1.1235,3.0,4.2482,0.7934
151,101,5,195,pressur,3,0.9305,9.0,6.2482,1.3403
151,101,5,195,surfac,5,1.4443,15.0,8.2482,2.6266
151,101,5,195,alon,2,4.4416,6.0,5.2482,5.0779
151,1062,6,65,theoret,3,1.7832,9.0,4.6161,3.4768
151,1062,6,65,calcul,2,1.4504,6.0,3.6161,2.4066
151,1062,6,65,pressur,1,0.9305,3.0,2.6161,1.067
151,1062,6,65,wing,5,1.8222,15.0,6.6161,4.1313
151,465,7,64,theoret,2,1.7832,6.0,3.6035,2.9692
151,465,7,64,method,1,1.1235,3.0,2.6035,1.2947
151,465,7,64,calcul,1,1.4504,3.0,2.6035,1.6713
151,465,7,64,pressur,2,0.9305,6.0,3.6035,1.5493
151,465,7,64,wing,3,1.8222,9.0,4.6035,3.5625
151,251,8,47,theoret,1,1.7832,3.0,2.3901,2.2383
151,251,8,47,wing,2,1.8222,6.0,3.3901,3.2251
151,251,8,47,alon,1,4.4416,3.0,2.3901,5.575
151,289,9,141,theoret,2,1.7832,6.0,4.5702,2.3411
151,289,9,141,method,1,1.1235,3.0,3.5702,0.9441
151,289,9,141,calcul,3,1.4504,9.0,5.5702,2.3435
151,289,9,141,pressur,1,0.9305,3.0,3.5702,0.7819
151,289,9,141,wing,9,1.8222,27.0,11.5702,4.2522
151,222,10,114,theoret,2,1.7832,6.0,4.2312,2.5287
151,222,10,114,pressur,2,0.9305,6.0,4.2312,1.3195
151,222,10,114,surfac,5,1.4443,15.0,7.2312,2.996
151,222,10,114,wing,5,1.8222,15.0,7.2312,3.7798
152,671,1,79,effect,3,0.9524,9.0,4.7918,1.7889
152,671,1,79,boundari,6,1.0911,18.0,7.7918,2.5207
152,671,1,79,layer,6,1.2179,18.0,7.7918,2.8134
152,671,1,79,wing,2,1.8222,6.0,3.7918,2.8834
152,671,1,79,pressur,4,0.9305,12.0,5.7918,1.9279
152,671,1,79,calcul,3,1.4504,9.0,4.7918,2.7241
152,1225,2,174,effect,1,0.9524,3.0,3.9845,0.7171
152,1225,2,174,boundari,11,1.0911,33.0,13.9845,2.5748
152,1225,2,174,layer,11,1.2179,33.0,13.9845,2.8739
152,1225,2,174,pressur,6,0.9305,18.0,8.9845,1.8642
152,1225,2,174,calcul,2,1.4504,6.0,4.9845,1.7459
152,1225,2,174,magnitud,1,2.9477,3.0,3.9845,2.2193
152,798,3,341,effect,6,0.9524,18.0,11.0812,1.5471
152,798,3,341,boundari,9,1.0911,27.0,14.0812,2.0922
152,798,3,341,layer,13,1.2179,39.0,18.0812,2.6269
152,798,3,341,wing,3,1.8222,9.0,8.0812,2.0294
152,798,3,341,pressur,4,0.9305,12.0,9.0812,1.2296
152,798,3,341,magnitud,1,2.9477,3.0,6.0812,1.4542
152,547,4,70,effect,1,0.9524,3.0,2.6788,1.0666
152,547,4,70,boundari,4,1.0911,12.0,5.6788,2.3057
152,547,4,70,layer,4,1.2179,12.0,5.6788,2.5735
152,547,4,70,wing,2,1.8222,6.0,3.6788,2.9719
152,547,4,70,calcul,1,1.4504,3.0,2.6788,1.6243
152,406,5,126,effect,2,0.9524,6.0,4.3819,1.3042
152,406,5,126,boundari,7,1.0911,21.0,9.3819,2.4424
152,406,5,126,layer,7,1.2179,21.0,9.3819,2.726
152,406,5,126,pressur,2,0.9305,6.0,4.3819,1.2741
152,406,5,126,magnitud,1,2.9477,3.0,3.3819,2.6148
152,1355,6,127,effect,2,0.9524,6.0,4.3945,1.3004
152,1355,6,127,boundari,5,1.0911,15.0,7.3945,2.2134
152,1355,6,127,layer,5,1.2179,15.0,7.3945,2.4705
152,1355,6,127,wing,2,1.8222,6.0,4.3945,2.488
152,1355,6,127,pressur,5,0.9305,15.0,7.3945,1.8875
152,336,7,49,boundari,4,1.0911,12.0,5.4152,2.418
152,336,7,49,layer,4,1.2179,12.0,5.4152,2.6988
152,336,7,49,wing,1,1.8222,3.0,2.4152,2.2634
152,336,7,49,calcul,3,1.4504,9.0,4.4152,2.9565
152,189,8,246,effect,4,0.9524,12.0,7.8885,1.4489
152,189,8,246,boundari,5,1.0911,15.0,8.8885,1.8414
152,189,8,246,layer,5,1.2179,15.0,8.8885,2.0553
152,189,8,246,wing,4,1.8222,12.0,7.8885,2.7719
152,189,8,246,pressur,11,0.9305,33.0,14.8885,2.0624
152,696,9,190,boundari,1,1.0911,3.0,4.1854,0.7821
152,696,9,190,layer,1,1.2179,3.0,4.1854,0.8729
152,696,9,190,wing,11,1.8222,33.0,14.1854,4.239
152,696,9,190,pressur,10,0.9305,30.0,13.1854,2.1171
152,696,9,190,magnitud,1,2.9477,3.0,4.1854,2.1128
152,1188,10,114,effect,2,0.9524,6.0,4.2312,1.3506
152,1188,10,114,boundari,1,1.0911,3.0,3.2312,1.0131
152,1188,10,114,layer,1,1.2179,3.0,3.2312,1.1307
152,1188,10,114,wing,3,1.8222,9.0,5.2312,3.135
152,1188,10,114,pressur,1,0.9305,3.0,3.2312,0.8639
152,1188,10,114,calcul,3,1.4504,9.0,5.2312,2.4953
153,1063,1,47,navier,2,4.2745,6.0,3.3901,7.5654
153,1063,1,47,stoke,2,4.0463,6.0,3.3901,7.1614
153,1063,1,47,differ,2,1.9848,6.0,3.3901,3.5129
153,1063,1,47,equat,3,1.2472,9.0,4.3901,2.557
153,1063,1,47,solv,1,2.8321,3.0,2.3901,3.5549
153,1082,2,154,navier,2,4.2745,6.0,4.7334,5.4183
153,1082,2,154,stoke,3,4.0463,9.0,5.7334,6.3516
153,1082,2,154,differ,1,1.9848,3.0,3.7334,1.5949
153,1082,2,154,equat,3,1.2472,9.0,5.7334,1.9579
153,1082,2,154,solv,1,2.8321,3.0,3.7334,2.2758
153,1085,3,44,navier,2,4.2745,6.0,3.3524,7.6504
153,1085,3,44,stoke,2,4.0463,6.0,3.3524,7.2418
153,1085,3,44,equat,2,1.2472,6.0,3.3524,2.2323
153,1081,4,66,navier,2,4.2745,6.0,3.6286,7.068
153,1081,4,66,stoke,2,4.0463,6.0,3.6286,6.6906
153,1081,4,66,equat,2,1.2472,6.0,3.6286,2.0624
153,394,5,36,navier,1,4.2745,3.0,2.252,5.6944
153,394,5,36,stoke,1,4.0463,3.0,2.252,5.3903
153,394,5,36,equat,2,1.2472,6.0,3.252,2.3012
153,117,6,80,navier,1,4.2745,3.0,2.8044,4.5727
153,117,6,80,stoke,2,4.0463,6.0,3.8044,6.3815
153,117,6,80,equat,3,1.2472,9.0,4.8044,2.3365
153,149,7,147,navier,1,4.2745,3.0,3.6455,3.5176
153,149,7,147,stoke,5,4.0463,15.0,7.6455,7.9385
153,149,7,147,equat,2,1.2472,6.0,4.6455,1.6109
153,393,8,34,navier,1,4.2745,3.0,2.2269,5.7586
153,393,8,34,stoke,1,4.0463,3.0,2.2269,5.4511
153,393,8,34,equat,1,1.2472,3.0,2.2269,1.6803
153,329,9,378,navier,4,4.2745,12.0,9.5457,5.3736
153,329,9,378,stoke,4,4.0463,12.0,9.5457,5.0866
153,329,9,378,equat,6,1.2472,18.0,11.5457,1.9445
153,323,10,43,navier,1,4.2745,3.0,2.3399,5.4805
153,323,10,43,stoke,1,4.0463,3.0,2.3399,5.1878
153,323,10,43,equat,1,1.2472,3.0,2.3399,1.5991
154,1088,1,119,iter,2,4.0063,6.0,4.294,5.5979
154,1088,1,119,method,4,1.1235,12.0,6.294,2.1421
154,1088,1,119,solv,2,2.8321,6.0,4.294,3.9573
154,1088,1,119,linear,1,2.1481,3.0,3.294,1.9564
154,1088,1,119,ellipt,2,3.6206,6.0,4.294,5.059
154,1088,1,119,differ,3,1.9848,9.0,5.294,3.3743
154,1088,1,119,equat,3,1.2472,9.0,5.294,2.1204
154,1088,1,119,rapid,1,3.0328,3.0,3.294,2.7621
154,1088,1,119,converg,4,3.3842,12.0,6.294,6.4522
154,1054,2,65,iter,2,4.0063,6.0,3.6161,6.6475
154,1054,2,65,method,2,1.1235,6.0,3.6161,1.8643
154,1054,2,65,linear,2,2.1481,6.0,3.6161,3.5643
154,1054,2,65,differ,1,1.9848,3.0,2.6161,2.2761
154,1054,2,65,equat,3,1.2472,9.0,4.6161,2.4318
154,1054,2,65,converg,1,3.3842,3.0,2.6161,3.8809
154,1087,3,72,iter,6,4.0063,18.0,7.7039,9.3605
154,1087,3,72,method,7,1.1235,21.0,8.7039,2.7108
154,1087,3,72,equat,2,1.2472,6.0,3.7039,2.0204
154,1087,3,72,converg,2,3.3842,6.0,3.7039,5.4821
154,832,4,23,iter,4,4.0063,12.0,5.0888,9.4473
154,832,4,23,equat,1,1.2472,3.0,2.0888,1.7914
154,832,4,23,converg,4,3.3842,12.0,5.0888,7.9804
154,111,5,59,iter,1,4.0063,3.0,2.5407,4.7304
154,111,5,59,method,4,1.1235,12.0,5.5407,2.4334
154,111,5,59,solv,2,2.8321,6.0,3.5407,4.7993
154,111,5,59,linear,1,2.1481,3.0,2.5407,2.5364
154,111,5,59,equat,4,1.2472,12.0,5.5407,2.7013
154,1086,6,43,method,2,1.1235,6.0,3.3399,2.0184
154,1086,6,43,solv,1,2.8321,3.0,2.3399,3.6312
154,1086,6,43,equat,4,1.2472,12.0,5.3399,2.8029
154,1086,6,43,rapid,1,3.0328,3.0,2.3399,3.8885
154,1086,6,43,converg,1,3.3842,3.0,2.3399,4.339
154,1063,7,47,iter,1,4.0063,3.0,2.3901,5.0286
154,1063,7,47,method,2,1.1235,6.0,3.3901,1.9885
154,1063,7,47,solv,1,2.8321,3.0,2.3901,3.5549
154,1063,7,47,differ,2,1.9848,6.0,3.3901,3.5129
154,1063,7,47,equat,3,1.2472,9.0,4.3901,2.557
154,584,8,66,method,2,1.1235,6.0,3.6286,1.8578
154,584,8,66,solv,1,2.8321,3.0,2.6286,3.2323
154,584,8,66,differ,1,1.9848,3.0,2.6286,2.2653
154,584,8,66,equat,1,1.2472,3.0,2.6286,1.4235
154,584,8,66,rapid,1,3.0328,3.0,2.6286,3.4613
154,584,8,66,converg,1,3.3842,3.0,2.6286,3.8624
154,1055,9,72,iter,2,4.0063,6.0,3.7039,6.4897
154,1055,9,72,method,2,1.1235,6.0,3.7039,1.82
154,1055,9,72,linear,3,2.1481,9.0,4.7039,4.11
154,1055,9,72,differ,1,1.9848,3.0,2.7039,2.2022
154,1055,9,72,equat,1,1.2472,3.0,2.7039,1.3838
154,1108,10,148,iter,3,4.0063,9.0,5.6581,6.3725
154,1108,10,148,method,4,1.1235,12.0,6.6581,2.025
154,1108,10,148,solv,2,2.8321,6.0,4.6581,3.648
154,1108,10,148,linear,2,2.1481,6.0,4.6581,2.767
154,1108,10,148,equat,1,1.2472,3.0,3.6581,1.0229
155,1065,1,89,measur,2,1.7135,6.0,3.9174,2.6245
155,1065,1,89,ablat,3,4.5041,9.0,4.9174,8.2436
155,1065,1,89,flight,3,2.336,9.0,4.9174,4.2754
155,1101,2,58,measur,3,1.7135,9.0,4.5282,3.4057
155,1101,2,58,ablat,3,4.5041,9.0,4.5282,8.9522
155,1101,2,58,flight,1,2.336,3.0,2.5282,2.7719
155,553,3,98,ablat,7,4.5041,21.0,9.0304,10.4742
155,553,3,98,flight,1,2.336,3.0,3.0304,2.3126
155,806,4,160,technic,1,4.7192,3.0,3.8088,3.7171
155,806,4,160,measur,5,1.7135,15.0,7.8088,3.2916
155,806,4,160,flight,7,2.336,21.0,9.8088,5.0012
155,805,5,139,report,2,2.6054,6.0,4.5451,3.4393
155,805,5,139,measur,6,1.7135,18.0,8.5451,3.6095
155,805,5,139,flight,3,2.336,9.0,5.5451,3.7914
155,1099,6,43,ablat,4,4.5041,12.0,5.3399,10.1219
155,1096,7,53,measur,1,1.7135,3.0,2.4654,2.0851
155,1096,7,53,ablat,2,4.5041,6.0,3.4654,7.7984
155,1097,8,143,ablat,7,4.5041,21.0,9.5953,9.8575
155,1100,9,77,ablat,4,4.5041,12.0,5.7667,9.3726
155,804,10,99,report,1,2.6054,3.0,3.0429,2.5686
155,804,10,99,measur,1,1.7135,3.0,3.0429,1.6894
155,804,10,99,flight,5,2.336,15.0,7.0429,4.9751
156,1096,1,53,qualit,1,3.6206,3.0,2.4654,4.4057
156,1096,1,53,materi,3,3.0036,9.0,4.4654,6.0538
156,1096,1,53,ablat,2,4.5041,6.0,3.4654,7.7984
156,1096,1,53,materi,3,3.0036,9.0,4.4654,6.0538
156,1097,2,143,materi,7,3.0036,21.0,9.5953,6.5736
156,1097,2,143,ablat,7,4.5041,21.0,9.5953,9.8575
156,1097,2,143,materi,7,3.0036,21.0,9.5953,6.5736
156,553,3,98,materi,4,3.0036,12.0,6.0304,5.977
156,553,3,98,ablat,7,4.5041,21.0,9.0304,10.4742
156,553,3,98,materi,4,3.0036,12.0,6.0304,5.977
156,1099,4,43,materi,2,3.0036,6.0,3.3399,5.396
156,1099,4,43,ablat,4,4.5041,12.0,5.3399,10.1219
156,1099,4,43,materi,2,3.0036,6.0,3.3399,5.396
156,1065,5,89,materi,2,3.0036,6.0,3.9174,4.6005
156,1065,5,89,ablat,3,4.5041,9.0,4.9174,8.2436
156,1065,5,89,materi,2,3.0036,6.0,3.9174,4.6005
156,1065,5,89,research,1,3.1759,3.0,2.9174,3.2659
156,1100,6,77,materi,2,3.0036,6.0,3.7667,4.7845
156,1100,6,77,ablat,4,4.5041,12.0,5.7667,9.3726
156,1100,6,77,materi,2,3.0036,6.0,3.7667,4.7845
156,1098,7,96,materi,3,3.0036,9.0,5.0053,5.4008
156,1098,7,96,ablat,3,4.5041,9.0,5.0053,8.0989
156,1098,7,96,materi,3,3.0036,9.0,5.0053,5.4008
156,1279,8,92,materi,3,3.0036,9.0,4.955,5.4556
156,1279,8,92,ablat,1,4.5041,3.0,2.955,4.5726
156,1279,8,92,materi,3,3.0036,9.0,4.955,5.4556
156,1117,9,82,materi,3,3.0036,9.0,4.8295,5.5974
156,1117,9,82,avail,1,2.8443,3.0,2.8295,3.0157
156,1117,9,82,materi,3,3.0036,9.0,4.8295,5.5974
156,82,10,204,materi,3,3.0036,9.0,6.3612,4.2496
156,82,10,204,ablat,2,4.5041,6.0,5.3612,5.0408
156,82,10,204,materi,3,3.0036,9.0,6.3612,4.2496
157,25,1,221,flow,6,0.6512,18.0,9.5746,1.2243
157,25,1,221,field,3,2.118,9.0,6.5746,2.8993
157,25,1,221,blunt,6,2.2997,18.0,9.5746,4.3234
157,25,1,221,nose,9,2.5309,27.0,12.5746,5.4343
157,25,1,221,bodi,8,1.5631,24.0,11.5746,3.241
157,25,1,221,experi,1,2.2178,3.0,4.5746,1.4544
157,25,1,221,free,2,1.8582,6.0,5.5746,2.0
157,25,1,221,stream,1,1.7581,3.0,4.5746,1.1529
157,25,1,221,bodi,8,1.5631,24.0,11.5746,3.241
157,25,1,221,shape,4,1.9797,12.0,7.5746,3.1363
157,160,2,212,flow,10,0.6512,30.0,13.4616,1.4513
157,160,2,212,field,3,2.118,9.0,6.4616,2.95
157,160,2,212,blunt,1,2.2997,3.0,4.4616,1.5463
157,160,2,212,nose,2,2.5309,6.0,5.4616,2.7804
157,160,2,212,bodi,11,1.5631,33.0,14.4616,3.5668
157,160,2,212,compar,1,1.7335,3.0,4.4616,1.1656
157,160,2,212,rang,3,1.5462,9.0,6.4616,2.1536
157,160,2,212,free,1,1.8582,3.0,4.4616,1.2494
157,160,2,212,stream,1,1.7581,3.0,4.4616,1.1821
157,160,2,212,condit,1,1.4293,3.0,4.4616,0.9611
157,160,2,212,bodi,11,1.5631,33.0,14.4616,3.5668
157,160,2,212,shape,6,1.9797,18.0,9.4616,3.7662
157,1006,3,59,flow,3,0.6512,9.0,4.5407,1.2907
157,1006,3,59,field,2,2.118,6.0,3.5407,3.5891
157,1006,3,59,calcul,2,1.4504,6.0,3.5407,2.4578
157,1006,3,59,blunt,3,2.2997,9.0,4.5407,4.5582
157,1006,3,59,nose,1,2.5309,3.0,2.5407,2.9884
157,1006,3,59,bodi,3,1.5631,9.0,4.5407,3.0981
157,1006,3,59,free,1,1.8582,3.0,2.5407,2.194
157,1006,3,59,bodi,3,1.5631,9.0,4.5407,3.0981
157,1006,3,59,shape,1,1.9797,3.0,2.5407,2.3375
157,332,4,109,flow,9,0.6512,27.0,11.1685,1.5743
157,332,4,109,field,2,2.118,6.0,4.1685,3.0486
157,332,4,109,blunt,3,2.2997,9.0,5.1685,4.0046
157,332,4,109,nose,2,2.5309,6.0,4.1685,3.6429
157,332,4,109,bodi,4,1.5631,12.0,6.1685,3.0408
157,332,4,109,free,2,1.8582,6.0,4.1685,2.6746
157,332,4,109,stream,2,1.7581,6.0,4.1685,2.5305
157,332,4,109,bodi,4,1.5631,12.0,6.1685,3.0408
157,456,5,144,flow,6,0.6512,18.0,8.6079,1.3618
157,456,5,144,field,3,2.118,9.0,5.6079,3.3992
157,456,5,144,blunt,2,2.2997,6.0,4.6079,2.9945
157,456,5,144,nose,3,2.5309,9.0,5.6079,4.0618
157,456,5,144,bodi,4,1.5631,12.0,6.6079,2.8385
157,456,5,144,condit,4,1.4293,12.0,6.6079,2.5957
157,456,5,144,bodi,4,1.5631,12.0,6.6079,2.8385
157,456,5,144,shape,3,1.9797,9.0,5.6079,3.1771
157,994,6,108,flow,2,0.6512,6.0,4.1559,0.9402
157,994,6,108,blunt,3,2.2997,9.0,5.1559,4.0143
157,994,6,108,nose,3,2.5309,9.0,5.1559,4.4179
157,994,6,108,bodi,3,1.5631,9.0,5.1559,2.7284
157,994,6,108,rang,1,1.5462,3.0,3.1559,1.4698
157,994,6,108,free,2,1.8582,6.0,4.1559,2.6827
157,994,6,108,stream,2,1.7581,6.0,4.1559,2.5382
157,994,6,108,condit,1,1.4293,3.0,3.1559,1.3587
157,994,6,108,bodi,3,1.5631,9.0,5.1559,2.7284
157,44,7,164,flow,1,0.6512,3.0,3.859,0.5063
157,44,7,164,blunt,7,2.2997,21.0,9.859,4.8985
157,44,7,164,nose,7,2.5309,21.0,9.859,5.391
157,44,7,164,bodi,5,1.5631,15.0,7.859,2.9833
157,44,7,164,free,1,1.8582,3.0,3.859,1.4445
157,44,7,164,condit,1,1.4293,3.0,3.859,1.1112
157,44,7,164,bodi,5,1.5631,15.0,7.859,2.9833
157,44,7,164,shape,4,1.9797,12.0,6.859,3.4635
157,1393,8,114,flow,3,0.6512,9.0,5.2312,1.1204
157,1393,8,114,blunt,2,2.2997,6.0,4.2312,3.2611
157,1393,8,114,nose,3,2.5309,9.0,5.2312,4.3543
157,1393,8,114,bodi,6,1.5631,18.0,8.2312,3.4181
157,1393,8,114,compar,2,1.7335,6.0,4.2312,2.4582
157,1393,8,114,free,1,1.8582,3.0,3.2312,1.7252
157,1393,8,114,stream,1,1.7581,3.0,3.2312,1.6323
157,1393,8,114,condit,1,1.4293,3.0,3.2312,1.327
157,1393,8,114,bodi,6,1.5631,18.0,8.2312,3.4181
157,626,9,97,flow,5,0.6512,15.0,7.0178,1.3919
157,626,9,97,field,2,2.118,6.0,4.0178,3.1629
157,626,9,97,blunt,6,2.2997,18.0,8.0178,5.1629
157,626,9,97,bodi,3,1.5631,9.0,5.0178,2.8035
157,626,9,97,experi,1,2.2178,3.0,3.0178,2.2047
157,626,9,97,condit,4,1.4293,12.0,6.0178,2.8502
157,626,9,97,bodi,3,1.5631,9.0,5.0178,2.8035
157,626,9,97,shape,1,1.9797,3.0,3.0178,1.968
157,556,10,97,flow,3,0.6512,9.0,5.0178,1.168
157,556,10,97,calcul,3,1.4504,9.0,5.0178,2.6015
157,556,10,97,blunt,1,2.2997,3.0,3.0178,2.2862
157,556,10,97,nose,1,2.5309,3.0,3.0178,2.516
157,556,10,97,bodi,4,1.5631,12.0,6.0178,3.1169
157,556,10,97,free,2,1.8582,6.0,4.0178,2.7749
157,556,10,97,stream,1,1.7581,3.0,3.0178,1.7477
157,556,10,97,bodi,4,1.5631,12.0,6.0178,3.1169
157,556,10,97,shape,2,1.9797,6.0,4.0178,2.9563
158,302,1,82,properti,2,2.5309,6.0,3.8295,3.9654
158,302,1,82,high,2,1.7175,6.0,3.8295,2.691
158,302,1,82,temperatur,2,1.6521,6.0,3.8295,2.5885
158,302,1,82,air,7,2.0273,21.0,8.8295,4.8217
158,552,2,124,avail,1,2.8443,3.0,3.3568,2.542
158,552,2,124,high,2,1.7175,6.0,4.3568,2.3653
158,552,2,124,temperatur,4,1.6521,12.0,6.3568,3.1187
158,552,2,124,air,3,2.0273,9.0,5.3568,3.4061
158,691,3,79,properti,4,2.5309,12.0,5.7918,5.2438
158,691,3,79,temperatur,1,1.6521,3.0,2.7918,1.7753
158,691,3,79,air,4,2.0273,12.0,5.7918,4.2003
158,949,4,80,properti,4,2.5309,12.0,5.8044,5.2324
158,949,4,80,temperatur,2,1.6521,6.0,3.8044,2.6056
158,949,4,80,air,2,2.0273,6.0,3.8044,3.1973
158,1199,5,144,properti,4,2.5309,12.0,6.6079,4.5962
158,1199,5,144,temperatur,2,1.6521,6.0,4.6079,2.1512
158,1199,5,144,air,4,2.0273,12.0,6.6079,3.6816
158,328,6,183,properti,3,2.5309,9.0,6.0975,3.7357
158,328,6,183,high,1,1.7175,3.0,4.0975,1.2575
158,328,6,183,temperatur,4,1.6521,12.0,7.0975,2.7932
158,328,6,183,air,2,2.0273,6.0,5.0975,2.3862
158,1230,7,109,high,2,1.7175,6.0,4.1685,2.4721
158,1230,7,109,temperatur,6,1.6521,18.0,8.1685,3.6405
158,1230,7,109,air,3,2.0273,9.0,5.1685,3.5302
158,82,8,204,properti,4,2.5309,12.0,7.3612,4.1258
158,82,8,204,high,5,1.7175,15.0,8.3612,3.0812
158,82,8,204,temperatur,3,1.6521,9.0,6.3612,2.3374
158,982,9,91,properti,2,2.5309,6.0,3.9425,3.8518
158,982,9,91,high,2,1.7175,6.0,3.9425,2.6138
158,982,9,91,temperatur,3,1.6521,9.0,4.9425,3.0084
158,1335,10,117,properti,1,2.5309,3.0,3.2689,2.3227
158,1335,10,117,temperatur,4,1.6521,12.0,6.2689,3.1624
158,1335,10,117,air,4,2.0273,12.0,6.2689,3.8807
159,1066,1,224,aerodynam,9,2.0548,27.0,12.6123,4.3988
159,1066,1,224,damp,10,3.4722,30.0,13.6123,7.6523
159,1066,1,224,flexibl,2,4.1314,6.0,5.6123,4.4169
159,1066,1,224,vibrat,5,3.2107,15.0,8.6123,5.5921
159,1066,1,224,mode,8,3.1423,24.0,11.6123,6.4944
159,1066,1,224,launch,1,5.23,3.0,4.6123,3.4018
159,1066,1,224,vehicl,1,3.0629,3.0,4.6123,1.9922
159,1197,2,91,aerodynam,3,2.0548,9.0,4.9425,3.7416
159,1197,2,91,flexibl,4,4.1314,12.0,5.9425,8.3428
159,1197,2,91,slender,5,2.6754,15.0,6.9425,5.7805
159,1197,2,91,bodi,7,1.5631,21.0,8.9425,3.6706
159,1339,3,136,magnitud,1,2.9477,3.0,3.5074,2.5212
159,1339,3,136,aerodynam,2,2.0548,6.0,4.5074,2.7352
159,1339,3,136,vibrat,2,3.2107,6.0,4.5074,4.2739
159,1339,3,136,mode,3,3.1423,9.0,5.5074,5.135
159,1339,3,136,characterist,3,2.0273,9.0,5.5074,3.3129
159,801,4,124,aerodynam,2,2.0548,6.0,4.3568,2.8297
159,801,4,124,slender,7,2.6754,21.0,9.3568,6.0046
159,801,4,124,bodi,5,1.5631,15.0,7.3568,3.187
159,801,4,124,revolut,2,2.8947,6.0,4.3568,3.9864
159,801,4,124,characterist,1,2.0273,3.0,3.3568,1.8118
159,1259,5,101,aerodynam,1,2.0548,3.0,3.068,2.0092
159,1259,5,101,damp,1,3.4722,3.0,3.068,3.3952
159,1259,5,101,slender,4,2.6754,12.0,6.068,5.2908
159,1259,5,101,bodi,3,1.5631,9.0,5.068,2.7757
159,1259,5,101,revolut,2,2.8947,6.0,4.068,4.2694
159,1112,6,79,aerodynam,2,2.0548,6.0,3.7918,3.2514
159,1112,6,79,slender,5,2.6754,15.0,6.7918,5.9087
159,1112,6,79,bodi,10,1.5631,30.0,11.7918,3.9766
159,1112,6,79,revolut,2,2.8947,6.0,3.7918,4.5804
159,846,7,121,damp,1,3.4722,3.0,3.3191,3.1383
159,846,7,121,vibrat,4,3.2107,12.0,6.3191,6.0971
159,846,7,121,mode,5,3.1423,15.0,7.3191,6.4399
159,846,7,121,characterist,1,2.0273,3.0,3.3191,1.8324
159,42,8,161,flexibl,3,4.1314,9.0,5.8213,6.3874
159,42,8,161,vibrat,5,3.2107,15.0,7.8213,6.1576
159,42,8,161,mode,3,3.1423,9.0,5.8213,4.8581
159,1115,9,118,magnitud,1,2.9477,3.0,3.2815,2.6948
159,1115,9,118,aerodynam,2,2.0548,6.0,4.2815,2.8795
159,1115,9,118,damp,6,3.4722,18.0,8.2815,7.5469
159,1115,9,118,mode,1,3.1423,3.0,3.2815,2.8728
159,716,10,50,aerodynam,1,2.0548,3.0,2.4277,2.5391
159,716,10,50,damp,1,3.4722,3.0,2.4277,4.2906
159,716,10,50,vehicl,4,3.0629,12.0,5.4277,6.7716
160,1071,1,61,stress,2,2.2047,6.0,3.5658,3.7098
160,1071,1,61,torispher,2,5.9922,6.0,3.5658,10.0826
160,1071,1,61,shell,5,2.5768,15.0,6.5658,5.8868
160,1071,1,61,reveal,1,4.6423,3.0,2.5658,5.4278
160,1071,1,61,buckl,2,2.3968,6.0,3.5658,4.033
160,1071,1,61,intern,2,3.4495,6.0,3.5658,5.8042
160,1071,1,61,pressur,3,0.9305,9.0,4.5658,1.8341
160,1071,1,61,shell,5,2.5768,15.0,6.5658,5.8868
160,1071,1,61,stress,2,2.2047,6.0,3.5658,3.7098
160,1071,1,61,elast,2,2.8321,6.0,3.5658,4.7655
160,1071,1,61,buckl,2,2.3968,6.0,3.5658,4.033
160,1134,2,153,compress,1,1.9491,3.0,3.7209,1.5715
160,1134,2,153,circumferenti,1,3.9678,3.0,3.7209,3.1991
160,1134,2,153,stress,4,2.2047,12.0,6.7209,3.9365
160,1134,2,153,torispher,5,5.9922,15.0,7.7209,11.6415
160,1134,2,153,shell,4,2.5768,12.0,6.7209,4.6008
160,1134,2,153,reveal,1,4.6423,3.0,3.7209,3.7429
160,1134,2,153,intern,1,3.4495,3.0,3.7209,2.7812
160,1134,2,153,pressur,3,0.9305,9.0,5.7209,1.4638
160,1134,2,153,shell,4,2.5768,12.0,6.7209,4.6008
160,1134,2,153,stress,4,2.2047,12.0,6.7209,3.9365
160,1134,2,153,larg,1,1.8907,3.0,3.7209,1.5244
160,1134,2,153,elast,1,2.8321,3.0,3.7209,2.2834
160,887,3,63,circumferenti,1,3.9678,3.0,2.5909,4.5942
160,887,3,63,stress,3,2.2047,9.0,4.5909,4.3221
160,887,3,63,shell,5,2.5768,15.0,6.5909,5.8644
160,887,3,63,possibl,1,2.2047,3.0,2.5909,2.5528
160,887,3,63,buckl,4,2.3968,12.0,5.5909,5.1444
160,887,3,63,investig,2,1.3547,6.0,3.5909,2.2635
160,887,3,63,shell,5,2.5768,15.0,6.5909,5.8644
160,887,3,63,stress,3,2.2047,9.0,4.5909,4.3221
160,887,3,63,buckl,4,2.3968,12.0,5.5909,5.1444
160,885,4,49,compress,1,1.9491,3.0,2.4152,2.4211
160,885,4,49,stress,6,2.2047,18.0,7.4152,5.3519
160,885,4,49,shell,2,2.5768,6.0,3.4152,4.5271
160,885,4,49,buckl,4,2.3968,12.0,5.4152,5.3113
160,885,4,49,shell,2,2.5768,6.0,3.4152,4.5271
160,885,4,49,stress,6,2.2047,18.0,7.4152,5.3519
160,885,4,49,caus,1,2.9893,3.0,2.4152,3.7132
160,885,4,49,elast,1,2.8321,3.0,2.4152,3.5179
160,885,4,49,buckl,4,2.3968,12.0,5.4152,5.3113
160,741,5,52,compress,2,1.9491,6.0,3.4528,3.387
160,741,5,52,circumferenti,1,3.9678,3.0,2.4528,4.8529
160,741,5,52,stress,2,2.2047,6.0,3.4528,3.8312
160,741,5,52,shell,2,2.5768,6.0,3.4528,4.4777
160,741,5,52,buckl,4,2.3968,12.0,5.4528,5.2747
160,741,5,52,investig,1,1.3547,3.0,2.4528,1.6569
160,741,5,52,shell,2,2.5768,6.0,3.4528,4.4777
160,741,5,52,paramet,1,2.1983,3.0,2.4528,2.6887
160,741,5,52,stress,2,2.2047,6.0,3.4528,3.8312
160,741,5,52,buckl,4,2.3968,12.0,5.4528,5.2747
160,890,6,73,compress,1,1.9491,3.0,2.7165,2.1525
160,890,6,73,circumferenti,3,3.9678,9.0,4.7165,7.5713
160,890,6,73,stress,4,2.2047,12.0,5.7165,4.6282
160,890,6,73,shell,8,2.5768,24.0,9.7165,6.3648
160,890,6,73,buckl,2,2.3968,6.0,3.7165,3.8695
160,890,6,73,shell,8,2.5768,24.0,9.7165,6.3648
160,890,6,73,stress,4,2.2047,12.0,5.7165,4.6282
160,890,6,73,buckl,2,2.3968,6.0,3.7165,3.8695
160,1172,7,98,compress,1,1.9491,3.0,3.0304,1.9296
160,1172,7,98,stress,1,2.2047,3.0,3.0304,2.1827
160,1172,7,98,shell,5,2.5768,15.0,7.0304,5.4979
160,1172,7,98,possibl,1,2.2047,3.0,3.0304,2.1827
160,1172,7,98,buckl,5,2.3968,15.0,7.0304,5.1139
160,1172,7,98,pressur,1,0.9305,3.0,3.0304,0.9212
160,1172,7,98,investig,1,1.3547,3.0,3.0304,1.3411
160,1172,7,98,shell,5,2.5768,15.0,7.0304,5.4979
160,1172,7,98,stress,1,2.2047,3.0,3.0304,2.1827
160,1172,7,98,elast,7,2.8321,21.0,9.0304,6.5861
160,1172,7,98,buckl,5,2.3968,15.0,7.0304,5.1139
160,769,8,54,compress,2,1.9491,6.0,3.478,3.3625
160,769,8,54,circumferenti,2,3.9678,6.0,3.478,6.845
160,769,8,54,stress,2,2.2047,6.0,3.478,3.8035
160,769,8,54,shell,2,2.5768,6.0,3.478,4.4454
160,769,8,54,buckl,4,2.3968,12.0,5.478,5.2505
160,769,8,54,shell,2,2.5768,6.0,3.478,4.4454
160,769,8,54,stress,2,2.2047,6.0,3.478,3.8035
160,769,8,54,buckl,4,2.3968,12.0,5.478,5.2505
160,739,9,167,compress,2,1.9491,6.0,4.8966,2.3883
160,739,9,167,shell,10,2.5768,30.0,12.8966,5.9941
160,739,9,167,buckl,10,2.3968,30.0,12.8966,5.5755
160,739,9,167,investig,1,1.3547,3.0,3.8966,1.043
160,739,9,167,shell,10,2.5768,30.0,12.8966,5.9941
160,739,9,167,larg,1,1.8907,3.0,3.8966,1.4557
160,739,9,167,caus,1,2.9893,3.0,3.8966,2.3015
160,739,9,167,elast,2,2.8321,6.0,4.8966,3.4703
160,739,9,167,buckl,10,2.3968,30.0,12.8966,5.5755
160,740,10,130,compress,3,1.9491,9.0,5.4321,3.2293
160,740,10,130,stress,2,2.2047,6.0,4.4321,2.9847
160,740,10,130,shell,5,2.5768,15.0,7.4321,5.2007
160,740,10,130,buckl,5,2.3968,15.0,7.4321,4.8374
160,740,10,130,rang,1,1.5462,3.0,3.4321,1.3515
160,740,10,130,shell,5,2.5768,15.0,7.4321,5.2007
160,740,10,130,stress,2,2.2047,6.0,4.4321,2.9847
160,740,10,130,elast,1,2.8321,3.0,3.4321,2.4756
160,740,10,130,buckl,5,2.3968,15.0,7.4321,4.8374
161,1386,1,135,integr,2,2.2511,6.0,4.4949,3.0049
161,1386,1,135,method,7,1.1235,21.0,9.4949,2.485
161,1386,1,135,suffici,1,3.3842,3.0,3.4949,2.905
161,1386,1,135,accur,2,2.9208,6.0,4.4949,3.8988
161,1386,1,135,method,7,1.1235,21.0,9.4949,2.485
161,1386,1,135,calcul,2,1.4504,6.0,4.4949,1.9361
161,1386,1,135,laminar,3,1.7875,9.0,5.4949,2.9277
161,1386,1,135,separ,2,2.2244,6.0,4.4949,2.9692
161,1386,1,135,point,2,1.0785,6.0,4.4949,1.4396
161,1386,1,135,compress,2,1.9491,6.0,4.4949,2.6018
161,1386,1,135,boundari,4,1.0911,12.0,6.4949,2.016
161,1386,1,135,layer,5,1.2179,15.0,7.4949,2.4374
161,1386,1,135,heat,3,1.5197,9.0,5.4949,2.4891
161,1386,1,135,transfer,3,1.905,9.0,5.4949,3.1202
161,54,2,131,method,5,1.1235,15.0,7.4447,2.2638
161,54,2,131,suffici,1,3.3842,3.0,3.4447,2.9473
161,54,2,131,accur,1,2.9208,3.0,3.4447,2.5438
161,54,2,131,method,5,1.1235,15.0,7.4447,2.2638
161,54,2,131,calcul,2,1.4504,6.0,4.4447,1.9579
161,54,2,131,laminar,2,1.7875,6.0,4.4447,2.413
161,54,2,131,separ,1,2.2244,3.0,3.4447,1.9372
161,54,2,131,point,2,1.0785,6.0,4.4447,1.4559
161,54,2,131,compress,2,1.9491,6.0,4.4447,2.6312
161,54,2,131,boundari,4,1.0911,12.0,6.4447,2.0317
161,54,2,131,layer,4,1.2179,12.0,6.4447,2.2677
161,54,2,131,zero,1,1.5296,3.0,3.4447,1.3321
161,54,2,131,heat,1,1.5197,3.0,3.4447,1.3235
161,54,2,131,transfer,1,1.905,3.0,3.4447,1.6591
161,55,3,81,method,1,1.1235,3.0,2.8169,1.1966
161,55,3,81,accur,1,2.9208,3.0,2.8169,3.1106
161,55,3,81,method,1,1.1235,3.0,2.8169,1.1966
161,55,3,81,laminar,4,1.7875,12.0,5.8169,3.6875
161,55,3,81,separ,3,2.2244,9.0,4.8169,4.156
161,55,3,81,point,2,1.0785,6.0,3.8169,1.6953
161,55,3,81,compress,2,1.9491,6.0,3.8169,3.0639
161,55,3,81,boundari,3,1.0911,9.0,4.8169,2.0387
161,55,3,81,layer,3,1.2179,9.0,4.8169,2.2755
161,55,3,81,heat,3,1.5197,9.0,4.8169,2.8395
161,55,3,81,transfer,3,1.905,9.0,4.8169,3.5593
161,240,4,148,calcul,4,1.4504,12.0,6.6581,2.6141
161,240,4,148,laminar,3,1.7875,9.0,5.6581,2.8432
161,240,4,148,separ,11,2.2244,33.0,13.6581,5.3744
161,240,4,148,point,1,1.0785,3.0,3.6581,0.8845
161,240,4,148,various,1,2.1543,3.0,3.6581,1.7667
161,240,4,148,compress,1,1.9491,3.0,3.6581,1.5985
161,240,4,148,boundari,2,1.0911,6.0,4.6581,1.4055
161,240,4,148,layer,5,1.2179,15.0,7.6581,2.3855
161,240,4,148,zero,3,1.5296,9.0,5.6581,2.433
161,240,4,148,heat,5,1.5197,15.0,7.6581,2.9767
161,240,4,148,transfer,4,1.905,12.0,6.6581,3.4334
161,460,5,57,method,2,1.1235,6.0,3.5156,1.9175
161,460,5,57,give,1,2.2717,3.0,2.5156,2.7091
161,460,5,57,method,2,1.1235,6.0,3.5156,1.9175
161,460,5,57,separ,1,2.2244,3.0,2.5156,2.6527
161,460,5,57,point,1,1.0785,3.0,2.5156,1.2861
161,460,5,57,various,1,2.1543,3.0,2.5156,2.5691
161,460,5,57,incompress,3,2.3584,9.0,4.5156,4.7004
161,460,5,57,compress,3,1.9491,9.0,4.5156,3.8848
161,460,5,57,boundari,4,1.0911,12.0,5.5156,2.3739
161,460,5,57,layer,3,1.2179,9.0,4.5156,2.4273
161,962,6,228,integr,1,2.2511,3.0,4.6625,1.4484
161,962,6,228,method,2,1.1235,6.0,5.6625,1.1905
161,962,6,228,give,1,2.2717,3.0,4.6625,1.4617
161,962,6,228,accur,2,2.9208,6.0,5.6625,3.0949
161,962,6,228,method,2,1.1235,6.0,5.6625,1.1905
161,962,6,228,calcul,1,1.4504,3.0,4.6625,0.9332
161,962,6,228,laminar,2,1.7875,6.0,5.6625,1.894
161,962,6,228,point,2,1.0785,6.0,5.6625,1.1428
161,962,6,228,incompress,1,2.3584,3.0,4.6625,1.5174
161,962,6,228,boundari,3,1.0911,9.0,6.6625,1.474
161,962,6,228,layer,3,1.2179,9.0,6.6625,1.6452
161,962,6,228,zero,2,1.5296,6.0,5.6625,1.6207
161,962,6,228,heat,7,1.5197,21.0,10.6625,2.9931
161,962,6,228,transfer,7,1.905,21.0,10.6625,3.7519
161,435,7,116,integr,3,2.2511,9.0,5.2563,3.8544
161,435,7,116,method,6,1.1235,18.0,8.2563,2.4495
161,435,7,116,give,1,2.2717,3.0,3.2563,2.0928
161,435,7,116,method,6,1.1235,18.0,8.2563,2.4495
161,435,7,116,calcul,2,1.4504,6.0,4.2563,2.0446
161,435,7,116,laminar,2,1.7875,6.0,4.2563,2.5197
161,435,7,116,boundari,2,1.0911,6.0,4.2563,1.5381
161,435,7,116,layer,2,1.2179,6.0,4.2563,1.7168
161,435,7,116,heat,4,1.5197,12.0,6.2563,2.9149
161,435,7,116,transfer,4,1.905,12.0,6.2563,3.6539
161,1192,8,74,integr,4,2.2511,12.0,5.7291,4.7152
161,1192,8,74,method,4,1.1235,12.0,5.7291,2.3534
161,1192,8,74,method,4,1.1235,12.0,5.7291,2.3534
161,1192,8,74,calcul,2,1.4504,6.0,3.7291,2.3337
161,1192,8,74,laminar,1,1.7875,3.0,2.7291,1.965
161,1192,8,74,boundari,3,1.0911,9.0,4.7291,2.0766
161,1192,8,74,layer,3,1.2179,9.0,4.7291,2.3178
161,1192,8,74,heat,3,1.5197,9.0,4.7291,2.8922
161,1192,8,74,transfer,3,1.905,9.0,4.7291,3.6255
161,145,9,71,method,2,1.1235,6.0,3.6914,1.8262
161,145,9,71,method,2,1.1235,6.0,3.6914,1.8262
161,145,9,71,laminar,2,1.7875,6.0,3.6914,2.9054
161,145,9,71,separ,1,2.2244,3.0,2.6914,2.4794
161,145,9,71,compress,1,1.9491,3.0,2.6914,2.1726
161,145,9,71,boundari,3,1.0911,9.0,4.6914,2.0933
161,145,9,71,layer,3,1.2179,9.0,4.6914,2.3364
161,145,9,71,zero,1,1.5296,3.0,2.6914,1.705
161,145,9,71,heat,4,1.5197,12.0,5.6914,3.2043
161,145,9,71,transfer,4,1.905,12.0,5.6914,4.0166
161,72,10,165,integr,4,2.2511,12.0,6.8715,3.9312
161,72,10,165,method,1,1.1235,3.0,3.8715,0.8706
161,72,10,165,accur,2,2.9208,6.0,4.8715,3.5974
161,72,10,165,method,1,1.1235,3.0,3.8715,0.8706
161,72,10,165,laminar,3,1.7875,9.0,5.8715,2.7399
161,72,10,165,various,1,2.1543,3.0,3.8715,1.6693
161,72,10,165,compress,2,1.9491,6.0,4.8715,2.4006
161,72,10,165,boundari,10,1.0911,30.0,12.8715,2.5432
161,72,10,165,layer,10,1.2179,30.0,12.8715,2.8385
161,72,10,165,heat,1,1.5197,3.0,3.8715,1.1776
161,72,10,165,transfer,1,1.905,3.0,3.8715,1.4762
162,55,1,81,accur,1,2.9208,3.0,2.8169,3.1106
162,55,1,81,laminar,4,1.7875,12.0,5.8169,3.6875
162,55,1,81,separ,3,2.2244,9.0,4.8169,4.156
162,55,1,81,point,2,1.0785,6.0,3.8169,1.6953
162,55,1,81,compress,2,1.9491,6.0,3.8169,3.0639
162,55,1,81,boundari,3,1.0911,9.0,4.8169,2.0387
162,55,1,81,layer,3,1.2179,9.0,4.8169,2.2755
162,55,1,81,heat,3,1.5197,9.0,4.8169,2.8395
162,55,1,81,transfer,3,1.905,9.0,4.8169,3.5593
162,240,2,148,laminar,3,1.7875,9.0,5.6581,2.8432
162,240,2,148,separ,11,2.2244,33.0,13.6581,5.3744
162,240,2,148,point,1,1.0785,3.0,3.6581,0.8845
162,240,2,148,various,1,2.1543,3.0,3.6581,1.7667
162,240,2,148,compress,1,1.9491,3.0,3.6581,1.5985
162,240,2,148,boundari,2,1.0911,6.0,4.6581,1.4055
162,240,2,148,layer,5,1.2179,15.0,7.6581,2.3855
162,240,2,148,zero,3,1.5296,9.0,5.6581,2.433
162,240,2,148,heat,5,1.5197,15.0,7.6581,2.9767
162,240,2,148,transfer,4,1.905,12.0,6.6581,3.4334
162,460,3,57,exact,1,2.4871,3.0,2.5156,2.9659
162,460,3,57,solut,1,1.2349,3.0,2.5156,1.4727
162,460,3,57,separ,1,2.2244,3.0,2.5156,2.6527
162,460,3,57,point,1,1.0785,3.0,2.5156,1.2861
162,460,3,57,various,1,2.1543,3.0,2.5156,2.5691
162,460,3,57,incompress,3,2.3584,9.0,4.5156,4.7004
162,460,3,57,compress,3,1.9491,9.0,4.5156,3.8848
162,460,3,57,boundari,4,1.0911,12.0,5.5156,2.3739
162,460,3,57,layer,3,1.2179,9.0,4.5156,2.4273
162,1386,4,135,accur,2,2.9208,6.0,4.4949,3.8988
162,1386,4,135,laminar,3,1.7875,9.0,5.4949,2.9277
162,1386,4,135,separ,2,2.2244,6.0,4.4949,2.9692
162,1386,4,135,point,2,1.0785,6.0,4.4949,1.4396
162,1386,4,135,compress,2,1.9491,6.0,4.4949,2.6018
162,1386,4,135,boundari,4,1.0911,12.0,6.4949,2.016
162,1386,4,135,layer,5,1.2179,15.0,7.4949,2.4374
162,1386,4,135,heat,3,1.5197,9.0,5.4949,2.4891
162,1386,4,135,transfer,3,1.905,9.0,5.4949,3.1202
162,62,5,178,solut,8,1.2349,24.0,11.0347,2.6858
162,62,5,178,laminar,2,1.7875,6.0,5.0347,2.1302
162,62,5,178,separ,2,2.2244,6.0,5.0347,2.6508
162,62,5,178,point,2,1.0785,6.0,5.0347,1.2852
162,62,5,178,compress,2,1.9491,6.0,5.0347,2.3228
162,62,5,178,boundari,5,1.0911,15.0,8.0347,2.0371
162,62,5,178,layer,5,1.2179,15.0,8.0347,2.2736
162,62,5,178,zero,4,1.5296,12.0,7.0347,2.6092
162,62,5,178,heat,4,1.5197,12.0,7.0347,2.5924
162,62,5,178,transfer,2,1.905,6.0,5.0347,2.2702
162,366,6,109,accur,2,2.9208,6.0,4.1685,4.2041
162,366,6,109,exact,2,2.4871,6.0,4.1685,3.5798
162,366,6,109,solut,1,1.2349,3.0,3.1685,1.1692
162,366,6,109,point,6,1.0785,18.0,8.1685,2.3765
162,366,6,109,various,1,2.1543,3.0,3.1685,2.0397
162,366,6,109,boundari,6,1.0911,18.0,8.1685,2.4044
162,366,6,109,layer,7,1.2179,21.0,9.1685,2.7895
162,366,6,109,heat,1,1.5197,3.0,3.1685,1.4389
162,366,6,109,transfer,2,1.905,6.0,4.1685,2.742
162,959,7,128,laminar,4,1.7875,12.0,6.407,3.3479
162,959,7,128,separ,7,2.2244,21.0,9.407,4.9656
162,959,7,128,point,1,1.0785,3.0,3.407,0.9496
162,959,7,128,boundari,7,1.0911,21.0,9.407,2.4358
162,959,7,128,layer,7,1.2179,21.0,9.407,2.7187
162,959,7,128,zero,1,1.5296,3.0,3.407,1.3468
162,959,7,128,heat,5,1.5197,15.0,7.407,3.0776
162,959,7,128,transfer,5,1.905,15.0,7.407,3.8578
162,565,8,138,exact,1,2.4871,3.0,3.5326,2.1121
162,565,8,138,solut,5,1.2349,15.0,7.5326,2.4591
162,565,8,138,laminar,1,1.7875,3.0,3.5326,1.518
162,565,8,138,point,1,1.0785,3.0,3.5326,0.9159
162,565,8,138,incompress,1,2.3584,3.0,3.5326,2.0028
162,565,8,138,compress,3,1.9491,9.0,5.5326,3.1707
162,565,8,138,boundari,4,1.0911,12.0,6.5326,2.0044
162,565,8,138,layer,4,1.2179,12.0,6.5326,2.2372
162,565,8,138,zero,1,1.5296,3.0,3.5326,1.299
162,565,8,138,heat,2,1.5197,6.0,4.5326,2.0117
162,565,8,138,transfer,2,1.905,6.0,4.5326,2.5218
162,1182,9,124,accur,2,2.9208,6.0,4.3568,4.0224
162,1182,9,124,exact,1,2.4871,3.0,3.3568,2.2227
162,1182,9,124,solut,8,1.2349,24.0,10.3568,2.8617
162,1182,9,124,laminar,2,1.7875,6.0,4.3568,2.4617
162,1182,9,124,separ,1,2.2244,3.0,3.3568,1.9879
162,1182,9,124,point,3,1.0785,9.0,5.3568,1.812
162,1182,9,124,incompress,1,2.3584,3.0,3.3568,2.1077
162,1182,9,124,boundari,4,1.0911,12.0,6.3568,2.0598
162,1182,9,124,layer,4,1.2179,12.0,6.3568,2.299
162,662,10,249,solut,1,1.2349,3.0,4.9261,0.7521
162,662,10,249,laminar,3,1.7875,9.0,6.9261,2.3227
162,662,10,249,point,14,1.0785,42.0,17.9261,2.5268
162,662,10,249,incompress,1,2.3584,3.0,4.9261,1.4362
162,662,10,249,compress,1,1.9491,3.0,4.9261,1.187
162,662,10,249,boundari,3,1.0911,9.0,6.9261,1.4179
162,662,10,249,layer,3,1.2179,9.0,6.9261,1.5825
162,662,10,249,zero,12,1.5296,36.0,15.9261,3.4575
162,662,10,249,heat,10,1.5197,30.0,13.9261,3.2738
162,662,10,249,transfer,8,1.905,24.0,11.9261,3.8336
163,492,1,34,predict,1,1.9797,3.0,2.2269,2.667
163,492,1,34,surfac,2,1.4443,6.0,3.2269,2.6856
163,492,1,34,pressur,4,0.9305,12.0,5.2269,2.1362
163,492,1,34,ogiv,2,4.5708,6.0,3.2269,8.4989
163,492,1,34,forebodi,2,5.1049,6.0,3.2269,9.492
163,492,1,34,angl,4,1.886,12.0,5.2269,4.3299
163,492,1,34,attack,4,2.5044,12.0,5.2269,5.7496
163,232,2,154,hyperson,3,2.1062,9.0,5.7334,3.3062
163,232,2,154,similar,3,2.2244,9.0,5.7334,3.4917
163,232,2,154,result,1,0.7046,3.0,3.7334,0.5662
163,232,2,154,appli,1,1.9244,3.0,3.7334,1.5463
163,232,2,154,predict,3,1.9797,9.0,5.7334,3.1076
163,232,2,154,surfac,1,1.4443,3.0,3.7334,1.1606
163,232,2,154,pressur,5,0.9305,15.0,7.7334,1.8048
163,232,2,154,ogiv,2,4.5708,6.0,4.7334,5.7938
163,232,2,154,angl,3,1.886,9.0,5.7334,2.9605
163,232,2,154,attack,1,2.5044,3.0,3.7334,2.0124
163,56,3,126,hyperson,3,2.1062,9.0,5.3819,3.5222
163,56,3,126,similar,5,2.2244,15.0,7.3819,4.5199
163,56,3,126,appli,1,1.9244,3.0,3.3819,1.7071
163,56,3,126,pressur,6,0.9305,18.0,8.3819,1.9982
163,56,3,126,ogiv,2,4.5708,6.0,4.3819,6.2586
163,56,3,126,angl,2,1.886,6.0,4.3819,2.5824
163,56,3,126,attack,2,2.5044,6.0,4.3819,3.4292
163,1231,4,103,hyperson,3,2.1062,9.0,5.0931,3.7218
163,1231,4,103,result,1,0.7046,3.0,3.0931,0.6834
163,1231,4,103,appli,1,1.9244,3.0,3.0931,1.8664
163,1231,4,103,predict,2,1.9797,6.0,4.0931,2.9019
163,1231,4,103,surfac,4,1.4443,12.0,6.0931,2.8445
163,1231,4,103,pressur,5,0.9305,15.0,7.0931,1.9677
163,1231,4,103,angl,5,1.886,15.0,7.0931,3.9884
163,1231,4,103,attack,3,2.5044,9.0,5.0931,4.4254
163,373,5,188,hyperson,6,2.1062,18.0,9.1603,4.1387
163,373,5,188,similar,1,2.2244,3.0,4.1603,1.604
163,373,5,188,result,2,0.7046,6.0,5.1603,0.8193
163,373,5,188,predict,2,1.9797,6.0,5.1603,2.3018
163,373,5,188,surfac,6,1.4443,18.0,9.1603,2.8381
163,373,5,188,pressur,1,0.9305,3.0,4.1603,0.671
163,373,5,188,ogiv,1,4.5708,3.0,4.1603,3.296
163,373,5,188,angl,3,1.886,9.0,6.1603,2.7554
163,373,5,188,attack,3,2.5044,9.0,6.1603,3.6588
163,57,6,110,hyperson,2,2.1062,6.0,4.181,3.0225
163,57,6,110,similar,4,2.2244,12.0,6.181,4.3184
163,57,6,110,pressur,5,0.9305,15.0,7.181,1.9436
163,57,6,110,ogiv,3,4.5708,9.0,5.181,7.94
163,57,6,110,angl,1,1.886,3.0,3.181,1.7787
163,57,6,110,attack,1,2.5044,3.0,3.181,2.3619
163,434,7,143,result,3,0.7046,9.0,5.5953,1.1334
163,434,7,143,ogiv,1,4.5708,3.0,3.5953,3.8139
163,434,7,143,forebodi,5,5.1049,15.0,7.5953,10.0816
163,434,7,143,angl,5,1.886,15.0,7.5953,3.7247
163,434,7,143,attack,1,2.5044,3.0,3.5953,2.0897
163,688,8,158,hyperson,2,2.1062,6.0,4.7836,2.6418
163,688,8,158,result,1,0.7046,3.0,3.7836,0.5587
163,688,8,158,predict,1,1.9797,3.0,3.7836,1.5696
163,688,8,158,surfac,3,1.4443,9.0,5.7836,2.2475
163,688,8,158,pressur,2,0.9305,6.0,4.7836,1.1671
163,688,8,158,forebodi,1,5.1049,3.0,3.7836,4.0476
163,688,8,158,angl,4,1.886,12.0,6.7836,3.3363
163,688,8,158,attack,3,2.5044,9.0,5.7836,3.8971
163,973,9,66,pressur,1,0.9305,3.0,2.6286,1.062
163,973,9,66,ogiv,2,4.5708,6.0,3.6286,7.5579
163,973,9,66,forebodi,1,5.1049,3.0,2.6286,5.8261
163,973,9,66,angl,1,1.886,3.0,2.6286,2.1525
163,973,9,66,attack,1,2.5044,3.0,2.6286,2.8582
163,124,10,126,hyperson,3,2.1062,9.0,5.3819,3.5222
163,124,10,126,similar,1,2.2244,3.0,3.3819,1.9732
163,124,10,126,result,3,0.7046,9.0,5.3819,1.1783
163,124,10,126,pressur,2,0.9305,6.0,4.3819,1.2741
163,124,10,126,ogiv,2,4.5708,6.0,4.3819,6.2586
163,124,10,126,angl,1,1.886,3.0,3.3819,1.673
163,124,10,126,attack,1,2.5044,3.0,3.3819,2.2216
164,311,1,107,onset,1,4.7192,3.0,3.1434,4.504
164,311,1,107,shock,3,1.7622,9.0,5.1434,3.0836
164,311,1,107,induc,1,2.9477,3.0,3.1434,2.8132
164,311,1,107,boundari,1,1.0911,3.0,3.1434,1.0414
164,311,1,107,layer,1,1.2179,3.0,3.1434,1.1623
164,311,1,107,separ,6,2.2244,18.0,8.1434,4.9167
164,265,2,47,shock,3,1.7622,9.0,4.3901,3.6127
164,265,2,47,induc,2,2.9477,6.0,3.3901,5.217
164,265,2,47,boundari,1,1.0911,3.0,2.3901,1.3696
164,265,2,47,layer,1,1.2179,3.0,2.3901,1.5287
164,265,2,47,separ,2,2.2244,6.0,3.3901,3.9368
164,503,3,61,determin,1,1.5428,3.0,2.5658,1.8039
164,503,3,61,onset,2,4.7192,6.0,3.5658,7.9407
164,503,3,61,shock,1,1.7622,3.0,2.5658,2.0604
164,503,3,61,separ,2,2.2244,6.0,3.5658,3.7428
164,415,4,67,onset,1,4.7192,3.0,2.6412,5.3604
164,415,4,67,shock,3,1.7622,9.0,4.6412,3.4172
164,415,4,67,induc,1,2.9477,3.0,2.6412,3.3481
164,415,4,67,separ,1,2.2244,3.0,2.6412,2.5266
164,358,5,52,shock,4,1.7622,12.0,5.4528,3.8781
164,358,5,52,boundari,4,1.0911,12.0,5.4528,2.4013
164,358,5,52,layer,4,1.2179,12.0,5.4528,2.6801
164,358,5,52,separ,6,2.2244,18.0,7.4528,5.3722
164,316,6,56,onset,1,4.7192,3.0,2.5031,5.6561
164,316,6,56,boundari,2,1.0911,6.0,3.5031,1.8689
164,316,6,56,layer,2,1.2179,6.0,3.5031,2.0859
164,316,6,56,separ,3,2.2244,9.0,4.5031,4.4457
164,798,7,341,shock,8,1.7622,24.0,13.0812,3.2331
164,798,7,341,induc,1,2.9477,3.0,6.0812,1.4542
164,798,7,341,boundari,9,1.0911,27.0,14.0812,2.0922
164,798,7,341,layer,13,1.2179,39.0,18.0812,2.6269
164,798,7,341,separ,10,2.2244,30.0,15.0812,4.4248
164,1187,8,73,shock,2,1.7622,6.0,3.7165,2.845
164,1187,8,73,induc,1,2.9477,3.0,2.7165,3.2553
164,1187,8,73,boundari,1,1.0911,3.0,2.7165,1.205
164,1187,8,73,layer,1,1.2179,3.0,2.7165,1.345
164,1187,8,73,separ,5,2.2244,15.0,6.7165,4.9677
164,569,9,168,shock,3,1.7622,9.0,5.9092,2.684
164,569,9,168,induc,3,2.9477,9.0,5.9092,4.4894
164,569,9,168,boundari,6,1.0911,18.0,8.9092,2.2045
164,569,9,168,layer,6,1.2179,18.0,8.9092,2.4606
164,569,9,168,separ,1,2.2244,3.0,3.9092,1.707
164,1364,10,112,shock,8,1.7622,24.0,10.2061,4.1439
164,1364,10,112,boundari,8,1.0911,24.0,10.2061,2.5659
164,1364,10,112,layer,8,1.2179,24.0,10.2061,2.8639
164,1364,10,112,separ,3,2.2244,9.0,5.2061,3.8453
165,504,1,121,stabl,1,4.3272,3.0,3.3191,3.9111
165,504,1,121,compress,2,1.9491,6.0,4.3191,2.7077
165,504,1,121,boundari,4,1.0911,12.0,6.3191,2.0721
165,504,1,121,layer,4,1.2179,12.0,6.3191,2.3127
165,504,1,121,induc,1,2.9477,3.0,3.3191,2.6642
165,504,1,121,move,2,3.159,6.0,4.3191,4.3883
165,504,1,121,wave,3,1.8955,9.0,5.3191,3.2071
165,71,2,51,profil,1,2.5399,3.0,2.4403,3.1225
165,71,2,51,compress,1,1.9491,3.0,2.4403,2.3962
165,71,2,51,boundari,3,1.0911,9.0,4.4403,2.2116
165,71,2,51,layer,3,1.2179,9.0,4.4403,2.4685
165,71,2,51,induc,1,2.9477,3.0,2.4403,3.6237
165,71,2,51,wave,2,1.8955,6.0,3.4403,3.3057
165,72,3,165,profil,1,2.5399,3.0,3.8715,1.9682
165,72,3,165,compress,2,1.9491,6.0,4.8715,2.4006
165,72,3,165,boundari,10,1.0911,30.0,12.8715,2.5432
165,72,3,165,layer,10,1.2179,30.0,12.8715,2.8385
165,72,3,165,move,1,3.159,3.0,3.8715,2.4478
165,72,3,165,wave,8,1.8955,24.0,10.8715,4.1844
165,209,4,143,boundari,3,1.0911,9.0,5.5953,1.7551
165,209,4,143,layer,5,1.2179,15.0,7.5953,2.4052
165,209,4,143,induc,1,2.9477,3.0,3.5953,2.4596
165,209,4,143,move,3,3.159,9.0,5.5953,5.0811
165,209,4,143,wave,5,1.8955,15.0,7.5953,3.7433
165,569,5,168,profil,1,2.5399,3.0,3.9092,1.9492
165,569,5,168,boundari,6,1.0911,18.0,8.9092,2.2045
165,569,5,168,layer,6,1.2179,18.0,8.9092,2.4606
165,569,5,168,induc,3,2.9477,9.0,5.9092,4.4894
165,569,5,168,wave,3,1.8955,9.0,5.9092,2.8869
165,1375,6,177,profil,3,2.5399,9.0,6.0222,3.7959
165,1375,6,177,compress,3,1.9491,9.0,6.0222,2.9129
165,1375,6,177,boundari,2,1.0911,6.0,5.0222,1.3036
165,1375,6,177,layer,2,1.2179,6.0,5.0222,1.455
165,1375,6,177,known,2,2.7507,6.0,5.0222,3.2863
165,335,7,56,profil,1,2.5399,3.0,2.5031,3.0442
165,335,7,56,boundari,5,1.0911,15.0,6.5031,2.5168
165,335,7,56,layer,4,1.2179,12.0,5.5031,2.6557
165,335,7,56,wave,4,1.8955,12.0,5.5031,4.1332
165,417,8,284,stabl,3,4.3272,9.0,7.3655,5.2874
165,417,8,284,profil,7,2.5399,21.0,11.3655,4.693
165,417,8,284,boundari,1,1.0911,3.0,5.3655,0.6101
165,417,8,284,layer,1,1.2179,3.0,5.3655,0.6809
165,417,8,284,wave,1,1.8955,3.0,5.3655,1.0598
165,563,9,150,profil,7,2.5399,21.0,9.6832,5.5083
165,563,9,150,boundari,5,1.0911,15.0,7.6832,2.1303
165,563,9,150,layer,5,1.2179,15.0,7.6832,2.3777
165,563,9,150,known,1,2.7507,3.0,3.6832,2.2405
165,1225,10,174,profil,6,2.5399,18.0,8.9845,5.0886
165,1225,10,174,boundari,11,1.0911,33.0,13.9845,2.5748
165,1225,10,174,layer,11,1.2179,33.0,13.9845,2.8739
165,1225,10,174,wave,1,1.8955,3.0,3.9845,1.4271
166,504,1,121,experiment,1,1.4175,3.0,3.3191,1.2812
166,504,1,121,stabil,3,2.4533,9.0,5.3191,4.151
166,504,1,121,compress,2,1.9491,6.0,4.3191,2.7077
166,504,1,121,boundari,4,1.0911,12.0,6.3191,2.0721
166,504,1,121,layer,4,1.2179,12.0,6.3191,2.3127
166,504,1,121,induc,1,2.9477,3.0,3.3191,2.6642
166,504,1,121,move,2,3.159,6.0,4.3191,4.3883
166,504,1,121,wave,3,1.8955,9.0,5.3191,3.2071
166,209,2,143,result,2,0.7046,6.0,4.5953,0.92
166,209,2,143,boundari,3,1.0911,9.0,5.5953,1.7551
166,209,2,143,layer,5,1.2179,15.0,7.5953,2.4052
166,209,2,143,induc,1,2.9477,3.0,3.5953,2.4596
166,209,2,143,move,3,3.159,9.0,5.5953,5.0811
166,209,2,143,wave,5,1.8955,15.0,7.5953,3.7433
166,72,3,165,compress,2,1.9491,6.0,4.8715,2.4006
166,72,3,165,boundari,10,1.0911,30.0,12.8715,2.5432
166,72,3,165,layer,10,1.2179,30.0,12.8715,2.8385
166,72,3,165,move,1,3.159,3.0,3.8715,2.4478
166,72,3,165,wave,8,1.8955,24.0,10.8715,4.1844
166,71,4,51,compress,1,1.9491,3.0,2.4403,2.3962
166,71,4,51,boundari,3,1.0911,9.0,4.4403,2.2116
166,71,4,51,layer,3,1.2179,9.0,4.4403,2.4685
166,71,4,51,induc,1,2.9477,3.0,2.4403,3.6237
166,71,4,51,wave,2,1.8955,6.0,3.4403,3.3057
166,569,5,168,experiment,1,1.4175,3.0,3.9092,1.0878
166,569,5,168,result,1,0.7046,3.0,3.9092,0.5408
166,569,5,168,boundari,6,1.0911,18.0,8.9092,2.2045
166,569,5,168,layer,6,1.2179,18.0,8.9092,2.4606
166,569,5,168,induc,3,2.9477,9.0,5.9092,4.4894
166,569,5,168,wave,3,1.8955,9.0,5.9092,2.8869
166,1302,6,103,experiment,2,1.4175,6.0,4.0931,2.0778
166,1302,6,103,result,1,0.7046,3.0,3.0931,0.6834
166,1302,6,103,compress,1,1.9491,3.0,3.0931,1.8904
166,1302,6,103,boundari,3,1.0911,9.0,5.0931,1.9281
166,1302,6,103,layer,4,1.2179,12.0,6.0931,2.3985
166,1302,6,103,move,2,3.159,6.0,4.0931,4.6306
166,663,7,76,experiment,2,1.4175,6.0,3.7542,2.2654
166,663,7,76,boundari,1,1.0911,3.0,2.7542,1.1885
166,663,7,76,layer,1,1.2179,3.0,2.7542,1.3266
166,663,7,76,induc,1,2.9477,3.0,2.7542,3.2108
166,663,7,76,move,1,3.159,3.0,2.7542,3.4409
166,663,7,76,wave,1,1.8955,3.0,2.7542,2.0646
166,334,8,142,experiment,2,1.4175,6.0,4.5828,1.8558
166,334,8,142,result,1,0.7046,3.0,3.5828,0.59
166,334,8,142,boundari,5,1.0911,15.0,7.5828,2.1585
166,334,8,142,layer,5,1.2179,15.0,7.5828,2.4091
166,334,8,142,induc,1,2.9477,3.0,3.5828,2.4682
166,334,8,142,wave,6,1.8955,18.0,8.5828,3.9752
166,55,9,81,result,1,0.7046,3.0,2.8169,0.7504
166,55,9,81,stabil,3,2.4533,9.0,4.8169,4.5838
166,55,9,81,compress,2,1.9491,6.0,3.8169,3.0639
166,55,9,81,boundari,3,1.0911,9.0,4.8169,2.0387
166,55,9,81,layer,3,1.2179,9.0,4.8169,2.2755
166,207,10,101,experiment,2,1.4175,6.0,4.068,2.0906
166,207,10,101,stabil,2,2.4533,6.0,4.068,3.6184
166,207,10,101,boundari,3,1.0911,9.0,5.068,1.9377
166,207,10,101,layer,3,1.2179,9.0,5.068,2.1627
166,207,10,101,wave,2,1.8955,6.0,4.068,2.7956
167,553,1,98,solut,3,1.2349,9.0,5.0304,2.2094
167,553,1,98,ablat,7,4.5041,21.0,9.0304,10.4742
167,553,1,98,mass,1,2.9752,3.0,3.0304,2.9454
167,553,1,98,materi,4,3.0036,12.0,6.0304,5.977
167,553,1,98,ablat,7,4.5041,21.0,9.0304,10.4742
167,553,1,98,hyperson,1,2.1062,3.0,3.0304,2.0851
167,553,1,98,flight,1,2.336,3.0,3.0304,2.3126
167,274,2,146,exact,1,2.4871,3.0,3.633,2.0537
167,274,2,146,solut,2,1.2349,6.0,4.633,1.5993
167,274,2,146,method,2,1.1235,6.0,4.633,1.4551
167,274,2,146,calcul,1,1.4504,3.0,3.633,1.1977
167,274,2,146,ablat,2,4.5041,6.0,4.633,5.8331
167,274,2,146,mass,3,2.9752,9.0,5.633,4.7536
167,274,2,146,loss,1,4.0879,3.0,3.633,3.3757
167,274,2,146,materi,1,3.0036,3.0,3.633,2.4803
167,274,2,146,ablat,2,4.5041,6.0,4.633,5.8331
167,274,2,146,temperatur,2,1.6521,6.0,4.633,2.1396
167,1279,3,92,ablat,1,4.5041,3.0,2.955,4.5726
167,1279,3,92,materi,3,3.0036,9.0,4.955,5.4556
167,1279,3,92,ablat,1,4.5041,3.0,2.955,4.5726
167,1279,3,92,hyperson,4,2.1062,12.0,5.955,4.2442
167,1279,3,92,flight,1,2.336,3.0,2.955,2.3715
167,1279,3,92,environ,3,4.9936,9.0,4.955,9.0701
167,82,4,204,exact,1,2.4871,3.0,4.3612,1.7108
167,82,4,204,solut,1,1.2349,3.0,4.3612,0.8495
167,82,4,204,method,1,1.1235,3.0,4.3612,0.7729
167,82,4,204,calcul,1,1.4504,3.0,4.3612,0.9977
167,82,4,204,ablat,2,4.5041,6.0,5.3612,5.0408
167,82,4,204,materi,3,3.0036,9.0,6.3612,4.2496
167,82,4,204,ablat,2,4.5041,6.0,5.3612,5.0408
167,82,4,204,high,5,1.7175,15.0,8.3612,3.0812
167,82,4,204,temperatur,3,1.6521,9.0,6.3612,2.3374
167,82,4,204,flight,2,2.336,6.0,5.3612,2.6143
167,1100,5,77,ablat,4,4.5041,12.0,5.7667,9.3726
167,1100,5,77,materi,2,3.0036,6.0,3.7667,4.7845
167,1100,5,77,ablat,4,4.5041,12.0,5.7667,9.3726
167,1100,5,77,temperatur,3,1.6521,9.0,4.7667,3.1193
167,1097,6,143,ablat,7,4.5041,21.0,9.5953,9.8575
167,1097,6,143,materi,7,3.0036,21.0,9.5953,6.5736
167,1097,6,143,ablat,7,4.5041,21.0,9.5953,9.8575
167,1098,7,96,ablat,3,4.5041,9.0,5.0053,8.0989
167,1098,7,96,materi,3,3.0036,9.0,5.0053,5.4008
167,1098,7,96,ablat,3,4.5041,9.0,5.0053,8.0989
167,1098,7,96,high,2,1.7175,6.0,4.0053,2.5729
167,1098,7,96,temperatur,1,1.6521,3.0,3.0053,1.6492
167,1099,8,43,ablat,4,4.5041,12.0,5.3399,10.1219
167,1099,8,43,materi,2,3.0036,6.0,3.3399,5.396
167,1099,8,43,ablat,4,4.5041,12.0,5.3399,10.1219
167,1101,9,58,ablat,3,4.5041,9.0,4.5282,8.9522
167,1101,9,58,ablat,3,4.5041,9.0,4.5282,8.9522
167,1101,9,58,high,1,1.7175,3.0,2.5282,2.038
167,1101,9,58,temperatur,2,1.6521,6.0,3.5282,2.8095
167,1101,9,58,flight,1,2.336,3.0,2.5282,2.7719
167,1065,10,89,ablat,3,4.5041,9.0,4.9174,8.2436
167,1065,10,89,materi,2,3.0036,6.0,3.9174,4.6005
167,1065,10,89,ablat,3,4.5041,9.0,4.9174,8.2436
167,1065,10,89,flight,3,2.336,9.0,4.9174,4.2754
168,750,1,50,solut,3,1.2349,9.0,4.4277,2.5101
168,750,1,50,known,1,2.7507,3.0,2.4277,3.3991
168,750,1,50,transon,1,3.0939,3.0,2.4277,3.8232
168,750,1,50,flow,1,0.6512,3.0,2.4277,0.8047
168,750,1,50,throat,3,4.6423,9.0,4.4277,9.436
168,750,1,50,nozzl,4,2.8567,12.0,5.4277,6.3157
168,750,1,50,flow,1,0.6512,3.0,2.4277,0.8047
168,750,1,50,nozzl,4,2.8567,12.0,5.4277,6.3157
168,341,2,121,approxim,2,1.3087,6.0,4.3191,1.818
168,341,2,121,direct,1,2.2244,3.0,3.3191,2.0105
168,341,2,121,flow,6,0.6512,18.0,8.3191,1.409
168,341,2,121,throat,2,4.6423,6.0,4.3191,6.4489
168,341,2,121,nozzl,4,2.8567,12.0,6.3191,5.4248
168,341,2,121,find,1,3.7334,3.0,3.3191,3.3744
168,341,2,121,flow,6,0.6512,18.0,8.3191,1.409
168,341,2,121,nozzl,4,2.8567,12.0,6.3191,5.4248
168,118,3,104,solut,2,1.2349,6.0,4.1057,1.8047
168,118,3,104,transon,2,3.0939,6.0,4.1057,4.5214
168,118,3,104,flow,8,0.6512,24.0,10.1057,1.5466
168,118,3,104,throat,2,4.6423,6.0,4.1057,6.7841
168,118,3,104,nozzl,3,2.8567,9.0,5.1057,5.0356
168,118,3,104,flow,8,0.6512,24.0,10.1057,1.5466
168,118,3,104,nozzl,3,2.8567,9.0,5.1057,5.0356
168,965,4,47,approxim,1,1.3087,3.0,2.3901,1.6427
168,965,4,47,solut,1,1.2349,3.0,2.3901,1.55
168,965,4,47,flow,3,0.6512,9.0,4.3901,1.335
168,965,4,47,throat,1,4.6423,3.0,2.3901,5.8269
168,965,4,47,nozzl,5,2.8567,15.0,6.3901,6.7058
168,965,4,47,flow,3,0.6512,9.0,4.3901,1.335
168,965,4,47,nozzl,5,2.8567,15.0,6.3901,6.7058
168,157,5,127,approxim,1,1.3087,3.0,3.3945,1.1566
168,157,5,127,solut,3,1.2349,9.0,5.3945,2.0603
168,157,5,127,problem,1,1.4657,3.0,3.3945,1.2954
168,157,5,127,transon,1,3.0939,3.0,3.3945,2.7344
168,157,5,127,flow,1,0.6512,3.0,3.3945,0.5755
168,157,5,127,nozzl,5,2.8567,15.0,7.3945,5.7949
168,157,5,127,find,1,3.7334,3.0,3.3945,3.2996
168,157,5,127,flow,1,0.6512,3.0,3.3945,0.5755
168,157,5,127,nozzl,5,2.8567,15.0,7.3945,5.7949
168,217,6,68,flow,4,0.6512,12.0,5.6537,1.3822
168,217,6,68,throat,1,4.6423,3.0,2.6537,5.248
168,217,6,68,nozzl,5,2.8567,15.0,6.6537,6.44
168,217,6,68,flow,4,0.6512,12.0,5.6537,1.3822
168,217,6,68,nozzl,5,2.8567,15.0,6.6537,6.44
168,696,7,190,direct,3,2.2244,9.0,6.1854,3.2365
168,696,7,190,flow,3,0.6512,9.0,6.1854,0.9475
168,696,7,190,throat,1,4.6423,3.0,4.1854,3.3275
168,696,7,190,nozzl,5,2.8567,15.0,8.1854,5.235
168,696,7,190,flow,3,0.6512,9.0,6.1854,0.9475
168,696,7,190,given,1,1.2852,3.0,4.1854,0.9212
168,696,7,190,nozzl,5,2.8567,15.0,8.1854,5.235
168,127,8,88,throat,1,4.6423,3.0,2.9048,4.7944
168,127,8,88,nozzl,5,2.8567,15.0,6.9048,6.2059
168,127,8,88,nozzl,5,2.8567,15.0,6.9048,6.2059
168,136,9,56,direct,1,2.2244,3.0,2.5031,2.666
168,136,9,56,nozzl,8,2.8567,24.0,9.5031,7.2146
168,136,9,56,nozzl,8,2.8567,24.0,9.5031,7.2146
168,656,10,126,approxim,1,1.3087,3.0,3.3819,1.1609
168,656,10,126,solut,1,1.2349,3.0,3.3819,1.0955
168,656,10,126,problem,1,1.4657,3.0,3.3819,1.3002
168,656,10,126,flow,4,0.6512,12.0,6.3819,1.2245
168,656,10,126,nozzl,4,2.8567,12.0,6.3819,5.3715
168,656,10,126,flow,4,0.6512,12.0,6.3819,1.2245
168,656,10,126,nozzl,4,2.8567,12.0,6.3819,5.3715
169,750,1,50,solut,3,1.2349,9.0,4.4277,2.5101
169,750,1,50,known,1,2.7507,3.0,2.4277,3.3991
169,750,1,50,transon,1,3.0939,3.0,2.4277,3.8232
169,750,1,50,flow,1,0.6512,3.0,2.4277,0.8047
169,750,1,50,throat,3,4.6423,9.0,4.4277,9.436
169,750,1,50,nozzl,4,2.8567,12.0,5.4277,6.3157
169,750,1,50,nozzl,4,2.8567,12.0,5.4277,6.3157
169,750,1,50,axial,2,2.2511,6.0,3.4277,3.9404
169,750,1,50,veloc,1,1.4845,3.0,2.4277,1.8344
169,341,2,121,approxim,2,1.3087,6.0,4.3191,1.818
169,341,2,121,flow,6,0.6512,18.0,8.3191,1.409
169,341,2,121,throat,2,4.6423,6.0,4.3191,6.4489
169,341,2,121,nozzl,4,2.8567,12.0,6.3191,5.4248
169,341,2,121,find,1,3.7334,3.0,3.3191,3.3744
169,341,2,121,nozzl,4,2.8567,12.0,6.3191,5.4248
169,341,2,121,axial,2,2.2511,6.0,4.3191,3.1272
169,341,2,121,veloc,2,1.4845,6.0,4.3191,2.0622
169,118,3,104,solut,2,1.2349,6.0,4.1057,1.8047
169,118,3,104,transon,2,3.0939,6.0,4.1057,4.5214
169,118,3,104,flow,8,0.6512,24.0,10.1057,1.5466
169,118,3,104,throat,2,4.6423,6.0,4.1057,6.7841
169,118,3,104,nozzl,3,2.8567,9.0,5.1057,5.0356
169,118,3,104,nozzl,3,2.8567,9.0,5.1057,5.0356
169,118,3,104,axial,3,2.2511,9.0,5.1057,3.9681
169,157,4,127,approxim,1,1.3087,3.0,3.3945,1.1566
169,157,4,127,solut,3,1.2349,9.0,5.3945,2.0603
169,157,4,127,problem,1,1.4657,3.0,3.3945,1.2954
169,157,4,127,transon,1,3.0939,3.0,3.3945,2.7344
169,157,4,127,flow,1,0.6512,3.0,3.3945,0.5755
169,157,4,127,nozzl,5,2.8567,15.0,7.3945,5.7949
169,157,4,127,find,1,3.7334,3.0,3.3945,3.2996
169,157,4,127,nozzl,5,2.8567,15.0,7.3945,5.7949
169,157,4,127,veloc,6,1.4845,18.0,8.3945,3.1831
169,157,4,127,distribut,1,1.3547,3.0,3.3945,1.1973
169,965,5,47,approxim,1,1.3087,3.0,2.3901,1.6427
169,965,5,47,solut,1,1.2349,3.0,2.3901,1.55
169,965,5,47,flow,3,0.6512,9.0,4.3901,1.335
169,965,5,47,throat,1,4.6423,3.0,2.3901,5.8269
169,965,5,47,nozzl,5,2.8567,15.0,6.3901,6.7058
169,965,5,47,nozzl,5,2.8567,15.0,6.3901,6.7058
169,965,5,47,veloc,1,1.4845,3.0,2.3901,1.8633
169,217,6,68,flow,4,0.6512,12.0,5.6537,1.3822
169,217,6,68,throat,1,4.6423,3.0,2.6537,5.248
169,217,6,68,nozzl,5,2.8567,15.0,6.6537,6.44
169,217,6,68,nozzl,5,2.8567,15.0,6.6537,6.44
169,217,6,68,axial,1,2.2511,3.0,2.6537,2.5449
169,217,6,68,veloc,2,1.4845,6.0,3.6537,2.4377
169,127,7,88,throat,1,4.6423,3.0,2.9048,4.7944
169,127,7,88,nozzl,5,2.8567,15.0,6.9048,6.2059
169,127,7,88,nozzl,5,2.8567,15.0,6.9048,6.2059
169,127,7,88,axial,2,2.2511,6.0,3.9048,3.459
169,213,8,167,flow,4,0.6512,12.0,6.8966,1.1331
169,213,8,167,nozzl,8,2.8567,24.0,10.8966,6.2919
169,213,8,167,nozzl,8,2.8567,24.0,10.8966,6.2919
169,213,8,167,axial,2,2.2511,6.0,4.8966,2.7584
169,213,8,167,veloc,2,1.4845,6.0,4.8966,1.819
169,472,9,58,solut,1,1.2349,3.0,2.5282,1.4654
169,472,9,58,indirect,1,5.9922,3.0,2.5282,7.1105
169,472,9,58,problem,1,1.4657,3.0,2.5282,1.7393
169,472,9,58,flow,5,0.6512,15.0,6.5282,1.4963
169,472,9,58,find,2,3.7334,6.0,3.5282,6.349
169,970,10,124,flow,2,0.6512,6.0,4.3568,0.8968
169,970,10,124,nozzl,8,2.8567,24.0,10.3568,6.6199
169,970,10,124,nozzl,8,2.8567,24.0,10.3568,6.6199
169,970,10,124,axial,2,2.2511,6.0,4.3568,3.1001
170,239,1,100,pitot,2,4.3272,6.0,4.0555,6.402
170,239,1,100,static,9,2.6858,27.0,11.0555,6.5594
170,239,1,100,tube,9,2.9752,27.0,11.0555,7.2662
170,239,1,100,calibr,2,4.7192,6.0,4.0555,6.982
170,239,1,100,low,1,2.2047,3.0,3.0555,2.1647
170,239,1,100,number,1,0.7937,3.0,3.0555,0.7793
170,238,2,23,pitot,1,4.3272,3.0,2.0888,6.2149
170,238,2,23,static,1,2.6858,3.0,2.0888,3.8575
170,238,2,23,tube,1,2.9752,3.0,2.0888,4.2732
170,238,2,23,calibr,1,4.7192,3.0,2.0888,6.778
170,238,2,23,low,3,2.2047,9.0,4.0888,4.853
170,238,2,23,reynold,1,1.9491,3.0,2.0888,2.7995
170,238,2,23,number,1,0.7937,3.0,2.0888,1.1399
170,893,3,66,pitot,4,4.3272,12.0,5.6286,9.2254
170,893,3,66,static,5,2.6858,15.0,6.6286,6.0778
170,893,3,66,tube,5,2.9752,15.0,6.6286,6.7327
170,893,3,66,calibr,2,4.7192,6.0,3.6286,7.8033
170,904,4,111,pitot,4,4.3272,12.0,6.1936,8.3839
170,904,4,111,static,8,2.6858,24.0,10.1936,6.3235
170,904,4,111,tube,2,2.9752,6.0,4.1936,4.2569
170,904,4,111,calibr,2,4.7192,6.0,4.1936,6.7521
170,904,4,111,low,1,2.2047,3.0,3.1936,2.0711
170,904,4,111,number,1,0.7937,3.0,3.1936,0.7456
170,1082,5,154,pitot,3,4.3272,9.0,5.7334,6.7925
170,1082,5,154,static,1,2.6858,3.0,3.7334,2.1582
170,1082,5,154,tube,8,2.9752,24.0,10.7334,6.6527
170,1082,5,154,differ,1,1.9848,3.0,3.7334,1.5949
170,1082,5,154,variabl,1,2.7964,3.0,3.7334,2.2471
170,1082,5,154,low,2,2.2047,6.0,4.7334,2.7947
170,1082,5,154,reynold,7,1.9491,21.0,9.7334,4.2053
170,1082,5,154,number,8,0.7937,24.0,10.7334,1.7747
170,139,6,78,pitot,2,4.3272,6.0,3.7793,6.8699
170,139,6,78,static,1,2.6858,3.0,2.7793,2.8991
170,139,6,78,tube,4,2.9752,12.0,5.7793,6.1778
170,139,6,78,low,2,2.2047,6.0,3.7793,3.5003
170,139,6,78,reynold,5,1.9491,15.0,6.7793,4.3127
170,139,6,78,number,6,0.7937,18.0,7.7793,1.8365
170,905,7,58,pitot,3,4.3272,9.0,4.5282,8.6005
170,905,7,58,static,5,2.6858,15.0,6.5282,6.1713
170,905,7,58,tube,4,2.9752,12.0,5.5282,6.4584
170,140,8,198,pitot,8,4.3272,24.0,11.2858,9.202
170,140,8,198,static,1,2.6858,3.0,4.2858,1.88
170,140,8,198,tube,8,2.9752,24.0,11.2858,6.327
170,140,8,198,appear,1,2.6858,3.0,4.2858,1.88
170,140,8,198,differ,1,1.9848,3.0,4.2858,1.3894
170,223,9,23,tube,2,2.9752,6.0,3.0888,5.7795
170,223,9,23,calibr,1,4.7192,3.0,2.0888,6.778
170,223,9,23,reynold,1,1.9491,3.0,2.0888,2.7995
170,223,9,23,number,1,0.7937,3.0,2.0888,1.1399
170,165,10,249,tube,2,2.9752,6.0,5.9261,3.0123
170,165,10,249,calibr,3,4.7192,9.0,6.9261,6.1323
170,165,10,249,appear,1,2.6858,3.0,4.9261,1.6357
170,165,10,249,reynold,8,1.9491,24.0,11.9261,3.9224
170,165,10,249,number,10,0.7937,30.0,13.9261,1.7098
171,516,1,71,comparison,1,2.2997,3.0,2.6914,2.5634
171,516,1,71,made,1,1.3799,3.0,2.6914,1.5381
171,516,1,71,interfer,2,3.4055,6.0,3.6914,5.5353
171,516,1,71,free,2,1.8582,6.0,3.6914,3.0203
171,516,1,71,measur,2,1.7135,6.0,3.6914,2.7852
171,516,1,71,free,2,1.8582,6.0,3.6914,3.0203
171,516,1,71,flight,2,2.336,6.0,3.6914,3.7969
171,516,1,71,model,2,2.066,6.0,3.6914,3.358
171,516,1,71,measur,2,1.7135,6.0,3.6914,2.7852
171,516,1,71,made,1,1.3799,3.0,2.6914,1.5381
171,516,1,71,low,1,2.2047,3.0,2.6914,2.4576
171,516,1,71,blockag,1,5.1049,3.0,2.6914,5.6902
171,516,1,71,wind,3,2.3968,9.0,4.6914,4.5981
171,516,1,71,tunnel,4,2.0492,12.0,5.6914,4.3207
171,431,2,106,made,1,1.3799,3.0,3.1308,1.3222
171,431,2,106,interfer,3,3.4055,9.0,5.1308,5.9736
171,431,2,106,free,2,1.8582,6.0,4.1308,2.699
171,431,2,106,drag,4,2.3141,12.0,6.1308,4.5294
171,431,2,106,measur,4,1.7135,12.0,6.1308,3.3539
171,431,2,106,free,2,1.8582,6.0,4.1308,2.699
171,431,2,106,flight,2,2.336,6.0,4.1308,3.393
171,431,2,106,model,5,2.066,15.0,7.1308,4.3459
171,431,2,106,measur,4,1.7135,12.0,6.1308,3.3539
171,431,2,106,made,1,1.3799,3.0,3.1308,1.3222
171,431,2,106,wind,3,2.3968,9.0,5.1308,4.2043
171,431,2,106,tunnel,5,2.0492,15.0,7.1308,4.3106
171,252,3,144,made,1,1.3799,3.0,3.6079,1.1474
171,252,3,144,interfer,5,3.4055,15.0,7.6079,6.7144
171,252,3,144,measur,2,1.7135,6.0,4.6079,2.2312
171,252,3,144,model,3,2.066,9.0,5.6079,3.3156
171,252,3,144,similar,2,2.2244,6.0,4.6079,2.8964
171,252,3,144,measur,2,1.7135,6.0,4.6079,2.2312
171,252,3,144,made,1,1.3799,3.0,3.6079,1.1474
171,252,3,144,low,1,2.2047,3.0,3.6079,1.8333
171,252,3,144,blockag,2,5.1049,6.0,4.6079,6.6471
171,252,3,144,tunnel,8,2.0492,24.0,10.6079,4.6363
171,141,4,63,interfer,1,3.4055,3.0,2.5909,3.9431
171,141,4,63,free,2,1.8582,6.0,3.5909,3.1047
171,141,4,63,drag,1,2.3141,3.0,2.5909,2.6794
171,141,4,63,measur,3,1.7135,9.0,4.5909,3.3592
171,141,4,63,free,2,1.8582,6.0,3.5909,3.1047
171,141,4,63,flight,1,2.336,3.0,2.5909,2.7048
171,141,4,63,model,1,2.066,3.0,2.5909,2.3921
171,141,4,63,measur,3,1.7135,9.0,4.5909,3.3592
171,141,4,63,wind,1,2.3968,3.0,2.5909,2.7752
171,141,4,63,tunnel,3,2.0492,9.0,4.5909,4.0172
171,904,5,111,made,3,1.3799,9.0,5.1936,2.3912
171,904,5,111,interfer,1,3.4055,3.0,3.1936,3.1991
171,904,5,111,measur,2,1.7135,6.0,4.1936,2.4517
171,904,5,111,use,3,1.0037,9.0,5.1936,1.7393
171,904,5,111,similar,1,2.2244,3.0,3.1936,2.0895
171,904,5,111,measur,2,1.7135,6.0,4.1936,2.4517
171,904,5,111,made,3,1.3799,9.0,5.1936,2.3912
171,904,5,111,low,1,2.2047,3.0,3.1936,2.0711
171,904,5,111,wind,5,2.3968,15.0,7.1936,4.9978
171,904,5,111,tunnel,6,2.0492,18.0,8.1936,4.5018
171,714,6,61,comparison,1,2.2997,3.0,2.5658,2.6889
171,714,6,61,measur,1,1.7135,3.0,2.5658,2.0035
171,714,6,61,model,1,2.066,3.0,2.5658,2.4156
171,714,6,61,measur,1,1.7135,3.0,2.5658,2.0035
171,714,6,61,blockag,2,5.1049,6.0,3.5658,8.5896
171,714,6,61,wind,3,2.3968,9.0,4.5658,4.7245
171,714,6,61,tunnel,4,2.0492,12.0,5.5658,4.4181
171,800,7,105,made,1,1.3799,3.0,3.1182,1.3276
171,800,7,105,interfer,1,3.4055,3.0,3.1182,3.2763
171,800,7,105,measur,1,1.7135,3.0,3.1182,1.6486
171,800,7,105,model,6,2.066,18.0,8.1182,4.5807
171,800,7,105,measur,1,1.7135,3.0,3.1182,1.6486
171,800,7,105,made,1,1.3799,3.0,3.1182,1.3276
171,800,7,105,blockag,2,5.1049,6.0,4.1182,7.4374
171,800,7,105,wind,1,2.3968,3.0,3.1182,2.3059
171,800,7,105,tunnel,2,2.0492,6.0,4.1182,2.9856
171,188,8,137,comparison,2,2.2997,6.0,4.52,3.0527
171,188,8,137,made,2,1.3799,6.0,4.52,1.8317
171,188,8,137,interfer,2,3.4055,6.0,4.52,4.5206
171,188,8,137,free,1,1.8582,3.0,3.52,1.5837
171,188,8,137,drag,1,2.3141,3.0,3.52,1.9722
171,188,8,137,measur,2,1.7135,6.0,4.52,2.2746
171,188,8,137,free,1,1.8582,3.0,3.52,1.5837
171,188,8,137,measur,2,1.7135,6.0,4.52,2.2746
171,188,8,137,made,2,1.3799,6.0,4.52,1.8317
171,188,8,137,wind,1,2.3968,3.0,3.52,2.0427
171,188,8,137,tunnel,1,2.0492,3.0,3.52,1.7465
171,1153,9,89,interfer,2,3.4055,6.0,3.9174,5.216
171,1153,9,89,free,2,1.8582,6.0,3.9174,2.846
171,1153,9,89,use,1,1.0037,3.0,2.9174,1.0321
171,1153,9,89,free,2,1.8582,6.0,3.9174,2.846
171,1153,9,89,model,1,2.066,3.0,2.9174,2.1245
171,1153,9,89,wind,5,2.3968,15.0,6.9174,5.1974
171,1153,9,89,tunnel,5,2.0492,15.0,6.9174,4.4436
171,1066,10,224,comparison,1,2.2997,3.0,4.6123,1.4958
171,1066,10,224,made,1,1.3799,3.0,4.6123,0.8975
171,1066,10,224,free,8,1.8582,24.0,11.6123,3.8404
171,1066,10,224,measur,4,1.7135,12.0,7.6123,2.7012
171,1066,10,224,use,2,1.0037,6.0,5.6123,1.073
171,1066,10,224,free,8,1.8582,24.0,11.6123,3.8404
171,1066,10,224,model,2,2.066,6.0,5.6123,2.2087
171,1066,10,224,measur,4,1.7135,12.0,7.6123,2.7012
171,1066,10,224,made,1,1.3799,3.0,4.6123,0.8975
171,1066,10,224,wind,2,2.3968,6.0,5.6123,2.5624
171,1066,10,224,tunnel,1,2.0492,3.0,4.6123,1.3329
172,527,1,62,solut,1,1.2349,3.0,2.5784,1.4368
172,527,1,62,blasius,3,4.5041,9.0,4.5784,8.854
172,527,1,62,problem,3,1.4657,9.0,4.5784,2.8813
172,527,1,62,three,3,1.4782,9.0,4.5784,2.9057
172,527,1,62,point,3,1.0785,9.0,4.5784,2.12
172,527,1,62,boundari,4,1.0911,12.0,5.5784,2.3472
172,527,1,62,condit,1,1.4293,3.0,2.5784,1.663
172,320,2,16,solut,2,1.2349,6.0,3.0009,2.4691
172,320,2,16,blasius,1,4.5041,3.0,2.0009,6.7532
172,320,2,16,problem,2,1.4657,6.0,3.0009,2.9306
172,320,2,16,three,1,1.4782,3.0,2.0009,2.2163
172,320,2,16,point,1,1.0785,3.0,2.0009,1.617
172,320,2,16,boundari,1,1.0911,3.0,2.0009,1.636
172,320,2,16,condit,1,1.4293,3.0,2.0009,2.143
172,321,3,62,solut,1,1.2349,3.0,2.5784,1.4368
172,321,3,62,blasius,2,4.5041,6.0,3.5784,7.5522
172,321,3,62,problem,2,1.4657,6.0,3.5784,2.4577
172,321,3,62,three,1,1.4782,3.0,2.5784,1.7199
172,321,3,62,point,2,1.0785,6.0,3.5784,1.8083
172,321,3,62,boundari,2,1.0911,6.0,3.5784,1.8296
172,321,3,62,condit,1,1.4293,3.0,2.5784,1.663
172,476,4,137,solut,1,1.2349,3.0,3.52,1.0525
172,476,4,137,blasius,4,4.5041,12.0,6.52,8.2898
172,476,4,137,problem,1,1.4657,3.0,3.52,1.2492
172,476,4,137,three,4,1.4782,12.0,6.52,2.7206
172,476,4,137,point,2,1.0785,6.0,4.52,1.4316
172,476,4,137,boundari,2,1.0911,6.0,4.52,1.4484
172,476,4,137,condit,2,1.4293,6.0,4.52,1.8973
172,322,5,30,solut,1,1.2349,3.0,2.1766,1.702
172,322,5,30,blasius,1,4.5041,3.0,2.1766,6.2079
172,322,5,30,problem,1,1.4657,3.0,2.1766,2.0202
172,322,5,30,three,1,1.4782,3.0,2.1766,2.0373
172,322,5,30,point,1,1.0785,3.0,2.1766,1.4864
172,322,5,30,boundari,2,1.0911,6.0,3.1766,2.0609
172,322,5,30,condit,1,1.4293,3.0,2.1766,1.97
172,478,6,65,solut,3,1.2349,9.0,4.6161,2.4077
172,478,6,65,blasius,1,4.5041,3.0,2.6161,5.1651
172,478,6,65,three,2,1.4782,6.0,3.6161,2.4527
172,478,6,65,point,7,1.0785,21.0,8.6161,2.6286
172,478,6,65,boundari,3,1.0911,9.0,4.6161,2.1274
172,478,6,65,condit,2,1.4293,6.0,3.6161,2.3716
172,1370,7,126,solut,9,1.2349,27.0,11.3819,2.9294
172,1370,7,126,blasius,2,4.5041,6.0,4.3819,6.1673
172,1370,7,126,problem,2,1.4657,6.0,4.3819,2.007
172,1370,7,126,three,1,1.4782,3.0,3.3819,1.3113
172,1370,7,126,point,1,1.0785,3.0,3.3819,0.9567
172,1370,7,126,boundari,2,1.0911,6.0,4.3819,1.4941
172,1370,7,126,condit,1,1.4293,3.0,3.3819,1.2679
172,1235,8,163,solut,2,1.2349,6.0,4.8464,1.5288
172,1235,8,163,blasius,3,4.5041,9.0,5.8464,6.9336
172,1235,8,163,problem,2,1.4657,6.0,4.8464,1.8146
172,1235,8,163,point,1,1.0785,3.0,3.8464,0.8412
172,1235,8,163,boundari,6,1.0911,18.0,8.8464,2.2202
172,1235,8,163,condit,1,1.4293,3.0,3.8464,1.1148
172,107,9,54,solut,1,1.2349,3.0,2.478,1.4951
172,107,9,54,blasius,1,4.5041,3.0,2.478,5.453
172,107,9,54,problem,1,1.4657,3.0,2.478,1.7745
172,107,9,54,boundari,4,1.0911,12.0,5.478,2.3903
172,107,9,54,condit,4,1.4293,12.0,5.478,3.1311
172,934,10,121,solut,3,1.2349,9.0,5.3191,2.0895
172,934,10,121,problem,3,1.4657,9.0,5.3191,2.48
172,934,10,121,three,1,1.4782,3.0,3.3191,1.3361
172,934,10,121,point,1,1.0785,3.0,3.3191,0.9748
172,934,10,121,boundari,3,1.0911,9.0,5.3191,1.8462
172,934,10,121,condit,3,1.4293,9.0,5.3191,2.4184
173,367,1,62,lyapunov,2,6.3287,6.0,3.5784,10.6114
173,367,1,62,method,1,1.1235,3.0,2.5784,1.3073
173,367,1,62,stabil,2,2.4533,6.0,3.5784,4.1135
173,367,1,62,linear,2,2.1481,6.0,3.5784,3.6018
173,367,1,62,differenti,1,2.5862,3.0,2.5784,3.0091
173,367,1,62,equat,2,1.2472,6.0,3.5784,2.0913
173,451,2,41,method,2,1.1235,6.0,3.3147,2.0337
173,451,2,41,stabil,2,2.4533,6.0,3.3147,4.4407
173,451,2,41,linear,3,2.1481,9.0,4.3147,4.4807
173,451,2,41,equat,2,1.2472,6.0,3.3147,2.2576
173,451,2,41,period,1,3.8606,3.0,2.3147,5.0034
173,451,2,41,coeffici,2,1.8311,6.0,3.3147,3.3144
173,532,3,30,lyapunov,3,6.3287,9.0,4.1766,13.6372
173,532,3,30,method,2,1.1235,6.0,3.1766,2.1221
173,532,3,30,stabil,3,2.4533,9.0,4.1766,5.2865
173,934,4,121,refer,5,2.9752,15.0,7.3191,6.0975
173,934,4,121,method,1,1.1235,3.0,3.3191,1.0155
173,934,4,121,stabil,2,2.4533,6.0,4.3191,3.408
173,934,4,121,differenti,1,2.5862,3.0,3.3191,2.3376
173,934,4,121,equat,1,1.2472,3.0,3.3191,1.1273
173,917,5,169,method,4,1.1235,12.0,6.9218,1.9479
173,917,5,169,stabil,2,2.4533,6.0,4.9218,2.9908
173,917,5,169,linear,1,2.1481,3.0,3.9218,1.6432
173,917,5,169,equat,2,1.2472,6.0,4.9218,1.5205
173,917,5,169,period,3,3.8606,9.0,5.9218,5.8673
173,767,6,153,method,2,1.1235,6.0,4.7209,1.428
173,767,6,153,differenti,4,2.5862,12.0,6.7209,4.6177
173,767,6,153,equat,5,1.2472,15.0,7.7209,2.4231
173,767,6,153,period,1,3.8606,3.0,3.7209,3.1126
173,767,6,153,coeffici,2,1.8311,6.0,4.7209,2.3272
173,155,7,128,method,3,1.1235,9.0,5.407,1.8701
173,155,7,128,linear,1,2.1481,3.0,3.407,1.8915
173,155,7,128,differenti,2,2.5862,6.0,4.407,3.5211
173,155,7,128,equat,4,1.2472,12.0,6.407,2.336
173,155,7,128,coeffici,3,1.8311,9.0,5.407,3.0478
173,777,8,91,method,3,1.1235,9.0,4.9425,2.0459
173,777,8,91,linear,4,2.1481,12.0,5.9425,4.3378
173,777,8,91,differenti,2,2.5862,6.0,3.9425,3.9359
173,777,8,91,equat,2,1.2472,6.0,3.9425,1.8982
173,1047,9,206,method,3,1.1235,9.0,6.3863,1.5834
173,1047,9,206,linear,1,2.1481,3.0,4.3863,1.4692
173,1047,9,206,differenti,5,2.5862,15.0,8.3863,4.6258
173,1047,9,206,equat,5,1.2472,15.0,8.3863,2.2309
173,1047,9,206,coeffici,2,1.8311,6.0,5.3863,2.0397
173,251,10,47,stabil,2,2.4533,6.0,3.3901,4.342
173,251,10,47,linear,1,2.1481,3.0,2.3901,2.6963
173,251,10,47,period,1,3.8606,3.0,2.3901,4.8457
174,523,1,84,paper,2,1.9441,6.0,3.8546,3.0262
174,523,1,84,shock,6,1.7622,18.0,7.8546,4.0384
174,523,1,84,detach,4,3.9308,12.0,5.8546,8.0568
174,523,1,84,distanc,1,2.4871,3.0,2.8546,2.6137
174,483,2,28,shock,3,1.7622,9.0,4.1515,3.8203
174,483,2,28,detach,3,3.9308,9.0,4.1515,8.5214
174,483,2,28,distanc,3,2.4871,9.0,4.1515,5.3916
174,1157,3,120,obtain,2,1.104,6.0,4.3066,1.5381
174,1157,3,120,report,1,2.6054,3.0,3.3066,2.3638
174,1157,3,120,shock,8,1.7622,24.0,10.3066,4.1035
174,1157,3,120,detach,3,3.9308,9.0,5.3066,6.6666
174,1157,3,120,distanc,1,2.4871,3.0,3.3066,2.2565
174,501,4,33,shock,2,1.7622,6.0,3.2143,3.2895
174,501,4,33,detach,2,3.9308,6.0,3.2143,7.3374
174,501,4,33,distanc,1,2.4871,3.0,2.2143,3.3695
174,501,4,33,data,1,1.8627,3.0,2.2143,2.5237
174,411,5,55,obtain,1,1.104,3.0,2.4905,1.3298
174,411,5,55,shock,5,1.7622,15.0,6.4905,4.0726
174,411,5,55,detach,2,3.9308,6.0,3.4905,6.7568
174,411,5,55,data,4,1.8627,12.0,5.4905,4.0712
174,1319,6,146,obtain,1,1.104,3.0,3.633,0.9116
174,1319,6,146,shock,9,1.7622,27.0,11.633,4.0901
174,1319,6,146,detach,4,3.9308,12.0,6.633,7.1113
174,1319,6,146,distanc,3,2.4871,9.0,5.633,3.9736
174,35,7,86,paper,1,1.9441,3.0,2.8797,2.0253
174,35,7,86,shock,1,1.7622,3.0,2.8797,1.8358
174,35,7,86,detach,2,3.9308,6.0,3.8797,6.0789
174,35,7,86,distanc,2,2.4871,6.0,3.8797,3.8462
174,35,7,86,data,1,1.8627,3.0,2.8797,1.9406
174,1390,8,96,obtain,1,1.104,3.0,3.0053,1.102
174,1390,8,96,shock,3,1.7622,9.0,5.0053,3.1687
174,1390,8,96,detach,3,3.9308,9.0,5.0053,7.0679
174,1390,8,96,distanc,1,2.4871,3.0,3.0053,2.4827
174,1390,8,96,data,1,1.8627,3.0,3.0053,1.8595
174,1274,9,141,shock,9,1.7622,27.0,11.5702,4.1123
174,1274,9,141,detach,4,3.9308,12.0,6.5702,7.1792
174,1274,9,141,distanc,3,2.4871,9.0,5.5702,4.0184
174,1151,10,82,shock,3,1.7622,9.0,4.8295,3.284
174,1151,10,82,detach,2,3.9308,6.0,3.8295,6.1587
174,1151,10,82,distanc,1,2.4871,3.0,2.8295,2.6369
174,1151,10,82,data,1,1.8627,3.0,2.8295,1.975
175,941,1,60,flow,6,0.6512,18.0,7.5533,1.5519
175,941,1,60,channel,6,4.3827,18.0,7.5533,10.4444
175,941,1,60,reynold,1,1.9491,3.0,2.5533,2.2901
175,941,1,60,number,1,0.7937,3.0,2.5533,0.9325
175,1221,2,60,flow,2,0.6512,6.0,3.5533,1.0996
175,1221,2,60,channel,3,4.3827,9.0,4.5533,8.6629
175,1221,2,60,reynold,2,1.9491,6.0,3.5533,3.2913
175,1221,2,60,number,2,0.7937,6.0,3.5533,1.3402
175,139,3,78,work,1,2.5131,3.0,2.7793,2.7127
175,139,3,78,low,2,2.2047,6.0,3.7793,3.5003
175,139,3,78,reynold,5,1.9491,15.0,6.7793,4.3127
175,139,3,78,number,6,0.7937,18.0,7.7793,1.8365
175,491,4,65,flow,5,0.6512,15.0,6.6161,1.4764
175,491,4,65,channel,2,4.3827,6.0,3.6161,7.2721
175,491,4,65,reynold,1,1.9491,3.0,2.6161,2.2352
175,491,4,65,number,2,0.7937,6.0,3.6161,1.3169
175,1082,5,154,work,1,2.5131,3.0,3.7334,2.0194
175,1082,5,154,flow,4,0.6512,12.0,6.7334,1.1606
175,1082,5,154,low,2,2.2047,6.0,4.7334,2.7947
175,1082,5,154,reynold,7,1.9491,21.0,9.7334,4.2053
175,1082,5,154,number,8,0.7937,24.0,10.7334,1.7747
175,270,6,134,flow,8,0.6512,24.0,10.4823,1.491
175,270,6,134,channel,6,4.3827,18.0,8.4823,9.3004
175,270,6,134,number,1,0.7937,3.0,3.4823,0.6837
175,34,7,111,work,1,2.5131,3.0,3.1936,2.3608
175,34,7,111,flow,6,0.6512,18.0,8.1936,1.4306
175,34,7,111,channel,3,4.3827,9.0,5.1936,7.5949
175,1222,8,120,flow,8,0.6512,24.0,10.3066,1.5164
175,1222,8,120,channel,2,4.3827,6.0,4.3066,6.1061
175,1222,8,120,reynold,1,1.9491,3.0,3.3066,1.7684
175,1222,8,120,number,1,0.7937,3.0,3.3066,0.7201
175,666,9,79,flow,4,0.6512,12.0,5.7918,1.3492
175,666,9,79,low,2,2.2047,6.0,3.7918,3.4887
175,666,9,79,reynold,3,1.9491,9.0,4.7918,3.6608
175,666,9,79,number,3,0.7937,9.0,4.7918,1.4907
175,1394,10,88,flow,4,0.6512,12.0,5.9048,1.3234
175,1394,10,88,low,3,2.2047,9.0,4.9048,4.0456
175,1394,10,88,reynold,2,1.9491,6.0,3.9048,2.995
175,1394,10,88,number,3,0.7937,9.0,4.9048,1.4564
176,542,1,122,heat,6,1.5197,18.0,8.3317,3.2833
176,542,1,122,conduct,2,2.1792,6.0,4.3317,3.0185
176,542,1,122,method,1,1.1235,3.0,3.3317,1.0117
176,542,1,122,biot,2,5.23,6.0,4.3317,7.2444
176,542,1,122,principl,5,3.7334,15.0,7.3317,7.6382
176,963,2,34,heat,2,1.5197,6.0,3.2269,2.8258
176,963,2,34,solut,1,1.2349,3.0,2.2269,1.6636
176,963,2,34,biot,1,5.23,3.0,2.2269,7.0458
176,963,2,34,principl,2,3.7334,6.0,3.2269,6.9418
176,869,3,186,heat,4,1.5197,12.0,7.1352,2.5559
176,869,3,186,solut,3,1.2349,9.0,6.1352,1.8115
176,869,3,186,use,2,1.0037,6.0,5.1352,1.1727
176,869,3,186,method,3,1.1235,9.0,6.1352,1.6482
176,869,3,186,biot,3,5.23,9.0,6.1352,7.6722
176,606,4,94,approxim,4,1.3087,12.0,5.9801,2.6261
176,606,4,94,analyt,1,2.5768,3.0,2.9801,2.594
176,606,4,94,heat,5,1.5197,15.0,6.9801,3.2658
176,606,4,94,conduct,1,2.1792,3.0,2.9801,2.1937
176,606,4,94,use,1,1.0037,3.0,2.9801,1.0104
176,606,4,94,method,2,1.1235,6.0,3.9801,1.6937
176,872,5,109,approxim,1,1.3087,3.0,3.1685,1.2391
176,872,5,109,heat,6,1.5197,18.0,8.1685,3.3489
176,872,5,109,conduct,1,2.1792,3.0,3.1685,2.0633
176,872,5,109,solut,1,1.2349,3.0,3.1685,1.1692
176,872,5,109,use,3,1.0037,9.0,5.1685,1.7478
176,872,5,109,principl,1,3.7334,3.0,3.1685,3.5349
176,1221,6,60,approxim,1,1.3087,3.0,2.5533,1.5377
176,1221,6,60,conduct,3,2.1792,9.0,4.5533,4.3074
176,1221,6,60,solut,1,1.2349,3.0,2.5533,1.451
176,1221,6,60,method,1,1.1235,3.0,2.5533,1.3201
176,1221,6,60,principl,1,3.7334,3.0,2.5533,4.3866
176,586,7,62,approxim,2,1.3087,6.0,3.5784,2.1944
176,586,7,62,heat,2,1.5197,6.0,3.5784,2.5482
176,586,7,62,conduct,2,2.1792,6.0,3.5784,3.6539
176,586,7,62,solut,1,1.2349,3.0,2.5784,1.4368
176,586,7,62,use,2,1.0037,6.0,3.5784,1.6829
176,586,7,62,method,1,1.1235,3.0,2.5784,1.3073
176,5,8,37,analyt,1,2.5768,3.0,2.2645,3.4137
176,5,8,37,heat,6,1.5197,18.0,7.2645,3.7656
176,5,8,37,conduct,2,2.1792,6.0,3.2645,4.0052
176,5,8,37,solut,1,1.2349,3.0,2.2645,1.636
176,1073,9,30,approxim,1,1.3087,3.0,2.1766,1.8038
176,1073,9,30,heat,3,1.5197,9.0,4.1766,3.2748
176,1073,9,30,conduct,1,2.1792,3.0,2.1766,3.0035
176,1073,9,30,solut,2,1.2349,6.0,3.1766,2.3325
176,1073,9,30,method,2,1.1235,6.0,3.1766,2.1221
176,1375,10,177,approxim,4,1.3087,12.0,7.0222,2.2364
176,1375,10,177,analyt,1,2.5768,3.0,4.0222,1.9219
176,1375,10,177,heat,1,1.5197,3.0,4.0222,1.1335
176,1375,10,177,conduct,1,2.1792,3.0,4.0222,1.6254
176,1375,10,177,solut,5,1.2349,15.0,8.0222,2.309
176,1375,10,177,use,1,1.0037,3.0,4.0222,0.7486
176,1375,10,177,method,9,1.1235,27.0,12.0222,2.5233
177,589,1,140,stall,11,4.3827,33.0,13.5577,10.6678
177,589,1,140,stage,6,3.9678,18.0,8.5577,8.3458
177,589,1,140,axial,1,2.2511,3.0,3.5577,1.8983
177,589,1,140,compressor,13,4.2245,39.0,15.5577,10.59
177,588,2,182,stall,8,4.3827,24.0,11.085,9.4891
177,588,2,182,stage,14,3.9678,42.0,17.085,9.754
177,588,2,182,axial,2,2.2511,6.0,5.085,2.6562
177,588,2,182,compressor,7,4.2245,21.0,10.085,8.7967
177,576,3,268,stall,6,4.3827,18.0,10.1647,7.7611
177,576,3,268,stage,13,3.9678,39.0,17.1647,9.0153
177,576,3,268,axial,1,2.2511,3.0,5.1647,1.3076
177,576,3,268,compressor,4,4.2245,12.0,8.1647,6.209
177,543,4,47,stage,4,3.9678,12.0,5.3901,8.8336
177,543,4,47,axial,1,2.2511,3.0,2.3901,2.8256
177,543,4,47,compressor,5,4.2245,15.0,6.3901,9.9166
177,590,5,42,stage,3,3.9678,9.0,4.3273,8.2523
177,590,5,42,axial,2,2.2511,6.0,3.3273,4.0594
177,590,5,42,compressor,2,4.2245,6.0,3.3273,7.6179
177,578,6,53,stall,2,4.3827,6.0,3.4654,7.5883
177,578,6,53,stage,1,3.9678,3.0,2.4654,4.8282
177,578,6,53,compressor,2,4.2245,6.0,3.4654,7.3143
177,216,7,155,stage,3,3.9678,9.0,5.746,6.2148
177,216,7,155,axial,3,2.2511,9.0,5.746,3.5259
177,216,7,155,compressor,9,4.2245,27.0,11.746,9.7107
177,138,8,123,expect,1,3.5436,3.0,3.3442,3.1789
177,138,8,123,stage,1,3.9678,3.0,3.3442,3.5594
177,138,8,123,axial,2,2.2511,6.0,4.3442,3.1091
177,138,8,123,compressor,6,4.2245,18.0,8.3442,9.113
177,592,9,48,stage,1,3.9678,3.0,2.4026,4.9543
177,592,9,48,axial,2,2.2511,6.0,3.4026,3.9695
177,592,9,48,compressor,2,4.2245,6.0,3.4026,7.4493
177,426,10,89,stage,1,3.9678,3.0,2.9174,4.0802
177,426,10,89,axial,3,2.2511,9.0,4.9174,4.1201
177,426,10,89,compressor,3,4.2245,9.0,4.9174,7.7319
178,591,1,34,compressor,3,4.2245,9.0,4.2269,8.995
178,591,1,34,choke,2,4.8026,6.0,3.2269,8.9299
178,591,1,34,line,2,2.9614,6.0,3.2269,5.5063
178,216,2,155,axial,3,2.2511,9.0,5.746,3.5259
178,216,2,155,compressor,9,4.2245,27.0,11.746,9.7107
178,543,3,47,axial,1,2.2511,3.0,2.3901,2.8256
178,543,3,47,compressor,5,4.2245,15.0,6.3901,9.9166
178,589,4,140,axial,1,2.2511,3.0,3.5577,1.8983
178,589,4,140,compressor,13,4.2245,39.0,15.5577,10.59
178,138,5,123,axial,2,2.2511,6.0,4.3442,3.1091
178,138,5,123,compressor,6,4.2245,18.0,8.3442,9.113
178,426,6,89,axial,3,2.2511,9.0,4.9174,4.1201
178,426,6,89,compressor,3,4.2245,9.0,4.9174,7.7319
178,590,7,42,axial,2,2.2511,6.0,3.3273,4.0594
178,590,7,42,compressor,2,4.2245,6.0,3.3273,7.6179
178,214,8,69,axial,1,2.2511,3.0,2.6663,2.5329
178,214,8,69,compressor,4,4.2245,12.0,5.6663,8.9467
178,588,9,182,axial,2,2.2511,6.0,5.085,2.6562
178,588,9,182,compressor,7,4.2245,21.0,10.085,8.7967
178,592,10,48,axial,2,2.2511,6.0,3.4026,3.9695
178,592,10,48,compressor,2,4.2245,6.0,3.4026,7.4493
179,680,1,78,theori,4,1.1214,12.0,5.7793,2.3284
179,680,1,78,quasi,1,4.2245,3.0,2.7793,4.56
179,680,1,78,conic,2,3.0477,6.0,3.7793,4.8386
179,680,1,78,flow,2,0.6512,6.0,3.7793,1.0339
179,680,1,78,superson,2,1.6447,6.0,3.7793,2.6111
179,680,1,78,theori,4,1.1214,12.0,5.7793,2.3284
179,680,1,78,distribut,3,1.3547,9.0,4.7793,2.551
179,680,1,78,lift,2,2.1729,6.0,3.7793,3.4497
179,680,1,78,surfac,1,1.4443,3.0,2.7793,1.559
179,680,1,78,general,2,1.5665,6.0,3.7793,2.487
179,680,1,78,form,2,1.7664,6.0,3.7793,2.8043
179,633,2,49,conic,4,3.0477,12.0,5.4152,6.7538
179,633,2,49,flow,4,0.6512,12.0,5.4152,1.4431
179,633,2,49,develop,1,1.6671,3.0,2.4152,2.0708
179,633,2,49,superson,1,1.6447,3.0,2.4152,2.0429
179,633,2,49,upwash,1,5.5402,3.0,2.4152,6.8817
179,633,2,49,lift,1,2.1729,3.0,2.4152,2.699
179,633,2,49,ordin,2,4.5708,6.0,3.4152,8.0302
179,682,3,104,theori,1,1.1214,3.0,3.1057,1.0832
179,682,3,104,conic,1,3.0477,3.0,3.1057,2.944
179,682,3,104,flow,3,0.6512,9.0,5.1057,1.1479
179,682,3,104,superson,1,1.6447,3.0,3.1057,1.5887
179,682,3,104,theori,1,1.1214,3.0,3.1057,1.0832
179,682,3,104,distribut,1,1.3547,3.0,3.1057,1.3086
179,682,3,104,lift,1,2.1729,3.0,3.1057,2.0989
179,682,3,104,homogen,1,4.9936,3.0,3.1057,4.8237
179,682,3,104,ordin,3,4.5708,9.0,5.1057,8.0571
179,682,3,104,form,2,1.7664,6.0,4.1057,2.5814
179,753,4,152,theori,3,1.1214,9.0,5.7083,1.768
179,753,4,152,quasi,8,4.2245,24.0,10.7083,9.4682
179,753,4,152,develop,1,1.6671,3.0,3.7083,1.3487
179,753,4,152,superson,1,1.6447,3.0,3.7083,1.3305
179,753,4,152,theori,3,1.1214,9.0,5.7083,1.768
179,753,4,152,lift,1,2.1729,3.0,3.7083,1.7579
179,753,4,152,surfac,1,1.4443,3.0,3.7083,1.1685
179,753,4,152,function,3,2.0058,9.0,5.7083,3.1625
179,753,4,152,function,3,2.0058,9.0,5.7083,3.1625
179,753,4,152,form,1,1.7664,3.0,3.7083,1.429
179,428,5,101,theori,1,1.1214,3.0,3.068,1.0965
179,428,5,101,quasi,4,4.2245,12.0,6.068,8.3543
179,428,5,101,flow,3,0.6512,9.0,5.068,1.1564
179,428,5,101,superson,2,1.6447,6.0,4.068,2.4257
179,428,5,101,linearis,1,4.5041,3.0,3.068,4.4042
179,428,5,101,theori,1,1.1214,3.0,3.068,1.0965
179,428,5,101,distribut,1,1.3547,3.0,3.068,1.3246
179,428,5,101,surfac,1,1.4443,3.0,3.068,1.4123
179,428,5,101,permit,1,3.5686,3.0,3.068,3.4895
179,428,5,101,general,1,1.5665,3.0,3.068,1.5317
179,224,6,39,theori,1,1.1214,3.0,2.2896,1.4693
179,224,6,39,quasi,2,4.2245,6.0,3.2896,7.7051
179,224,6,39,flow,1,0.6512,3.0,2.2896,0.8533
179,224,6,39,superson,1,1.6447,3.0,2.2896,2.1549
179,224,6,39,linearis,1,4.5041,3.0,2.2896,5.9015
179,224,6,39,theori,1,1.1214,3.0,2.2896,1.4693
179,224,6,39,distribut,1,1.3547,3.0,2.2896,1.775
179,224,6,39,surfac,4,1.4443,12.0,5.2896,3.2766
179,930,7,73,theori,2,1.1214,6.0,3.7165,1.8103
179,930,7,73,conic,2,3.0477,6.0,3.7165,4.9203
179,930,7,73,develop,2,1.6671,6.0,3.7165,2.6914
179,930,7,73,theori,2,1.1214,6.0,3.7165,1.8103
179,930,7,73,surfac,3,1.4443,9.0,4.7165,2.7561
179,930,7,73,function,1,2.0058,3.0,2.7165,2.2152
179,930,7,73,general,2,1.5665,6.0,3.7165,2.529
179,930,7,73,function,1,2.0058,3.0,2.7165,2.2152
179,930,7,73,form,2,1.7664,6.0,3.7165,2.8517
179,122,8,133,theori,3,1.1214,9.0,5.4698,1.8451
179,122,8,133,conic,4,3.0477,12.0,6.4698,5.6529
179,122,8,133,flow,2,0.6512,6.0,4.4698,0.8742
179,122,8,133,develop,1,1.6671,3.0,3.4698,1.4414
179,122,8,133,superson,1,1.6447,3.0,3.4698,1.422
179,122,8,133,theori,3,1.1214,9.0,5.4698,1.8451
179,122,8,133,surfac,2,1.4443,6.0,4.4698,1.9388
179,122,8,133,quit,2,3.8272,6.0,4.4698,5.1375
179,122,8,133,general,1,1.5665,3.0,3.4698,1.3544
179,122,8,133,form,1,1.7664,3.0,3.4698,1.5272
179,918,9,62,theori,1,1.1214,3.0,2.5784,1.3047
179,918,9,62,flow,2,0.6512,6.0,3.5784,1.0919
179,918,9,62,superson,3,1.6447,9.0,4.5784,3.233
179,918,9,62,linearis,1,4.5041,3.0,2.5784,5.2406
179,918,9,62,theori,1,1.1214,3.0,2.5784,1.3047
179,918,9,62,distribut,1,1.3547,3.0,2.5784,1.5762
179,918,9,62,lift,1,2.1729,3.0,2.5784,2.5282
179,918,9,62,ordin,1,4.5708,3.0,2.5784,5.3182
179,1280,10,139,flow,2,0.6512,6.0,4.5451,0.8597
179,1280,10,139,develop,2,1.6671,6.0,4.5451,2.2007
179,1280,10,139,superson,1,1.6447,3.0,3.5451,1.3918
179,1280,10,139,distribut,7,1.3547,21.0,9.5451,2.9804
179,1280,10,139,lift,2,2.1729,6.0,4.5451,2.8684
179,1280,10,139,surfac,2,1.4443,6.0,4.5451,1.9067
179,1280,10,139,function,4,2.0058,12.0,6.5451,3.6776
179,1280,10,139,function,4,2.0058,12.0,6.5451,3.6776
179,1280,10,139,form,1,1.7664,3.0,3.5451,1.4948
180,548,1,164,scale,3,3.3034,9.0,5.859,5.0743
180,548,1,164,height,8,3.704,24.0,10.859,8.1864
180,548,1,164,vari,5,2.2717,15.0,7.859,4.3358
180,548,1,164,altitud,2,3.4272,6.0,4.859,4.232
180,548,1,164,atmospher,2,2.8947,6.0,4.859,3.5744
180,622,2,151,scale,2,3.3034,6.0,4.6958,4.2209
180,622,2,151,height,8,3.704,24.0,10.6958,8.3113
180,622,2,151,vari,1,2.2717,3.0,3.6958,1.844
180,622,2,151,atmospher,2,2.8947,6.0,4.6958,3.6986
180,616,3,93,scale,1,3.3034,3.0,2.9676,3.3394
180,616,3,93,height,3,3.704,9.0,4.9676,6.7107
180,616,3,93,vari,1,2.2717,3.0,2.9676,2.2965
180,616,3,93,atmospher,3,2.8947,9.0,4.9676,5.2444
180,617,4,59,scale,1,3.3034,3.0,2.5407,3.9005
180,617,4,59,height,1,3.704,3.0,2.5407,4.3735
180,617,4,59,altitud,1,3.4272,3.0,2.5407,4.0467
180,617,4,59,atmospher,1,2.8947,3.0,2.5407,3.4179
180,1324,5,101,scale,1,3.3034,3.0,3.068,3.2301
180,1324,5,101,height,2,3.704,6.0,4.068,5.4631
180,1324,5,101,altitud,1,3.4272,3.0,3.068,3.3512
180,719,6,100,vari,2,2.2717,6.0,4.0555,3.3609
180,719,6,100,altitud,1,3.4272,3.0,3.0555,3.365
180,719,6,100,atmospher,2,2.8947,6.0,4.0555,4.2826
180,218,7,154,scale,7,3.3034,21.0,9.7334,7.127
180,218,7,154,vari,3,2.2717,9.0,5.7334,3.5659
180,1103,8,50,altitud,1,3.4272,3.0,2.4277,4.2351
180,1103,8,50,atmospher,4,2.8947,12.0,5.4277,6.3997
180,1391,9,126,height,1,3.704,3.0,3.3819,3.2857
180,1391,9,126,altitud,2,3.4272,6.0,4.3819,4.6928
180,1391,9,126,atmospher,1,2.8947,3.0,3.3819,2.5678
180,882,10,32,altitud,2,3.4272,6.0,3.2018,6.4225
180,882,10,32,atmospher,1,2.8947,3.0,2.2018,3.9441
181,997,1,119,jet,17,2.6754,51.0,19.294,7.0719
181,997,1,119,interfer,1,3.4055,3.0,3.294,3.1015
181,997,1,119,superson,3,1.6447,9.0,5.294,2.796
181,997,1,119,theoret,3,1.7832,9.0,5.294,3.0316
181,993,2,135,jet,10,2.6754,30.0,12.4949,6.4236
181,993,2,135,interfer,2,3.4055,6.0,4.4949,4.5458
181,993,2,135,superson,4,1.6447,12.0,6.4949,3.0387
181,993,2,135,flow,2,0.6512,6.0,4.4949,0.8693
181,131,3,184,jet,9,2.6754,27.0,12.1101,5.9649
181,131,3,184,superson,3,1.6447,9.0,6.1101,2.4226
181,131,3,184,flow,4,0.6512,12.0,7.1101,1.0991
181,131,3,184,theoret,1,1.7832,3.0,4.1101,1.3016
181,131,3,184,paper,3,1.9441,9.0,6.1101,2.8637
181,696,4,190,jet,11,2.6754,33.0,14.1854,6.2239
181,696,4,190,interfer,2,3.4055,6.0,5.1854,3.9405
181,696,4,190,superson,1,1.6447,3.0,4.1854,1.1789
181,696,4,190,flow,3,0.6512,9.0,6.1854,0.9475
181,176,5,70,jet,8,2.6754,24.0,9.6788,6.634
181,176,5,70,superson,2,1.6447,6.0,3.6788,2.6824
181,176,5,70,flow,1,0.6512,3.0,2.6788,0.7293
181,176,5,70,paper,1,1.9441,3.0,2.6788,2.1772
181,1074,6,98,interfer,3,3.4055,9.0,5.0304,6.0929
181,1074,6,98,superson,2,1.6447,6.0,4.0304,2.4484
181,1074,6,98,flow,2,0.6512,6.0,4.0304,0.9695
181,1074,6,98,theoret,2,1.7832,6.0,4.0304,2.6547
181,610,7,85,interfer,7,3.4055,21.0,8.8672,8.0652
181,610,7,85,flow,3,0.6512,9.0,4.8672,1.2042
181,610,7,85,theoret,2,1.7832,6.0,3.8672,2.7667
181,243,8,52,jet,4,2.6754,12.0,5.4528,5.8877
181,243,8,52,superson,2,1.6447,6.0,3.4528,2.8579
181,243,8,52,flow,1,0.6512,3.0,2.4528,0.7965
181,243,8,52,theoret,1,1.7832,3.0,2.4528,2.181
181,970,9,124,jet,5,2.6754,15.0,7.3568,5.455
181,970,9,124,interfer,1,3.4055,3.0,3.3568,3.0435
181,970,9,124,superson,2,1.6447,6.0,4.3568,2.265
181,970,9,124,flow,2,0.6512,6.0,4.3568,0.8968
181,1075,10,126,interfer,5,3.4055,15.0,7.3819,6.9199
181,1075,10,126,superson,2,1.6447,6.0,4.3819,2.252
181,1075,10,126,theoret,2,1.7832,6.0,4.3819,2.4417
182,634,1,92,effect,2,0.9524,6.0,3.955,1.4449
182,634,1,92,lead,3,2.083,9.0,4.955,3.7835
182,634,1,92,edg,3,2.0058,9.0,4.955,3.6433
182,634,1,92,blunt,3,2.2997,9.0,4.955,4.1771
182,634,1,92,flutter,4,3.2107,12.0,5.955,6.4699
182,634,1,92,characterist,2,2.0273,6.0,3.955,3.0755
182,634,1,92,squar,2,3.2286,6.0,3.955,4.8979
182,634,1,92,planform,2,4.0879,6.0,3.955,6.2016
182,634,1,92,doubl,2,4.0463,6.0,3.955,6.1384
182,634,1,92,wedg,2,3.4954,6.0,3.955,5.3028
182,634,1,92,airfoil,2,3.0477,6.0,3.955,4.6236
182,634,1,92,mach,2,1.2826,6.0,3.955,1.9458
182,634,1,92,number,2,0.7937,6.0,3.955,1.2041
182,634,1,92,fifteen,2,3.5436,6.0,3.955,5.3759
182,634,1,92,point,1,1.0785,3.0,2.955,1.0949
182,634,1,92,four,2,1.9195,6.0,3.955,2.912
182,685,2,207,effect,4,0.9524,12.0,7.3988,1.5448
182,685,2,207,lead,2,2.083,6.0,5.3988,2.315
182,685,2,207,edg,2,2.0058,6.0,5.3988,2.2292
182,685,2,207,blunt,2,2.2997,6.0,5.3988,2.5558
182,685,2,207,flutter,5,3.2107,15.0,8.3988,5.7342
182,685,2,207,characterist,2,2.0273,6.0,5.3988,2.253
182,685,2,207,squar,2,3.2286,6.0,5.3988,3.5881
182,685,2,207,planform,4,4.0879,12.0,7.3988,6.6301
182,685,2,207,doubl,3,4.0463,9.0,6.3988,5.6911
182,685,2,207,wedg,5,3.4954,15.0,8.3988,6.2427
182,685,2,207,airfoil,7,3.0477,21.0,10.3988,6.1548
182,685,2,207,mach,6,1.2826,18.0,9.3988,2.4564
182,685,2,207,number,6,0.7937,18.0,9.3988,1.52
182,685,2,207,point,6,1.0785,18.0,9.3988,2.0654
182,685,2,207,four,2,1.9195,6.0,5.3988,2.1332
182,686,3,142,effect,2,0.9524,6.0,4.5828,1.247
182,686,3,142,lead,2,2.083,6.0,4.5828,2.7272
182,686,3,142,edg,2,2.0058,6.0,4.5828,2.6262
182,686,3,142,blunt,1,2.2997,3.0,3.5828,1.9257
182,686,3,142,flutter,6,3.2107,18.0,8.5828,6.7336
182,686,3,142,doubl,2,4.0463,6.0,4.5828,5.2976
182,686,3,142,wedg,2,3.4954,6.0,4.5828,4.5764
182,686,3,142,airfoil,2,3.0477,6.0,4.5828,3.9903
182,686,3,142,mach,3,1.2826,9.0,5.5828,2.0678
182,686,3,142,number,4,0.7937,12.0,6.5828,1.4468
182,686,3,142,fifteen,1,3.5436,3.0,3.5828,2.9672
182,686,3,142,point,2,1.0785,6.0,4.5828,1.412
182,593,4,115,effect,2,0.9524,6.0,4.2438,1.3466
182,593,4,115,lead,1,2.083,3.0,3.2438,1.9265
182,593,4,115,edg,1,2.0058,3.0,3.2438,1.8551
182,593,4,115,blunt,1,2.2997,3.0,3.2438,2.1269
182,593,4,115,flutter,7,3.2107,21.0,9.2438,7.2941
182,593,4,115,wedg,1,3.4954,3.0,3.2438,3.2327
182,593,4,115,airfoil,2,3.0477,6.0,4.2438,4.309
182,593,4,115,mach,5,1.2826,15.0,7.2438,2.656
182,593,4,115,number,5,0.7937,15.0,7.2438,1.6435
182,593,4,115,point,1,1.0785,3.0,3.2438,0.9974
182,1300,5,174,effect,1,0.9524,3.0,3.9845,0.7171
182,1300,5,174,lead,6,2.083,18.0,8.9845,4.1732
182,1300,5,174,edg,7,2.0058,21.0,9.9845,4.2188
182,1300,5,174,blunt,7,2.2997,21.0,9.9845,4.8369
182,1300,5,174,wedg,3,3.4954,9.0,5.9845,5.2567
182,1300,5,174,mach,8,1.2826,24.0,10.9845,2.8024
182,1300,5,174,number,9,0.7937,27.0,11.9845,1.7881
182,1300,5,174,point,1,1.0785,3.0,3.9845,0.812
182,857,6,142,effect,4,0.9524,12.0,6.5828,1.7363
182,857,6,142,edg,3,2.0058,9.0,5.5828,3.2336
182,857,6,142,flutter,6,3.2107,18.0,8.5828,6.7336
182,857,6,142,mach,2,1.2826,6.0,4.5828,1.6793
182,857,6,142,number,2,0.7937,6.0,4.5828,1.0391
182,857,6,142,less,1,2.8321,3.0,3.5828,2.3715
182,857,6,142,point,5,1.0785,15.0,7.5828,2.1334
182,857,6,142,four,5,1.9195,15.0,7.5828,3.7971
182,597,7,64,effect,1,0.9524,3.0,2.6035,1.0975
182,597,7,64,blunt,3,2.2997,9.0,4.6035,4.4961
182,597,7,64,wedg,2,3.4954,6.0,3.6035,5.8201
182,597,7,64,mach,2,1.2826,6.0,3.6035,2.1357
182,597,7,64,number,2,0.7937,6.0,3.6035,1.3215
182,597,7,64,less,1,2.8321,3.0,2.6035,3.2635
182,597,7,64,point,4,1.0785,12.0,5.6035,2.3096
182,597,7,64,four,1,1.9195,3.0,2.6035,2.2118
182,1338,8,140,effect,2,0.9524,6.0,4.5577,1.2539
182,1338,8,140,flutter,7,3.2107,21.0,9.5577,7.0545
182,1338,8,140,characterist,2,2.0273,6.0,4.5577,2.6689
182,1338,8,140,airfoil,1,3.0477,3.0,3.5577,2.57
182,1338,8,140,mach,6,1.2826,18.0,8.5577,2.6979
182,1338,8,140,number,6,0.7937,18.0,8.5577,1.6694
182,1338,8,140,point,5,1.0785,15.0,7.5577,2.1405
182,1338,8,140,four,2,1.9195,6.0,4.5577,2.5269
182,712,9,193,effect,2,0.9524,6.0,5.2231,1.0941
182,712,9,193,lead,5,2.083,15.0,8.2231,3.7997
182,712,9,193,edg,5,2.0058,15.0,8.2231,3.6589
182,712,9,193,characterist,5,2.0273,15.0,8.2231,3.6981
182,712,9,193,planform,7,4.0879,21.0,10.2231,8.3974
182,712,9,193,number,2,0.7937,6.0,5.2231,0.9117
182,712,9,193,point,1,1.0785,3.0,4.2231,0.7661
182,1290,10,132,flutter,8,3.2107,24.0,10.4572,7.3688
182,1290,10,132,characterist,2,2.0273,6.0,4.4572,2.729
182,1290,10,132,planform,3,4.0879,9.0,5.4572,6.7418
182,1290,10,132,mach,2,1.2826,6.0,4.4572,1.7266
182,1290,10,132,number,2,0.7937,6.0,4.4572,1.0684
182,1290,10,132,point,1,1.0785,3.0,3.4572,0.9358
182,1290,10,132,four,1,1.9195,3.0,3.4572,1.6656
183,809,1,79,influenc,1,2.6249,3.0,2.7918,2.8206
183,809,1,79,sonic,2,3.2286,6.0,3.7918,5.1087
183,809,1,79,boom,2,4.7192,6.0,3.7918,7.4675
183,804,2,99,sonic,3,3.2286,9.0,5.0429,5.7619
183,804,2,99,boom,4,4.7192,12.0,6.0429,9.3714
183,758,3,79,sonic,3,3.2286,9.0,4.7918,6.0639
183,758,3,79,boom,3,4.7192,9.0,4.7918,8.8636
183,806,4,160,shown,1,1.5907,3.0,3.8088,1.2529
183,806,4,160,sonic,2,3.2286,6.0,4.8088,4.0283
183,806,4,160,boom,4,4.7192,12.0,6.8088,8.3173
183,811,5,171,shown,1,1.5907,3.0,3.9469,1.2091
183,811,5,171,sonic,1,3.2286,3.0,3.9469,2.454
183,811,5,171,boom,3,4.7192,9.0,5.9469,7.1421
183,811,5,171,strength,1,3.0783,3.0,3.9469,2.3398
183,808,6,112,sonic,2,3.2286,6.0,4.2061,4.6055
183,808,6,112,boom,3,4.7192,9.0,5.2061,8.1582
183,1243,7,62,factor,1,2.8567,3.0,2.5784,3.3238
183,1243,7,62,boom,3,4.7192,9.0,4.5784,9.2768
183,1226,8,165,factor,2,2.8567,6.0,4.8715,3.5184
183,1226,8,165,primari,2,4.6423,6.0,4.8715,5.7176
183,1226,8,165,influenc,2,2.6249,6.0,4.8715,3.2329
183,88,9,84,shown,1,1.5907,3.0,2.8546,1.6717
183,88,9,84,influenc,4,2.6249,12.0,5.8546,5.3801
183,88,9,84,strength,2,3.0783,6.0,3.8546,4.7916
183,39,10,86,factor,1,2.8567,3.0,2.8797,2.976
183,39,10,86,shown,1,1.5907,3.0,2.8797,1.6571
183,39,10,86,sonic,4,3.2286,12.0,5.8797,6.5892
184,715,1,64,small,1,1.7664,3.0,2.6035,2.0354
184,715,1,64,oscil,1,3.1759,3.0,2.6035,3.6596
184,715,1,64,entri,1,3.5436,3.0,2.6035,4.0833
184,715,1,64,motion,4,2.4533,12.0,5.6035,5.2538
184,207,2,101,work,1,2.5131,3.0,3.068,2.4574
184,207,2,101,small,1,1.7664,3.0,3.068,1.7272
184,207,2,101,oscil,6,3.1759,18.0,8.068,7.0856
184,207,2,101,motion,2,2.4533,6.0,4.068,3.6184
184,515,3,75,work,1,2.5131,3.0,2.7416,2.75
184,515,3,75,small,2,1.7664,6.0,3.7416,2.8326
184,515,3,75,oscil,2,3.1759,6.0,3.7416,5.0929
184,515,3,75,motion,1,2.4533,3.0,2.7416,2.6845
184,164,4,182,small,1,1.7664,3.0,4.085,1.2972
184,164,4,182,entri,5,3.5436,15.0,8.085,6.5745
184,164,4,182,motion,2,2.4533,6.0,5.085,2.8948
184,658,5,137,oscil,3,3.1759,9.0,5.52,5.1781
184,658,5,137,motion,4,2.4533,12.0,6.52,4.5153
184,162,6,121,small,2,1.7664,6.0,4.3191,2.4538
184,162,6,121,entri,2,3.5436,6.0,4.3191,4.9227
184,162,6,121,motion,1,2.4533,3.0,3.3191,2.2174
184,917,7,169,work,1,2.5131,3.0,3.9218,1.9225
184,917,7,169,small,3,1.7664,9.0,5.9218,2.6846
184,917,7,169,oscil,3,3.1759,9.0,5.9218,4.8268
184,717,8,215,oscil,1,3.1759,3.0,4.4993,2.1176
184,717,8,215,entri,2,3.5436,6.0,5.4993,3.8663
184,717,8,215,motion,3,2.4533,9.0,6.4993,3.3972
184,716,9,50,entri,1,3.5436,3.0,2.4277,4.3789
184,716,9,50,motion,3,2.4533,9.0,4.4277,4.9867
184,790,10,125,small,1,1.7664,3.0,3.3693,1.5728
184,790,10,125,oscil,2,3.1759,6.0,4.3693,4.3612
184,790,10,125,motion,2,2.4533,6.0,4.3693,3.3689
185,856,1,144,experiment,3,1.4175,9.0,5.6079,2.2749
185,856,1,144,studi,4,1.7664,12.0,6.6079,3.2078
185,856,1,144,panel,15,3.4272,45.0,17.6079,8.7589
185,856,1,144,flutter,10,3.2107,30.0,12.6079,7.6397
185,857,2,142,experiment,2,1.4175,6.0,4.5828,1.8558
185,857,2,142,studi,1,1.7664,3.0,3.5828,1.4791
185,857,2,142,panel,14,3.4272,42.0,16.5828,8.6803
185,857,2,142,flutter,6,3.2107,18.0,8.5828,6.7336
185,766,3,161,experiment,3,1.4175,9.0,5.8213,2.1915
185,766,3,161,panel,13,3.4272,39.0,15.8213,8.4482
185,766,3,161,flutter,9,3.2107,27.0,11.8213,7.3333
185,858,4,116,experiment,2,1.4175,6.0,4.2563,1.9981
185,858,4,116,panel,10,3.4272,30.0,12.2563,8.3889
185,858,4,116,flutter,6,3.2107,18.0,8.2563,6.9998
185,1008,5,51,experiment,1,1.4175,3.0,2.4403,1.7426
185,1008,5,51,panel,6,3.4272,18.0,7.4403,8.2914
185,1008,5,51,flutter,4,3.2107,12.0,5.4403,7.082
185,390,6,75,studi,1,1.7664,3.0,2.7416,1.9329
185,390,6,75,panel,4,3.4272,12.0,5.7416,7.1629
185,390,6,75,flutter,4,3.2107,12.0,5.7416,6.7104
185,859,7,159,panel,15,3.4272,45.0,17.7962,8.6662
185,859,7,159,flutter,8,3.2107,24.0,10.7962,7.1374
185,658,8,137,experiment,1,1.4175,3.0,3.52,1.2081
185,658,8,137,panel,11,3.4272,33.0,13.52,8.3653
185,658,8,137,flutter,4,3.2107,12.0,6.52,5.9093
185,948,9,115,panel,10,3.4272,30.0,12.2438,8.3975
185,948,9,115,flutter,6,3.2107,18.0,8.2438,7.0104
185,391,10,79,panel,5,3.4272,15.0,6.7918,7.5692
185,391,10,79,flutter,6,3.2107,18.0,7.7918,7.4171
186,1243,1,62,wing,6,1.8222,18.0,7.5784,4.328
186,1243,1,62,bodi,6,1.5631,18.0,7.5784,3.7125
186,1243,1,62,field,1,2.118,3.0,2.5784,2.4643
186,1243,1,62,interfer,2,3.4055,6.0,3.5784,5.7101
186,1243,1,62,effect,1,0.9524,3.0,2.5784,1.1082
186,1074,2,98,wing,5,1.8222,15.0,7.0304,3.8878
186,1074,2,98,bodi,4,1.5631,12.0,6.0304,3.1104
186,1074,2,98,flow,2,0.6512,6.0,4.0304,0.9695
186,1074,2,98,interfer,3,3.4055,9.0,5.0304,6.0929
186,1074,2,98,effect,1,0.9524,3.0,3.0304,0.9429
186,1074,2,98,approxim,2,1.3087,6.0,4.0304,1.9483
186,230,3,122,wing,8,1.8222,24.0,10.3317,4.2329
186,230,3,122,bodi,3,1.5631,9.0,5.3317,2.6385
186,230,3,122,flow,1,0.6512,3.0,3.3317,0.5864
186,230,3,122,field,1,2.118,3.0,3.3317,1.9072
186,230,3,122,interfer,2,3.4055,6.0,4.3317,4.7171
186,230,3,122,effect,1,0.9524,3.0,3.3317,0.8576
186,230,3,122,approxim,2,1.3087,6.0,4.3317,1.8128
186,1239,4,237,wing,12,1.8222,36.0,15.7755,4.1583
186,1239,4,237,bodi,19,1.5631,57.0,22.7755,3.9119
186,1239,4,237,flow,6,0.6512,18.0,9.7755,1.1991
186,1239,4,237,field,2,2.118,6.0,5.7755,2.2003
186,1239,4,237,interfer,2,3.4055,6.0,5.7755,3.5379
186,1239,4,237,effect,1,0.9524,3.0,4.7755,0.5983
186,1239,4,237,approxim,1,1.3087,3.0,4.7755,0.8222
186,229,5,128,wing,7,1.8222,21.0,9.407,4.0678
186,229,5,128,bodi,4,1.5631,12.0,6.407,2.9275
186,229,5,128,flow,1,0.6512,3.0,3.407,0.5734
186,229,5,128,field,1,2.118,3.0,3.407,1.865
186,229,5,128,interfer,2,3.4055,6.0,4.407,4.6365
186,229,5,128,effect,1,0.9524,3.0,3.407,0.8387
186,229,5,128,approxim,1,1.3087,3.0,3.407,1.1524
186,1075,6,126,wing,10,1.8222,30.0,12.3819,4.415
186,1075,6,126,bodi,5,1.5631,15.0,7.3819,3.1761
186,1075,6,126,interfer,5,3.4055,15.0,7.3819,6.9199
186,1075,6,126,effect,2,0.9524,6.0,4.3819,1.3042
186,1062,7,65,wing,5,1.8222,15.0,6.6161,4.1313
186,1062,7,65,bodi,4,1.5631,12.0,5.6161,3.3398
186,1062,7,65,interfer,3,3.4055,9.0,4.6161,6.6397
186,1062,7,65,effect,1,0.9524,3.0,2.6161,1.0922
186,252,8,144,wing,2,1.8222,6.0,4.6079,2.3727
186,252,8,144,bodi,1,1.5631,3.0,3.6079,1.2997
186,252,8,144,flow,1,0.6512,3.0,3.6079,0.5415
186,252,8,144,field,1,2.118,3.0,3.6079,1.7611
186,252,8,144,interfer,5,3.4055,15.0,7.6079,6.7144
186,252,8,144,effect,8,0.9524,24.0,10.6079,2.1549
186,924,9,126,wing,12,1.8222,36.0,14.3819,4.5612
186,924,9,126,bodi,5,1.5631,15.0,7.3819,3.1761
186,924,9,126,interfer,3,3.4055,9.0,5.3819,5.6949
186,924,9,126,effect,2,0.9524,6.0,4.3819,1.3042
186,923,10,93,wing,6,1.8222,18.0,7.9676,4.1166
186,923,10,93,bodi,6,1.5631,18.0,7.9676,3.5312
186,923,10,93,interfer,2,3.4055,6.0,3.9676,5.15
186,923,10,93,effect,3,0.9524,9.0,4.9676,1.7256
187,763,1,56,investig,1,1.3547,3.0,2.5031,1.6236
187,763,1,56,effect,2,0.9524,6.0,3.5031,1.6313
187,763,1,56,intern,3,3.4495,9.0,4.5031,6.8942
187,763,1,56,pressur,4,0.9305,12.0,5.5031,2.029
187,763,1,56,buckl,2,2.3968,6.0,3.5031,4.1052
187,763,1,56,circular,1,2.3069,3.0,2.5031,2.7649
187,763,1,56,cylindr,1,2.6448,3.0,2.5031,3.1699
187,763,1,56,shell,1,2.5768,3.0,2.5031,3.0884
187,763,1,56,bend,3,3.0036,9.0,4.5031,6.0031
187,839,2,96,effect,1,0.9524,3.0,3.0053,0.9508
187,839,2,96,intern,2,3.4495,6.0,4.0053,5.1674
187,839,2,96,pressur,7,0.9305,21.0,9.0053,2.1699
187,839,2,96,buckl,2,2.3968,6.0,4.0053,3.5905
187,839,2,96,circular,1,2.3069,3.0,3.0053,2.3028
187,839,2,96,cylindr,1,2.6448,3.0,3.0053,2.6402
187,839,2,96,shell,1,2.5768,3.0,3.0053,2.5723
187,839,2,96,bend,5,3.0036,15.0,7.0053,6.4315
187,1068,3,81,investig,1,1.3547,3.0,2.8169,1.4427
187,1068,3,81,pressur,3,0.9305,9.0,4.8169,1.7385
187,1068,3,81,buckl,2,2.3968,6.0,3.8169,3.7677
187,1068,3,81,circular,1,2.3069,3.0,2.8169,2.4568
187,1068,3,81,cylindr,3,2.6448,9.0,4.8169,4.9415
187,1068,3,81,shell,5,2.5768,15.0,6.8169,5.67
187,1068,3,81,bend,2,3.0036,6.0,3.8169,4.7215
187,1126,4,53,effect,1,0.9524,3.0,2.4654,1.159
187,1126,4,53,intern,1,3.4495,3.0,2.4654,4.1974
187,1126,4,53,pressur,1,0.9305,3.0,2.4654,1.1323
187,1126,4,53,buckl,3,2.3968,9.0,4.4654,4.8308
187,1126,4,53,cylindr,2,2.6448,6.0,3.4654,4.5792
187,1126,4,53,shell,2,2.5768,6.0,3.4654,4.4615
187,1126,4,53,bend,1,3.0036,3.0,2.4654,3.6549
187,743,5,75,experiment,1,1.4175,3.0,2.7416,1.5511
187,743,5,75,investig,1,1.3547,3.0,2.7416,1.4824
187,743,5,75,intern,1,3.4495,3.0,2.7416,3.7746
187,743,5,75,pressur,2,0.9305,6.0,3.7416,1.4921
187,743,5,75,buckl,2,2.3968,6.0,3.7416,3.8435
187,743,5,75,cylindr,4,2.6448,12.0,5.7416,5.5276
187,743,5,75,shell,5,2.5768,15.0,6.7416,5.7333
187,1172,6,98,experiment,1,1.4175,3.0,3.0304,1.4033
187,1172,6,98,investig,1,1.3547,3.0,3.0304,1.3411
187,1172,6,98,effect,3,0.9524,9.0,5.0304,1.7041
187,1172,6,98,pressur,1,0.9305,3.0,3.0304,0.9212
187,1172,6,98,buckl,5,2.3968,15.0,7.0304,5.1139
187,1172,6,98,circular,2,2.3069,6.0,4.0304,3.4342
187,1172,6,98,cylindr,2,2.6448,6.0,4.0304,3.9373
187,1172,6,98,shell,5,2.5768,15.0,7.0304,5.4979
187,841,7,37,investig,2,1.3547,6.0,3.2645,2.4898
187,841,7,37,circular,2,2.3069,6.0,3.2645,4.2399
187,841,7,37,cylindr,2,2.6448,6.0,3.2645,4.861
187,841,7,37,shell,2,2.5768,6.0,3.2645,4.736
187,841,7,37,bend,4,3.0036,12.0,5.2645,6.8465
187,887,8,63,experiment,1,1.4175,3.0,2.5909,1.6413
187,887,8,63,investig,2,1.3547,6.0,3.5909,2.2635
187,887,8,63,effect,1,0.9524,3.0,2.5909,1.1028
187,887,8,63,buckl,4,2.3968,12.0,5.5909,5.1444
187,887,8,63,circular,1,2.3069,3.0,2.5909,2.6711
187,887,8,63,cylindr,2,2.6448,6.0,3.5909,4.4191
187,887,8,63,shell,5,2.5768,15.0,6.5909,5.8644
187,897,9,60,effect,2,0.9524,6.0,3.5533,1.6083
187,897,9,60,pressur,1,0.9305,3.0,2.5533,1.0933
187,897,9,60,buckl,4,2.3968,12.0,5.5533,5.1793
187,897,9,60,circular,2,2.3069,6.0,3.5533,3.8953
187,897,9,60,cylindr,3,2.6448,9.0,4.5533,5.2277
187,897,9,60,shell,3,2.5768,9.0,4.5533,5.0933
187,847,10,53,experiment,1,1.4175,3.0,2.4654,1.7248
187,847,10,53,effect,1,0.9524,3.0,2.4654,1.159
187,847,10,53,intern,1,3.4495,3.0,2.4654,4.1974
187,847,10,53,pressur,1,0.9305,3.0,2.4654,1.1323
187,847,10,53,circular,2,2.3069,6.0,3.4654,3.9941
187,847,10,53,cylindr,2,2.6448,6.0,3.4654,4.5792
187,847,10,53,shell,3,2.5768,9.0,4.4654,5.1935
188,725,1,65,theoret,1,1.7832,3.0,2.6161,2.0449
188,725,1,65,experiment,1,1.4175,3.0,2.6161,1.6255
188,725,1,65,excit,1,4.0879,3.0,2.6161,4.6879
188,725,1,65,respons,2,4.0879,6.0,3.6161,6.783
188,725,1,65,typic,1,3.5943,3.0,2.6161,4.1218
188,725,1,65,structur,3,2.5675,9.0,4.6161,5.0058
188,725,1,65,nois,3,3.8606,9.0,4.6161,7.527
188,640,2,187,theoret,3,1.7832,9.0,6.1477,2.6106
188,640,2,187,work,1,2.5131,3.0,4.1477,1.8177
188,640,2,187,typic,2,3.5943,6.0,5.1477,4.1894
188,640,2,187,structur,8,2.5675,24.0,11.1477,5.5275
188,640,2,187,nois,5,3.8606,15.0,8.1477,7.1073
188,640,2,187,environ,1,4.9936,3.0,4.1477,3.6118
188,722,3,92,excit,3,4.0879,9.0,4.955,7.4251
188,722,3,92,respons,1,4.0879,3.0,2.955,4.1501
188,722,3,92,structur,4,2.5675,12.0,5.955,5.1737
188,722,3,92,nois,3,3.8606,9.0,4.955,7.0121
188,720,4,109,theoret,1,1.7832,3.0,3.1685,1.6884
188,720,4,109,experiment,1,1.4175,3.0,3.1685,1.3421
188,720,4,109,work,1,2.5131,3.0,3.1685,2.3795
188,720,4,109,excit,2,4.0879,6.0,4.1685,5.8841
188,720,4,109,structur,3,2.5675,9.0,5.1685,4.4708
188,720,4,109,environ,2,4.9936,6.0,4.1685,7.1878
188,908,5,103,excit,2,4.0879,6.0,4.0931,5.9924
188,908,5,103,respons,2,4.0879,6.0,4.0931,5.9924
188,908,5,103,structur,1,2.5675,3.0,3.0931,2.4901
188,908,5,103,environ,1,4.9936,3.0,3.0931,4.8433
188,909,6,36,excit,1,4.0879,3.0,2.252,5.4458
188,909,6,36,structur,2,2.5675,6.0,3.252,4.737
188,909,6,36,nois,3,3.8606,9.0,4.252,8.1715
188,911,7,63,theoret,1,1.7832,3.0,2.5909,2.0648
188,911,7,63,experiment,1,1.4175,3.0,2.5909,1.6413
188,911,7,63,excit,1,4.0879,3.0,2.5909,4.7333
188,911,7,63,structur,2,2.5675,6.0,3.5909,4.2899
188,911,7,63,nois,1,3.8606,3.0,2.5909,4.47
188,729,8,95,theoret,1,1.7832,3.0,2.9927,1.7876
188,729,8,95,experiment,1,1.4175,3.0,2.9927,1.4209
188,729,8,95,respons,1,4.0879,3.0,2.9927,4.0979
188,729,8,95,structur,3,2.5675,9.0,4.9927,4.6282
188,729,8,95,nois,1,3.8606,3.0,2.9927,3.87
188,220,9,81,experiment,1,1.4175,3.0,2.8169,1.5096
188,220,9,81,work,3,2.5131,9.0,4.8169,4.6956
188,220,9,81,structur,1,2.5675,3.0,2.8169,2.7343
188,220,9,81,nois,2,3.8606,6.0,3.8169,6.0686
188,764,10,97,experiment,1,1.4175,3.0,3.0178,1.4091
188,764,10,97,excit,3,4.0879,9.0,5.0178,7.3322
188,764,10,97,respons,2,4.0879,6.0,4.0178,6.1047
189,767,1,153,method,2,1.1235,6.0,4.7209,1.428
189,767,1,153,calcul,1,1.4504,3.0,3.7209,1.1694
189,767,1,153,thermal,7,2.7396,21.0,9.7209,5.9183
189,767,1,153,fatigu,5,4.1314,15.0,7.7209,8.0265
189,767,1,153,endur,4,6.8395,12.0,6.7209,12.2118
189,767,1,153,various,1,2.1543,3.0,3.7209,1.7369
189,640,2,187,design,6,2.2717,18.0,9.1477,4.4699
189,640,2,187,fatigu,4,4.1314,12.0,7.1477,6.9361
189,640,2,187,compon,2,3.1098,6.0,5.1477,3.6246
189,640,2,187,various,1,2.1543,3.0,4.1477,1.5581
189,640,2,187,type,1,2.0112,3.0,4.1477,1.4546
189,883,3,59,design,1,2.2717,3.0,2.5407,2.6823
189,883,3,59,method,1,1.1235,3.0,2.5407,1.3266
189,883,3,59,fatigu,4,4.1314,12.0,5.5407,8.9478
189,883,3,59,type,1,2.0112,3.0,2.5407,2.3747
189,865,4,76,thermal,4,2.7396,12.0,5.7542,5.7133
189,865,4,76,fatigu,4,4.1314,12.0,5.7542,8.6159
189,870,5,75,design,2,2.2717,6.0,3.7416,3.6428
189,870,5,75,thermal,5,2.7396,15.0,6.7416,6.0956
189,870,5,75,various,1,2.1543,3.0,2.7416,2.3573
189,870,5,75,type,1,2.0112,3.0,2.7416,2.2007
189,907,6,129,design,2,2.2717,6.0,4.4196,3.084
189,907,6,129,method,1,1.1235,3.0,3.4196,0.9857
189,907,6,129,various,3,2.1543,9.0,5.4196,3.5775
189,907,6,129,varieti,2,4.1314,6.0,4.4196,5.6088
189,881,7,87,fatigu,3,4.1314,9.0,4.8923,7.6003
189,881,7,87,various,2,2.1543,6.0,3.8923,3.3208
189,881,7,87,type,1,2.0112,3.0,2.8923,2.0861
189,1334,8,90,method,1,1.1235,3.0,2.9299,1.1504
189,1334,8,90,calcul,5,1.4504,15.0,6.9299,3.1394
189,1334,8,90,various,1,2.1543,3.0,2.9299,2.2058
189,1334,8,90,type,1,2.0112,3.0,2.9299,2.0593
189,1334,8,90,varieti,1,4.1314,3.0,2.9299,4.2302
189,726,9,63,fatigu,4,4.1314,12.0,5.5909,8.8674
189,726,9,63,compon,1,3.1098,3.0,2.5909,3.6007
189,833,10,51,design,1,2.2717,3.0,2.4403,2.7927
189,833,10,51,method,2,1.1235,6.0,3.4403,1.9595
189,833,10,51,thermal,2,2.7396,6.0,3.4403,4.778
189,833,10,51,various,1,2.1543,3.0,2.4403,2.6484
190,390,1,75,analysi,1,1.6155,3.0,2.7416,1.7678
190,390,1,75,panel,4,3.4272,12.0,5.7416,7.1629
190,390,1,75,flutter,4,3.2107,12.0,5.7416,6.7104
190,390,1,75,assum,1,2.1792,3.0,2.7416,2.3846
190,390,1,75,mode,1,3.1423,3.0,2.7416,3.4385
190,390,1,75,deform,1,3.3842,3.0,2.7416,3.7032
190,390,1,75,mode,1,3.1423,3.0,2.7416,3.4385
190,390,1,75,consid,2,1.7255,6.0,3.7416,2.767
190,627,2,84,analysi,2,1.6155,6.0,3.8546,2.5147
190,627,2,84,panel,6,3.4272,18.0,7.8546,7.854
190,627,2,84,flutter,3,3.2107,9.0,4.8546,5.9524
190,627,2,84,mode,2,3.1423,6.0,3.8546,4.8912
190,627,2,84,mode,2,3.1423,6.0,3.8546,4.8912
190,856,3,144,panel,15,3.4272,45.0,17.6079,8.7589
190,856,3,144,flutter,10,3.2107,30.0,12.6079,7.6397
190,856,3,144,mode,2,3.1423,6.0,4.6079,4.0916
190,856,3,144,number,2,0.7937,6.0,4.6079,1.0335
190,856,3,144,mode,2,3.1423,6.0,4.6079,4.0916
190,1339,4,136,analysi,2,1.6155,6.0,4.5074,2.1505
190,1339,4,136,flutter,5,3.2107,15.0,7.5074,6.415
190,1339,4,136,base,1,1.8047,3.0,3.5074,1.5436
190,1339,4,136,assum,1,2.1792,3.0,3.5074,1.8639
190,1339,4,136,mode,3,3.1423,9.0,5.5074,5.135
190,1339,4,136,number,1,0.7937,3.0,3.5074,0.6789
190,1339,4,136,mode,3,3.1423,9.0,5.5074,5.135
190,15,5,74,analysi,1,1.6155,3.0,2.7291,1.7759
190,15,5,74,panel,1,3.4272,3.0,2.7291,3.7675
190,15,5,74,flutter,5,3.2107,15.0,6.7291,7.1571
190,15,5,74,assum,1,2.1792,3.0,2.7291,2.3955
190,15,5,74,mode,1,3.1423,3.0,2.7291,3.4543
190,15,5,74,mode,1,3.1423,3.0,2.7291,3.4543
190,766,6,161,panel,13,3.4272,39.0,15.8213,8.4482
190,766,6,161,flutter,9,3.2107,27.0,11.8213,7.3333
190,766,6,161,mode,1,3.1423,3.0,3.8213,2.4669
190,766,6,161,number,2,0.7937,6.0,4.8213,0.9877
190,766,6,161,mode,1,3.1423,3.0,3.8213,2.4669
190,52,7,111,analysi,1,1.6155,3.0,3.1936,1.5176
190,52,7,111,flutter,3,3.2107,9.0,5.1936,5.5639
190,52,7,111,assum,1,2.1792,3.0,3.1936,2.0471
190,52,7,111,mode,3,3.1423,9.0,5.1936,5.4453
190,52,7,111,number,3,0.7937,9.0,5.1936,1.3754
190,52,7,111,mode,3,3.1423,9.0,5.1936,5.4453
190,685,8,207,analysi,5,1.6155,15.0,8.3988,2.8853
190,685,8,207,flutter,5,3.2107,15.0,8.3988,5.7342
190,685,8,207,mode,5,3.1423,15.0,8.3988,5.612
190,685,8,207,number,6,0.7937,18.0,9.3988,1.52
190,685,8,207,mode,5,3.1423,15.0,8.3988,5.612
190,1008,9,51,analysi,1,1.6155,3.0,2.4403,1.9861
190,1008,9,51,panel,6,3.4272,18.0,7.4403,8.2914
190,1008,9,51,flutter,4,3.2107,12.0,5.4403,7.082
190,1008,9,51,number,1,0.7937,3.0,2.4403,0.9757
190,1008,9,51,consid,1,1.7255,3.0,2.4403,2.1212
190,391,10,79,panel,5,3.4272,15.0,6.7918,7.5692
190,391,10,79,flutter,6,3.2107,18.0,7.7918,7.4171
190,391,10,79,satisfactori,1,3.343,3.0,2.7918,3.5922
190,391,10,79,number,2,0.7937,6.0,3.7918,1.2559
191,766,1,161,panel,13,3.4272,39.0,15.8213,8.4482
191,766,1,161,flutter,9,3.2107,27.0,11.8213,7.3333
191,766,1,161,small,1,1.7664,3.0,3.8213,1.3867
191,766,1,161,amplitud,2,4.1314,6.0,4.8213,5.1415
191,827,2,174,criterion,6,4.1769,18.0,8.9845,8.3682
191,827,2,174,small,2,1.7664,6.0,4.9845,2.1262
191,827,2,174,amplitud,3,4.1314,9.0,5.9845,6.2132
191,827,2,174,aris,1,3.5436,3.0,3.9845,2.6681
191,627,3,84,panel,6,3.4272,18.0,7.8546,7.854
191,627,3,84,flutter,3,3.2107,9.0,4.8546,5.9524
191,627,3,84,small,1,1.7664,3.0,2.8546,1.8564
191,627,3,84,vibrat,1,3.2107,3.0,2.8546,3.3742
191,658,4,137,panel,11,3.4272,33.0,13.52,8.3653
191,658,4,137,flutter,4,3.2107,12.0,6.52,5.9093
191,658,4,137,vibrat,1,3.2107,3.0,3.52,2.7364
191,894,5,134,panel,7,3.4272,21.0,9.4823,7.5901
191,894,5,134,flutter,2,3.2107,6.0,4.4823,4.2978
191,894,5,134,small,1,1.7664,3.0,3.4823,1.5217
191,894,5,134,amplitud,1,4.1314,3.0,3.4823,3.5592
191,856,6,144,panel,15,3.4272,45.0,17.6079,8.7589
191,856,6,144,flutter,10,3.2107,30.0,12.6079,7.6397
191,1392,7,165,panel,10,3.4272,30.0,12.8715,7.9879
191,1392,7,165,small,3,1.7664,9.0,5.8715,2.7076
191,1392,7,165,vibrat,4,3.2107,12.0,6.8715,5.607
191,859,8,159,panel,15,3.4272,45.0,17.7962,8.6662
191,859,8,159,flutter,8,3.2107,24.0,10.7962,7.1374
191,15,9,74,panel,1,3.4272,3.0,2.7291,3.7675
191,15,9,74,flutter,5,3.2107,15.0,6.7291,7.1571
191,15,9,74,amplitud,1,4.1314,3.0,2.7291,4.5416
191,857,10,142,panel,14,3.4272,42.0,16.5828,8.6803
191,857,10,142,flutter,6,3.2107,18.0,8.5828,6.7336
192,733,1,104,paper,1,1.9441,3.0,3.1057,1.878
192,733,1,104,uniform,3,2.2444,9.0,5.1057,3.9562
192,733,1,104,load,2,1.9441,6.0,4.1057,2.8411
192,733,1,104,sector,2,5.9922,6.0,4.1057,8.7569
192,641,2,73,uniform,2,2.2444,6.0,3.7165,3.6233
192,641,2,73,load,2,1.9441,6.0,3.7165,3.1386
192,641,2,73,sector,2,5.9922,6.0,3.7165,9.6739
192,734,3,105,uniform,3,2.2444,9.0,5.1182,3.9465
192,734,3,105,load,3,1.9441,9.0,5.1182,3.4186
192,734,3,105,sector,2,5.9922,6.0,4.1182,8.7302
192,925,4,37,paper,2,1.9441,6.0,3.2645,3.5732
192,925,4,37,deal,1,3.704,3.0,2.2645,4.907
192,925,4,37,load,3,1.9441,9.0,4.2645,4.103
192,735,5,31,paper,1,1.9441,3.0,2.1892,2.6642
192,735,5,31,uniform,3,2.2444,9.0,4.1892,4.8217
192,735,5,31,load,3,1.9441,9.0,4.1892,4.1767
192,1173,6,93,deal,1,3.704,3.0,2.9676,3.7444
192,1173,6,93,uniform,1,2.2444,3.0,2.9676,2.2689
192,1173,6,93,load,4,1.9441,12.0,5.9676,3.9094
192,875,7,26,paper,2,1.9441,6.0,3.1264,3.731
192,875,7,26,deal,1,3.704,3.0,2.1264,5.2257
192,1184,8,125,paper,1,1.9441,3.0,3.3693,1.731
192,1184,8,125,deal,2,3.704,6.0,4.3693,5.0863
192,1184,8,125,uniform,1,2.2444,3.0,3.3693,1.9983
192,1170,9,79,deal,1,3.704,3.0,2.7918,3.9802
192,1170,9,79,load,8,1.9441,24.0,9.7918,4.7651
192,1057,10,80,paper,2,1.9441,6.0,3.8044,3.0661
192,1057,10,80,uniform,2,2.2444,6.0,3.8044,3.5396
192,1057,10,80,load,1,1.9441,3.0,2.8044,2.0797
193,730,1,132,general,1,1.5665,3.0,3.4572,1.3593
193,730,1,132,method,4,1.1235,12.0,6.4572,2.088
193,730,1,132,solv,1,2.8321,3.0,3.4572,2.4576
193,730,1,132,clamp,4,3.795,12.0,6.4572,7.0525
193,730,1,132,plate,7,1.8178,21.0,9.4572,4.0364
193,730,1,132,problem,9,1.4657,27.0,11.4572,3.4542
193,733,2,104,general,1,1.5665,3.0,3.1057,1.5132
193,733,2,104,method,1,1.1235,3.0,3.1057,1.0853
193,733,2,104,solv,1,2.8321,3.0,3.1057,2.7358
193,733,2,104,clamp,3,3.795,9.0,5.1057,6.6895
193,733,2,104,plate,7,1.8178,21.0,9.1057,4.1923
193,733,2,104,problem,4,1.4657,12.0,6.1057,2.8807
193,734,3,105,general,1,1.5665,3.0,3.1182,1.5071
193,734,3,105,method,2,1.1235,6.0,4.1182,1.6369
193,734,3,105,solv,1,2.8321,3.0,3.1182,2.7247
193,734,3,105,clamp,2,3.795,6.0,4.1182,5.529
193,734,3,105,plate,2,1.8178,6.0,4.1182,2.6484
193,734,3,105,problem,3,1.4657,9.0,5.1182,2.5774
193,641,4,73,method,2,1.1235,6.0,3.7165,1.8139
193,641,4,73,clamp,3,3.795,9.0,4.7165,7.2415
193,641,4,73,plate,3,1.8178,9.0,4.7165,3.4687
193,641,4,73,problem,7,1.4657,21.0,8.7165,3.5313
193,422,5,69,method,1,1.1235,3.0,2.6663,1.2642
193,422,5,69,solv,2,2.8321,6.0,3.6663,4.6349
193,422,5,69,clamp,1,3.795,3.0,2.6663,4.2699
193,422,5,69,plate,1,1.8178,3.0,2.6663,2.0453
193,422,5,69,problem,3,1.4657,9.0,4.6663,2.827
193,648,6,56,method,2,1.1235,6.0,3.5031,1.9244
193,648,6,56,clamp,2,3.795,6.0,3.5031,6.4999
193,648,6,56,plate,2,1.8178,6.0,3.5031,3.1135
193,648,6,56,problem,3,1.4657,9.0,4.5031,2.9295
193,736,7,49,general,1,1.5665,3.0,2.4152,1.9458
193,736,7,49,method,1,1.1235,3.0,2.4152,1.3956
193,736,7,49,clamp,1,3.795,3.0,2.4152,4.7139
193,736,7,49,plate,5,1.8178,15.0,6.4152,4.2504
193,736,7,49,problem,1,1.4657,3.0,2.4152,1.8207
193,735,8,31,method,1,1.1235,3.0,2.1892,1.5397
193,735,8,31,clamp,3,3.795,9.0,4.1892,8.153
193,735,8,31,plate,3,1.8178,9.0,4.1892,3.9053
193,1392,9,165,general,2,1.5665,6.0,4.8715,1.9293
193,1392,9,165,method,3,1.1235,9.0,5.8715,1.7222
193,1392,9,165,clamp,4,3.795,12.0,6.8715,6.6273
193,1392,9,165,problem,6,1.4657,18.0,8.8715,2.9739
193,425,10,67,method,2,1.1235,6.0,3.6412,1.8514
193,425,10,67,solv,1,2.8321,3.0,2.6412,3.2169
193,425,10,67,plate,5,1.8178,15.0,6.6412,4.1057
193,425,10,67,problem,3,1.4657,9.0,4.6412,2.8423
194,642,1,43,buckl,4,2.3968,12.0,5.3399,5.3863
194,642,1,43,strength,3,3.0783,9.0,4.3399,6.3837
194,642,1,43,uniform,1,2.2444,3.0,2.3399,2.8776
194,642,1,43,circular,1,2.3069,3.0,2.3399,2.9577
194,642,1,43,cylind,3,2.0604,9.0,4.3399,4.2728
194,642,1,43,load,3,1.9441,9.0,4.3399,4.0317
194,642,1,43,axial,2,2.2511,6.0,3.3399,4.0441
194,642,1,43,compress,2,1.9491,6.0,3.3399,3.5016
194,642,1,43,buckl,4,2.3968,12.0,5.3399,5.3863
194,642,1,43,load,3,1.9441,9.0,4.3399,4.0317
194,932,2,41,buckl,3,2.3968,9.0,4.3147,4.9995
194,932,2,41,strength,1,3.0783,3.0,2.3147,3.9896
194,932,2,41,circular,4,2.3069,12.0,5.3147,5.2086
194,932,2,41,cylind,1,2.0604,3.0,2.3147,2.6703
194,932,2,41,load,2,1.9441,6.0,3.3147,3.5191
194,932,2,41,axial,2,2.2511,6.0,3.3147,4.0747
194,932,2,41,compress,2,1.9491,6.0,3.3147,3.5281
194,932,2,41,buckl,3,2.3968,9.0,4.3147,4.9995
194,932,2,41,load,2,1.9441,6.0,3.3147,3.5191
194,888,3,66,buckl,6,2.3968,18.0,7.6286,5.6554
194,888,3,66,uniform,1,2.2444,3.0,2.6286,2.5615
194,888,3,66,cylind,6,2.0604,18.0,7.6286,4.8615
194,888,3,66,load,2,1.9441,6.0,3.6286,3.2147
194,888,3,66,axial,4,2.2511,12.0,5.6286,4.7993
194,888,3,66,compress,3,1.9491,9.0,4.6286,3.7899
194,888,3,66,buckl,6,2.3968,18.0,7.6286,5.6554
194,888,3,66,load,2,1.9441,6.0,3.6286,3.2147
194,1172,4,98,buckl,5,2.3968,15.0,7.0304,5.1139
194,1172,4,98,strength,1,3.0783,3.0,3.0304,3.0474
194,1172,4,98,uniform,1,2.2444,3.0,3.0304,2.2219
194,1172,4,98,circular,2,2.3069,6.0,4.0304,3.4342
194,1172,4,98,load,4,1.9441,12.0,6.0304,3.8687
194,1172,4,98,axial,2,2.2511,6.0,4.0304,3.3512
194,1172,4,98,compress,1,1.9491,3.0,3.0304,1.9296
194,1172,4,98,buckl,5,2.3968,15.0,7.0304,5.1139
194,1172,4,98,load,4,1.9441,12.0,6.0304,3.8687
194,744,5,66,buckl,3,2.3968,9.0,4.6286,4.6605
194,744,5,66,uniform,1,2.2444,3.0,2.6286,2.5615
194,744,5,66,circular,1,2.3069,3.0,2.6286,2.6328
194,744,5,66,cylind,1,2.0604,3.0,2.6286,2.3515
194,744,5,66,load,5,1.9441,15.0,6.6286,4.3994
194,744,5,66,axial,1,2.2511,3.0,2.6286,2.5692
194,744,5,66,lower,1,2.9077,3.0,2.6286,3.3185
194,744,5,66,buckl,3,2.3968,9.0,4.6286,4.6605
194,744,5,66,load,5,1.9441,15.0,6.6286,4.3994
194,1178,6,68,buckl,4,2.3968,12.0,5.6537,5.0873
194,1178,6,68,uniform,2,2.2444,6.0,3.6537,3.6856
194,1178,6,68,cylind,4,2.0604,12.0,5.6537,4.3731
194,1178,6,68,load,2,1.9441,6.0,3.6537,3.1926
194,1178,6,68,axial,2,2.2511,6.0,3.6537,3.6967
194,1178,6,68,compress,1,1.9491,3.0,2.6537,2.2035
194,1178,6,68,buckl,4,2.3968,12.0,5.6537,5.0873
194,1178,6,68,load,2,1.9441,6.0,3.6537,3.1926
194,1126,7,53,solut,1,1.2349,3.0,2.4654,1.5027
194,1126,7,53,buckl,3,2.3968,9.0,4.4654,4.8308
194,1126,7,53,strength,1,3.0783,3.0,2.4654,3.7458
194,1126,7,53,cylind,2,2.0604,6.0,3.4654,3.5673
194,1126,7,53,load,1,1.9441,3.0,2.4654,2.3657
194,1126,7,53,axial,3,2.2511,9.0,4.4654,4.5371
194,1126,7,53,compress,1,1.9491,3.0,2.4654,2.3718
194,1126,7,53,buckl,3,2.3968,9.0,4.4654,4.8308
194,1126,7,53,load,1,1.9441,3.0,2.4654,2.3657
194,1173,8,93,buckl,3,2.3968,9.0,4.9676,4.3424
194,1173,8,93,uniform,1,2.2444,3.0,2.9676,2.2689
194,1173,8,93,circular,1,2.3069,3.0,2.9676,2.3321
194,1173,8,93,cylind,2,2.0604,6.0,3.9676,3.1158
194,1173,8,93,load,4,1.9441,12.0,5.9676,3.9094
194,1173,8,93,axial,1,2.2511,3.0,2.9676,2.2757
194,1173,8,93,compress,3,1.9491,9.0,4.9676,3.5313
194,1173,8,93,buckl,3,2.3968,9.0,4.9676,4.3424
194,1173,8,93,load,4,1.9441,12.0,5.9676,3.9094
194,957,9,57,analyt,1,2.5768,3.0,2.5156,3.073
194,957,9,57,buckl,5,2.3968,15.0,6.5156,5.5179
194,957,9,57,uniform,1,2.2444,3.0,2.5156,2.6765
194,957,9,57,load,2,1.9441,6.0,3.5156,3.318
194,957,9,57,axial,1,2.2511,3.0,2.5156,2.6846
194,957,9,57,lower,1,2.9077,3.0,2.5156,3.4675
194,957,9,57,buckl,5,2.3968,15.0,6.5156,5.5179
194,957,9,57,load,2,1.9441,6.0,3.5156,3.318
194,769,10,54,buckl,4,2.3968,12.0,5.478,5.2505
194,769,10,54,uniform,1,2.2444,3.0,2.478,2.7172
194,769,10,54,circular,2,2.3069,6.0,3.478,3.9797
194,769,10,54,load,1,1.9441,3.0,2.478,2.3537
194,769,10,54,axial,1,2.2511,3.0,2.478,2.7254
194,769,10,54,compress,2,1.9491,6.0,3.478,3.3625
194,769,10,54,buckl,4,2.3968,12.0,5.478,5.2505
194,769,10,54,load,1,1.9441,3.0,2.478,2.3537
195,642,1,43,buckl,4,2.3968,12.0,5.3399,5.3863
195,642,1,43,strength,3,3.0783,9.0,4.3399,6.3837
195,642,1,43,uniform,1,2.2444,3.0,2.3399,2.8776
195,642,1,43,circular,1,2.3069,3.0,2.3399,2.9577
195,642,1,43,cylind,3,2.0604,9.0,4.3399,4.2728
195,642,1,43,load,3,1.9441,9.0,4.3399,4.0317
195,642,1,43,axial,2,2.2511,6.0,3.3399,4.0441
195,642,1,43,compress,2,1.9491,6.0,3.3399,3.5016
195,642,1,43,improv,1,3.4495,3.0,2.3399,4.4227
195,744,2,66,buckl,3,2.3968,9.0,4.6286,4.6605
195,744,2,66,uniform,1,2.2444,3.0,2.6286,2.5615
195,744,2,66,circular,1,2.3069,3.0,2.6286,2.6328
195,744,2,66,cylind,1,2.0604,3.0,2.6286,2.3515
195,744,2,66,load,5,1.9441,15.0,6.6286,4.3994
195,744,2,66,axial,1,2.2511,3.0,2.6286,2.5692
195,744,2,66,linear,2,2.1481,6.0,3.6286,3.552
195,744,2,66,non,2,3.0939,6.0,3.6286,5.1158
195,744,2,66,linear,2,2.1481,6.0,3.6286,3.552
195,744,2,66,one,1,0.9143,3.0,2.6286,1.0435
195,1173,3,93,problem,2,1.4657,6.0,3.9676,2.2166
195,1173,3,93,buckl,3,2.3968,9.0,4.9676,4.3424
195,1173,3,93,uniform,1,2.2444,3.0,2.9676,2.2689
195,1173,3,93,circular,1,2.3069,3.0,2.9676,2.3321
195,1173,3,93,cylind,2,2.0604,6.0,3.9676,3.1158
195,1173,3,93,load,4,1.9441,12.0,5.9676,3.9094
195,1173,3,93,axial,1,2.2511,3.0,2.9676,2.2757
195,1173,3,93,compress,3,1.9491,9.0,4.9676,3.5313
195,1173,3,93,linear,2,2.1481,6.0,3.9676,3.2485
195,1173,3,93,linear,2,2.1481,6.0,3.9676,3.2485
195,1173,3,93,one,4,0.9143,12.0,5.9676,1.8386
195,1055,4,72,problem,1,1.4657,3.0,2.7039,1.6262
195,1055,4,72,buckl,1,2.3968,3.0,2.7039,2.6593
195,1055,4,72,uniform,2,2.2444,6.0,3.7039,3.6356
195,1055,4,72,circular,2,2.3069,6.0,3.7039,3.7369
195,1055,4,72,load,1,1.9441,3.0,2.7039,2.157
195,1055,4,72,linear,3,2.1481,9.0,4.7039,4.11
195,1055,4,72,solut,2,1.2349,6.0,3.7039,2.0004
195,1055,4,72,non,3,3.0939,9.0,4.7039,5.9195
195,1055,4,72,linear,3,2.1481,9.0,4.7039,4.11
195,932,5,41,buckl,3,2.3968,9.0,4.3147,4.9995
195,932,5,41,strength,1,3.0783,3.0,2.3147,3.9896
195,932,5,41,circular,4,2.3069,12.0,5.3147,5.2086
195,932,5,41,cylind,1,2.0604,3.0,2.3147,2.6703
195,932,5,41,load,2,1.9441,6.0,3.3147,3.5191
195,932,5,41,axial,2,2.2511,6.0,3.3147,4.0747
195,932,5,41,compress,2,1.9491,6.0,3.3147,3.5281
195,739,6,167,buckl,10,2.3968,30.0,12.8966,5.5755
195,739,6,167,uniform,1,2.2444,3.0,3.8966,1.7279
195,739,6,167,load,4,1.9441,12.0,6.8966,3.3827
195,739,6,167,axial,2,2.2511,6.0,4.8966,2.7584
195,739,6,167,compress,2,1.9491,6.0,4.8966,2.3883
195,739,6,167,linear,3,2.1481,9.0,5.8966,3.2787
195,739,6,167,non,3,3.0939,9.0,5.8966,4.7222
195,739,6,167,linear,3,2.1481,9.0,5.8966,3.2787
195,739,6,167,one,1,0.9143,3.0,3.8966,0.7039
195,831,7,52,problem,4,1.4657,12.0,5.4528,3.2256
195,831,7,52,buckl,3,2.3968,9.0,4.4528,4.8444
195,831,7,52,uniform,1,2.2444,3.0,2.4528,2.745
195,831,7,52,load,2,1.9441,6.0,3.4528,3.3783
195,831,7,52,linear,3,2.1481,9.0,4.4528,4.3418
195,831,7,52,solut,2,1.2349,6.0,3.4528,2.1459
195,831,7,52,linear,3,2.1481,9.0,4.4528,4.3418
195,831,7,52,one,1,0.9143,3.0,2.4528,1.1183
195,888,8,66,buckl,6,2.3968,18.0,7.6286,5.6554
195,888,8,66,uniform,1,2.2444,3.0,2.6286,2.5615
195,888,8,66,cylind,6,2.0604,18.0,7.6286,4.8615
195,888,8,66,load,2,1.9441,6.0,3.6286,3.2147
195,888,8,66,axial,4,2.2511,12.0,5.6286,4.7993
195,888,8,66,compress,3,1.9491,9.0,4.6286,3.7899
195,1145,9,62,buckl,1,2.3968,3.0,2.5784,2.7887
195,1145,9,62,uniform,1,2.2444,3.0,2.5784,2.6113
195,1145,9,62,circular,1,2.3069,3.0,2.5784,2.6841
195,1145,9,62,cylind,2,2.0604,6.0,3.5784,3.4547
195,1145,9,62,load,1,1.9441,3.0,2.5784,2.262
195,1145,9,62,axial,2,2.2511,6.0,3.5784,3.7745
195,1145,9,62,linear,1,2.1481,3.0,2.5784,2.4994
195,1145,9,62,linear,1,2.1481,3.0,2.5784,2.4994
195,1145,9,62,one,1,0.9143,3.0,2.5784,1.0638
195,777,10,91,problem,3,1.4657,9.0,4.9425,2.669
195,777,10,91,uniform,2,2.2444,6.0,3.9425,3.4157
195,777,10,91,linear,4,2.1481,12.0,5.9425,4.3378
195,777,10,91,solut,3,1.2349,9.0,4.9425,2.2487
195,777,10,91,non,3,3.0939,9.0,4.9425,5.6338
195,777,10,91,linear,4,2.1481,12.0,5.9425,4.3378
195,777,10,91,one,1,0.9143,3.0,2.9425,0.9322
196,184,1,83,similar,3,2.2244,9.0,4.842,4.1345
196,184,1,83,investig,1,1.3547,3.0,2.842,1.43
196,184,1,83,aeroelast,3,4.3272,9.0,4.842,8.043
196,184,1,83,effect,1,0.9524,3.0,2.842,1.0054
196,184,1,83,flow,1,0.6512,3.0,2.842,0.6874
196,184,1,83,effect,1,0.9524,3.0,2.842,1.0054
196,746,2,74,problem,4,1.4657,12.0,5.7291,3.0701
196,746,2,74,aeroelast,3,4.3272,9.0,4.7291,8.2352
196,746,2,74,effect,2,0.9524,6.0,3.7291,1.5325
196,746,2,74,heat,1,1.5197,3.0,2.7291,1.6706
196,746,2,74,effect,2,0.9524,6.0,3.7291,1.5325
196,486,3,139,problem,3,1.4657,9.0,5.5451,2.379
196,486,3,139,similar,4,2.2244,12.0,6.5451,4.0782
196,486,3,139,investig,1,1.3547,3.0,3.5451,1.1464
196,486,3,139,aeroelast,1,4.3272,3.0,3.5451,3.6618
196,486,3,139,flow,1,0.6512,3.0,3.5451,0.5511
196,486,3,139,heat,3,1.5197,9.0,5.5451,2.4666
196,1237,4,70,repres,2,2.6651,6.0,3.6788,4.3466
196,1237,4,70,effect,1,0.9524,3.0,2.6788,1.0666
196,1237,4,70,flow,1,0.6512,3.0,2.6788,0.7293
196,1237,4,70,absenc,1,4.9936,3.0,2.6788,5.5923
196,1237,4,70,effect,1,0.9524,3.0,2.6788,1.0666
196,51,5,105,problem,1,1.4657,3.0,3.1182,1.4102
196,51,5,105,similar,3,2.2244,9.0,5.1182,3.9113
196,51,5,105,investig,1,1.3547,3.0,3.1182,1.3033
196,51,5,105,effect,1,0.9524,3.0,3.1182,0.9163
196,51,5,105,flow,1,0.6512,3.0,3.1182,0.6265
196,51,5,105,heat,7,1.5197,21.0,9.1182,3.5
196,51,5,105,effect,1,0.9524,3.0,3.1182,0.9163
196,1361,6,91,problem,3,1.4657,9.0,4.9425,2.669
196,1361,6,91,aeroelast,1,4.3272,3.0,2.9425,4.4118
196,1361,6,91,effect,2,0.9524,6.0,3.9425,1.4495
196,1361,6,91,heat,2,1.5197,6.0,3.9425,2.3128
196,1361,6,91,effect,2,0.9524,6.0,3.9425,1.4495
196,1323,7,60,investig,2,1.3547,6.0,3.5533,2.2875
196,1323,7,60,effect,1,0.9524,3.0,2.5533,1.1191
196,1323,7,60,flow,3,0.6512,9.0,4.5533,1.2872
196,1323,7,60,absenc,1,4.9936,3.0,2.5533,5.8673
196,1323,7,60,effect,1,0.9524,3.0,2.5533,1.1191
196,102,8,44,repres,1,2.6651,3.0,2.3524,3.3988
196,102,8,44,investig,1,1.3547,3.0,2.3524,1.7276
196,102,8,44,effect,1,0.9524,3.0,2.3524,1.2146
196,102,8,44,flow,1,0.6512,3.0,2.3524,0.8305
196,102,8,44,heat,3,1.5197,9.0,4.3524,3.1425
196,102,8,44,effect,1,0.9524,3.0,2.3524,1.2146
196,44,9,164,problem,3,1.4657,9.0,5.859,2.2515
196,44,9,164,similar,1,2.2244,3.0,3.859,1.7292
196,44,9,164,investig,2,1.3547,6.0,4.859,1.6728
196,44,9,164,effect,3,0.9524,9.0,5.859,1.4631
196,44,9,164,flow,1,0.6512,3.0,3.859,0.5063
196,44,9,164,heat,3,1.5197,9.0,5.859,2.3345
196,44,9,164,effect,3,0.9524,9.0,5.859,1.4631
196,966,10,141,effect,4,0.9524,12.0,6.5702,1.7396
196,966,10,141,flow,5,0.6512,15.0,7.5702,1.2903
196,966,10,141,absenc,1,4.9936,3.0,3.5702,4.1961
196,966,10,141,heat,2,1.5197,6.0,4.5702,1.9952
196,966,10,141,effect,4,0.9524,12.0,6.5702,1.7396
197,884,1,39,fatigu,3,4.1314,9.0,4.2896,8.6681
197,884,1,39,damag,3,4.9936,9.0,4.2896,10.4771
197,884,1,39,estim,2,2.5862,6.0,3.2896,4.7171
197,884,1,39,use,1,1.0037,3.0,2.2896,1.3151
197,884,1,39,method,1,1.1235,3.0,2.2896,1.4721
197,881,2,87,fatigu,3,4.1314,9.0,4.8923,7.6003
197,881,2,87,damag,4,4.9936,12.0,5.8923,10.1699
197,881,2,87,use,3,1.0037,9.0,4.8923,1.8464
197,723,3,73,fatigu,2,4.1314,6.0,3.7165,6.6699
197,723,3,73,damag,1,4.9936,3.0,2.7165,5.5148
197,723,3,73,estim,1,2.5862,3.0,2.7165,2.8561
197,723,3,73,use,2,1.0037,6.0,3.7165,1.6204
197,723,3,73,normal,1,2.3813,3.0,2.7165,2.6298
197,768,4,43,fatigu,5,4.1314,15.0,6.3399,9.7749
197,768,4,43,estim,1,2.5862,3.0,2.3399,3.3159
197,768,4,43,use,2,1.0037,6.0,3.3399,1.8031
197,768,4,43,method,1,1.1235,3.0,2.3399,1.4405
197,726,5,63,fatigu,4,4.1314,12.0,5.5909,8.8674
197,726,5,63,damag,1,4.9936,3.0,2.5909,5.782
197,726,5,63,use,1,1.0037,3.0,2.5909,1.1622
197,865,6,76,fatigu,4,4.1314,12.0,5.7542,8.6159
197,865,6,76,damag,1,4.9936,3.0,2.7542,5.4394
197,865,6,76,use,1,1.0037,3.0,2.7542,1.0933
197,640,7,187,fatigu,4,4.1314,12.0,7.1477,6.9361
197,640,7,187,estim,3,2.5862,9.0,6.1477,3.7861
197,640,7,187,use,1,1.0037,3.0,4.1477,0.726
197,640,7,187,hand,1,4.2745,3.0,4.1477,3.0917
197,746,8,74,damag,1,4.9936,3.0,2.7291,5.4894
197,746,8,74,hand,2,4.2745,6.0,3.7291,6.8777
197,746,8,74,method,1,1.1235,3.0,2.7291,1.2351
197,720,9,109,fatigu,3,4.1314,9.0,5.1685,7.1942
197,720,9,109,estim,1,2.5862,3.0,3.1685,2.4487
197,720,9,109,use,3,1.0037,9.0,5.1685,1.7478
197,720,9,109,method,1,1.1235,3.0,3.1685,1.0638
197,909,10,36,fatigu,2,4.1314,6.0,3.252,7.6226
197,909,10,36,estim,2,2.5862,6.0,3.252,4.7717
198,889,1,161,various,1,2.1543,3.0,3.8213,1.6912
198,889,1,161,edg,4,2.0058,12.0,6.8213,3.5287
198,889,1,161,condit,4,1.4293,12.0,6.8213,2.5144
198,889,1,161,buckl,3,2.3968,9.0,5.8213,3.7056
198,889,1,161,cylindr,5,2.6448,15.0,7.8213,5.0723
198,889,1,161,shell,7,2.5768,21.0,9.8213,5.5097
198,887,2,63,effect,1,0.9524,3.0,2.5909,1.1028
198,887,2,63,edg,1,2.0058,3.0,2.5909,2.3225
198,887,2,63,buckl,4,2.3968,12.0,5.5909,5.1444
198,887,2,63,cylindr,2,2.6448,6.0,3.5909,4.4191
198,887,2,63,shell,5,2.5768,15.0,6.5909,5.8644
198,743,3,75,differ,1,1.9848,3.0,2.7416,2.1719
198,743,3,75,condit,1,1.4293,3.0,2.7416,1.564
198,743,3,75,buckl,2,2.3968,6.0,3.7416,3.8435
198,743,3,75,cylindr,4,2.6448,12.0,5.7416,5.5276
198,743,3,75,shell,5,2.5768,15.0,6.7416,5.7333
198,1068,4,81,differ,1,1.9848,3.0,2.8169,2.1138
198,1068,4,81,various,1,2.1543,3.0,2.8169,2.2943
198,1068,4,81,buckl,2,2.3968,6.0,3.8169,3.7677
198,1068,4,81,cylindr,3,2.6448,9.0,4.8169,4.9415
198,1068,4,81,shell,5,2.5768,15.0,6.8169,5.67
198,740,5,130,differ,1,1.9848,3.0,3.4321,1.7349
198,740,5,130,condit,1,1.4293,3.0,3.4321,1.2494
198,740,5,130,buckl,5,2.3968,15.0,7.4321,4.8374
198,740,5,130,cylindr,5,2.6448,15.0,7.4321,5.3379
198,740,5,130,shell,5,2.5768,15.0,7.4321,5.2007
198,739,6,167,differ,2,1.9848,6.0,4.8966,2.4321
198,739,6,167,buckl,10,2.3968,30.0,12.8966,5.5755
198,739,6,167,cylindr,3,2.6448,9.0,5.8966,4.0367
198,739,6,167,shell,10,2.5768,30.0,12.8966,5.9941
198,1126,7,53,effect,1,0.9524,3.0,2.4654,1.159
198,1126,7,53,various,1,2.1543,3.0,2.4654,2.6214
198,1126,7,53,buckl,3,2.3968,9.0,4.4654,4.8308
198,1126,7,53,cylindr,2,2.6448,6.0,3.4654,4.5792
198,1126,7,53,shell,2,2.5768,6.0,3.4654,4.4615
198,886,8,41,edg,2,2.0058,6.0,3.3147,3.6308
198,886,8,41,buckl,2,2.3968,6.0,3.3147,4.3385
198,886,8,41,cylindr,1,2.6448,3.0,2.3147,3.4277
198,886,8,41,shell,5,2.5768,15.0,6.3147,6.1209
198,897,9,60,effect,2,0.9524,6.0,3.5533,1.6083
198,897,9,60,buckl,4,2.3968,12.0,5.5533,5.1793
198,897,9,60,cylindr,3,2.6448,9.0,4.5533,5.2277
198,897,9,60,shell,3,2.5768,9.0,4.5533,5.0933
198,843,10,95,edg,3,2.0058,9.0,4.9927,3.6158
198,843,10,95,condit,2,1.4293,6.0,3.9927,2.1479
198,843,10,95,buckl,1,2.3968,3.0,2.9927,2.4027
198,843,10,95,cylindr,2,2.6448,6.0,3.9927,3.9744
198,843,10,95,shell,3,2.5768,9.0,4.9927,4.645
199,930,1,73,larg,2,1.8907,6.0,3.7165,3.0524
199,930,1,73,deflect,3,2.7733,9.0,4.7165,5.292
199,930,1,73,shell,8,2.5768,24.0,9.7165,6.3648
199,930,1,73,conic,2,3.0477,6.0,3.7165,4.9203
199,739,2,167,non,3,3.0939,9.0,5.8966,4.7222
199,739,2,167,linear,3,2.1481,9.0,5.8966,3.2787
199,739,2,167,larg,1,1.8907,3.0,3.8966,1.4557
199,739,2,167,deflect,2,2.7733,6.0,4.8966,3.3982
199,739,2,167,shell,10,2.5768,30.0,12.8966,5.9941
199,1070,3,67,analys,1,3.704,3.0,2.6412,4.2072
199,1070,3,67,shell,7,2.5768,21.0,8.6412,6.2622
199,1070,3,67,conic,6,3.0477,18.0,7.6412,7.1794
199,744,4,66,non,2,3.0939,6.0,3.6286,5.1158
199,744,4,66,linear,2,2.1481,6.0,3.6286,3.552
199,744,4,66,deflect,1,2.7733,3.0,2.6286,3.1651
199,744,4,66,shell,2,2.5768,6.0,3.6286,4.2608
199,931,5,44,linear,1,2.1481,3.0,2.3524,2.7395
199,931,5,44,deflect,1,2.7733,3.0,2.3524,3.5368
199,931,5,44,shell,3,2.5768,9.0,4.3524,5.3284
199,931,5,44,conic,1,3.0477,3.0,2.3524,3.8867
199,1058,6,51,deflect,2,2.7733,6.0,3.4403,4.8367
199,1058,6,51,shell,1,2.5768,3.0,2.4403,3.1678
199,1058,6,51,conic,4,3.0477,12.0,5.4403,6.7226
199,1294,7,107,non,3,3.0939,9.0,5.1434,5.4138
199,1294,7,107,linear,3,2.1481,9.0,5.1434,3.7589
199,1294,7,107,shell,4,2.5768,12.0,6.1434,5.0333
199,1362,8,84,non,2,3.0939,6.0,3.8546,4.8159
199,1362,8,84,linear,2,2.1481,6.0,3.8546,3.3437
199,1362,8,84,larg,2,1.8907,6.0,3.8546,2.9431
199,1362,8,84,deflect,1,2.7733,3.0,2.8546,2.9146
199,1059,9,122,larg,1,1.8907,3.0,3.3317,1.7025
199,1059,9,122,shell,4,2.5768,12.0,6.3317,4.8836
199,1059,9,122,conic,6,3.0477,18.0,8.3317,6.5844
199,1055,10,72,non,3,3.0939,9.0,4.7039,5.9195
199,1055,10,72,linear,3,2.1481,9.0,4.7039,4.11
199,1055,10,72,deflect,1,2.7733,3.0,2.7039,3.077
200,1071,1,61,asymptot,1,3.4954,3.0,2.5658,4.0869
200,1071,1,61,buckl,2,2.3968,6.0,3.5658,4.033
200,1071,1,61,stress,2,2.2047,6.0,3.5658,3.7098
200,1071,1,61,torispher,2,5.9922,6.0,3.5658,10.0826
200,1071,1,61,shell,5,2.5768,15.0,6.5658,5.8868
200,1071,1,61,numer,1,1.9441,3.0,2.5658,2.2731
200,1053,2,96,asymptot,1,3.4954,3.0,3.0053,3.4893
200,1053,2,96,method,1,1.1235,3.0,3.0053,1.1216
200,1053,2,96,accur,1,2.9208,3.0,3.0053,2.9157
200,1053,2,96,determin,1,1.5428,3.0,3.0053,1.5401
200,1053,2,96,buckl,5,2.3968,15.0,7.0053,5.1322
200,1053,2,96,stress,1,2.2047,3.0,3.0053,2.2009
200,1053,2,96,shell,2,2.5768,6.0,4.0053,3.8601
200,1053,2,96,numer,2,1.9441,6.0,4.0053,2.9124
200,1053,2,96,method,1,1.1235,3.0,3.0053,1.1216
200,1134,3,153,accur,1,2.9208,3.0,3.7209,2.3549
200,1134,3,153,determin,1,1.5428,3.0,3.7209,1.2439
200,1134,3,153,stress,4,2.2047,12.0,6.7209,3.9365
200,1134,3,153,torispher,5,5.9922,15.0,7.7209,11.6415
200,1134,3,153,shell,4,2.5768,12.0,6.7209,4.6008
200,889,4,161,method,3,1.1235,9.0,5.8213,1.7371
200,889,4,161,determin,2,1.5428,6.0,4.8213,1.92
200,889,4,161,buckl,3,2.3968,9.0,5.8213,3.7056
200,889,4,161,stress,5,2.2047,15.0,7.8213,4.2283
200,889,4,161,shell,7,2.5768,21.0,9.8213,5.5097
200,889,4,161,method,3,1.1235,9.0,5.8213,1.7371
200,885,5,49,determin,1,1.5428,3.0,2.4152,1.9164
200,885,5,49,buckl,4,2.3968,12.0,5.4152,5.3113
200,885,5,49,stress,6,2.2047,18.0,7.4152,5.3519
200,885,5,49,shell,2,2.5768,6.0,3.4152,4.5271
200,760,6,102,accur,1,2.9208,3.0,3.0806,2.8444
200,760,6,102,determin,1,1.5428,3.0,3.0806,1.5025
200,760,6,102,buckl,6,2.3968,18.0,8.0806,5.3391
200,760,6,102,stress,2,2.2047,6.0,4.0806,3.2418
200,760,6,102,shell,2,2.5768,6.0,4.0806,3.7889
200,1068,7,81,accur,1,2.9208,3.0,2.8169,3.1106
200,1068,7,81,determin,1,1.5428,3.0,2.8169,1.6431
200,1068,7,81,buckl,2,2.3968,6.0,3.8169,3.7677
200,1068,7,81,stress,1,2.2047,3.0,2.8169,2.348
200,1068,7,81,shell,5,2.5768,15.0,6.8169,5.67
200,1137,8,148,asymptot,4,3.4954,12.0,6.6581,6.2999
200,1137,8,148,method,5,1.1235,15.0,7.6581,2.2007
200,1137,8,148,shell,3,2.5768,9.0,5.6581,4.0988
200,1137,8,148,numer,1,1.9441,3.0,3.6581,1.5944
200,1137,8,148,method,5,1.1235,15.0,7.6581,2.2007
200,843,9,95,method,2,1.1235,6.0,3.9927,1.6884
200,843,9,95,determin,1,1.5428,3.0,2.9927,1.5466
200,843,9,95,buckl,1,2.3968,3.0,2.9927,2.4027
200,843,9,95,stress,3,2.2047,9.0,4.9927,3.9743
200,843,9,95,shell,3,2.5768,9.0,4.9927,4.645
200,843,9,95,method,2,1.1235,6.0,3.9927,1.6884
200,1043,10,103,method,2,1.1235,6.0,4.0931,1.647
200,1043,10,103,determin,1,1.5428,3.0,3.0931,1.4964
200,1043,10,103,stress,1,2.2047,3.0,3.0931,2.1384
200,1043,10,103,shell,5,2.5768,15.0,7.0931,5.4492
200,1043,10,103,numer,3,1.9441,9.0,5.0931,3.4354
200,1043,10,103,method,2,1.1235,6.0,4.0931,1.647
201,625,1,192,nonequilibrium,2,4.3827,6.0,5.2105,5.0468
201,625,1,192,chemic,1,3.5686,3.0,4.2105,2.5427
201,625,1,192,constitu,1,6.3287,3.0,4.2105,4.5092
201,625,1,192,viscous,3,2.4368,9.0,6.2105,3.5313
201,625,1,192,shock,1,1.7622,3.0,4.2105,1.2556
201,625,1,192,layer,2,1.2179,6.0,5.2105,1.4024
201,625,1,192,blunt,2,2.2997,6.0,5.2105,2.6482
201,625,1,192,entri,1,3.5436,3.0,4.2105,2.5249
201,625,1,192,vehicl,1,3.0629,3.0,4.2105,2.1823
201,401,2,199,nonequilibrium,3,4.3827,9.0,6.2984,6.2627
201,401,2,199,chemic,2,3.5686,6.0,5.2984,4.0412
201,401,2,199,viscous,1,2.4368,3.0,4.2984,1.7007
201,401,2,199,shock,5,1.7622,15.0,8.2984,3.1854
201,401,2,199,layer,2,1.2179,6.0,5.2984,1.3791
201,401,2,199,blunt,2,2.2997,6.0,5.2984,2.6043
201,541,3,126,nonequilibrium,5,4.3827,15.0,7.3819,8.9057
201,541,3,126,shock,1,1.7622,3.0,3.3819,1.5632
201,541,3,126,layer,1,1.2179,3.0,3.3819,1.0803
201,541,3,126,blunt,3,2.2997,9.0,5.3819,3.8458
201,410,4,85,chemic,3,3.5686,9.0,4.8672,6.5989
201,410,4,85,shock,3,1.7622,9.0,4.8672,3.2586
201,410,4,85,layer,2,1.2179,6.0,3.8672,1.8896
201,410,4,85,blunt,2,2.2997,6.0,3.8672,3.5681
201,1297,5,85,nonequilibrium,2,4.3827,6.0,3.8672,6.7999
201,1297,5,85,shock,1,1.7622,3.0,2.8672,1.8439
201,1297,5,85,blunt,1,2.2997,3.0,2.8672,2.4063
201,1297,5,85,entri,1,3.5436,3.0,2.8672,3.7078
201,1296,6,125,nonequilibrium,1,4.3827,3.0,3.3693,3.9023
201,1296,6,125,chemic,2,3.5686,6.0,4.3693,4.9005
201,1296,6,125,blunt,1,2.2997,3.0,3.3693,2.0476
201,1296,6,125,entri,1,3.5436,3.0,3.3693,3.1552
201,163,7,240,chemic,1,3.5686,3.0,4.8131,2.2243
201,163,7,240,entri,7,3.5436,21.0,10.8131,6.882
201,163,7,240,vehicl,4,3.0629,12.0,7.8131,4.7042
201,24,8,147,nonequilibrium,4,4.3827,12.0,6.6455,7.914
201,24,8,147,chemic,1,3.5686,3.0,3.6455,2.9367
201,24,8,147,layer,9,1.2179,27.0,11.6455,2.8236
201,576,9,268,nonequilibrium,1,4.3827,3.0,5.1647,2.5458
201,576,9,268,chemic,1,3.5686,3.0,5.1647,2.0729
201,576,9,268,viscous,1,2.4368,3.0,5.1647,1.4155
201,576,9,268,shock,3,1.7622,9.0,7.1647,2.2136
201,576,9,268,layer,3,1.2179,9.0,7.1647,1.5298
201,576,9,268,ahead,1,4.1769,3.0,5.1647,2.4262
201,576,9,268,blunt,1,2.2997,3.0,5.1647,1.3358
201,1189,10,59,nonequilibrium,1,4.3827,3.0,2.5407,5.175
201,1189,10,59,chemic,1,3.5686,3.0,2.5407,4.2137
201,1189,10,59,shock,1,1.7622,3.0,2.5407,2.0808
201,1189,10,59,layer,2,1.2179,6.0,3.5407,2.0638
202,1285,1,40,analyt,1,2.5768,3.0,2.3022,3.3578
202,1285,1,40,theori,1,1.1214,3.0,2.3022,1.4612
202,1285,1,40,pressur,2,0.9305,6.0,3.3022,1.6907
202,1285,1,40,distribut,1,1.3547,3.0,2.3022,1.7653
202,1285,1,40,cone,2,2.4616,6.0,3.3022,4.4727
202,1285,1,40,incid,2,3.159,6.0,3.3022,5.7398
202,1285,1,40,hyperson,1,2.1062,3.0,2.3022,2.7446
202,1285,1,40,speed,1,1.5665,3.0,2.3022,2.0413
202,1310,2,166,accur,1,2.9208,3.0,3.8841,2.256
202,1310,2,166,exist,1,2.4785,3.0,3.8841,1.9144
202,1310,2,166,theori,5,1.1214,15.0,7.8841,2.1334
202,1310,2,166,estim,2,2.5862,6.0,4.8841,3.1771
202,1310,2,166,pressur,4,0.9305,12.0,6.8841,1.622
202,1310,2,166,distribut,1,1.3547,3.0,3.8841,1.0463
202,1310,2,166,cone,2,2.4616,6.0,4.8841,3.0241
202,1310,2,166,hyperson,6,2.1062,18.0,8.8841,4.2674
202,1310,2,166,speed,2,1.5665,6.0,4.8841,1.9244
202,232,3,154,accur,3,2.9208,9.0,5.7334,4.5849
202,232,3,154,theori,11,1.1214,33.0,13.7334,2.6945
202,232,3,154,pressur,5,0.9305,15.0,7.7334,1.8048
202,232,3,154,distribut,2,1.3547,6.0,4.7334,1.7172
202,232,3,154,cone,4,2.4616,12.0,6.7334,4.387
202,232,3,154,hyperson,3,2.1062,9.0,5.7334,3.3062
202,1309,4,139,exist,1,2.4785,3.0,3.5451,2.0974
202,1309,4,139,analyt,1,2.5768,3.0,3.5451,2.1806
202,1309,4,139,theori,3,1.1214,9.0,5.5451,1.82
202,1309,4,139,pressur,2,0.9305,6.0,4.5451,1.2283
202,1309,4,139,cone,3,2.4616,9.0,5.5451,3.9953
202,1309,4,139,hyperson,3,2.1062,9.0,5.5451,3.4185
202,1309,4,139,speed,1,1.5665,3.0,3.5451,1.3256
202,186,5,105,accur,2,2.9208,6.0,4.1182,4.2554
202,186,5,105,exist,1,2.4785,3.0,3.1182,2.3845
202,186,5,105,analyt,2,2.5768,6.0,4.1182,3.7542
202,186,5,105,pressur,5,0.9305,15.0,7.1182,1.9608
202,186,5,105,cone,2,2.4616,6.0,4.1182,3.5864
202,1231,6,103,accur,1,2.9208,3.0,3.0931,2.8329
202,1231,6,103,theori,1,1.1214,3.0,3.0931,1.0876
202,1231,6,103,pressur,5,0.9305,15.0,7.0931,1.9677
202,1231,6,103,distribut,3,1.3547,9.0,5.0931,2.3938
202,1231,6,103,cone,2,2.4616,6.0,4.0931,3.6084
202,1231,6,103,hyperson,3,2.1062,9.0,5.0931,3.7218
202,122,7,133,exist,1,2.4785,3.0,3.4698,2.1429
202,122,7,133,theori,3,1.1214,9.0,5.4698,1.8451
202,122,7,133,pressur,2,0.9305,6.0,4.4698,1.249
202,122,7,133,cone,7,2.4616,21.0,9.4698,5.4589
202,122,7,133,incid,1,3.159,3.0,3.4698,2.7313
202,122,7,133,hyperson,1,2.1062,3.0,3.4698,1.821
202,294,8,165,accur,1,2.9208,3.0,3.8715,2.2633
202,294,8,165,theori,6,1.1214,18.0,8.8715,2.2752
202,294,8,165,estim,2,2.5862,6.0,4.8715,3.1853
202,294,8,165,pressur,1,0.9305,3.0,3.8715,0.721
202,294,8,165,distribut,1,1.3547,3.0,3.8715,1.0497
202,294,8,165,cone,1,2.4616,3.0,3.8715,1.9075
202,294,8,165,hyperson,3,2.1062,9.0,5.8715,3.2284
202,605,9,97,theori,1,1.1214,3.0,3.0178,1.1147
202,605,9,97,pressur,6,0.9305,18.0,8.0178,2.0889
202,605,9,97,cone,6,2.4616,18.0,8.0178,5.5264
202,605,9,97,incid,3,3.159,9.0,5.0178,5.666
202,1356,10,179,theori,4,1.1214,12.0,7.0473,1.9094
202,1356,10,179,pressur,10,0.9305,30.0,13.0473,2.1395
202,1356,10,179,cone,2,2.4616,6.0,5.0473,2.9263
202,1356,10,179,incid,1,3.159,3.0,4.0473,2.3415
202,1356,10,179,hyperson,3,2.1062,9.0,6.0473,3.1346
202,1356,10,179,speed,2,1.5665,6.0,5.0473,1.8622
203,58,1,111,empir,1,3.795,3.0,3.1936,3.5649
203,58,1,111,method,2,1.1235,6.0,4.1936,1.6075
203,58,1,111,pressur,6,0.9305,18.0,8.1936,2.0441
203,58,1,111,distribut,1,1.3547,3.0,3.1936,1.2726
203,58,1,111,cone,5,2.4616,15.0,7.1936,5.133
203,1285,2,40,empir,1,3.795,3.0,2.3022,4.9452
203,1285,2,40,pressur,2,0.9305,6.0,3.3022,1.6907
203,1285,2,40,distribut,1,1.3547,3.0,2.3022,1.7653
203,1285,2,40,cone,2,2.4616,6.0,3.3022,4.4727
203,211,3,113,empir,1,3.795,3.0,3.2187,3.5371
203,211,3,113,method,2,1.1235,6.0,4.2187,1.598
203,211,3,113,use,1,1.0037,3.0,3.2187,0.9355
203,211,3,113,pressur,2,0.9305,6.0,4.2187,1.3234
203,211,3,113,distribut,1,1.3547,3.0,3.2187,1.2626
203,211,3,113,cone,2,2.4616,6.0,4.2187,3.501
203,38,4,48,empir,3,3.795,9.0,4.4026,7.7578
203,38,4,48,pressur,3,0.9305,9.0,4.4026,1.9021
203,38,4,48,distribut,2,1.3547,6.0,3.4026,2.3888
203,1231,5,103,simpl,2,2.0273,6.0,4.0931,2.9717
203,1231,5,103,method,1,1.1235,3.0,3.0931,1.0897
203,1231,5,103,pressur,5,0.9305,15.0,7.0931,1.9677
203,1231,5,103,distribut,3,1.3547,9.0,5.0931,2.3938
203,1231,5,103,cone,2,2.4616,6.0,4.0931,3.6084
203,1310,6,166,simpl,1,2.0273,3.0,3.8841,1.5658
203,1310,6,166,method,2,1.1235,6.0,4.8841,1.3803
203,1310,6,166,estim,2,2.5862,6.0,4.8841,3.1771
203,1310,6,166,pressur,4,0.9305,12.0,6.8841,1.622
203,1310,6,166,distribut,1,1.3547,3.0,3.8841,1.0463
203,1310,6,166,cone,2,2.4616,6.0,4.8841,3.0241
203,1262,7,69,method,4,1.1235,12.0,5.6663,2.3794
203,1262,7,69,use,1,1.0037,3.0,2.6663,1.1293
203,1262,7,69,pressur,2,0.9305,6.0,3.6663,1.5228
203,1262,7,69,distribut,2,1.3547,6.0,3.6663,2.217
203,1262,7,69,cone,2,2.4616,6.0,3.6663,4.0285
203,1308,8,44,empir,1,3.795,3.0,2.3524,4.8397
203,1308,8,44,use,1,1.0037,3.0,2.3524,1.28
203,1308,8,44,cone,3,2.4616,9.0,4.3524,5.0902
203,370,9,106,simpl,1,2.0273,3.0,3.1308,1.9426
203,370,9,106,method,1,1.1235,3.0,3.1308,1.0766
203,370,9,106,use,2,1.0037,6.0,4.1308,1.4579
203,370,9,106,estim,1,2.5862,3.0,3.1308,2.4782
203,370,9,106,pressur,4,0.9305,12.0,6.1308,1.8213
203,370,9,106,distribut,3,1.3547,9.0,5.1308,2.3763
203,122,10,133,simpl,1,2.0273,3.0,3.4698,1.7528
203,122,10,133,method,8,1.1235,24.0,10.4698,2.5755
203,122,10,133,pressur,2,0.9305,6.0,4.4698,1.249
203,122,10,133,cone,7,2.4616,21.0,9.4698,5.4589
204,147,1,101,viscous,1,2.4368,3.0,3.068,2.3828
204,147,1,101,effect,1,0.9524,3.0,3.068,0.9313
204,147,1,101,serious,1,4.8936,3.0,3.068,4.7851
204,147,1,101,pressur,4,0.9305,12.0,6.068,1.8401
204,147,1,101,distribut,4,1.3547,12.0,6.068,2.679
204,443,2,134,effect,3,0.9524,9.0,5.4823,1.5636
204,443,2,134,modifi,3,2.9077,9.0,5.4823,4.7733
204,443,2,134,pressur,3,0.9305,9.0,5.4823,1.5275
204,443,2,134,distribut,3,1.3547,9.0,5.4823,2.2239
204,573,3,100,viscous,4,2.4368,12.0,6.0555,4.829
204,573,3,100,effect,3,0.9524,9.0,5.0555,1.6956
204,573,3,100,pressur,2,0.9305,6.0,4.0555,1.3766
204,573,3,100,distribut,2,1.3547,6.0,4.0555,2.0042
204,208,4,70,viscous,3,2.4368,9.0,4.6788,4.6874
204,208,4,70,effect,3,0.9524,9.0,4.6788,1.8321
204,208,4,70,modifi,1,2.9077,3.0,2.6788,3.2563
204,1080,5,68,viscous,1,2.4368,3.0,2.6537,2.7548
204,1080,5,68,modifi,1,2.9077,3.0,2.6537,3.2871
204,1080,5,68,pressur,1,0.9305,3.0,2.6537,1.0519
204,1080,5,68,distribut,3,1.3547,9.0,4.6537,2.6199
204,1229,6,184,viscous,3,2.4368,9.0,6.1101,3.5894
204,1229,6,184,effect,4,0.9524,12.0,7.1101,1.6075
204,1229,6,184,pressur,5,0.9305,15.0,8.1101,1.721
204,1229,6,184,distribut,3,1.3547,9.0,6.1101,1.9954
204,133,7,114,viscous,2,2.4368,6.0,4.2312,3.4555
204,133,7,114,effect,2,0.9524,6.0,4.2312,1.3506
204,133,7,114,modifi,1,2.9077,3.0,3.2312,2.6996
204,133,7,114,pressur,2,0.9305,6.0,4.2312,1.3195
204,1271,8,169,effect,1,0.9524,3.0,3.9218,0.7286
204,1271,8,169,modifi,3,2.9077,9.0,5.9218,4.4191
204,1271,8,169,pressur,1,0.9305,3.0,3.9218,0.7118
204,1271,8,169,distribut,6,1.3547,18.0,8.9218,2.7331
204,310,9,99,viscous,5,2.4368,15.0,7.0429,5.19
204,310,9,99,pressur,4,0.9305,12.0,6.0429,1.8478
204,310,9,99,distribut,1,1.3547,3.0,3.0429,1.3356
204,1310,10,166,viscous,1,2.4368,3.0,3.8841,1.8822
204,1310,10,166,effect,3,0.9524,9.0,5.8841,1.4568
204,1310,10,166,modifi,1,2.9077,3.0,3.8841,2.2458
204,1310,10,166,pressur,4,0.9305,12.0,6.8841,1.622
204,1310,10,166,distribut,1,1.3547,3.0,3.8841,1.0463
205,1321,1,157,theoret,1,1.7832,3.0,3.7711,1.4186
205,1321,1,157,surfac,4,1.4443,12.0,6.7711,2.5597
205,1321,1,157,flexibl,7,4.1314,21.0,9.7711,8.8792
205,1321,1,157,stabil,4,2.4533,12.0,6.7711,4.3478
205,1321,1,157,laminar,2,1.7875,6.0,4.7711,2.2479
205,1321,1,157,boundari,6,1.0911,18.0,8.7711,2.2392
205,1287,2,53,surfac,3,1.4443,9.0,4.4654,2.9111
205,1287,2,53,flexibl,3,4.1314,9.0,4.4654,8.3269
205,1287,2,53,stabil,1,2.4533,3.0,2.4654,2.9853
205,1287,2,53,laminar,2,1.7875,6.0,3.4654,3.0949
205,78,3,119,investig,1,1.3547,3.0,3.294,1.2338
205,78,3,119,theoret,2,1.7832,6.0,4.294,2.4917
205,78,3,119,flexibl,2,4.1314,6.0,4.294,5.7728
205,78,3,119,stabil,5,2.4533,15.0,7.294,5.0451
205,78,3,119,boundari,2,1.0911,6.0,4.294,1.5247
205,1323,4,60,investig,2,1.3547,6.0,3.5533,2.2875
205,1323,4,60,whether,1,4.7192,3.0,2.5533,5.5449
205,1323,4,60,laminar,4,1.7875,12.0,5.5533,3.8625
205,1323,4,60,boundari,1,1.0911,3.0,2.5533,1.282
205,1323,4,60,layer,2,1.2179,6.0,3.5533,2.0565
205,1322,5,132,surfac,5,1.4443,15.0,7.4572,2.9052
205,1322,5,132,flexibl,1,4.1314,3.0,3.4572,3.585
205,1322,5,132,stabil,3,2.4533,9.0,5.4572,4.0459
205,1322,5,132,boundari,5,1.0911,15.0,7.4572,2.1948
205,1322,5,132,layer,3,1.2179,9.0,5.4572,2.0085
205,55,6,81,theoret,1,1.7832,3.0,2.8169,1.8991
205,55,6,81,stabil,3,2.4533,9.0,4.8169,4.5838
205,55,6,81,laminar,4,1.7875,12.0,5.8169,3.6875
205,55,6,81,boundari,3,1.0911,9.0,4.8169,2.0387
205,55,6,81,layer,3,1.2179,9.0,4.8169,2.2755
205,1381,7,188,investig,2,1.3547,6.0,5.1603,1.5751
205,1381,7,188,theoret,1,1.7832,3.0,4.1603,1.2859
205,1381,7,188,surfac,3,1.4443,9.0,6.1603,2.1101
205,1381,7,188,stabil,2,2.4533,6.0,5.1603,2.8525
205,1381,7,188,laminar,2,1.7875,6.0,5.1603,2.0784
205,1381,7,188,boundari,4,1.0911,12.0,7.1603,1.8287
205,1381,7,188,layer,4,1.2179,12.0,7.1603,2.041
205,80,8,185,investig,1,1.3547,3.0,4.1226,0.9858
205,80,8,185,theoret,1,1.7832,3.0,4.1226,1.2976
205,80,8,185,surfac,6,1.4443,18.0,9.1226,2.8498
205,80,8,185,stabil,2,2.4533,6.0,5.1226,2.8735
205,80,8,185,laminar,1,1.7875,3.0,4.1226,1.3007
205,80,8,185,boundari,5,1.0911,15.0,8.1226,2.015
205,80,8,185,layer,5,1.2179,15.0,8.1226,2.249
205,73,9,181,investig,2,1.3547,6.0,5.0724,1.6024
205,73,9,181,surfac,2,1.4443,6.0,5.0724,1.7085
205,73,9,181,stabil,4,2.4533,12.0,7.0724,4.1626
205,73,9,181,laminar,3,1.7875,9.0,6.0724,2.6493
205,73,9,181,boundari,3,1.0911,9.0,6.0724,1.6172
205,73,9,181,layer,3,1.2179,9.0,6.0724,1.805
205,337,10,54,surfac,2,1.4443,6.0,3.478,2.4917
205,337,10,54,stabil,1,2.4533,3.0,2.478,2.9701
205,337,10,54,laminar,2,1.7875,6.0,3.478,3.0837
205,337,10,54,boundari,3,1.0911,9.0,4.478,2.193
205,337,10,54,layer,3,1.2179,9.0,4.478,2.4477
206,1290,1,132,subson,2,2.5131,6.0,4.4572,3.383
206,1290,1,132,transon,5,3.0939,15.0,7.4572,6.2233
206,1290,1,132,flutter,8,3.2107,24.0,10.4572,7.3688
206,1290,1,132,data,5,1.8627,15.0,7.4572,3.7469
206,1290,1,132,measur,2,1.7135,6.0,4.4572,2.3066
206,1290,1,132,langley,2,4.0063,6.0,4.4572,5.3929
206,1290,1,132,transon,5,3.0939,15.0,7.4572,6.2233
206,1290,1,132,dynam,2,2.8692,6.0,4.4572,3.8623
206,1290,1,132,tunnel,2,2.0492,6.0,4.4572,2.7585
206,1290,1,132,compar,1,1.7335,3.0,3.4572,1.5043
206,1290,1,132,data,5,1.8627,15.0,7.4572,3.7469
206,1290,1,132,obtain,2,1.104,6.0,4.4572,1.4861
206,1290,1,132,facil,1,4.5708,3.0,3.4572,3.9663
206,1338,2,140,transon,3,3.0939,9.0,5.5577,5.0102
206,1338,2,140,flutter,7,3.2107,21.0,9.5577,7.0545
206,1338,2,140,data,1,1.8627,3.0,3.5577,1.5708
206,1338,2,140,langley,1,4.0063,3.0,3.5577,3.3783
206,1338,2,140,transon,3,3.0939,9.0,5.5577,5.0102
206,1338,2,140,tunnel,1,2.0492,3.0,3.5577,1.728
206,1338,2,140,data,1,1.8627,3.0,3.5577,1.5708
206,879,3,25,transon,2,3.0939,6.0,3.1139,5.9615
206,879,3,25,flutter,2,3.2107,6.0,3.1139,6.1866
206,879,3,25,transon,2,3.0939,6.0,3.1139,5.9615
206,879,3,25,facil,1,4.5708,3.0,2.1139,6.4869
206,516,4,71,transon,1,3.0939,3.0,2.6914,3.4487
206,516,4,71,measur,2,1.7135,6.0,3.6914,2.7852
206,516,4,71,transon,1,3.0939,3.0,2.6914,3.4487
206,516,4,71,dynam,3,2.8692,9.0,4.6914,5.5043
206,516,4,71,tunnel,4,2.0492,12.0,5.6914,4.3207
206,516,4,71,compar,1,1.7335,3.0,2.6914,1.9323
206,516,4,71,obtain,2,1.104,6.0,3.6914,1.7944
206,252,5,144,subson,2,2.5131,6.0,4.6079,3.2724
206,252,5,144,transon,2,3.0939,6.0,4.6079,4.0286
206,252,5,144,measur,2,1.7135,6.0,4.6079,2.2312
206,252,5,144,transon,2,3.0939,6.0,4.6079,4.0286
206,252,5,144,tunnel,8,2.0492,24.0,10.6079,4.6363
206,252,5,144,compar,1,1.7335,3.0,3.6079,1.4415
206,252,5,144,similar,2,2.2244,6.0,4.6079,2.8964
206,1336,6,128,data,4,1.8627,12.0,6.407,3.4888
206,1336,6,128,measur,1,1.7135,3.0,3.407,1.5088
206,1336,6,128,langley,1,4.0063,3.0,3.407,3.5277
206,1336,6,128,tunnel,3,2.0492,9.0,5.407,3.4109
206,1336,6,128,compar,2,1.7335,6.0,4.407,2.3601
206,1336,6,128,similar,1,2.2244,3.0,3.407,1.9586
206,1336,6,128,data,4,1.8627,12.0,6.407,3.4888
206,1336,6,128,obtain,2,1.104,6.0,4.407,1.503
206,1341,7,135,transon,2,3.0939,6.0,4.4949,4.1299
206,1341,7,135,flutter,7,3.2107,21.0,9.4949,7.1012
206,1341,7,135,langley,1,4.0063,3.0,3.4949,3.439
206,1341,7,135,transon,2,3.0939,6.0,4.4949,4.1299
206,1341,7,135,tunnel,1,2.0492,3.0,3.4949,1.759
206,876,8,92,transon,2,3.0939,6.0,3.955,4.6936
206,876,8,92,flutter,4,3.2107,12.0,5.955,6.4699
206,876,8,92,transon,2,3.0939,6.0,3.955,4.6936
206,876,8,92,tunnel,6,2.0492,18.0,7.955,4.6368
206,440,9,58,subson,1,2.5131,3.0,2.5282,2.9822
206,440,9,58,transon,3,3.0939,9.0,4.5282,6.1493
206,440,9,58,data,1,1.8627,3.0,2.5282,2.2104
206,440,9,58,transon,3,3.0939,9.0,4.5282,6.1493
206,440,9,58,data,1,1.8627,3.0,2.5282,2.2104
206,598,10,37,data,2,1.8627,6.0,3.2645,3.4236
206,598,10,37,measur,2,1.7135,6.0,3.2645,3.1494
206,598,10,37,new,1,2.8818,3.0,2.2645,3.8178
206,598,10,37,tunnel,3,2.0492,9.0,4.2645,4.3247
206,598,10,37,data,2,1.8627,6.0,3.2645,3.4236
206,598,10,37,obtain,1,1.104,3.0,2.2645,1.4625
207,1290,1,132,mass,2,2.9752,6.0,4.4572,4.0051
207,1290,1,132,ratio,4,1.5529,12.0,6.4572,2.8859
207,1290,1,132,wing,3,1.8222,9.0,5.4572,3.0051
207,1290,1,132,flutter,8,3.2107,24.0,10.4572,7.3688
207,859,2,159,larg,1,1.8907,3.0,3.7962,1.4942
207,859,2,159,chang,2,2.4368,6.0,4.7962,3.0484
207,859,2,159,ratio,3,1.5529,9.0,5.7962,2.4112
207,859,2,159,flutter,8,3.2107,24.0,10.7962,7.1374
207,859,2,159,boundari,4,1.0911,12.0,6.7962,1.9266
207,1338,3,140,ratio,5,1.5529,15.0,7.5577,3.0821
207,1338,3,140,affect,1,3.4272,3.0,3.5577,2.89
207,1338,3,140,wing,3,1.8222,9.0,5.5577,2.9508
207,1338,3,140,flutter,7,3.2107,21.0,9.5577,7.0545
207,747,4,71,mass,1,2.9752,3.0,2.6914,3.3164
207,747,4,71,ratio,1,1.5529,3.0,2.6914,1.731
207,747,4,71,wing,2,1.8222,6.0,3.6914,2.9618
207,747,4,71,flutter,5,3.2107,15.0,6.6914,7.1974
207,365,5,108,larg,3,1.8907,9.0,5.1559,3.3004
207,365,5,108,chang,1,2.4368,3.0,3.1559,2.3164
207,365,5,108,new,1,2.8818,3.0,3.1559,2.7395
207,365,5,108,mass,2,2.9752,6.0,4.1559,4.2954
207,365,5,108,boundari,6,1.0911,18.0,8.1559,2.4081
207,1341,6,135,ratio,10,1.5529,30.0,12.4949,3.7285
207,1341,6,135,wing,8,1.8222,24.0,10.4949,4.167
207,1341,6,135,flutter,7,3.2107,21.0,9.4949,7.1012
207,442,7,124,mass,1,2.9752,3.0,3.3568,2.659
207,442,7,124,ratio,2,1.5529,6.0,4.3568,2.1386
207,442,7,124,wing,4,1.8222,12.0,6.3568,3.4398
207,442,7,124,flutter,4,3.2107,12.0,6.3568,6.061
207,749,8,82,ratio,5,1.5529,15.0,6.8295,3.4107
207,749,8,82,wing,6,1.8222,18.0,7.8295,4.1892
207,749,8,82,flutter,4,3.2107,12.0,5.8295,6.6092
207,189,9,246,larg,3,1.8907,9.0,6.8885,2.4703
207,189,9,246,ratio,5,1.5529,15.0,8.8885,2.6206
207,189,9,246,affect,3,3.4272,9.0,6.8885,4.4778
207,189,9,246,wing,4,1.8222,12.0,7.8885,2.7719
207,189,9,246,boundari,5,1.0911,15.0,8.8885,1.8414
207,362,10,42,larg,1,1.8907,3.0,2.3273,2.4372
207,362,10,42,ratio,1,1.5529,3.0,2.3273,2.0018
207,362,10,42,wing,1,1.8222,3.0,2.3273,2.3489
207,362,10,42,flutter,2,3.2107,6.0,3.3273,5.7897
207,362,10,42,boundari,1,1.0911,3.0,2.3273,1.4065
208,1291,1,170,shape,2,1.9797,6.0,4.9343,2.4072
208,1291,1,170,drag,14,2.3141,42.0,16.9343,5.7393
208,1291,1,170,polar,6,4.7192,18.0,8.9343,9.5078
208,1291,1,170,lift,8,2.1729,24.0,10.9343,4.7694
208,1291,1,170,spacecraft,3,5.9922,9.0,5.9343,9.0878
208,1291,1,170,reduct,3,3.2286,9.0,5.9343,4.8964
208,1291,1,170,maximum,11,2.4957,33.0,13.9343,5.9104
208,1291,1,170,deceler,7,4.3272,21.0,9.9343,9.1472
208,1291,1,170,obtain,2,1.104,6.0,4.9343,1.3424
208,1291,1,170,aerodynam,2,2.0548,6.0,4.9343,2.4985
208,1291,1,170,coeffici,6,1.8311,18.0,8.9343,3.6891
208,1291,1,170,entri,4,3.5436,12.0,6.9343,6.1324
208,1344,2,133,drag,6,2.3141,18.0,8.4698,4.9179
208,1344,2,133,polar,1,4.7192,3.0,3.4698,4.0803
208,1344,2,133,lift,5,2.1729,15.0,7.4698,4.3634
208,1344,2,133,reduct,2,3.2286,6.0,4.4698,4.3338
208,1344,2,133,maximum,10,2.4957,30.0,12.4698,6.0041
208,1344,2,133,deceler,7,4.3272,21.0,9.4698,9.5958
208,1344,2,133,coeffici,2,1.8311,6.0,4.4698,2.4579
208,1344,2,133,entri,3,3.5436,9.0,5.4698,5.8307
208,163,3,240,effect,1,0.9524,3.0,4.8131,0.5937
208,163,3,240,shape,1,1.9797,3.0,4.8131,1.2339
208,163,3,240,drag,2,2.3141,6.0,5.8131,2.3885
208,163,3,240,lift,5,2.1729,15.0,8.8131,3.6983
208,163,3,240,spacecraft,1,5.9922,3.0,4.8131,3.7349
208,163,3,240,reduct,1,3.2286,3.0,4.8131,2.0123
208,163,3,240,maximum,4,2.4957,12.0,7.8131,3.833
208,163,3,240,deceler,3,4.3272,9.0,6.8131,5.7161
208,163,3,240,aerodynam,4,2.0548,12.0,7.8131,3.1559
208,163,3,240,coeffici,2,1.8311,6.0,5.8131,1.8899
208,163,3,240,entri,7,3.5436,21.0,10.8131,6.882
208,1347,4,153,drag,3,2.3141,9.0,5.7209,3.6405
208,1347,4,153,lift,6,2.1729,18.0,8.7209,4.4849
208,1347,4,153,maximum,7,2.4957,21.0,9.7209,5.3914
208,1347,4,153,aerodynam,2,2.0548,6.0,4.7209,2.6115
208,1347,4,153,coeffici,3,1.8311,9.0,5.7209,2.8806
208,1347,4,153,entri,4,3.5436,12.0,6.7209,6.3271
208,1345,5,68,drag,2,2.3141,6.0,3.6537,3.8001
208,1345,5,68,lift,3,2.1729,9.0,4.6537,4.2022
208,1345,5,68,deceler,2,4.3272,6.0,3.6537,7.1059
208,1345,5,68,aerodynam,2,2.0548,6.0,3.6537,3.3743
208,1345,5,68,entri,3,3.5436,9.0,4.6537,6.8532
208,1346,6,71,effect,1,0.9524,3.0,2.6914,1.0617
208,1346,6,71,lift,2,2.1729,6.0,3.6914,3.5318
208,1346,6,71,amount,1,3.4722,3.0,2.6914,3.8703
208,1346,6,71,reduct,1,3.2286,3.0,2.6914,3.5988
208,1346,6,71,coeffici,2,1.8311,6.0,3.6914,2.9762
208,1346,6,71,entri,4,3.5436,12.0,5.6914,7.4716
208,1352,7,142,effect,3,0.9524,9.0,5.5828,1.5354
208,1352,7,142,drag,3,2.3141,9.0,5.5828,3.7305
208,1352,7,142,lift,3,2.1729,9.0,5.5828,3.5029
208,1352,7,142,amount,1,3.4722,3.0,3.5828,2.9074
208,1352,7,142,reduct,1,3.2286,3.0,3.5828,2.7034
208,1352,7,142,maximum,1,2.4957,3.0,3.5828,2.0897
208,1352,7,142,obtain,1,1.104,3.0,3.5828,0.9244
208,1352,7,142,vari,1,2.2717,3.0,3.5828,1.9022
208,1352,7,142,aerodynam,2,2.0548,6.0,4.5828,2.6902
208,164,8,182,shape,1,1.9797,3.0,4.085,1.4539
208,164,8,182,drag,4,2.3141,12.0,7.085,3.9194
208,164,8,182,lift,5,2.1729,15.0,8.085,4.0314
208,164,8,182,deceler,1,4.3272,3.0,4.085,3.1779
208,164,8,182,obtain,1,1.104,3.0,4.085,0.8108
208,164,8,182,aerodynam,1,2.0548,3.0,4.085,1.509
208,164,8,182,entri,5,3.5436,15.0,8.085,6.5745
208,275,9,77,effect,2,0.9524,6.0,3.7667,1.5172
208,275,9,77,lift,2,2.1729,6.0,3.7667,3.4612
208,275,9,77,maximum,1,2.4957,3.0,2.7667,2.7061
208,275,9,77,deceler,1,4.3272,3.0,2.7667,4.692
208,275,9,77,vari,1,2.2717,3.0,2.7667,2.4632
208,275,9,77,entri,2,3.5436,6.0,3.7667,5.6447
208,566,10,111,effect,1,0.9524,3.0,3.1936,0.8947
208,566,10,111,drag,3,2.3141,9.0,5.1936,4.0101
208,566,10,111,amount,2,3.4722,6.0,4.1936,4.9679
208,566,10,111,reduct,3,3.2286,9.0,5.1936,5.5948
208,566,10,111,obtain,1,1.104,3.0,3.1936,1.0371
208,566,10,111,coeffici,5,1.8311,15.0,7.1936,3.8181
209,798,1,341,physic,1,3.0783,3.0,6.0812,1.5186
209,798,1,341,characterist,2,2.0273,6.0,7.0812,1.7178
209,798,1,341,separ,10,2.2244,30.0,15.0812,4.4248
209,798,1,341,laminar,4,1.7875,12.0,9.0812,2.362
209,798,1,341,turbul,8,2.2648,24.0,13.0812,4.1552
209,798,1,341,boundari,9,1.0911,27.0,14.0812,2.0922
209,798,1,341,layer,13,1.2179,39.0,18.0812,2.6269
209,798,1,341,flow,5,0.6512,15.0,10.0812,0.969
209,959,2,128,separ,7,2.2244,21.0,9.407,4.9656
209,959,2,128,laminar,4,1.7875,12.0,6.407,3.3479
209,959,2,128,turbul,3,2.2648,9.0,5.407,3.7697
209,959,2,128,boundari,7,1.0911,21.0,9.407,2.4358
209,959,2,128,layer,7,1.2179,21.0,9.407,2.7187
209,959,2,128,flow,3,0.6512,9.0,5.407,1.0839
209,240,3,148,physic,1,3.0783,3.0,3.6581,2.5245
209,240,3,148,separ,11,2.2244,33.0,13.6581,5.3744
209,240,3,148,laminar,3,1.7875,9.0,5.6581,2.8432
209,240,3,148,turbul,1,2.2648,3.0,3.6581,1.8573
209,240,3,148,boundari,2,1.0911,6.0,4.6581,1.4055
209,240,3,148,layer,5,1.2179,15.0,7.6581,2.3855
209,240,3,148,flow,6,0.6512,18.0,8.6581,1.3539
209,996,4,194,separ,12,2.2244,36.0,15.2356,5.2559
209,996,4,194,laminar,5,1.7875,15.0,8.2356,3.2556
209,996,4,194,turbul,6,2.2648,18.0,9.2356,4.414
209,996,4,194,boundari,3,1.0911,9.0,6.2356,1.5749
209,996,4,194,layer,3,1.2179,9.0,6.2356,1.7578
209,996,4,194,flow,2,0.6512,6.0,5.2356,0.7463
209,187,5,180,signific,1,2.7286,3.0,4.0599,2.0163
209,187,5,180,separ,10,2.2244,30.0,13.0599,5.1096
209,187,5,180,laminar,3,1.7875,9.0,6.0599,2.6547
209,187,5,180,turbul,2,2.2648,6.0,5.0599,2.6856
209,187,5,180,boundari,2,1.0911,6.0,5.0599,1.2939
209,187,5,180,layer,3,1.2179,9.0,6.0599,1.8088
209,187,5,180,flow,6,0.6512,18.0,9.0599,1.2938
209,651,6,114,characterist,2,2.0273,6.0,4.2312,2.8747
209,651,6,114,separ,6,2.2244,18.0,8.2312,4.8642
209,651,6,114,turbul,3,2.2648,9.0,5.2312,3.8964
209,651,6,114,boundari,2,1.0911,6.0,4.2312,1.5473
209,651,6,114,layer,2,1.2179,6.0,4.2312,1.727
209,651,6,114,flow,8,0.6512,24.0,10.2312,1.5276
209,455,7,110,physic,3,3.0783,9.0,5.181,5.3473
209,455,7,110,separ,6,2.2244,18.0,8.181,4.8941
209,455,7,110,laminar,2,1.7875,6.0,4.181,2.5651
209,455,7,110,boundari,1,1.0911,3.0,3.181,1.0291
209,455,7,110,layer,1,1.2179,3.0,3.181,1.1486
209,455,7,110,flow,4,0.6512,12.0,6.181,1.2643
209,1364,8,112,physic,1,3.0783,3.0,3.2061,2.8804
209,1364,8,112,separ,3,2.2244,9.0,5.2061,3.8453
209,1364,8,112,laminar,1,1.7875,3.0,3.2061,1.6726
209,1364,8,112,turbul,1,2.2648,3.0,3.2061,2.1192
209,1364,8,112,boundari,8,1.0911,24.0,10.2061,2.5659
209,1364,8,112,layer,8,1.2179,24.0,10.2061,2.8639
209,461,9,57,characterist,1,2.0273,3.0,2.5156,2.4176
209,461,9,57,separ,3,2.2244,9.0,4.5156,4.4333
209,461,9,57,laminar,2,1.7875,6.0,3.5156,3.0506
209,461,9,57,boundari,3,1.0911,9.0,4.5156,2.1747
209,461,9,57,layer,3,1.2179,9.0,4.5156,2.4273
209,461,9,57,flow,1,0.6512,3.0,2.5156,0.7766
209,358,10,52,separ,6,2.2244,18.0,7.4528,5.3722
209,358,10,52,turbul,2,2.2648,6.0,3.4528,3.9355
209,358,10,52,boundari,4,1.0911,12.0,5.4528,2.4013
209,358,10,52,layer,4,1.2179,12.0,5.4528,2.6801
209,358,10,52,flow,1,0.6512,3.0,2.4528,0.7965
210,1172,1,98,investig,1,1.3547,3.0,3.0304,1.3411
210,1172,1,98,stabil,3,2.4533,9.0,5.0304,4.3893
210,1172,1,98,soft,2,5.5402,6.0,4.0304,8.2477
210,1172,1,98,elast,7,2.8321,21.0,9.0304,6.5861
210,1172,1,98,core,6,4.0063,18.0,8.0304,8.98
210,1172,1,98,buckl,5,2.3968,15.0,7.0304,5.1139
210,1172,1,98,strength,1,3.0783,3.0,3.0304,3.0474
210,1172,1,98,cylindr,2,2.6448,6.0,4.0304,3.9373
210,1172,1,98,shell,5,2.5768,15.0,7.0304,5.4979
210,1172,1,98,uniform,1,2.2444,3.0,3.0304,2.2219
210,1172,1,98,pressur,1,0.9305,3.0,3.0304,0.9212
210,1145,2,62,investig,1,1.3547,3.0,2.5784,1.5762
210,1145,2,62,stabil,2,2.4533,6.0,3.5784,4.1135
210,1145,2,62,soft,1,5.5402,3.0,2.5784,6.4461
210,1145,2,62,elast,2,2.8321,6.0,3.5784,4.7487
210,1145,2,62,core,2,4.0063,6.0,3.5784,6.7174
210,1145,2,62,buckl,1,2.3968,3.0,2.5784,2.7887
210,1145,2,62,cylindr,1,2.6448,3.0,2.5784,3.0772
210,1145,2,62,shell,1,2.5768,3.0,2.5784,2.9981
210,1145,2,62,subject,1,2.6549,3.0,2.5784,3.089
210,1145,2,62,uniform,1,2.2444,3.0,2.5784,2.6113
210,1145,2,62,extern,1,2.9341,3.0,2.5784,3.4139
210,1145,2,62,pressur,5,0.9305,15.0,6.5784,2.1217
210,1171,3,45,investig,1,1.3547,3.0,2.365,1.7184
210,1171,3,45,stabil,3,2.4533,9.0,4.365,5.0584
210,1171,3,45,soft,1,5.5402,3.0,2.365,7.0278
210,1171,3,45,elast,2,2.8321,6.0,3.365,5.0499
210,1171,3,45,core,2,4.0063,6.0,3.365,7.1435
210,1171,3,45,cylindr,2,2.6448,6.0,3.365,4.7159
210,1171,3,45,shell,2,2.5768,6.0,3.365,4.5946
210,1171,3,45,pressur,3,0.9305,9.0,4.365,1.9185
210,1126,4,53,elast,2,2.8321,6.0,3.4654,4.9036
210,1126,4,53,core,1,4.0063,3.0,2.4654,4.875
210,1126,4,53,buckl,3,2.3968,9.0,4.4654,4.8308
210,1126,4,53,strength,1,3.0783,3.0,2.4654,3.7458
210,1126,4,53,cylindr,2,2.6448,6.0,3.4654,4.5792
210,1126,4,53,shell,2,2.5768,6.0,3.4654,4.4615
210,1126,4,53,pressur,1,0.9305,3.0,2.4654,1.1323
210,743,5,75,investig,1,1.3547,3.0,2.7416,1.4824
210,743,5,75,stabil,1,2.4533,3.0,2.7416,2.6845
210,743,5,75,elast,1,2.8321,3.0,2.7416,3.0991
210,743,5,75,buckl,2,2.3968,6.0,3.7416,3.8435
210,743,5,75,cylindr,4,2.6448,12.0,5.7416,5.5276
210,743,5,75,shell,5,2.5768,15.0,6.7416,5.7333
210,743,5,75,subject,1,2.6549,3.0,2.7416,2.9051
210,743,5,75,pressur,2,0.9305,6.0,3.7416,1.4921
210,739,6,167,investig,1,1.3547,3.0,3.8966,1.043
210,739,6,167,elast,2,2.8321,6.0,4.8966,3.4703
210,739,6,167,buckl,10,2.3968,30.0,12.8966,5.5755
210,739,6,167,cylindr,3,2.6448,9.0,5.8966,4.0367
210,739,6,167,shell,10,2.5768,30.0,12.8966,5.9941
210,739,6,167,non,3,3.0939,9.0,5.8966,4.7222
210,739,6,167,uniform,1,2.2444,3.0,3.8966,1.7279
210,1068,7,81,investig,1,1.3547,3.0,2.8169,1.4427
210,1068,7,81,influenc,1,2.6249,3.0,2.8169,2.7955
210,1068,7,81,elast,1,2.8321,3.0,2.8169,3.0162
210,1068,7,81,buckl,2,2.3968,6.0,3.8169,3.7677
210,1068,7,81,cylindr,3,2.6448,9.0,4.8169,4.9415
210,1068,7,81,shell,5,2.5768,15.0,6.8169,5.67
210,1068,7,81,subject,1,2.6549,3.0,2.8169,2.8274
210,1068,7,81,pressur,3,0.9305,9.0,4.8169,1.7385
210,956,8,75,stabil,1,2.4533,3.0,2.7416,2.6845
210,956,8,75,elast,1,2.8321,3.0,2.7416,3.0991
210,956,8,75,core,3,4.0063,9.0,4.7416,7.6043
210,956,8,75,buckl,3,2.3968,9.0,4.7416,4.5494
210,956,8,75,shell,1,2.5768,3.0,2.7416,2.8197
210,956,8,75,extern,1,2.9341,3.0,2.7416,3.2107
210,956,8,75,pressur,1,0.9305,3.0,2.7416,1.0182
210,1125,9,93,strength,1,3.0783,3.0,2.9676,3.1119
210,1125,9,93,cylindr,2,2.6448,6.0,3.9676,3.9996
210,1125,9,93,shell,1,2.5768,3.0,2.9676,2.6049
210,1125,9,93,subject,2,2.6549,6.0,3.9676,4.0149
210,1125,9,93,uniform,2,2.2444,6.0,3.9676,3.394
210,1125,9,93,extern,3,2.9341,9.0,4.9676,5.3159
210,1125,9,93,pressur,6,0.9305,18.0,7.9676,2.1021
210,760,10,102,analyt,1,2.5768,3.0,3.0806,2.5094
210,760,10,102,buckl,6,2.3968,18.0,8.0806,5.3391
210,760,10,102,strength,2,3.0783,6.0,4.0806,4.5262
210,760,10,102,cylindr,2,2.6448,6.0,4.0806,3.8888
210,760,10,102,shell,2,2.5768,6.0,4.0806,3.7889
210,760,10,102,subject,2,2.6549,6.0,4.0806,3.9037
211,739,1,167,paper,3,1.9441,9.0,5.8966,2.9673
211,739,1,167,buckl,10,2.3968,30.0,12.8966,5.5755
211,739,1,167,cylindr,3,2.6448,9.0,5.8966,4.0367
211,739,1,167,shell,10,2.5768,30.0,12.8966,5.9941
211,739,1,167,non,3,3.0939,9.0,5.8966,4.7222
211,739,1,167,uniform,1,2.2444,3.0,3.8966,1.7279
211,1117,2,82,paper,1,1.9441,3.0,2.8295,2.0613
211,1117,2,82,avail,1,2.8443,3.0,2.8295,3.0157
211,1117,2,82,buckl,2,2.3968,6.0,3.8295,3.7553
211,1117,2,82,cylindr,1,2.6448,3.0,2.8295,2.8042
211,1117,2,82,shell,3,2.5768,9.0,4.8295,4.802
211,1117,2,82,uniform,1,2.2444,3.0,2.8295,2.3796
211,1117,2,82,pressur,1,0.9305,3.0,2.8295,0.9866
211,897,3,60,paper,1,1.9441,3.0,2.5533,2.2843
211,897,3,60,buckl,4,2.3968,12.0,5.5533,5.1793
211,897,3,60,cylindr,3,2.6448,9.0,4.5533,5.2277
211,897,3,60,shell,3,2.5768,9.0,4.5533,5.0933
211,897,3,60,pressur,1,0.9305,3.0,2.5533,1.0933
211,743,4,75,paper,1,1.9441,3.0,2.7416,2.1274
211,743,4,75,buckl,2,2.3968,6.0,3.7416,3.8435
211,743,4,75,cylindr,4,2.6448,12.0,5.7416,5.5276
211,743,4,75,shell,5,2.5768,15.0,6.7416,5.7333
211,743,4,75,pressur,2,0.9305,6.0,3.7416,1.4921
211,1051,5,129,paper,1,1.9441,3.0,3.4196,1.7056
211,1051,5,129,avail,2,2.8443,6.0,4.4196,3.8615
211,1051,5,129,buckl,3,2.3968,9.0,5.4196,3.9803
211,1051,5,129,cylindr,2,2.6448,6.0,4.4196,3.5906
211,1051,5,129,shell,2,2.5768,6.0,4.4196,3.4983
211,1051,5,129,pressur,4,0.9305,12.0,6.4196,1.7393
211,887,6,63,buckl,4,2.3968,12.0,5.5909,5.1444
211,887,6,63,cylindr,2,2.6448,6.0,3.5909,4.4191
211,887,6,63,shell,5,2.5768,15.0,6.5909,5.8644
211,887,6,63,uniform,1,2.2444,3.0,2.5909,2.5987
211,852,7,96,paper,1,1.9441,3.0,3.0053,1.9407
211,852,7,96,cylindr,2,2.6448,6.0,4.0053,3.962
211,852,7,96,shell,3,2.5768,9.0,5.0053,4.6334
211,852,7,96,non,1,3.0939,3.0,3.0053,3.0885
211,852,7,96,uniform,2,2.2444,6.0,4.0053,3.3621
211,852,7,96,pressur,1,0.9305,3.0,3.0053,0.9289
211,1172,8,98,buckl,5,2.3968,15.0,7.0304,5.1139
211,1172,8,98,cylindr,2,2.6448,6.0,4.0304,3.9373
211,1172,8,98,shell,5,2.5768,15.0,7.0304,5.4979
211,1172,8,98,uniform,1,2.2444,3.0,3.0304,2.2219
211,1172,8,98,pressur,1,0.9305,3.0,3.0304,0.9212
211,885,9,49,buckl,4,2.3968,12.0,5.4152,5.3113
211,885,9,49,cylindr,2,2.6448,6.0,3.4152,4.6465
211,885,9,49,shell,2,2.5768,6.0,3.4152,4.5271
211,885,9,49,uniform,1,2.2444,3.0,2.4152,2.7878
211,740,10,130,paper,1,1.9441,3.0,3.4321,1.6994
211,740,10,130,buckl,5,2.3968,15.0,7.4321,4.8374
211,740,10,130,cylindr,5,2.6448,15.0,7.4321,5.3379
211,740,10,130,shell,5,2.5768,15.0,7.4321,5.2007
212,1178,1,68,thermal,5,2.7396,15.0,6.6537,6.1761
212,1178,1,68,stress,5,2.2047,15.0,6.6537,4.9703
212,1178,1,68,compress,1,1.9491,3.0,2.6537,2.2035
212,1178,1,68,buckl,4,2.3968,12.0,5.6537,5.0873
212,1178,1,68,ring,3,4.2245,9.0,4.6537,8.1699
212,1178,1,68,stiffen,3,3.6476,9.0,4.6537,7.0543
212,1178,1,68,cylind,4,2.0604,12.0,5.6537,4.3731
212,888,2,66,thermal,1,2.7396,3.0,2.6286,3.1267
212,888,2,66,stress,2,2.2047,6.0,3.6286,3.6456
212,888,2,66,compress,3,1.9491,9.0,4.6286,3.7899
212,888,2,66,buckl,6,2.3968,18.0,7.6286,5.6554
212,888,2,66,ring,3,4.2245,9.0,4.6286,8.2143
212,888,2,66,stiffen,2,3.6476,6.0,3.6286,6.0314
212,888,2,66,cylind,6,2.0604,18.0,7.6286,4.8615
212,1177,3,62,effect,3,0.9524,9.0,4.5784,1.8723
212,1177,3,62,thermal,3,2.7396,9.0,4.5784,5.3854
212,1177,3,62,stress,3,2.2047,9.0,4.5784,4.334
212,1177,3,62,buckl,4,2.3968,12.0,5.5784,5.1559
212,1177,3,62,strength,2,3.0783,6.0,3.5784,5.1614
212,1177,3,62,ring,1,4.2245,3.0,2.5784,4.9153
212,1177,3,62,stiffen,1,3.6476,3.0,2.5784,4.2441
212,1177,3,62,cylind,3,2.0604,9.0,4.5784,4.0501
212,838,4,51,effect,1,0.9524,3.0,2.4403,1.1709
212,838,4,51,compress,4,1.9491,12.0,5.4403,4.2993
212,838,4,51,buckl,1,2.3968,3.0,2.4403,2.9466
212,838,4,51,ring,2,4.2245,6.0,3.4403,7.3677
212,838,4,51,stiffen,2,3.6476,6.0,3.4403,6.3616
212,838,4,51,cylind,2,2.0604,6.0,3.4403,3.5933
212,1293,5,32,compress,2,1.9491,6.0,3.2018,3.6526
212,1293,5,32,strength,1,3.0783,3.0,2.2018,4.1943
212,1293,5,32,ring,1,4.2245,3.0,2.2018,5.7561
212,1293,5,32,stiffen,2,3.6476,6.0,3.2018,6.8356
212,1293,5,32,cylind,2,2.0604,6.0,3.2018,3.861
212,1176,6,28,buckl,1,2.3968,3.0,2.1515,3.342
212,1176,6,28,ring,3,4.2245,9.0,4.1515,9.1582
212,1176,6,28,stiffen,2,3.6476,6.0,3.1515,6.9445
212,1176,6,28,cylind,3,2.0604,9.0,4.1515,4.4666
212,886,7,41,thermal,2,2.7396,6.0,3.3147,4.9589
212,886,7,41,buckl,2,2.3968,6.0,3.3147,4.3385
212,886,7,41,ring,1,4.2245,3.0,2.3147,5.4751
212,886,7,41,stiffen,2,3.6476,6.0,3.3147,6.6026
212,1070,8,67,compress,1,1.9491,3.0,2.6412,2.2139
212,1070,8,67,buckl,2,2.3968,6.0,3.6412,3.9495
212,1070,8,67,ring,2,4.2245,6.0,3.6412,6.9613
212,1070,8,67,stiffen,5,3.6476,15.0,6.6412,8.2387
212,1132,9,58,effect,1,0.9524,3.0,2.5282,1.1302
212,1132,9,58,buckl,1,2.3968,3.0,2.5282,2.8441
212,1132,9,58,strength,1,3.0783,3.0,2.5282,3.6528
212,1132,9,58,ring,1,4.2245,3.0,2.5282,5.0129
212,1132,9,58,stiffen,2,3.6476,6.0,3.5282,6.2031
212,1132,9,58,cylind,1,2.0604,3.0,2.5282,2.4449
212,885,10,49,thermal,3,2.7396,9.0,4.4152,5.5844
212,885,10,49,stress,6,2.2047,18.0,7.4152,5.3519
212,885,10,49,compress,1,1.9491,3.0,2.4152,2.4211
212,885,10,49,buckl,4,2.3968,12.0,5.4152,5.3113
212,885,10,49,cylind,1,2.0604,3.0,2.4152,2.5593
213,769,1,54,effect,1,0.9524,3.0,2.478,1.1531
213,769,1,54,buckl,4,2.3968,12.0,5.478,5.2505
213,769,1,54,circumferenti,2,3.9678,6.0,3.478,6.845
213,769,1,54,stress,2,2.2047,6.0,3.478,3.8035
213,769,1,54,vari,1,2.2717,3.0,2.478,2.7502
213,769,1,54,axial,1,2.2511,3.0,2.478,2.7254
213,769,1,54,direct,1,2.2244,3.0,2.478,2.693
213,885,2,49,cylind,1,2.0604,3.0,2.4152,2.5593
213,885,2,49,buckl,4,2.3968,12.0,5.4152,5.3113
213,885,2,49,stress,6,2.2047,18.0,7.4152,5.3519
213,885,2,49,vari,2,2.2717,6.0,3.4152,3.991
213,885,2,49,axial,2,2.2511,6.0,3.4152,3.9549
213,885,2,49,direct,2,2.2244,6.0,3.4152,3.9079
213,888,3,66,cylind,6,2.0604,18.0,7.6286,4.8615
213,888,3,66,buckl,6,2.3968,18.0,7.6286,5.6554
213,888,3,66,circumferenti,1,3.9678,3.0,2.6286,4.5284
213,888,3,66,stress,2,2.2047,6.0,3.6286,3.6456
213,888,3,66,axial,4,2.2511,12.0,5.6286,4.7993
213,1173,4,93,effect,2,0.9524,6.0,3.9676,1.4403
213,1173,4,93,cylind,2,2.0604,6.0,3.9676,3.1158
213,1173,4,93,buckl,3,2.3968,9.0,4.9676,4.3424
213,1173,4,93,stress,4,2.2047,12.0,5.9676,4.4334
213,1173,4,93,vari,4,2.2717,12.0,5.9676,4.568
213,1173,4,93,axial,1,2.2511,3.0,2.9676,2.2757
213,1173,4,93,direct,1,2.2244,3.0,2.9676,2.2486
213,741,5,52,cylind,1,2.0604,3.0,2.4528,2.52
213,741,5,52,buckl,4,2.3968,12.0,5.4528,5.2747
213,741,5,52,circumferenti,1,3.9678,3.0,2.4528,4.8529
213,741,5,52,stress,2,2.2047,6.0,3.4528,3.8312
213,741,5,52,axial,3,2.2511,9.0,4.4528,4.5499
213,1146,6,25,cylind,2,2.0604,6.0,3.1139,3.97
213,1146,6,25,buckl,2,2.3968,6.0,3.1139,4.6184
213,1146,6,25,circumferenti,1,3.9678,3.0,2.1139,5.6311
213,1146,6,25,stress,1,2.2047,3.0,2.1139,3.129
213,1146,6,25,axial,1,2.2511,3.0,2.1139,3.1948
213,1116,7,45,cylind,4,2.0604,12.0,5.365,4.6085
213,1116,7,45,buckl,1,2.3968,3.0,2.365,3.0404
213,1116,7,45,circumferenti,1,3.9678,3.0,2.365,5.0332
213,1116,7,45,stress,1,2.2047,3.0,2.365,2.7968
213,1116,7,45,axial,2,2.2511,6.0,3.365,4.0139
213,887,8,63,effect,1,0.9524,3.0,2.5909,1.1028
213,887,8,63,buckl,4,2.3968,12.0,5.5909,5.1444
213,887,8,63,circumferenti,1,3.9678,3.0,2.5909,4.5942
213,887,8,63,stress,3,2.2047,9.0,4.5909,4.3221
213,887,8,63,axial,2,2.2511,6.0,3.5909,3.7613
213,1178,9,68,cylind,4,2.0604,12.0,5.6537,4.3731
213,1178,9,68,buckl,4,2.3968,12.0,5.6537,5.0873
213,1178,9,68,stress,5,2.2047,15.0,6.6537,4.9703
213,1178,9,68,axial,2,2.2511,6.0,3.6537,3.6967
213,642,10,43,cylind,3,2.0604,9.0,4.3399,4.2728
213,642,10,43,buckl,4,2.3968,12.0,5.3399,5.3863
213,642,10,43,system,1,2.8082,3.0,2.3399,3.6005
213,642,10,43,axial,2,2.2511,6.0,3.3399,4.0441
214,1294,1,107,non,3,3.0939,9.0,5.1434,5.4138
214,1294,1,107,linear,3,2.1481,9.0,5.1434,3.7589
214,1294,1,107,shallow,3,4.2245,9.0,5.1434,7.3922
214,1294,1,107,shell,4,2.5768,12.0,6.1434,5.0333
214,1294,1,107,analysi,4,1.6155,12.0,6.1434,3.1556
214,1294,1,107,use,4,1.0037,12.0,6.1434,1.9605
214,1294,1,107,matrix,3,4.8936,9.0,5.1434,8.5629
214,828,2,119,non,1,3.0939,3.0,3.294,2.8177
214,828,2,119,shallow,7,4.2245,21.0,9.294,9.5454
214,828,2,119,shell,7,2.5768,21.0,9.294,5.8223
214,828,2,119,analysi,2,1.6155,6.0,4.294,2.2574
214,828,2,119,use,1,1.0037,3.0,3.294,0.9141
214,1362,3,84,non,2,3.0939,6.0,3.8546,4.8159
214,1362,3,84,linear,2,2.1481,6.0,3.8546,3.3437
214,1362,3,84,analysi,2,1.6155,6.0,3.8546,2.5147
214,1362,3,84,matrix,4,4.8936,12.0,5.8546,10.0302
214,831,4,52,linear,3,2.1481,9.0,4.4528,4.3418
214,831,4,52,shallow,3,4.2245,9.0,4.4528,8.5385
214,831,4,52,shell,2,2.5768,6.0,3.4528,4.4777
214,739,5,167,non,3,3.0939,9.0,5.8966,4.7222
214,739,5,167,linear,3,2.1481,9.0,5.8966,3.2787
214,739,5,167,shell,10,2.5768,30.0,12.8966,5.9941
214,739,5,167,reduc,1,2.3659,3.0,3.8966,1.8215
214,739,5,167,use,1,1.0037,3.0,3.8966,0.7727
214,930,6,73,shallow,1,4.2245,3.0,2.7165,4.6654
214,930,6,73,shell,8,2.5768,24.0,9.7165,6.3648
214,930,6,73,reduc,1,2.3659,3.0,2.7165,2.6129
214,930,6,73,use,1,1.0037,3.0,2.7165,1.1084
214,1154,7,148,non,1,3.0939,3.0,3.6581,2.5373
214,1154,7,148,linear,3,2.1481,9.0,5.6581,3.4169
214,1154,7,148,analysi,1,1.6155,3.0,3.6581,1.3249
214,1154,7,148,reduc,2,2.3659,6.0,4.6581,3.0475
214,1154,7,148,techniqu,2,2.6448,6.0,4.6581,3.4067
214,1154,7,148,use,1,1.0037,3.0,3.6581,0.8231
214,1036,8,69,shallow,1,4.2245,3.0,2.6663,4.7533
214,1036,8,69,shell,3,2.5768,9.0,4.6663,4.97
214,1036,8,69,analysi,1,1.6155,3.0,2.6663,1.8177
214,1036,8,69,reduc,1,2.3659,3.0,2.6663,2.6621
214,47,9,121,linear,1,2.1481,3.0,3.3191,1.9416
214,47,9,121,analysi,3,1.6155,9.0,5.3191,2.7335
214,47,9,121,matrix,4,4.8936,12.0,6.3191,9.2929
214,1043,10,103,shallow,1,4.2245,3.0,3.0931,4.0973
214,1043,10,103,shell,5,2.5768,15.0,7.0931,5.4492
214,1043,10,103,analysi,2,1.6155,6.0,4.0931,2.3681
214,1043,10,103,use,2,1.0037,6.0,4.0931,1.4713
215,535,1,66,shroud,4,4.8026,12.0,5.6286,10.239
215,535,1,66,simul,1,3.6754,3.0,2.6286,4.1947
215,535,1,66,nose,1,2.5309,3.0,2.6286,2.8885
215,535,1,66,region,3,2.0888,9.0,4.6286,4.0614
215,535,1,66,flow,4,0.6512,12.0,5.6286,1.3884
215,535,1,66,field,1,2.118,3.0,2.6286,2.4173
215,535,1,66,hyperson,2,2.1062,6.0,3.6286,3.4827
215,535,1,66,flow,4,0.6512,12.0,5.6286,1.3884
215,1253,2,59,nose,1,2.5309,3.0,2.5407,2.9884
215,1253,2,59,region,1,2.0888,3.0,2.5407,2.4663
215,1253,2,59,flow,3,0.6512,9.0,4.5407,1.2907
215,1253,2,59,field,3,2.118,9.0,4.5407,4.198
215,1253,2,59,sphere,2,3.5686,6.0,3.5407,6.0473
215,1253,2,59,hyperson,2,2.1062,6.0,3.5407,3.5691
215,1253,2,59,flow,3,0.6512,9.0,4.5407,1.2907
215,1234,3,56,shape,3,1.9797,9.0,4.5031,3.9566
215,1234,3,56,nose,2,2.5309,6.0,3.5031,4.3349
215,1234,3,56,flow,2,0.6512,6.0,3.5031,1.1154
215,1234,3,56,field,1,2.118,3.0,2.5031,2.5385
215,1234,3,56,sphere,1,3.5686,3.0,2.5031,4.2771
215,1234,3,56,hyperson,2,2.1062,6.0,3.5031,3.6075
215,1234,3,56,flow,2,0.6512,6.0,3.5031,1.1154
215,1205,4,125,shroud,1,4.8026,3.0,3.3693,4.2761
215,1205,4,125,simul,2,3.6754,6.0,4.3693,5.0471
215,1205,4,125,region,2,2.0888,6.0,4.3693,2.8683
215,1205,4,125,flow,3,0.6512,9.0,5.3693,1.0916
215,1205,4,125,sphere,1,3.5686,3.0,3.3693,3.1775
215,1205,4,125,hyperson,2,2.1062,6.0,4.3693,2.8923
215,1205,4,125,flow,3,0.6512,9.0,5.3693,1.0916
215,25,5,221,possibl,1,2.2047,3.0,4.5746,1.4459
215,25,5,221,predict,2,1.9797,6.0,5.5746,2.1307
215,25,5,221,shape,4,1.9797,12.0,7.5746,3.1363
215,25,5,221,nose,9,2.5309,27.0,12.5746,5.4343
215,25,5,221,flow,6,0.6512,18.0,9.5746,1.2243
215,25,5,221,field,3,2.118,9.0,6.5746,2.8993
215,25,5,221,hyperson,3,2.1062,9.0,6.5746,2.8832
215,25,5,221,flow,6,0.6512,18.0,9.5746,1.2243
215,332,6,109,possibl,1,2.2047,3.0,3.1685,2.0875
215,332,6,109,simul,1,3.6754,3.0,3.1685,3.48
215,332,6,109,nose,2,2.5309,6.0,4.1685,3.6429
215,332,6,109,flow,9,0.6512,27.0,11.1685,1.5743
215,332,6,109,field,2,2.118,6.0,4.1685,3.0486
215,332,6,109,hyperson,4,2.1062,12.0,6.1685,4.0974
215,332,6,109,flow,9,0.6512,27.0,11.1685,1.5743
215,1204,7,198,shape,6,1.9797,18.0,9.2858,3.8375
215,1204,7,198,region,3,2.0888,9.0,6.2858,2.9907
215,1204,7,198,flow,3,0.6512,9.0,6.2858,0.9324
215,1204,7,198,sphere,5,3.5686,15.0,8.2858,6.4604
215,1204,7,198,hyperson,3,2.1062,9.0,6.2858,3.0156
215,1204,7,198,flow,3,0.6512,9.0,6.2858,0.9324
215,456,8,144,possibl,1,2.2047,3.0,3.6079,1.8333
215,456,8,144,shape,3,1.9797,9.0,5.6079,3.1771
215,456,8,144,nose,3,2.5309,9.0,5.6079,4.0618
215,456,8,144,region,1,2.0888,3.0,3.6079,1.7368
215,456,8,144,flow,6,0.6512,18.0,8.6079,1.3618
215,456,8,144,field,3,2.118,9.0,5.6079,3.3992
215,456,8,144,flow,6,0.6512,18.0,8.6079,1.3618
215,1198,9,147,shape,1,1.9797,3.0,3.6455,1.6291
215,1198,9,147,nose,2,2.5309,6.0,4.6455,3.2688
215,1198,9,147,region,3,2.0888,9.0,5.6455,3.3299
215,1198,9,147,flow,6,0.6512,18.0,8.6455,1.3558
215,1198,9,147,field,1,2.118,3.0,3.6455,1.743
215,1198,9,147,hyperson,4,2.1062,12.0,6.6455,3.8032
215,1198,9,147,flow,6,0.6512,18.0,8.6455,1.3558
215,666,10,79,shape,2,1.9797,6.0,3.7918,3.1325
215,666,10,79,nose,2,2.5309,6.0,3.7918,4.0048
215,666,10,79,region,3,2.0888,9.0,4.7918,3.9231
215,666,10,79,flow,4,0.6512,12.0,5.7918,1.3492
215,666,10,79,hyperson,1,2.1062,3.0,2.7918,2.2633
215,666,10,79,flow,4,0.6512,12.0,5.7918,1.3492
216,958,1,58,investig,1,1.3547,3.0,2.5282,1.6075
216,958,1,58,system,1,2.8082,3.0,2.5282,3.3323
216,958,1,58,liquid,3,4.1314,9.0,4.5282,8.2114
216,958,1,58,surfac,1,1.4443,3.0,2.5282,1.7139
216,693,2,123,investig,3,1.3547,9.0,5.3442,2.2814
216,693,2,123,made,2,1.3799,6.0,4.3442,1.9058
216,693,2,123,wave,1,1.8955,3.0,3.3442,1.7004
216,693,2,123,static,1,2.6858,3.0,3.3442,2.4094
216,693,2,123,pressur,3,0.9305,9.0,5.3442,1.567
216,693,2,123,distribut,2,1.3547,6.0,4.3442,1.871
216,693,2,123,surfac,5,1.4443,15.0,7.3442,2.9499
216,692,3,137,investig,3,1.3547,9.0,5.52,2.2087
216,692,3,137,made,2,1.3799,6.0,4.52,1.8317
216,692,3,137,wave,1,1.8955,3.0,3.52,1.6154
216,692,3,137,static,1,2.6858,3.0,3.52,2.289
216,692,3,137,pressur,7,0.9305,21.0,9.52,2.0525
216,692,3,137,distribut,2,1.3547,6.0,4.52,1.7982
216,692,3,137,surfac,5,1.4443,15.0,7.52,2.881
216,1156,4,123,investig,3,1.3547,9.0,5.3442,2.2814
216,1156,4,123,made,2,1.3799,6.0,4.3442,1.9058
216,1156,4,123,wave,8,1.8955,24.0,10.3442,4.3977
216,1156,4,123,static,2,2.6858,6.0,4.3442,3.7095
216,1156,4,123,pressur,6,0.9305,18.0,8.3442,2.0072
216,39,5,86,wave,6,1.8955,18.0,7.8797,4.3299
216,39,5,86,system,1,2.8082,3.0,2.8797,2.9255
216,39,5,86,pressur,3,0.9305,9.0,4.8797,1.7162
216,39,5,86,distribut,3,1.3547,9.0,4.8797,2.4985
216,39,5,86,surfac,3,1.4443,9.0,4.8797,2.6639
216,905,6,58,investig,2,1.3547,6.0,3.5282,2.3038
216,905,6,58,made,2,1.3799,6.0,3.5282,2.3466
216,905,6,58,static,5,2.6858,15.0,6.5282,6.1713
216,905,6,58,pressur,1,0.9305,3.0,2.5282,1.1041
216,905,6,58,distribut,1,1.3547,3.0,2.5282,1.6075
216,1225,7,174,investig,2,1.3547,6.0,4.9845,1.6307
216,1225,7,174,wave,1,1.8955,3.0,3.9845,1.4271
216,1225,7,174,creat,2,5.5402,6.0,4.9845,6.6689
216,1225,7,174,pressur,6,0.9305,18.0,8.9845,1.8642
216,1225,7,174,surfac,2,1.4443,6.0,4.9845,1.7386
216,175,8,35,investig,1,1.3547,3.0,2.2394,1.8148
216,175,8,35,made,2,1.3799,6.0,3.2394,2.5558
216,175,8,35,wave,1,1.8955,3.0,2.2394,2.5392
216,175,8,35,static,2,2.6858,6.0,3.2394,4.9746
216,175,8,35,pressur,1,0.9305,3.0,2.2394,1.2465
216,695,9,226,investig,2,1.3547,6.0,5.6374,1.4418
216,695,9,226,made,3,1.3799,9.0,6.6374,1.8711
216,695,9,226,static,3,2.6858,9.0,6.6374,3.6419
216,695,9,226,pressur,7,0.9305,21.0,10.6374,1.8369
216,695,9,226,distribut,4,1.3547,12.0,7.6374,2.1285
216,695,9,226,surfac,3,1.4443,9.0,6.6374,1.9585
216,1319,10,146,investig,3,1.3547,9.0,5.633,2.1644
216,1319,10,146,made,1,1.3799,3.0,3.633,1.1395
216,1319,10,146,wave,4,1.8955,12.0,6.633,3.4291
216,1319,10,146,static,1,2.6858,3.0,3.633,2.2179
216,1319,10,146,pressur,4,0.9305,12.0,6.633,1.6834
216,1319,10,146,distribut,3,1.3547,9.0,5.633,2.1644
217,1213,1,141,investig,1,1.3547,3.0,3.5702,1.1383
217,1213,1,141,effect,3,0.9524,9.0,5.5702,1.5389
217,1213,1,141,shock,2,1.7622,6.0,4.5702,2.3135
217,1213,1,141,heat,7,1.5197,21.0,9.5702,3.3347
217,1213,1,141,transfer,7,1.905,21.0,9.5702,4.1802
217,1213,1,141,blunt,4,2.2997,12.0,6.5702,4.2003
217,1213,1,141,bodi,1,1.5631,3.0,3.5702,1.3134
217,1395,2,64,investig,1,1.3547,3.0,2.6035,1.561
217,1395,2,64,effect,1,0.9524,3.0,2.6035,1.0975
217,1395,2,64,shock,1,1.7622,3.0,2.6035,2.0306
217,1395,2,64,vortic,2,3.2841,6.0,3.6035,5.4682
217,1395,2,64,heat,3,1.5197,9.0,4.6035,2.9711
217,1395,2,64,transfer,3,1.905,9.0,4.6035,3.7243
217,1307,3,165,effect,2,0.9524,6.0,4.8715,1.1731
217,1307,3,165,shock,1,1.7622,3.0,3.8715,1.3655
217,1307,3,165,generat,2,3.3034,6.0,4.8715,4.0686
217,1307,3,165,heat,5,1.5197,15.0,7.8715,2.896
217,1307,3,165,transfer,4,1.905,12.0,6.8715,3.3268
217,1307,3,165,blunt,4,2.2997,12.0,6.8715,4.0161
217,44,4,164,investig,2,1.3547,6.0,4.859,1.6728
217,44,4,164,effect,3,0.9524,9.0,5.859,1.4631
217,44,4,164,heat,3,1.5197,9.0,5.859,2.3345
217,44,4,164,transfer,3,1.905,9.0,5.859,2.9263
217,44,4,164,blunt,7,2.2997,21.0,9.859,4.8985
217,44,4,164,bodi,5,1.5631,15.0,7.859,2.9833
217,1161,5,64,investig,1,1.3547,3.0,2.6035,1.561
217,1161,5,64,shock,2,1.7622,6.0,3.6035,2.9342
217,1161,5,64,heat,3,1.5197,9.0,4.6035,2.9711
217,1161,5,64,transfer,3,1.905,9.0,4.6035,3.7243
217,1161,5,64,blunt,1,2.2997,3.0,2.6035,2.65
217,1161,5,64,bodi,1,1.5631,3.0,2.6035,1.8011
217,1002,6,98,investig,2,1.3547,6.0,4.0304,2.0167
217,1002,6,98,effect,1,0.9524,3.0,3.0304,0.9429
217,1002,6,98,heat,3,1.5197,9.0,5.0304,2.719
217,1002,6,98,transfer,3,1.905,9.0,5.0304,3.4083
217,1002,6,98,blunt,2,2.2997,6.0,4.0304,3.4236
217,1002,6,98,bodi,4,1.5631,12.0,6.0304,3.1104
217,1107,7,144,effect,1,0.9524,3.0,3.6079,0.792
217,1107,7,144,shock,4,1.7622,12.0,6.6079,3.2002
217,1107,7,144,heat,6,1.5197,18.0,8.6079,3.1779
217,1107,7,144,transfer,5,1.905,15.0,7.6079,3.756
217,1107,7,144,blunt,5,2.2997,15.0,7.6079,4.5342
217,655,8,60,investig,1,1.3547,3.0,2.5533,1.5917
217,655,8,60,effect,2,0.9524,6.0,3.5533,1.6083
217,655,8,60,heat,2,1.5197,6.0,3.5533,2.5662
217,655,8,60,transfer,2,1.905,6.0,3.5533,3.2167
217,655,8,60,blunt,3,2.2997,9.0,4.5533,4.5456
217,655,8,60,bodi,1,1.5631,3.0,2.5533,1.8365
217,1393,9,114,investig,1,1.3547,3.0,3.2312,1.2577
217,1393,9,114,heat,5,1.5197,15.0,7.2312,3.1524
217,1393,9,114,transfer,5,1.905,15.0,7.2312,3.9516
217,1393,9,114,blunt,2,2.2997,6.0,4.2312,3.2611
217,1393,9,114,bodi,6,1.5631,18.0,8.2312,3.4181
217,572,10,252,effect,5,0.9524,15.0,8.9638,1.5938
217,572,10,252,shock,5,1.7622,15.0,8.9638,2.9489
217,572,10,252,heat,4,1.5197,12.0,7.9638,2.2899
217,572,10,252,transfer,3,1.905,9.0,6.9638,2.462
217,572,10,252,blunt,6,2.2997,18.0,9.9638,4.1546
217,572,10,252,bodi,2,1.5631,6.0,5.9638,1.5726
218,1393,1,114,heat,5,1.5197,15.0,7.2312,3.1524
218,1393,1,114,transfer,5,1.905,15.0,7.2312,3.9516
218,1393,1,114,blunt,2,2.2997,6.0,4.2312,3.2611
218,1393,1,114,bodi,6,1.5631,18.0,8.2312,3.4181
218,559,2,55,heat,3,1.5197,9.0,4.4905,3.0459
218,559,2,55,transfer,3,1.905,9.0,4.4905,3.8181
218,559,2,55,blunt,2,2.2997,6.0,3.4905,3.9531
218,559,2,55,bodi,2,1.5631,6.0,3.4905,2.6868
218,283,3,118,heat,5,1.5197,15.0,7.2815,3.1307
218,283,3,118,transfer,5,1.905,15.0,7.2815,3.9244
218,283,3,118,blunt,2,2.2997,6.0,4.2815,3.2228
218,283,3,118,bodi,4,1.5631,12.0,6.2815,2.9861
218,44,4,164,heat,3,1.5197,9.0,5.859,2.3345
218,44,4,164,transfer,3,1.905,9.0,5.859,2.9263
218,44,4,164,blunt,7,2.2997,21.0,9.859,4.8985
218,44,4,164,bodi,5,1.5631,15.0,7.859,2.9833
218,1213,5,141,heat,7,1.5197,21.0,9.5702,3.3347
218,1213,5,141,transfer,7,1.905,21.0,9.5702,4.1802
218,1213,5,141,blunt,4,2.2997,12.0,6.5702,4.2003
218,1213,5,141,bodi,1,1.5631,3.0,3.5702,1.3134
218,1002,6,98,heat,3,1.5197,9.0,5.0304,2.719
218,1002,6,98,transfer,3,1.905,9.0,5.0304,3.4083
218,1002,6,98,blunt,2,2.2997,6.0,4.0304,3.4236
218,1002,6,98,bodi,4,1.5631,12.0,6.0304,3.1104
218,101,7,195,heat,6,1.5197,18.0,9.2482,2.9579
218,101,7,195,transfer,5,1.905,15.0,8.2482,3.4644
218,101,7,195,blunt,4,2.2997,12.0,7.2482,3.8074
218,101,7,195,bodi,3,1.5631,9.0,6.2482,2.2515
218,1394,8,88,heat,3,1.5197,9.0,4.9048,2.7886
218,1394,8,88,transfer,3,1.905,9.0,4.9048,3.4955
218,1394,8,88,blunt,2,2.2997,6.0,3.9048,3.5337
218,1394,8,88,bodi,2,1.5631,6.0,3.9048,2.4017
218,655,9,60,heat,2,1.5197,6.0,3.5533,2.5662
218,655,9,60,transfer,2,1.905,6.0,3.5533,3.2167
218,655,9,60,blunt,3,2.2997,9.0,4.5533,4.5456
218,655,9,60,bodi,1,1.5631,3.0,2.5533,1.8365
218,1395,10,64,heat,3,1.5197,9.0,4.6035,2.9711
218,1395,10,64,transfer,3,1.905,9.0,4.6035,3.7243
218,1395,10,64,vortic,2,3.2841,6.0,3.6035,5.4682
219,1221,1,60,effect,2,0.9524,6.0,3.5533,1.6083
219,1221,1,60,flow,2,0.6512,6.0,3.5533,1.0996
219,1221,1,60,field,2,2.118,6.0,3.5533,3.5764
219,1221,1,60,reynold,2,1.9491,6.0,3.5533,3.2913
219,1221,1,60,number,2,0.7937,6.0,3.5533,1.3402
219,1221,1,60,small,1,1.7664,3.0,2.5533,2.0754
219,208,2,70,effect,3,0.9524,9.0,4.6788,1.8321
219,208,2,70,flow,2,0.6512,6.0,3.6788,1.0621
219,208,2,70,field,4,2.118,12.0,5.6788,4.4756
219,208,2,70,reynold,1,1.9491,3.0,2.6788,2.1828
219,208,2,70,number,1,0.7937,3.0,2.6788,0.8888
219,208,2,70,small,1,1.7664,3.0,2.6788,1.9782
219,1222,3,120,general,1,1.5665,3.0,3.3066,1.4212
219,1222,3,120,flow,8,0.6512,24.0,10.3066,1.5164
219,1222,3,120,field,5,2.118,15.0,7.3066,4.3482
219,1222,3,120,reynold,1,1.9491,3.0,3.3066,1.7684
219,1222,3,120,number,1,0.7937,3.0,3.3066,0.7201
219,1222,3,120,small,2,1.7664,6.0,4.3066,2.461
219,992,4,188,general,1,1.5665,3.0,4.1603,1.1296
219,992,4,188,effect,3,0.9524,9.0,6.1603,1.3915
219,992,4,188,flow,4,0.6512,12.0,7.1603,1.0914
219,992,4,188,reynold,3,1.9491,9.0,6.1603,2.8476
219,992,4,188,number,5,0.7937,15.0,8.1603,1.4589
219,992,4,188,small,8,1.7664,24.0,11.1603,3.7986
219,993,5,135,general,1,1.5665,3.0,3.4949,1.3447
219,993,5,135,effect,3,0.9524,9.0,5.4949,1.56
219,993,5,135,flow,2,0.6512,6.0,4.4949,0.8693
219,993,5,135,field,2,2.118,6.0,4.4949,2.8272
219,993,5,135,reynold,2,1.9491,6.0,4.4949,2.6018
219,993,5,135,number,4,0.7937,12.0,6.4949,1.4664
219,299,6,75,effect,2,0.9524,6.0,3.7416,1.5273
219,299,6,75,flow,3,0.6512,9.0,4.7416,1.2361
219,299,6,75,field,1,2.118,3.0,2.7416,2.3176
219,299,6,75,reynold,1,1.9491,3.0,2.7416,2.1328
219,299,6,75,number,2,0.7937,6.0,3.7416,1.2727
219,299,6,75,small,1,1.7664,3.0,2.7416,1.9329
219,530,7,69,general,1,1.5665,3.0,2.6663,1.7625
219,530,7,69,flow,3,0.6512,9.0,4.6663,1.256
219,530,7,69,reynold,3,1.9491,9.0,4.6663,3.7593
219,530,7,69,number,3,0.7937,9.0,4.6663,1.5308
219,530,7,69,small,1,1.7664,3.0,2.6663,1.9875
219,1082,8,154,effect,4,0.9524,12.0,6.7334,1.6974
219,1082,8,154,flow,4,0.6512,12.0,6.7334,1.1606
219,1082,8,154,reynold,7,1.9491,21.0,9.7334,4.2053
219,1082,8,154,number,8,0.7937,24.0,10.7334,1.7747
219,1082,8,154,small,1,1.7664,3.0,3.7334,1.4194
219,1309,9,139,general,1,1.5665,3.0,3.5451,1.3256
219,1309,9,139,effect,2,0.9524,6.0,4.5451,1.2573
219,1309,9,139,flow,5,0.6512,15.0,7.5451,1.2946
219,1309,9,139,field,4,2.118,12.0,6.5451,3.8832
219,1309,9,139,small,2,1.7664,6.0,4.5451,2.3318
219,371,10,96,general,1,1.5665,3.0,3.0053,1.5637
219,371,10,96,effect,3,0.9524,9.0,5.0053,1.7126
219,371,10,96,flow,5,0.6512,15.0,7.0053,1.3944
219,371,10,96,field,1,2.118,3.0,3.0053,2.1143
219,371,10,96,reynold,1,1.9491,3.0,3.0053,1.9457
219,371,10,96,number,2,0.7937,6.0,4.0053,1.189
220,292,1,145,calcul,3,1.4504,9.0,5.6204,2.3225
220,292,1,145,procedur,3,2.7619,9.0,5.6204,4.4227
220,292,1,145,applic,1,1.8536,3.0,3.6204,1.5359
220,292,1,145,incompress,1,2.3584,3.0,3.6204,1.9542
220,292,1,145,laminar,2,1.7875,6.0,4.6204,2.3212
220,292,1,145,boundari,3,1.0911,9.0,5.6204,1.7473
220,292,1,145,layer,3,1.2179,9.0,5.6204,1.9502
220,292,1,145,flow,3,0.6512,9.0,5.6204,1.0428
220,292,1,145,accuraci,2,2.9208,6.0,4.6204,3.7929
220,458,2,136,calcul,2,1.4504,6.0,4.5074,1.9307
220,458,2,136,applic,1,1.8536,3.0,3.5074,1.5854
220,458,2,136,incompress,1,2.3584,3.0,3.5074,2.0172
220,458,2,136,laminar,2,1.7875,6.0,4.5074,2.3794
220,458,2,136,boundari,9,1.0911,27.0,11.5074,2.5602
220,458,2,136,layer,8,1.2179,24.0,10.5074,2.7817
220,458,2,136,flow,4,0.6512,12.0,6.5074,1.2009
220,458,2,136,problem,4,1.4657,12.0,6.5074,2.7029
220,458,2,136,good,1,2.3286,3.0,3.5074,1.9917
220,16,3,78,applic,1,1.8536,3.0,2.7793,2.0008
220,16,3,78,incompress,2,2.3584,6.0,3.7793,3.7442
220,16,3,78,laminar,1,1.7875,3.0,2.7793,1.9294
220,16,3,78,boundari,4,1.0911,12.0,5.7793,2.2656
220,16,3,78,layer,5,1.2179,15.0,6.7793,2.6947
220,16,3,78,flow,1,0.6512,3.0,2.7793,0.7029
220,16,3,78,good,1,2.3286,3.0,2.7793,2.5136
220,16,3,78,comput,1,2.4206,3.0,2.7793,2.6129
220,1375,4,177,calcul,1,1.4504,3.0,4.0222,1.0818
220,1375,4,177,procedur,1,2.7619,3.0,4.0222,2.06
220,1375,4,177,laminar,3,1.7875,9.0,6.0222,2.6713
220,1375,4,177,boundari,2,1.0911,6.0,5.0222,1.3036
220,1375,4,177,layer,2,1.2179,6.0,5.0222,1.455
220,1375,4,177,flow,5,0.6512,15.0,8.0222,1.2176
220,1375,4,177,problem,4,1.4657,12.0,7.0222,2.5048
220,1375,4,177,good,1,2.3286,3.0,4.0222,1.7368
220,1375,4,177,accuraci,1,2.9208,3.0,4.0222,2.1785
220,1375,4,177,reason,1,2.9614,3.0,4.0222,2.2088
220,325,5,152,calcul,3,1.4504,9.0,5.7083,2.2868
220,325,5,152,incompress,1,2.3584,3.0,3.7083,1.9079
220,325,5,152,laminar,1,1.7875,3.0,3.7083,1.4461
220,325,5,152,boundari,2,1.0911,6.0,4.7083,1.3905
220,325,5,152,layer,2,1.2179,6.0,4.7083,1.552
220,325,5,152,flow,2,0.6512,6.0,4.7083,0.8299
220,325,5,152,accuraci,2,2.9208,6.0,4.7083,3.7221
220,325,5,152,comput,5,2.4206,15.0,7.7083,4.7104
220,375,6,138,calcul,2,1.4504,6.0,4.5326,1.92
220,375,6,138,incompress,2,2.3584,6.0,4.5326,3.1219
220,375,6,138,laminar,2,1.7875,6.0,4.5326,2.3662
220,375,6,138,boundari,5,1.0911,15.0,7.5326,2.1729
220,375,6,138,layer,4,1.2179,12.0,6.5326,2.2372
220,375,6,138,flow,8,0.6512,24.0,10.5326,1.4839
220,375,6,138,problem,1,1.4657,3.0,3.5326,1.2448
220,375,6,138,comput,2,2.4206,6.0,4.5326,3.2043
220,395,7,143,calcul,2,1.4504,6.0,4.5953,1.8938
220,395,7,143,procedur,2,2.7619,6.0,4.5953,3.6062
220,395,7,143,applic,3,1.8536,9.0,5.5953,2.9815
220,395,7,143,boundari,1,1.0911,3.0,3.5953,0.9105
220,395,7,143,layer,1,1.2179,3.0,3.5953,1.0162
220,395,7,143,flow,6,0.6512,18.0,8.5953,1.3637
220,395,7,143,problem,2,1.4657,6.0,4.5953,1.9138
220,395,7,143,good,1,2.3286,3.0,3.5953,1.943
220,395,7,143,time,1,2.2178,3.0,3.5953,1.8505
220,111,8,59,incompress,1,2.3584,3.0,2.5407,2.7847
220,111,8,59,laminar,1,1.7875,3.0,2.5407,2.1106
220,111,8,59,boundari,3,1.0911,9.0,4.5407,2.1627
220,111,8,59,layer,3,1.2179,9.0,4.5407,2.4139
220,111,8,59,good,1,2.3286,3.0,2.5407,2.7495
220,111,8,59,comput,3,2.4206,9.0,4.5407,4.7978
220,527,9,62,incompress,1,2.3584,3.0,2.5784,2.744
220,527,9,62,laminar,1,1.7875,3.0,2.5784,2.0798
220,527,9,62,boundari,4,1.0911,12.0,5.5784,2.3472
220,527,9,62,layer,2,1.2179,6.0,3.5784,2.042
220,527,9,62,flow,3,0.6512,9.0,4.5784,1.2801
220,527,9,62,problem,3,1.4657,9.0,4.5784,2.8813
220,527,9,62,accuraci,1,2.9208,3.0,2.5784,3.3984
220,1182,10,124,calcul,1,1.4504,3.0,3.3568,1.2962
220,1182,10,124,incompress,1,2.3584,3.0,3.3568,2.1077
220,1182,10,124,laminar,2,1.7875,6.0,4.3568,2.4617
220,1182,10,124,boundari,4,1.0911,12.0,6.3568,2.0598
220,1182,10,124,layer,4,1.2179,12.0,6.3568,2.299
220,1182,10,124,flow,8,0.6512,24.0,10.3568,1.5091
220,1182,10,124,good,1,2.3286,3.0,3.3568,2.0811
220,1182,10,124,accuraci,1,2.9208,3.0,3.3568,2.6104
221,1366,1,116,applic,1,1.8536,3.0,3.2563,1.7077
221,1366,1,116,calcul,3,1.4504,9.0,5.2563,2.4834
221,1366,1,116,laminar,3,1.7875,9.0,5.2563,3.0606
221,1366,1,116,arbitrari,3,2.7733,9.0,5.2563,4.7485
221,1366,1,116,pressur,3,0.9305,9.0,5.2563,1.5932
221,1366,1,116,gradient,3,2.5309,9.0,5.2563,4.3335
221,292,2,145,applic,1,1.8536,3.0,3.6204,1.5359
221,292,2,145,calcul,3,1.4504,9.0,5.6204,2.3225
221,292,2,145,procedur,3,2.7619,9.0,5.6204,4.4227
221,292,2,145,laminar,2,1.7875,6.0,4.6204,2.3212
221,292,2,145,incompress,1,2.3584,3.0,3.6204,1.9542
221,292,2,145,flow,3,0.6512,9.0,5.6204,1.0428
221,292,2,145,arbitrari,1,2.7733,3.0,3.6204,2.298
221,292,2,145,pressur,1,0.9305,3.0,3.6204,0.771
221,1225,3,174,paper,1,1.9441,3.0,3.9845,1.4638
221,1225,3,174,calcul,2,1.4504,6.0,4.9845,1.7459
221,1225,3,174,procedur,3,2.7619,9.0,5.9845,4.1536
221,1225,3,174,flow,3,0.6512,9.0,5.9845,0.9793
221,1225,3,174,pressur,6,0.9305,18.0,8.9845,1.8642
221,1225,3,174,gradient,7,2.5309,21.0,9.9845,5.3232
221,1371,4,115,calcul,1,1.4504,3.0,3.2438,1.3414
221,1371,4,115,laminar,1,1.7875,3.0,3.2438,1.6531
221,1371,4,115,incompress,2,2.3584,6.0,4.2438,3.3343
221,1371,4,115,flow,4,0.6512,12.0,6.2438,1.2516
221,1371,4,115,pressur,6,0.9305,18.0,8.2438,2.0317
221,1371,4,115,gradient,6,2.5309,18.0,8.2438,5.5262
221,458,5,136,applic,1,1.8536,3.0,3.5074,1.5854
221,458,5,136,problem,4,1.4657,12.0,6.5074,2.7029
221,458,5,136,calcul,2,1.4504,6.0,4.5074,1.9307
221,458,5,136,laminar,2,1.7875,6.0,4.5074,2.3794
221,458,5,136,incompress,1,2.3584,3.0,3.5074,2.0172
221,458,5,136,flow,4,0.6512,12.0,6.5074,1.2009
221,458,5,136,arbitrari,1,2.7733,3.0,3.5074,2.3721
221,458,5,136,pressur,1,0.9305,3.0,3.5074,0.7959
221,435,6,116,applic,1,1.8536,3.0,3.2563,1.7077
221,435,6,116,calcul,2,1.4504,6.0,4.2563,2.0446
221,435,6,116,laminar,2,1.7875,6.0,4.2563,2.5197
221,435,6,116,flow,2,0.6512,6.0,4.2563,0.918
221,435,6,116,arbitrari,1,2.7733,3.0,3.2563,2.555
221,435,6,116,pressur,3,0.9305,9.0,5.2563,1.5932
221,435,6,116,gradient,2,2.5309,6.0,4.2563,3.5677
221,1386,7,135,applic,1,1.8536,3.0,3.4949,1.5911
221,1386,7,135,calcul,2,1.4504,6.0,4.4949,1.9361
221,1386,7,135,laminar,3,1.7875,9.0,5.4949,2.9277
221,1386,7,135,flow,3,0.6512,9.0,5.4949,1.0666
221,1386,7,135,pressur,6,0.9305,18.0,8.4949,1.9716
221,1386,7,135,gradient,6,2.5309,18.0,8.4949,5.3628
221,1182,8,124,paper,1,1.9441,3.0,3.3568,1.7375
221,1182,8,124,calcul,1,1.4504,3.0,3.3568,1.2962
221,1182,8,124,laminar,2,1.7875,6.0,4.3568,2.4617
221,1182,8,124,incompress,1,2.3584,3.0,3.3568,2.1077
221,1182,8,124,flow,8,0.6512,24.0,10.3568,1.5091
221,1182,8,124,arbitrari,1,2.7733,3.0,3.3568,2.4785
221,1182,8,124,pressur,1,0.9305,3.0,3.3568,0.8316
221,1182,8,124,gradient,1,2.5309,3.0,3.3568,2.2619
221,579,9,106,paper,1,1.9441,3.0,3.1308,1.8629
221,579,9,106,applic,1,1.8536,3.0,3.1308,1.7761
221,579,9,106,problem,3,1.4657,9.0,5.1308,2.5711
221,579,9,106,procedur,2,2.7619,6.0,4.1308,4.0117
221,579,9,106,flow,6,0.6512,18.0,8.1308,1.4417
221,579,9,106,arbitrari,1,2.7733,3.0,3.1308,2.6574
221,754,10,89,paper,1,1.9441,3.0,2.9174,1.9992
221,754,10,89,calcul,2,1.4504,6.0,3.9174,2.2215
221,754,10,89,laminar,2,1.7875,6.0,3.9174,2.7378
221,754,10,89,incompress,1,2.3584,3.0,2.9174,2.4252
221,754,10,89,flow,1,0.6512,3.0,2.9174,0.6697
221,754,10,89,arbitrari,2,2.7733,6.0,3.9174,4.2477
222,1400,1,62,investig,1,1.3547,3.0,2.5784,1.5762
222,1400,1,62,shear,3,2.6448,9.0,4.5784,5.199
222,1400,1,62,buckl,3,2.3968,9.0,4.5784,4.7116
222,1400,1,62,stiffen,5,3.6476,15.0,6.5784,8.3173
222,1400,1,62,plate,4,1.8178,12.0,5.5784,3.9104
222,419,2,72,shear,3,2.6448,9.0,4.7039,5.0602
222,419,2,72,buckl,2,2.3968,6.0,3.7039,3.8826
222,419,2,72,stiffen,6,3.6476,18.0,7.7039,8.5226
222,419,2,72,plate,5,1.8178,15.0,6.7039,4.0673
222,1398,3,115,shear,5,2.6448,15.0,7.2438,5.4767
222,1398,3,115,buckl,1,2.3968,3.0,3.2438,2.2167
222,1398,3,115,stiffen,6,3.6476,18.0,8.2438,7.9645
222,1398,3,115,plate,11,1.8178,33.0,13.2438,4.5295
222,1399,4,50,shear,2,2.6448,6.0,3.4277,4.6295
222,1399,4,50,buckl,2,2.3968,6.0,3.4277,4.1955
222,1399,4,50,stiffen,2,3.6476,6.0,3.4277,6.3849
222,1399,4,50,plate,3,1.8178,9.0,4.4277,3.6949
222,1130,5,72,investig,2,1.3547,6.0,3.7039,2.1944
222,1130,5,72,shear,2,2.6448,6.0,3.7039,4.2843
222,1130,5,72,stiffen,6,3.6476,18.0,7.7039,8.5226
222,1130,5,72,plate,4,1.8178,12.0,5.7039,3.8243
222,1396,6,61,shear,1,2.6448,3.0,2.5658,3.0923
222,1396,6,61,buckl,2,2.3968,6.0,3.5658,4.033
222,1396,6,61,stiffen,2,3.6476,6.0,3.5658,6.1376
222,1396,6,61,plate,3,1.8178,9.0,4.5658,3.5832
222,1387,7,120,investig,2,1.3547,6.0,4.3066,1.8874
222,1387,7,120,shear,4,2.6448,12.0,6.3066,5.0324
222,1387,7,120,buckl,3,2.3968,9.0,5.3066,4.065
222,1387,7,120,stiffen,2,3.6476,6.0,4.3066,5.082
222,1397,8,48,shear,2,2.6448,6.0,3.4026,4.6637
222,1397,8,48,stiffen,2,3.6476,6.0,3.4026,6.432
222,1397,8,48,plate,2,1.8178,6.0,3.4026,3.2054
222,1358,9,25,buckl,1,2.3968,3.0,2.1139,3.4016
222,1358,9,25,stiffen,2,3.6476,6.0,3.1139,7.0285
222,1358,9,25,plate,2,1.8178,6.0,3.1139,3.5026
222,1357,10,29,buckl,1,2.3968,3.0,2.1641,3.3226
222,1357,10,29,stiffen,2,3.6476,6.0,3.1641,6.9169
222,1357,10,29,plate,2,1.8178,6.0,3.1641,3.447
223,400,1,41,shear,2,2.6448,6.0,3.3147,4.7873
223,400,1,41,buckl,4,2.3968,12.0,5.3147,5.4117
223,400,1,41,rectangular,2,3.2286,6.0,3.3147,5.844
223,400,1,41,plate,2,1.8178,6.0,3.3147,3.2904
223,400,1,41,shear,2,2.6448,6.0,3.3147,4.7873
223,1399,2,50,paper,1,1.9441,3.0,2.4277,2.4024
223,1399,2,50,shear,2,2.6448,6.0,3.4277,4.6295
223,1399,2,50,buckl,2,2.3968,6.0,3.4277,4.1955
223,1399,2,50,rectangular,1,3.2286,3.0,2.4277,3.9896
223,1399,2,50,plate,3,1.8178,9.0,4.4277,3.6949
223,1399,2,50,shear,2,2.6448,6.0,3.4277,4.6295
223,1398,3,115,shear,5,2.6448,15.0,7.2438,5.4767
223,1398,3,115,buckl,1,2.3968,3.0,3.2438,2.2167
223,1398,3,115,rectangular,3,3.2286,9.0,5.2438,5.5412
223,1398,3,115,plate,11,1.8178,33.0,13.2438,4.5295
223,1398,3,115,shear,5,2.6448,15.0,7.2438,5.4767
223,419,4,72,paper,1,1.9441,3.0,2.7039,2.157
223,419,4,72,shear,3,2.6448,9.0,4.7039,5.0602
223,419,4,72,buckl,2,2.3968,6.0,3.7039,3.8826
223,419,4,72,plate,5,1.8178,15.0,6.7039,4.0673
223,419,4,72,shear,3,2.6448,9.0,4.7039,5.0602
223,1387,5,120,shear,4,2.6448,12.0,6.3066,5.0324
223,1387,5,120,buckl,3,2.3968,9.0,5.3066,4.065
223,1387,5,120,rectangular,3,3.2286,9.0,5.3066,5.4757
223,1387,5,120,shear,4,2.6448,12.0,6.3066,5.0324
223,1400,6,62,shear,3,2.6448,9.0,4.5784,5.199
223,1400,6,62,buckl,3,2.3968,9.0,4.5784,4.7116
223,1400,6,62,plate,4,1.8178,12.0,5.5784,3.9104
223,1400,6,62,shear,3,2.6448,9.0,4.5784,5.199
223,412,7,64,shear,3,2.6448,9.0,4.6035,5.1706
223,412,7,64,buckl,2,2.3968,6.0,3.6035,3.9908
223,412,7,64,plate,3,1.8178,9.0,4.6035,3.5538
223,412,7,64,shear,3,2.6448,9.0,4.6035,5.1706
223,388,8,102,paper,2,1.9441,6.0,4.0806,2.8586
223,388,8,102,shear,5,2.6448,15.0,7.0806,5.6029
223,388,8,102,plate,3,1.8178,9.0,5.0806,3.2201
223,388,8,102,shear,5,2.6448,15.0,7.0806,5.6029
223,1121,9,78,shear,3,2.6448,9.0,4.7793,4.9805
223,1121,9,78,buckl,4,2.3968,12.0,5.7793,4.9767
223,1121,9,78,plate,1,1.8178,3.0,2.7793,1.9622
223,1121,9,78,shear,3,2.6448,9.0,4.7793,4.9805
223,1396,10,61,paper,1,1.9441,3.0,2.5658,2.2731
223,1396,10,61,shear,1,2.6448,3.0,2.5658,3.0923
223,1396,10,61,buckl,2,2.3968,6.0,3.5658,4.033
223,1396,10,61,plate,3,1.8178,9.0,4.5658,3.5832
223,1396,10,61,shear,1,2.6448,3.0,2.5658,3.0923
224,1312,1,64,assumpt,1,2.5582,3.0,2.6035,2.9478
224,1312,1,64,shock,6,1.7622,18.0,7.6035,4.1718
224,1312,1,64,tube,3,2.9752,9.0,4.6035,5.8167
224,1312,1,64,use,1,1.0037,3.0,2.6035,1.1565
224,1312,1,64,nitrogen,1,4.4416,3.0,2.6035,5.118
224,1312,1,64,thermodynam,2,3.795,6.0,3.6035,6.3188
224,1312,1,64,equilibrium,3,2.8321,9.0,4.6035,5.5369
224,317,2,130,assumpt,1,2.5582,3.0,3.4321,2.2361
224,317,2,130,flow,5,0.6512,15.0,7.4321,1.3143
224,317,2,130,hyperson,1,2.1062,3.0,3.4321,1.841
224,317,2,130,shock,3,1.7622,9.0,5.4321,2.9197
224,317,2,130,use,1,1.0037,3.0,3.4321,0.8773
224,317,2,130,non,3,3.0939,9.0,5.4321,5.126
224,317,2,130,thermodynam,2,3.795,6.0,4.4321,5.1374
224,317,2,130,equilibrium,5,2.8321,15.0,7.4321,5.716
224,1286,3,64,shock,4,1.7622,12.0,5.6035,3.7738
224,1286,3,64,tube,2,2.9752,6.0,3.6035,4.9539
224,1286,3,64,use,2,1.0037,6.0,3.6035,1.6712
224,1286,3,64,nitrogen,2,4.4416,6.0,3.6035,7.3954
224,1286,3,64,equilibrium,2,2.8321,6.0,3.6035,4.7156
224,401,4,199,flow,6,0.6512,18.0,9.2984,1.2606
224,401,4,199,hyperson,3,2.1062,9.0,6.2984,3.0096
224,401,4,199,shock,5,1.7622,15.0,8.2984,3.1854
224,401,4,199,use,1,1.0037,3.0,4.2984,0.7005
224,401,4,199,nitrogen,2,4.4416,6.0,5.2984,5.0297
224,401,4,199,non,1,3.0939,3.0,4.2984,2.1593
224,401,4,199,viscous,1,2.4368,3.0,4.2984,1.7007
224,401,4,199,equilibrium,3,2.8321,9.0,6.2984,4.047
224,656,5,126,assumpt,1,2.5582,3.0,3.3819,2.2693
224,656,5,126,flow,4,0.6512,12.0,6.3819,1.2245
224,656,5,126,hyperson,3,2.1062,9.0,5.3819,3.5222
224,656,5,126,shock,4,1.7622,12.0,6.3819,3.3135
224,656,5,126,tube,1,2.9752,3.0,3.3819,2.6393
224,656,5,126,use,1,1.0037,3.0,3.3819,0.8904
224,656,5,126,equilibrium,5,2.8321,15.0,7.3819,5.7549
224,1296,6,125,flow,3,0.6512,9.0,5.3693,1.0916
224,1296,6,125,hyperson,3,2.1062,9.0,5.3693,3.5304
224,1296,6,125,nitrogen,3,4.4416,9.0,5.3693,7.4449
224,1296,6,125,non,1,3.0939,3.0,3.3693,2.7548
224,1296,6,125,equilibrium,2,2.8321,6.0,4.3693,3.8891
224,140,7,198,close,3,2.6754,9.0,6.2858,3.8306
224,140,7,198,assumpt,3,2.5582,9.0,6.2858,3.6628
224,140,7,198,tube,8,2.9752,24.0,11.2858,6.327
224,140,7,198,use,2,1.0037,6.0,5.2858,1.1393
224,140,7,198,non,2,3.0939,6.0,5.2858,3.5119
224,259,8,96,close,2,2.6754,6.0,4.0053,4.0078
224,259,8,96,flow,1,0.6512,3.0,3.0053,0.6501
224,259,8,96,nitrogen,2,4.4416,6.0,4.0053,6.6536
224,259,8,96,thermodynam,1,3.795,3.0,3.0053,3.7883
224,259,8,96,equilibrium,1,2.8321,3.0,3.0053,2.8272
224,575,9,142,assumpt,1,2.5582,3.0,3.5828,2.1421
224,575,9,142,flow,4,0.6512,12.0,6.5828,1.1871
224,575,9,142,hyperson,2,2.1062,6.0,4.5828,2.7576
224,575,9,142,shock,3,1.7622,9.0,5.5828,2.8409
224,575,9,142,tube,1,2.9752,3.0,3.5828,2.4913
224,575,9,142,use,1,1.0037,3.0,3.5828,0.8404
224,575,9,142,equilibrium,5,2.8321,15.0,7.5828,5.6025
224,236,10,94,flow,6,0.6512,18.0,7.9801,1.4689
224,236,10,94,use,3,1.0037,9.0,4.9801,1.8138
224,236,10,94,thermodynam,4,3.795,12.0,5.9801,7.6151
224,236,10,94,equilibrium,6,2.8321,18.0,7.9801,6.3882
225,1188,1,114,design,1,2.2717,3.0,3.2312,2.1091
225,1188,1,114,factor,1,2.8567,3.0,3.2312,2.6522
225,1188,1,114,use,1,1.0037,3.0,3.2312,0.9319
225,1188,1,114,lift,4,2.1729,12.0,6.2312,4.1845
225,1188,1,114,drag,4,2.3141,12.0,6.2312,4.4564
225,1188,1,114,ratio,4,1.5529,12.0,6.2312,2.9905
225,1188,1,114,mach,5,1.2826,15.0,7.2312,2.6606
225,1188,1,114,number,4,0.7937,12.0,6.2312,1.5285
225,1188,1,114,five,3,1.7295,9.0,5.2312,2.9755
225,1380,2,166,design,2,2.2717,6.0,4.8841,2.7907
225,1380,2,166,factor,2,2.8567,6.0,4.8841,3.5094
225,1380,2,166,control,1,3.1259,3.0,3.8841,2.4144
225,1380,2,166,lift,10,2.1729,30.0,12.8841,5.0595
225,1380,2,166,drag,10,2.3141,30.0,12.8841,5.3882
225,1380,2,166,ratio,12,1.5529,36.0,14.8841,3.756
225,1380,2,166,number,1,0.7937,3.0,3.8841,0.613
225,638,3,145,use,2,1.0037,6.0,4.6204,1.3034
225,638,3,145,control,8,3.1259,24.0,10.6204,7.0639
225,638,3,145,lift,5,2.1729,15.0,7.6204,4.2771
225,638,3,145,drag,2,2.3141,6.0,4.6204,3.005
225,638,3,145,ratio,3,1.5529,9.0,5.6204,2.4866
225,1291,4,170,use,1,1.0037,3.0,3.9343,0.7653
225,1291,4,170,lift,8,2.1729,24.0,10.9343,4.7694
225,1291,4,170,drag,14,2.3141,42.0,16.9343,5.7393
225,1291,4,170,ratio,9,1.5529,27.0,11.9343,3.5132
225,1291,4,170,five,3,1.7295,9.0,5.9343,2.623
225,225,5,238,use,2,1.0037,6.0,5.788,1.0404
225,225,5,238,lift,8,2.1729,24.0,11.788,4.4239
225,225,5,238,drag,7,2.3141,21.0,10.788,4.5046
225,225,5,238,ratio,8,1.5529,24.0,11.788,3.1616
225,225,5,238,mach,2,1.2826,6.0,5.788,1.3296
225,225,5,238,number,3,0.7937,9.0,6.788,1.0523
225,225,5,238,five,2,1.7295,6.0,5.788,1.7928
225,674,6,80,design,2,2.2717,6.0,3.8044,3.5827
225,674,6,80,lift,2,2.1729,6.0,3.8044,3.4269
225,674,6,80,drag,2,2.3141,6.0,3.8044,3.6496
225,674,6,80,ratio,1,1.5529,3.0,2.8044,1.6612
225,674,6,80,mach,1,1.2826,3.0,2.8044,1.3721
225,674,6,80,number,1,0.7937,3.0,2.8044,0.849
225,674,6,80,five,2,1.7295,6.0,3.8044,2.7276
225,1124,7,48,design,2,2.2717,6.0,3.4026,4.0057
225,1124,7,48,use,1,1.0037,3.0,2.4026,1.2532
225,1124,7,48,lift,3,2.1729,9.0,4.4026,4.4419
225,1124,7,48,drag,3,2.3141,9.0,4.4026,4.7305
225,1124,7,48,ratio,2,1.5529,6.0,3.4026,2.7383
225,1344,8,133,use,1,1.0037,3.0,3.4698,0.8678
225,1344,8,133,lift,5,2.1729,15.0,7.4698,4.3634
225,1344,8,133,drag,6,2.3141,18.0,8.4698,4.9179
225,1344,8,133,ratio,4,1.5529,12.0,6.4698,2.8803
225,1344,8,133,five,2,1.7295,6.0,4.4698,2.3216
225,416,9,157,design,1,2.2717,3.0,3.7711,1.8072
225,416,9,157,factor,1,2.8567,3.0,3.7711,2.2726
225,416,9,157,use,1,1.0037,3.0,3.7711,0.7985
225,416,9,157,control,2,3.1259,6.0,4.7711,3.9311
225,416,9,157,lift,1,2.1729,3.0,3.7711,1.7286
225,416,9,157,drag,2,2.3141,6.0,4.7711,2.9101
225,416,9,157,mach,1,1.2826,3.0,3.7711,1.0204
225,416,9,157,number,1,0.7937,3.0,3.7711,0.6314
225,683,10,157,design,1,2.2717,3.0,3.7711,1.8072
225,683,10,157,factor,1,2.8567,3.0,3.7711,2.2726
225,683,10,157,use,1,1.0037,3.0,3.7711,0.7985
225,683,10,157,lift,5,2.1729,15.0,7.7711,4.1942
225,683,10,157,drag,3,2.3141,9.0,5.7711,3.6088
225,683,10,157,mach,1,1.2826,3.0,3.7711,1.0204
225,683,10,157,number,2,0.7937,6.0,4.7711,0.9981
