Query_ID,Doc_ID,Rank,Term,W_query,W_doc,Dot_Product_Contrib,Query_Norm,Doc_Norm,Total_Cosine_Sim
1,51,1,model,0.188,0.0788,0.0148,0.9577,0.5059,0.278
1,51,1,construct,0.321,0.0673,0.0216,0.9577,0.5059,0.278
1,51,1,aircraft,0.271,0.2556,0.0693,0.9577,0.5059,0.278
1,51,1,speed,0.1425,0.0149,0.0021,0.9577,0.5059,0.278
1,51,1,heat,0.1382,0.1014,0.014,0.9577,0.5059,0.278
1,51,1,similar,0.2024,0.0636,0.0129,0.9577,0.5059,0.278
1,184,2,aeroelast,0.3958,0.1574,0.0623,0.9577,0.4387,0.2437
1,184,2,model,0.188,0.0748,0.0141,0.9577,0.4387,0.2437
1,184,2,aircraft,0.271,0.0359,0.0097,0.9577,0.4387,0.2437
1,184,2,similar,0.2024,0.0805,0.0163,0.9577,0.4387,0.2437
1,12,3,aeroelast,0.3958,0.1193,0.0472,0.9577,0.4741,0.2185
1,12,3,aircraft,0.271,0.0817,0.0221,0.9577,0.4741,0.2185
1,12,3,speed,0.1425,0.0859,0.0122,0.9577,0.4741,0.2185
1,12,3,heat,0.1382,0.0208,0.0029,0.9577,0.4741,0.2185
1,12,3,high,0.1563,0.0942,0.0147,0.9577,0.4741,0.2185
1,359,4,law,0.2976,0.2183,0.065,0.9577,0.5072,0.1956
1,359,4,similar,0.2024,0.1485,0.0301,0.9577,0.5072,0.1956
1,746,5,aeroelast,0.3958,0.1765,0.0699,0.9577,0.4325,0.1916
1,746,5,speed,0.1425,0.0212,0.003,0.9577,0.4325,0.1916
1,746,5,heat,0.1382,0.0205,0.0028,0.9577,0.4325,0.1916
1,746,5,high,0.1563,0.0232,0.0036,0.9577,0.4325,0.1916
1,56,6,law,0.2976,0.1299,0.0387,0.9577,0.3386,0.1744
1,56,6,similar,0.2024,0.0884,0.0179,0.9577,0.3386,0.1744
1,944,7,law,0.2976,0.0474,0.0141,0.9577,0.4168,0.1707
1,944,7,obey,0.5123,0.0817,0.0418,0.9577,0.4168,0.1707
1,944,7,heat,0.1382,0.0882,0.0122,0.9577,0.4168,0.1707
1,665,8,law,0.2976,0.0935,0.0278,0.9577,0.3853,0.1576
1,665,8,construct,0.321,0.0504,0.0162,0.9577,0.3853,0.1576
1,665,8,high,0.1563,0.0491,0.0077,0.9577,0.3853,0.1576
1,665,8,similar,0.2024,0.0318,0.0064,0.9577,0.3853,0.1576
1,879,9,model,0.188,0.2482,0.0467,0.9577,0.6774,0.1556
1,879,9,construct,0.321,0.1412,0.0453,0.9577,0.6774,0.1556
1,879,9,speed,0.1425,0.0627,0.0089,0.9577,0.6774,0.1556
1,878,10,model,0.188,0.132,0.0248,0.9577,0.5824,0.1458
1,878,10,construct,0.321,0.0751,0.0241,0.9577,0.5824,0.1458
1,878,10,aircraft,0.271,0.0634,0.0172,0.9577,0.5824,0.1458
1,878,10,speed,0.1425,0.0667,0.0095,0.9577,0.5824,0.1458
1,878,10,high,0.1563,0.0366,0.0057,0.9577,0.5824,0.1458
2,12,1,aeroelast,0.5442,0.1193,0.0649,0.9407,0.4741,0.4951
2,12,1,flight,0.2924,0.0961,0.0281,0.9407,0.4741,0.4951
2,12,1,structur,0.3214,0.1761,0.0566,0.9407,0.4741,0.4951
2,12,1,aircraft,0.3727,0.0817,0.0304,0.9407,0.4741,0.4951
2,12,1,speed,0.1959,0.0859,0.0168,0.9407,0.4741,0.4951
2,12,1,problem,0.1833,0.0201,0.0037,0.9407,0.4741,0.4951
2,12,1,high,0.2148,0.0942,0.0202,0.9407,0.4741,0.4951
2,51,2,flight,0.2924,0.0223,0.0065,0.9407,0.5059,0.3411
2,51,2,structur,0.3214,0.1714,0.0551,0.9407,0.5059,0.3411
2,51,2,aircraft,0.3727,0.2556,0.0952,0.9407,0.5059,0.3411
2,51,2,speed,0.1959,0.0149,0.0029,0.9407,0.5059,0.3411
2,51,2,problem,0.1833,0.014,0.0026,0.9407,0.5059,0.3411
2,746,3,aeroelast,0.5442,0.1765,0.0961,0.9407,0.4325,0.317
2,746,3,flight,0.2924,0.0316,0.0092,0.9407,0.4325,0.317
2,746,3,speed,0.1959,0.0212,0.0042,0.9407,0.4325,0.317
2,746,3,problem,0.1833,0.0793,0.0145,0.9407,0.4325,0.317
2,746,3,high,0.2148,0.0232,0.005,0.9407,0.4325,0.317
2,184,4,aeroelast,0.5442,0.1574,0.0856,0.9407,0.4387,0.2641
2,184,4,structur,0.3214,0.031,0.01,0.9407,0.4387,0.2641
2,184,4,aircraft,0.3727,0.0359,0.0134,0.9407,0.4387,0.2641
2,1169,5,flight,0.2924,0.1271,0.0372,0.9407,0.5052,0.2255
2,1169,5,aircraft,0.3727,0.162,0.0604,0.9407,0.5052,0.2255
2,1169,5,speed,0.1959,0.0341,0.0067,0.9407,0.5052,0.2255
2,1169,5,problem,0.1833,0.0159,0.0029,0.9407,0.5052,0.2255
2,884,6,structur,0.3214,0.2637,0.0848,0.9407,0.8087,0.2238
2,884,6,aircraft,0.3727,0.2294,0.0855,0.9407,0.8087,0.2238
2,100,7,structur,0.3214,0.0779,0.025,0.9407,0.4578,0.2157
2,100,7,aircraft,0.3727,0.1355,0.0505,0.9407,0.4578,0.2157
2,100,7,associ,0.3781,0.0458,0.0173,0.9407,0.4578,0.2157
2,14,8,aeroelast,0.5442,0.0586,0.0319,0.9407,0.272,0.1885
2,14,8,flight,0.2924,0.0105,0.0031,0.9407,0.272,0.1885
2,14,8,aircraft,0.3727,0.0134,0.005,0.9407,0.272,0.1885
2,14,8,speed,0.1959,0.007,0.0014,0.9407,0.272,0.1885
2,14,8,problem,0.1833,0.0197,0.0036,0.9407,0.272,0.1885
2,14,8,high,0.2148,0.0154,0.0033,0.9407,0.272,0.1885
2,253,9,flight,0.2924,0.0269,0.0079,0.9407,0.4472,0.1873
2,253,9,aircraft,0.3727,0.1714,0.0639,0.9407,0.4472,0.1873
2,253,9,speed,0.1959,0.036,0.0071,0.9407,0.4472,0.1873
2,141,10,aeroelast,0.5442,0.0691,0.0376,0.9407,0.4295,0.1731
2,141,10,flight,0.2924,0.0371,0.0109,0.9407,0.4295,0.1731
2,141,10,speed,0.1959,0.0498,0.0097,0.9407,0.4295,0.1731
2,141,10,high,0.2148,0.0546,0.0117,0.9407,0.4295,0.1731
3,485,1,slab,0.6579,0.3684,0.2424,1.1781,0.7078,0.5863
3,485,1,conduct,0.3117,0.0873,0.0272,1.1781,0.7078,0.5863
3,485,1,heat,0.2172,0.1217,0.0264,1.1781,0.7078,0.5863
3,485,1,composit,0.587,0.3287,0.1929,1.1781,0.7078,0.5863
3,5,2,slab,0.6579,0.2489,0.1638,1.1781,0.5642,0.4804
3,5,2,conduct,0.3117,0.1179,0.0368,1.1781,0.5642,0.4804
3,5,2,heat,0.2172,0.2466,0.0536,1.1781,0.5642,0.4804
3,5,2,composit,0.587,0.111,0.0652,1.1781,0.5642,0.4804
3,90,3,slab,0.6579,0.2303,0.1515,1.1781,0.561,0.4117
3,90,3,composit,0.587,0.2054,0.1206,1.1781,0.561,0.4117
3,91,4,slab,0.6579,0.2047,0.1347,1.1781,0.4359,0.3809
3,91,4,heat,0.2172,0.0338,0.0073,1.1781,0.4359,0.3809
3,91,4,composit,0.587,0.0913,0.0536,1.1781,0.4359,0.3809
3,144,5,slab,0.6579,0.1588,0.1045,1.1781,0.6082,0.3707
3,144,5,heat,0.2172,0.0874,0.019,1.1781,0.6082,0.3707
3,144,5,problem,0.2095,0.0169,0.0035,1.1781,0.6082,0.3707
3,144,5,composit,0.587,0.2361,0.1386,1.1781,0.6082,0.3707
3,582,6,slab,0.6579,0.3759,0.2473,1.1781,0.7137,0.3102
3,582,6,heat,0.2172,0.0621,0.0135,1.1781,0.7137,0.3102
3,399,7,slab,0.6579,0.1486,0.0977,1.1781,0.6569,0.2965
3,399,7,conduct,0.3117,0.0704,0.0219,1.1781,0.6569,0.2965
3,399,7,heat,0.2172,0.1472,0.032,1.1781,0.6569,0.2965
3,399,7,composit,0.587,0.1325,0.0778,1.1781,0.6569,0.2965
3,181,8,conduct,0.3117,0.1407,0.0439,1.1781,0.6162,0.2243
3,181,8,heat,0.2172,0.0981,0.0213,1.1781,0.6162,0.2243
3,181,8,problem,0.2095,0.0946,0.0198,1.1781,0.6162,0.2243
3,181,8,composit,0.587,0.1325,0.0778,1.1781,0.6162,0.2243
3,6,9,slab,0.6579,0.1645,0.1082,1.1781,0.5397,0.2066
3,6,9,heat,0.2172,0.0815,0.0177,1.1781,0.5397,0.2066
3,6,9,problem,0.2095,0.0262,0.0055,1.1781,0.5397,0.2066
3,579,10,slab,0.6579,0.0434,0.0286,1.1781,0.3859,0.1595
3,579,10,heat,0.2172,0.0574,0.0125,1.1781,0.3859,0.1595
3,579,10,problem,0.2095,0.0415,0.0087,1.1781,0.3859,0.1595
3,579,10,composit,0.587,0.0388,0.0228,1.1781,0.3859,0.1595
4,166,1,mixtur,0.2307,0.0822,0.019,0.8123,0.4132,0.2758
4,166,1,react,0.3029,0.054,0.0164,0.8123,0.4132,0.2758
4,166,1,chemic,0.3979,0.0709,0.0282,0.8123,0.4132,0.2758
4,166,1,equilibrium,0.1576,0.0843,0.0133,0.8123,0.4132,0.2758
4,166,1,flow,0.0362,0.0193,0.0007,0.8123,0.4132,0.2758
4,166,1,gas,0.1299,0.1158,0.015,0.8123,0.4132,0.2758
4,488,2,mixtur,0.2307,0.0865,0.02,0.8123,0.4601,0.2549
4,488,2,react,0.3029,0.1136,0.0344,0.8123,0.4601,0.2549
4,488,2,chemic,0.3979,0.0746,0.0297,0.8123,0.4601,0.2549
4,488,2,equilibrium,0.1576,0.0296,0.0047,0.8123,0.4601,0.2549
4,488,2,flow,0.0362,0.0068,0.0002,0.8123,0.4601,0.2549
4,488,2,gas,0.1299,0.0487,0.0063,0.8123,0.4601,0.2549
4,410,3,chemic,0.3979,0.1264,0.0503,0.8123,0.3651,0.2256
4,410,3,equilibrium,0.1576,0.1001,0.0158,0.8123,0.3651,0.2256
4,410,3,flow,0.0362,0.023,0.0008,0.8123,0.3651,0.2256
4,1061,4,solut,0.0686,0.0218,0.0015,0.8123,0.3415,0.2172
4,1061,4,mixtur,0.2307,0.0489,0.0113,0.8123,0.3415,0.2172
4,1061,4,base,0.1003,0.0106,0.0011,0.8123,0.3415,0.2172
4,1061,4,react,0.3029,0.0321,0.0097,0.8123,0.3415,0.2172
4,1061,4,chemic,0.3979,0.0843,0.0335,0.8123,0.3415,0.2172
4,1061,4,assumpt,0.1423,0.0151,0.0021,0.8123,0.3415,0.2172
4,1061,4,flow,0.0362,0.0038,0.0001,0.8123,0.3415,0.2172
4,1061,4,develop,0.0927,0.0098,0.0009,0.8123,0.3415,0.2172
4,1275,5,instantan,0.2869,0.1781,0.0511,0.8123,0.5685,0.2099
4,1275,5,simplifi,0.1759,0.0546,0.0096,0.8123,0.5685,0.2099
4,1275,5,criterion,0.2333,0.1448,0.0338,0.8123,0.5685,0.2099
4,1275,5,flow,0.0362,0.0674,0.0024,0.8123,0.5685,0.2099
4,167,6,solut,0.0686,0.0334,0.0023,0.8123,0.3775,0.191
4,167,6,mixtur,0.2307,0.0561,0.0129,0.8123,0.3775,0.191
4,167,6,chemic,0.3979,0.0484,0.0193,0.8123,0.3775,0.191
4,167,6,equilibrium,0.1576,0.0383,0.006,0.8123,0.3775,0.191
4,167,6,flow,0.0362,0.044,0.0016,0.8123,0.3775,0.191
4,167,6,gas,0.1299,0.1264,0.0164,0.8123,0.3775,0.191
4,185,7,mixtur,0.2307,0.1099,0.0254,0.8123,0.3834,0.1798
4,185,7,base,0.1003,0.0096,0.001,0.8123,0.3834,0.1798
4,185,7,chemic,0.3979,0.0379,0.0151,0.8123,0.3834,0.1798
4,185,7,flow,0.0362,0.0034,0.0001,0.8123,0.3834,0.1798
4,185,7,gas,0.1299,0.1114,0.0145,0.8123,0.3834,0.1798
4,1189,8,solut,0.0686,0.0209,0.0014,0.8123,0.5177,0.1786
4,1189,8,react,0.3029,0.0924,0.028,0.8123,0.5177,0.1786
4,1189,8,chemic,0.3979,0.0607,0.0241,0.8123,0.5177,0.1786
4,1189,8,equilibrium,0.1576,0.0962,0.0152,0.8123,0.5177,0.1786
4,1189,8,flow,0.0362,0.0331,0.0012,0.8123,0.5177,0.1786
4,1189,8,gas,0.1299,0.0396,0.0052,0.8123,0.5177,0.1786
4,1374,9,solut,0.0686,0.0158,0.0011,0.8123,0.4062,0.1766
4,1374,9,chemic,0.3979,0.0918,0.0365,0.8123,0.4062,0.1766
4,1374,9,equilibrium,0.1576,0.0728,0.0115,0.8123,0.4062,0.1766
4,1374,9,assumpt,0.1423,0.0328,0.0047,0.8123,0.4062,0.1766
4,1374,9,flow,0.0362,0.0167,0.0006,0.8123,0.4062,0.1766
4,1374,9,gas,0.1299,0.03,0.0039,0.8123,0.4062,0.1766
4,575,10,solut,0.0686,0.0087,0.0006,0.8123,0.3401,0.1629
4,575,10,chemic,0.3979,0.0504,0.0201,0.8123,0.3401,0.1629
4,575,10,equilibrium,0.1576,0.0999,0.0158,0.8123,0.3401,0.1629
4,575,10,assumpt,0.1423,0.018,0.0026,0.8123,0.3401,0.1629
4,575,10,flow,0.0362,0.0183,0.0007,0.8123,0.3401,0.1629
4,575,10,gas,0.1299,0.0329,0.0043,0.8123,0.3401,0.1629
4,575,10,develop,0.0927,0.0117,0.0011,0.8123,0.3401,0.1629
5,103,1,system,0.4019,0.0402,0.0162,1.0223,0.5942,0.2647
5,103,1,chemic,0.5115,0.1535,0.0785,1.0223,0.5942,0.2647
5,103,1,kinet,0.5751,0.115,0.0661,1.0223,0.5942,0.2647
5,1032,2,system,0.4019,0.1758,0.0707,1.0223,0.5582,0.2091
5,1032,2,kinet,0.5751,0.0629,0.0362,1.0223,0.5582,0.2091
5,1032,2,applic,0.265,0.029,0.0077,1.0223,0.5582,0.2091
5,1032,2,problem,0.2095,0.0229,0.0048,1.0223,0.5582,0.2091
5,410,3,chemic,0.5115,0.1264,0.0646,1.0223,0.3651,0.2023
5,410,3,problem,0.2095,0.0518,0.0108,1.0223,0.3651,0.2023
5,943,4,system,0.4019,0.0313,0.0126,1.0223,0.4212,0.1834
5,943,4,chemic,0.5115,0.0796,0.0407,1.0223,0.4212,0.1834
5,943,4,kinet,0.5751,0.0447,0.0257,1.0223,0.4212,0.1834
5,552,5,chemic,0.5115,0.0578,0.0295,1.0223,0.3394,0.168
5,552,5,kinet,0.5751,0.0325,0.0187,1.0223,0.3394,0.168
5,552,5,problem,0.2095,0.0237,0.005,1.0223,0.3394,0.168
5,552,5,hyperson,0.3012,0.017,0.0051,1.0223,0.3394,0.168
5,401,6,chemic,0.5115,0.036,0.0184,1.0223,0.3373,0.1603
5,401,6,kinet,0.5751,0.0405,0.0233,1.0223,0.3373,0.1603
5,401,6,applic,0.265,0.0093,0.0025,1.0223,0.3373,0.1603
5,401,6,problem,0.2095,0.0074,0.0015,1.0223,0.3373,0.1603
5,401,6,hyperson,0.3012,0.0318,0.0096,1.0223,0.3373,0.1603
5,367,7,system,0.4019,0.2269,0.0912,1.0223,0.6115,0.1586
5,367,7,applic,0.265,0.0299,0.0079,1.0223,0.6115,0.1586
5,1374,8,chemic,0.5115,0.0918,0.047,1.0223,0.4062,0.1479
5,1374,8,applic,0.265,0.0238,0.0063,1.0223,0.4062,0.1479
5,1374,8,hyperson,0.3012,0.027,0.0081,1.0223,0.4062,0.1479
5,968,9,system,0.4019,0.1366,0.0549,1.0223,0.6104,0.1318
5,968,9,chemic,0.5115,0.0348,0.0178,1.0223,0.6104,0.1318
5,968,9,applic,0.265,0.036,0.0095,1.0223,0.6104,0.1318
5,368,10,system,0.4019,0.1111,0.0446,1.0223,0.5019,0.1311
5,368,10,applic,0.265,0.0244,0.0065,1.0223,0.5019,0.1311
5,368,10,problem,0.2095,0.0772,0.0162,1.0223,0.5019,0.1311
6,491,1,theoret,0.2549,0.0275,0.007,1.1972,0.5118,0.3371
6,491,1,couett,0.7059,0.2281,0.161,1.1972,0.5118,0.3371
6,491,1,flow,0.093,0.0501,0.0047,1.1972,0.5118,0.3371
6,491,1,turbul,0.3239,0.1047,0.0339,1.1972,0.5118,0.3371
6,386,2,couett,0.7059,0.2797,0.1975,1.1972,0.5167,0.3266
6,386,2,flow,0.093,0.0491,0.0046,1.1972,0.5167,0.3266
6,385,3,couett,0.7059,0.353,0.2492,1.1972,0.6684,0.3168
6,385,3,flow,0.093,0.0465,0.0043,1.1972,0.6684,0.3168
6,257,4,couett,0.7059,0.0426,0.0301,1.1972,0.3592,0.1725
6,257,4,experiment,0.2026,0.0122,0.0025,1.1972,0.3592,0.1725
6,257,4,flow,0.093,0.0393,0.0037,1.1972,0.3592,0.1725
6,257,4,turbul,0.3239,0.1173,0.038,1.1972,0.3592,0.1725
6,1273,5,couett,0.7059,0.1163,0.0821,1.1972,0.4185,0.1709
6,1273,5,flow,0.093,0.0383,0.0036,1.1972,0.4185,0.1709
6,1282,6,couett,0.7059,0.0988,0.0698,1.1972,0.3822,0.1578
6,1282,6,flow,0.093,0.026,0.0024,1.1972,0.3822,0.1578
6,883,7,behaviour,0.5641,0.2008,0.1132,1.1972,0.6004,0.1575
6,151,8,theoret,0.2549,0.0121,0.0031,1.1972,0.3592,0.135
6,151,8,turbul,0.3239,0.1697,0.055,1.1972,0.3592,0.135
6,99,9,theoret,0.2549,0.0111,0.0028,1.1972,0.359,0.1317
6,99,9,experiment,0.2026,0.0176,0.0036,1.1972,0.359,0.1317
6,99,9,turbul,0.3239,0.1549,0.0502,1.1972,0.359,0.1317
6,406,10,behaviour,0.5641,0.0627,0.0354,1.1972,0.3145,0.1261
6,406,10,flow,0.093,0.0052,0.0005,1.1972,0.3145,0.1261
6,406,10,turbul,0.3239,0.036,0.0117,1.1972,0.3145,0.1261
7,492,1,attack,0.2787,0.2951,0.0822,0.925,0.6177,0.8412
7,492,1,forebodi,0.5739,0.3038,0.1743,0.925,0.6177,0.8412
7,492,1,lower,0.1619,0.0857,0.0139,0.925,0.6177,0.8412
7,492,1,surfac,0.0803,0.085,0.0068,0.925,0.6177,0.8412
7,492,1,pressur,0.1034,0.1095,0.0113,0.925,0.6177,0.8412
7,492,1,distribut,0.0753,0.0399,0.003,0.925,0.6177,0.8412
7,492,1,zero,0.085,0.045,0.0038,0.925,0.6177,0.8412
7,492,1,ogiv,0.5117,0.2709,0.1386,0.925,0.6177,0.8412
7,492,1,angl,0.2097,0.2221,0.0466,0.925,0.6177,0.8412
7,434,2,attack,0.2787,0.0175,0.0049,0.925,0.3811,0.3991
7,434,2,forebodi,0.5739,0.1806,0.1036,0.925,0.3811,0.3991
7,434,2,zero,0.085,0.0214,0.0018,0.925,0.3811,0.3991
7,434,2,ogiv,0.5117,0.0322,0.0165,0.925,0.3811,0.3991
7,434,2,angl,0.2097,0.066,0.0138,0.925,0.3811,0.3991
7,973,3,attack,0.2787,0.038,0.0106,0.925,0.4441,0.3271
7,973,3,forebodi,0.5739,0.0783,0.0449,0.925,0.4441,0.3271
7,973,3,pressur,0.1034,0.0141,0.0015,0.925,0.4441,0.3271
7,973,3,ogiv,0.5117,0.1396,0.0714,0.925,0.4441,0.3271
7,973,3,angl,0.2097,0.0286,0.006,0.925,0.4441,0.3271
7,233,4,forebodi,0.5739,0.254,0.1458,0.925,0.5075,0.3105
7,1040,5,possibl,0.1226,0.0072,0.0009,0.925,0.2974,0.2793
7,1040,5,forebodi,0.5739,0.1185,0.068,0.925,0.2974,0.2793
7,1040,5,pressur,0.1034,0.0275,0.0028,0.925,0.2974,0.2793
7,1040,5,distribut,0.0753,0.0044,0.0003,0.925,0.2974,0.2793
7,1040,5,zero,0.085,0.01,0.0009,0.925,0.2974,0.2793
7,1040,5,angl,0.2097,0.0186,0.0039,0.925,0.2974,0.2793
7,57,6,attack,0.2787,0.0228,0.0064,0.925,0.381,0.2475
7,57,6,relat,0.1001,0.0164,0.0016,0.925,0.381,0.2475
7,57,6,pressur,0.1034,0.0423,0.0044,0.925,0.381,0.2475
7,57,6,distribut,0.0753,0.0616,0.0046,0.925,0.381,0.2475
7,57,6,zero,0.085,0.0278,0.0024,0.925,0.381,0.2475
7,57,6,ogiv,0.5117,0.1256,0.0643,0.925,0.381,0.2475
7,57,6,angl,0.2097,0.0172,0.0036,0.925,0.381,0.2475
7,124,7,attack,0.2787,0.0199,0.0055,0.925,0.2895,0.2145
7,124,7,equival,0.191,0.0273,0.0052,0.925,0.2895,0.2145
7,124,7,avail,0.1583,0.0226,0.0036,0.925,0.2895,0.2145
7,124,7,pressur,0.1034,0.0148,0.0015,0.925,0.2895,0.2145
7,124,7,zero,0.085,0.0121,0.001,0.925,0.2895,0.2145
7,124,7,ogiv,0.5117,0.0731,0.0374,0.925,0.2895,0.2145
7,124,7,angl,0.2097,0.015,0.0031,0.925,0.2895,0.2145
7,56,8,attack,0.2787,0.0398,0.0111,0.925,0.3386,0.2091
7,56,8,pressur,0.1034,0.0443,0.0046,0.925,0.3386,0.2091
7,56,8,distribut,0.0753,0.0538,0.004,0.925,0.3386,0.2091
7,56,8,zero,0.085,0.0243,0.0021,0.925,0.3386,0.2091
7,56,8,ogiv,0.5117,0.0731,0.0374,0.925,0.3386,0.2091
7,56,8,angl,0.2097,0.03,0.0063,0.925,0.3386,0.2091
7,354,9,attack,0.2787,0.1303,0.0363,0.925,0.3698,0.1925
7,354,9,pressur,0.1034,0.0242,0.0025,0.925,0.3698,0.1925
7,354,9,distribut,0.0753,0.0176,0.0013,0.925,0.3698,0.1925
7,354,9,angl,0.2097,0.1226,0.0257,0.925,0.3698,0.1925
7,122,10,attack,0.2787,0.0754,0.021,0.925,0.3288,0.1881
7,122,10,relat,0.1001,0.0135,0.0014,0.925,0.3288,0.1881
7,122,10,lower,0.1619,0.0219,0.0035,0.925,0.3288,0.1881
7,122,10,surfac,0.0803,0.0217,0.0017,0.925,0.3288,0.1881
7,122,10,equival,0.191,0.0517,0.0099,0.925,0.3288,0.1881
7,122,10,avail,0.1583,0.0214,0.0034,0.925,0.3288,0.1881
7,122,10,pressur,0.1034,0.014,0.0014,0.925,0.3288,0.1881
7,122,10,zero,0.085,0.0345,0.0029,0.925,0.3288,0.1881
7,122,10,angl,0.2097,0.0568,0.0119,0.925,0.3288,0.1881
8,1083,1,present,0.0846,0.0226,0.0019,0.9614,0.384,0.2628
8,1083,1,dash,0.8236,0.1098,0.0904,0.9614,0.384,0.2628
8,1083,1,method,0.0937,0.05,0.0047,0.9614,0.384,0.2628
8,569,2,bodi,0.1303,0.0279,0.0036,0.9614,0.2611,0.2306
8,569,2,approxim,0.1091,0.0078,0.0009,0.9614,0.2611,0.2306
8,569,2,dash,0.8236,0.0588,0.0485,0.9614,0.2611,0.2306
8,569,2,pressur,0.0776,0.0388,0.003,0.9614,0.2611,0.2306
8,569,2,predict,0.1651,0.0118,0.0019,0.9614,0.2611,0.2306
8,492,3,attack,0.209,0.2951,0.0617,0.9614,0.6177,0.2269
8,492,3,present,0.0846,0.0299,0.0025,0.9614,0.6177,0.2269
8,492,3,bodi,0.1303,0.046,0.006,0.9614,0.6177,0.2269
8,492,3,approxim,0.1091,0.077,0.0084,0.9614,0.6177,0.2269
8,492,3,pressur,0.0776,0.1095,0.0085,0.9614,0.6177,0.2269
8,492,3,method,0.0937,0.0331,0.0031,0.9614,0.6177,0.2269
8,492,3,predict,0.1651,0.0583,0.0096,0.9614,0.6177,0.2269
8,492,3,angl,0.1573,0.2221,0.0349,0.9614,0.6177,0.2269
8,122,4,attack,0.209,0.0754,0.0158,0.9614,0.3288,0.181
8,122,4,present,0.0846,0.0076,0.0006,0.9614,0.3288,0.181
8,122,4,bodi,0.1303,0.0941,0.0123,0.9614,0.3288,0.181
8,122,4,approxim,0.1091,0.0295,0.0032,0.9614,0.3288,0.181
8,122,4,exact,0.2076,0.0187,0.0039,0.9614,0.3288,0.181
8,122,4,avail,0.2375,0.0214,0.0051,0.9614,0.3288,0.181
8,122,4,pressur,0.0776,0.014,0.0011,0.9614,0.3288,0.181
8,122,4,method,0.0937,0.0676,0.0063,0.9614,0.3288,0.181
8,122,4,angl,0.1573,0.0568,0.0089,0.9614,0.3288,0.181
8,443,5,attack,0.209,0.0562,0.0117,0.9614,0.3374,0.1674
8,443,5,present,0.0846,0.0076,0.0006,0.9614,0.3374,0.1674
8,443,5,approxim,0.1091,0.0098,0.0011,0.9614,0.3374,0.1674
8,443,5,dash,0.8236,0.0369,0.0304,0.9614,0.3374,0.1674
8,443,5,pressur,0.0776,0.0208,0.0016,0.9614,0.3374,0.1674
8,443,5,angl,0.1573,0.0563,0.0089,0.9614,0.3374,0.1674
8,1082,6,approxim,0.1091,0.0085,0.0009,0.9614,0.3708,0.1587
8,1082,6,dash,0.8236,0.0642,0.0529,0.9614,0.3708,0.1587
8,1082,6,pressur,0.0776,0.0181,0.0014,0.9614,0.3708,0.1587
8,1082,6,method,0.0937,0.0146,0.0014,0.9614,0.3708,0.1587
8,1231,7,attack,0.209,0.073,0.0153,0.9614,0.325,0.1558
8,1231,7,bodi,0.1303,0.0304,0.004,0.9614,0.325,0.1558
8,1231,7,approxim,0.1091,0.0381,0.0042,0.9614,0.325,0.1558
8,1231,7,pressur,0.0776,0.0452,0.0035,0.9614,0.325,0.1558
8,1231,7,method,0.0937,0.0109,0.001,0.9614,0.325,0.1558
8,1231,7,predict,0.1651,0.0385,0.0064,0.9614,0.325,0.1558
8,1231,7,angl,0.1573,0.0916,0.0144,0.9614,0.325,0.1558
8,608,8,approxim,0.1091,0.0327,0.0036,0.9614,0.376,0.1506
8,608,8,dash,0.8236,0.0618,0.0509,0.9614,0.376,0.1506
8,354,9,attack,0.209,0.1303,0.0272,0.9614,0.3698,0.1476
8,354,9,present,0.0846,0.0264,0.0022,0.9614,0.3698,0.1476
8,354,9,approxim,0.1091,0.017,0.0019,0.9614,0.3698,0.1476
8,354,9,pressur,0.0776,0.0242,0.0019,0.9614,0.3698,0.1476
8,354,9,angl,0.1573,0.1226,0.0193,0.9614,0.3698,0.1476
8,1307,10,attack,0.209,0.076,0.0159,0.9614,0.2974,0.142
8,1307,10,approxim,0.1091,0.0159,0.0017,0.9614,0.2974,0.142
8,1307,10,pressur,0.0776,0.0338,0.0026,0.9614,0.2974,0.142
8,1307,10,predict,0.1651,0.036,0.0059,0.9614,0.2974,0.142
8,1307,10,angl,0.1573,0.0915,0.0144,0.9614,0.2974,0.142
9,22,1,slip,0.6301,0.2801,0.1765,0.9552,0.4767,0.4214
9,22,1,flow,0.093,0.0207,0.0019,0.9552,0.4767,0.4214
9,22,1,heat,0.2172,0.0241,0.0052,0.9552,0.4767,0.4214
9,22,1,transfer,0.2724,0.0303,0.0082,0.9552,0.4767,0.4214
9,21,2,slip,0.6301,0.2595,0.1635,0.9552,0.5442,0.4141
9,21,2,flow,0.093,0.0192,0.0018,0.9552,0.5442,0.4141
9,21,2,heat,0.2172,0.0894,0.0194,0.9552,0.5442,0.4141
9,21,2,transfer,0.2724,0.1122,0.0306,0.9552,0.5442,0.4141
9,550,3,slip,0.6301,0.1813,0.1142,0.9552,0.419,0.3805
9,550,3,flow,0.093,0.0446,0.0041,0.9552,0.419,0.3805
9,550,3,heat,0.2172,0.0625,0.0136,0.9552,0.419,0.3805
9,550,3,transfer,0.2724,0.0522,0.0142,0.9552,0.419,0.3805
9,550,3,studi,0.2525,0.0242,0.0061,0.9552,0.419,0.3805
9,306,4,slip,0.6301,0.1423,0.0897,0.9552,0.3241,0.3613
9,306,4,flow,0.093,0.042,0.0039,0.9552,0.3241,0.3613
9,306,4,heat,0.2172,0.0327,0.0071,0.9552,0.3241,0.3613
9,306,4,transfer,0.2724,0.041,0.0112,0.9552,0.3241,0.3613
9,326,5,slip,0.6301,0.2595,0.1635,0.9552,0.4896,0.3572
9,326,5,flow,0.093,0.0383,0.0036,0.9552,0.4896,0.3572
9,1215,6,slip,0.6301,0.2068,0.1303,0.9552,0.4501,0.3339
9,1215,6,heat,0.2172,0.0238,0.0052,0.9552,0.4501,0.3339
9,1215,6,transfer,0.2724,0.0298,0.0081,0.9552,0.4501,0.3339
9,571,7,slip,0.6301,0.0832,0.0524,0.9552,0.2857,0.2929
9,571,7,flow,0.093,0.0082,0.0008,0.9552,0.2857,0.2929
9,571,7,heat,0.2172,0.0478,0.0104,0.9552,0.2857,0.2929
9,571,7,transfer,0.2724,0.06,0.0163,0.9552,0.2857,0.2929
9,528,8,slip,0.6301,0.1697,0.1069,0.9552,0.3985,0.2829
9,528,8,flow,0.093,0.0083,0.0008,0.9552,0.3985,0.2829
9,102,9,flow,0.093,0.0148,0.0014,0.9552,0.4762,0.2754
9,102,9,intern,0.4943,0.1573,0.0777,0.9552,0.4762,0.2754
9,102,9,heat,0.2172,0.1037,0.0225,0.9552,0.4762,0.2754
9,102,9,transfer,0.2724,0.0867,0.0236,0.9552,0.4762,0.2754
9,45,10,paper,0.278,0.0212,0.0059,0.9552,0.3888,0.237
9,45,10,flow,0.093,0.0425,0.004,0.9552,0.3888,0.237
9,45,10,intern,0.4943,0.0752,0.0372,0.9552,0.3888,0.237
9,45,10,heat,0.2172,0.0661,0.0144,0.9552,0.3888,0.237
9,45,10,transfer,0.2724,0.0622,0.0169,0.9552,0.3888,0.237
9,45,10,studi,0.2525,0.0384,0.0097,0.9552,0.3888,0.237
10,493,1,enthalpi,0.3689,0.1341,0.0495,0.9471,0.333,0.3615
10,493,1,real,0.3748,0.0681,0.0255,0.9471,0.333,0.3615
10,493,1,rang,0.1547,0.0375,0.0058,0.9471,0.333,0.3615
10,493,1,wide,0.3312,0.0402,0.0133,0.9471,0.333,0.3615
10,493,1,gas,0.2339,0.0851,0.0199,0.9471,0.333,0.3615
10,302,2,properti,0.2535,0.0618,0.0157,0.9471,0.4403,0.3072
10,302,2,enthalpi,0.3689,0.09,0.0332,0.9471,0.4403,0.3072
10,302,2,air,0.2029,0.1732,0.0352,0.9471,0.4403,0.3072
10,302,2,rang,0.1547,0.0189,0.0029,0.9471,0.4403,0.3072
10,302,2,transport,0.4109,0.1002,0.0412,0.9471,0.4403,0.3072
10,1143,3,enthalpi,0.3689,0.1302,0.048,0.9471,0.4339,0.2797
10,1143,3,air,0.2029,0.0716,0.0145,0.9471,0.4339,0.2797
10,1143,3,real,0.3748,0.0882,0.033,0.9471,0.4339,0.2797
10,1143,3,gas,0.2339,0.0826,0.0193,0.9471,0.4339,0.2797
10,949,4,properti,0.2535,0.1267,0.0321,0.9471,0.4576,0.2598
10,949,4,densiti,0.2767,0.0692,0.0191,0.9471,0.4576,0.2598
10,949,4,enthalpi,0.3689,0.1383,0.051,0.9471,0.4576,0.2598
10,949,4,air,0.2029,0.0507,0.0103,0.9471,0.4576,0.2598
10,1199,5,properti,0.2535,0.0704,0.0178,0.9471,0.3604,0.2222
10,1199,5,air,0.2029,0.0564,0.0114,0.9471,0.3604,0.2222
10,1199,5,transport,0.4109,0.0856,0.0352,0.9471,0.3604,0.2222
10,1199,5,gas,0.2339,0.0487,0.0114,0.9471,0.3604,0.2222
10,1286,6,real,0.3748,0.0586,0.0219,0.9471,0.4662,0.1938
10,1286,6,rang,0.1547,0.0242,0.0037,0.9471,0.4662,0.1938
10,1286,6,wide,0.3312,0.0518,0.0171,0.9471,0.4662,0.1938
10,1286,6,gas,0.2339,0.1827,0.0427,0.9471,0.4662,0.1938
10,524,7,properti,0.2535,0.1207,0.0306,0.9471,0.7084,0.1885
10,524,7,air,0.2029,0.0483,0.0098,0.9471,0.7084,0.1885
10,524,7,rang,0.1547,0.0368,0.0057,0.9471,0.7084,0.1885
10,524,7,transport,0.4109,0.1957,0.0804,0.9471,0.7084,0.1885
10,1009,8,properti,0.2535,0.027,0.0068,0.9471,0.3761,0.1767
10,1009,8,air,0.2029,0.0432,0.0088,0.9471,0.3761,0.1767
10,1009,8,real,0.3748,0.0797,0.0299,0.9471,0.3761,0.1767
10,1009,8,gas,0.2339,0.0746,0.0175,0.9471,0.3761,0.1767
10,1274,9,densiti,0.2767,0.0196,0.0054,0.9471,0.3039,0.1766
10,1274,9,real,0.3748,0.0797,0.0299,0.9471,0.3039,0.1766
10,1274,9,gas,0.2339,0.0664,0.0155,0.9471,0.3039,0.1766
10,1098,10,enthalpi,0.3689,0.1921,0.0709,0.9471,0.4791,0.1751
10,1098,10,air,0.2029,0.0423,0.0086,0.9471,0.4791,0.1751
11,495,1,solut,0.1123,0.0405,0.0045,0.8319,0.434,0.5404
11,495,1,wave,0.1725,0.0933,0.0161,0.8319,0.434,0.5404
11,495,1,strong,0.3105,0.168,0.0522,0.8319,0.434,0.5404
11,495,1,blast,0.4124,0.2231,0.092,0.8319,0.434,0.5404
11,495,1,approxim,0.119,0.0429,0.0051,0.8319,0.434,0.5404
11,495,1,newtonian,0.3145,0.0567,0.0178,0.8319,0.434,0.5404
11,495,1,similar,0.2024,0.0365,0.0074,0.8319,0.434,0.5404
11,556,2,find,0.3407,0.0386,0.0132,0.8319,0.3299,0.3015
11,556,2,wave,0.1725,0.0587,0.0101,0.8319,0.3299,0.3015
11,556,2,blast,0.4124,0.1403,0.0579,0.8319,0.3299,0.3015
11,556,2,approxim,0.119,0.0135,0.0016,0.8319,0.3299,0.3015
11,738,3,find,0.3407,0.3407,0.1161,0.8319,0.6264,0.2427
11,738,3,analyt,0.2346,0.0335,0.0079,0.8319,0.6264,0.2427
11,738,3,problem,0.1333,0.019,0.0025,0.8319,0.6264,0.2427
11,654,4,solut,0.1123,0.0537,0.006,0.8319,0.4193,0.2194
11,654,4,wave,0.1725,0.055,0.0095,0.8319,0.4193,0.2194
11,654,4,blast,0.4124,0.1315,0.0542,0.8319,0.4193,0.2194
11,654,4,approxim,0.119,0.0569,0.0068,0.8319,0.4193,0.2194
11,1327,5,solut,0.1123,0.065,0.0073,0.8319,0.4159,0.206
11,1327,5,wave,0.1725,0.0499,0.0086,0.8319,0.4159,0.206
11,1327,5,blast,0.4124,0.1194,0.0492,0.8319,0.4159,0.206
11,1327,5,approxim,0.119,0.0517,0.0062,0.8319,0.4159,0.206
11,1356,6,wave,0.1725,0.0424,0.0073,0.8319,0.318,0.2011
11,1356,6,possibl,0.2007,0.0123,0.0025,0.8319,0.318,0.2011
11,1356,6,approxim,0.119,0.0073,0.0009,0.8319,0.318,0.2011
11,1356,6,newtonian,0.3145,0.1353,0.0426,0.8319,0.318,0.2011
11,1186,7,solut,0.1123,0.0174,0.002,0.8319,0.3672,0.1914
11,1186,7,wave,0.1725,0.0267,0.0046,0.8319,0.3672,0.1914
11,1186,7,approxim,0.119,0.0184,0.0022,0.8319,0.3672,0.1914
11,1186,7,newtonian,0.3145,0.0975,0.0307,0.8319,0.3672,0.1914
11,1186,7,similar,0.2024,0.0941,0.019,0.8319,0.3672,0.1914
11,472,8,find,0.3407,0.1292,0.044,0.8319,0.4797,0.1863
11,472,8,solut,0.1123,0.0213,0.0024,0.8319,0.4797,0.1863
11,472,8,wave,0.1725,0.0981,0.0169,0.8319,0.4797,0.1863
11,472,8,possibl,0.2007,0.0381,0.0076,0.8319,0.4797,0.1863
11,472,8,problem,0.1333,0.0253,0.0034,0.8319,0.4797,0.1863
11,557,9,wave,0.1725,0.0463,0.008,0.8319,0.3715,0.1796
11,557,9,blast,0.4124,0.1106,0.0456,0.8319,0.3715,0.1796
11,557,9,approxim,0.119,0.016,0.0019,0.8319,0.3715,0.1796
11,20,10,solut,0.1123,0.0114,0.0013,0.8319,0.4063,0.1652
11,20,10,newtonian,0.3145,0.1602,0.0504,0.8319,0.4063,0.1652
11,20,10,similar,0.2024,0.0206,0.0042,0.8319,0.4063,0.1652
12,941,1,effect,0.1191,0.0159,0.0019,1.0275,0.5614,0.4341
12,941,1,channel,0.5514,0.4411,0.2432,1.0275,0.5614,0.4341
12,941,1,flow,0.0814,0.0651,0.0053,1.0275,0.5614,0.4341
12,650,2,effect,0.1191,0.0489,0.0058,1.0275,0.5042,0.2876
12,650,2,machin,0.5311,0.1089,0.0579,1.0275,0.5042,0.2876
12,650,2,ground,0.4723,0.0969,0.0458,1.0275,0.5042,0.2876
12,650,2,aerodynam,0.2571,0.0527,0.0136,1.0275,0.5042,0.2876
12,650,2,perform,0.3562,0.0731,0.026,1.0275,0.5042,0.2876
12,624,3,effect,0.1191,0.0066,0.0008,1.0275,0.3701,0.2716
12,624,3,machin,0.5311,0.0293,0.0156,1.0275,0.3701,0.2716
12,624,3,ground,0.4723,0.1042,0.0492,1.0275,0.3701,0.2716
12,624,3,aerodynam,0.2571,0.0142,0.0036,1.0275,0.3701,0.2716
12,624,3,channel,0.5514,0.0304,0.0168,1.0275,0.3701,0.2716
12,624,3,flow,0.0814,0.018,0.0015,1.0275,0.3701,0.2716
12,624,3,calcul,0.1814,0.01,0.0018,1.0275,0.3701,0.2716
12,624,3,perform,0.3562,0.0393,0.014,1.0275,0.3701,0.2716
12,1221,4,effect,0.1191,0.0318,0.0038,1.0275,0.4891,0.2617
12,1221,4,channel,0.5514,0.2206,0.1216,1.0275,0.4891,0.2617
12,1221,4,flow,0.0814,0.0217,0.0018,1.0275,0.4891,0.2617
12,1221,4,calcul,0.1814,0.0242,0.0044,1.0275,0.4891,0.2617
12,270,5,effect,0.1191,0.0071,0.0008,1.0275,0.442,0.2486
12,270,5,channel,0.5514,0.1975,0.1089,1.0275,0.442,0.2486
12,270,5,flow,0.0814,0.0389,0.0032,1.0275,0.442,0.2486
12,1223,6,effect,0.1191,0.0298,0.0035,1.0275,0.5683,0.2477
12,1223,6,ground,0.4723,0.2952,0.1394,1.0275,0.5683,0.2477
12,1223,6,flow,0.0814,0.0203,0.0017,1.0275,0.5683,0.2477
12,966,7,effect,0.1191,0.027,0.0032,1.0275,0.3037,0.2394
12,966,7,machin,0.5311,0.0301,0.016,1.0275,0.3037,0.2394
12,966,7,channel,0.5514,0.0939,0.0517,1.0275,0.3037,0.2394
12,966,7,flow,0.0814,0.0231,0.0019,1.0275,0.3037,0.2394
12,966,7,calcul,0.1814,0.0103,0.0019,1.0275,0.3037,0.2394
12,631,8,ground,0.4723,0.2267,0.1071,1.0275,0.5139,0.2028
12,704,9,machin,0.5311,0.1052,0.0558,1.0275,0.2945,0.2027
12,704,9,aerodynam,0.2571,0.0102,0.0026,1.0275,0.2945,0.2027
12,704,9,flow,0.0814,0.0032,0.0003,1.0275,0.2945,0.2027
12,704,9,calcul,0.1814,0.0144,0.0026,1.0275,0.2945,0.2027
12,245,10,effect,0.1191,0.0318,0.0038,1.0275,0.4993,0.2006
12,245,10,ground,0.4723,0.2099,0.0991,1.0275,0.4993,0.2006
13,496,1,buzz,1.4488,0.21,0.3042,2.1138,0.4776,0.6036
13,496,1,transon,0.6202,0.1348,0.0836,2.1138,0.4776,0.6036
13,496,1,aileron,1.0094,0.2194,0.2215,2.1138,0.4776,0.6036
13,643,2,aileron,1.0094,0.3194,0.3224,2.1138,0.5575,0.2736
13,903,3,transon,0.6202,0.0504,0.0313,2.1138,0.3468,0.2381
13,903,3,aileron,1.0094,0.1231,0.1243,2.1138,0.3468,0.2381
13,903,3,mechan,0.6831,0.0278,0.019,2.1138,0.3468,0.2381
13,199,4,aileron,1.0094,0.2163,0.2183,2.1138,0.4445,0.2324
13,313,5,transon,0.6202,0.1824,0.1131,2.1138,0.5683,0.1552
13,313,5,basic,0.7061,0.1038,0.0733,2.1138,0.5683,0.1552
13,660,6,basic,0.7061,0.1545,0.1091,2.1138,0.3502,0.1474
13,503,7,transon,0.6202,0.2034,0.1261,2.1138,0.4079,0.1463
13,440,8,transon,0.6202,0.1604,0.0995,2.1138,0.4862,0.1386
13,440,8,basic,0.7061,0.0609,0.043,2.1138,0.4862,0.1386
13,38,9,transon,0.6202,0.1292,0.0801,2.1138,0.4764,0.1278
13,38,9,mechan,0.6831,0.0712,0.0486,2.1138,0.4764,0.1278
13,1268,10,mechan,0.6831,0.15,0.1024,2.1138,0.3872,0.1251
14,64,1,wave,0.3794,0.2681,0.1017,1.1177,0.5267,0.5132
14,64,1,shock,0.3527,0.115,0.0406,1.1177,0.5267,0.5132
14,64,1,sound,0.7267,0.1975,0.1435,1.1177,0.5267,0.5132
14,64,1,interact,0.5489,0.0298,0.0164,1.1177,0.5267,0.5132
14,170,2,wave,0.3794,0.0283,0.0107,1.1177,0.3705,0.4008
14,170,2,shock,0.3527,0.1053,0.0371,1.1177,0.3705,0.4008
14,170,2,paper,0.3892,0.0145,0.0057,1.1177,0.3705,0.4008
14,170,2,interact,0.5489,0.2048,0.1124,1.1177,0.3705,0.4008
14,132,3,wave,0.3794,0.1301,0.0494,1.1177,0.3825,0.3584
14,132,3,shock,0.3527,0.0806,0.0284,1.1177,0.3825,0.3584
14,132,3,sound,0.7267,0.1038,0.0754,1.1177,0.3825,0.3584
14,1364,4,wave,0.3794,0.0508,0.0193,1.1177,0.3308,0.3543
14,1364,4,shock,0.3527,0.126,0.0444,1.1177,0.3308,0.3543
14,1364,4,interact,0.5489,0.1225,0.0672,1.1177,0.3308,0.3543
14,608,5,wave,0.3794,0.0237,0.009,1.1177,0.376,0.3355
14,608,5,sound,0.7267,0.1817,0.132,1.1177,0.376,0.3355
14,335,6,wave,0.3794,0.1355,0.0514,1.1177,0.4075,0.3285
14,335,6,shock,0.3527,0.126,0.0444,1.1177,0.4075,0.3285
14,335,6,interact,0.5489,0.098,0.0538,1.1177,0.4075,0.3285
14,256,7,wave,0.3794,0.11,0.0417,1.1177,0.391,0.3279
14,256,7,shock,0.3527,0.1022,0.0361,1.1177,0.391,0.3279
14,256,7,interact,0.5489,0.1193,0.0655,1.1177,0.391,0.3279
14,345,8,wave,0.3794,0.0441,0.0167,1.1177,0.3522,0.3124
14,345,8,shock,0.3527,0.1025,0.0362,1.1177,0.3522,0.3124
14,345,8,interact,0.5489,0.1276,0.0701,1.1177,0.3522,0.3124
14,402,9,wave,0.3794,0.153,0.058,1.1177,0.5349,0.3067
14,402,9,shock,0.3527,0.1138,0.0401,1.1177,0.5349,0.3067
14,402,9,sound,0.7267,0.1172,0.0852,1.1177,0.5349,0.3067
14,798,10,wave,0.3794,0.0278,0.0106,1.1177,0.2389,0.293
14,798,10,shock,0.3527,0.0414,0.0146,1.1177,0.2389,0.293
14,798,10,paper,0.3892,0.0228,0.0089,1.1177,0.2389,0.293
14,798,10,interact,0.5489,0.0805,0.0442,1.1177,0.2389,0.293
15,462,1,materi,1.5051,0.1026,0.1544,2.4386,0.4089,0.341
15,462,1,photoelast,1.8111,0.0823,0.1491,2.4386,0.4089,0.341
15,462,1,properti,0.6337,0.0576,0.0365,2.4386,0.4089,0.341
15,1097,2,materi,1.5051,0.1473,0.2218,2.4386,0.4408,0.2063
15,761,3,materi,1.5051,0.1843,0.2774,2.4386,0.5535,0.2055
15,866,4,materi,1.5051,0.1348,0.2029,2.4386,0.469,0.1774
15,1117,5,materi,1.5051,0.1101,0.1657,2.4386,0.4025,0.1689
15,1025,6,materi,1.5051,0.1125,0.1694,2.4386,0.5028,0.1626
15,1025,6,properti,0.6337,0.0474,0.03,2.4386,0.5028,0.1626
15,463,7,materi,1.5051,0.0956,0.1438,2.4386,0.5745,0.1573
15,463,7,properti,0.6337,0.1207,0.0765,2.4386,0.5745,0.1573
15,553,8,materi,1.5051,0.1229,0.1849,2.4386,0.4828,0.1571
15,1099,9,materi,1.5051,0.14,0.2107,2.4386,0.6491,0.1567
15,1099,9,properti,0.6337,0.0589,0.0374,2.4386,0.6491,0.1567
15,1096,10,materi,1.5051,0.1704,0.2564,2.4386,0.7073,0.1487
16,498,1,comput,0.2693,0.0282,0.0076,0.9532,0.3703,0.4048
16,498,1,bodi,0.1738,0.1273,0.0221,0.9532,0.3703,0.4048
16,498,1,potenti,0.3538,0.074,0.0262,0.9532,0.3703,0.4048
16,498,1,electron,0.4778,0.05,0.0239,0.9532,0.3703,0.4048
16,498,1,flow,0.0724,0.0454,0.0033,0.9532,0.3703,0.4048
16,498,1,revolut,0.3223,0.1349,0.0435,0.9532,0.3703,0.4048
16,498,1,calcul,0.1612,0.1012,0.0163,0.9532,0.3703,0.4048
16,106,2,bodi,0.1738,0.1268,0.022,0.9532,0.5594,0.3103
16,106,2,potenti,0.3538,0.1721,0.0609,0.9532,0.5594,0.3103
16,106,2,transvers,0.3482,0.0847,0.0295,0.9532,0.5594,0.3103
16,106,2,flow,0.0724,0.0352,0.0025,0.9532,0.5594,0.3103
16,106,2,revolut,0.3223,0.1568,0.0505,0.9532,0.5594,0.3103
16,1328,3,comput,0.2693,0.037,0.01,0.9532,0.4012,0.2665
16,1328,3,bodi,0.1738,0.0597,0.0104,0.9532,0.4012,0.2665
16,1328,3,effici,0.4429,0.1826,0.0809,0.9532,0.4012,0.2665
16,1328,3,flow,0.0724,0.0099,0.0007,0.9532,0.4012,0.2665
16,231,4,comput,0.2693,0.0782,0.0211,0.9532,0.3786,0.2244
16,231,4,bodi,0.1738,0.0757,0.0132,0.9532,0.3786,0.2244
16,231,4,flow,0.0724,0.021,0.0015,0.9532,0.3786,0.2244
16,231,4,revolut,0.3223,0.0936,0.0302,0.9532,0.3786,0.2244
16,231,4,calcul,0.1612,0.0936,0.0151,0.9532,0.3786,0.2244
16,248,5,comput,0.2693,0.0683,0.0184,0.9532,0.3506,0.2214
16,248,5,bodi,0.1738,0.0661,0.0115,0.9532,0.3506,0.2214
16,248,5,flow,0.0724,0.0183,0.0013,0.9532,0.3506,0.2214
16,248,5,revolut,0.3223,0.1226,0.0395,0.9532,0.3506,0.2214
16,248,5,calcul,0.1612,0.0204,0.0033,0.9532,0.3506,0.2214
16,1255,6,bodi,0.1738,0.0832,0.0145,0.9532,0.4226,0.2138
16,1255,6,potenti,0.3538,0.0677,0.024,0.9532,0.4226,0.2138
16,1255,6,electron,0.4778,0.0915,0.0437,0.9532,0.4226,0.2138
16,1255,6,flow,0.0724,0.0208,0.0015,0.9532,0.4226,0.2138
16,1255,6,calcul,0.1612,0.0154,0.0025,0.9532,0.4226,0.2138
16,494,7,bodi,0.1738,0.0505,0.0088,0.9532,0.3544,0.2061
16,494,7,transvers,0.3482,0.1011,0.0352,0.9532,0.3544,0.2061
16,494,7,flow,0.0724,0.042,0.003,0.9532,0.3544,0.2061
16,494,7,revolut,0.3223,0.0624,0.0201,0.9532,0.3544,0.2061
16,494,7,calcul,0.1612,0.0156,0.0025,0.9532,0.3544,0.2061
16,814,8,bodi,0.1738,0.0126,0.0022,0.9532,0.315,0.2
16,814,8,potenti,0.3538,0.1284,0.0454,0.9532,0.315,0.2
16,814,8,flow,0.0724,0.0158,0.0011,0.9532,0.315,0.2
16,814,8,revolut,0.3223,0.0234,0.0075,0.9532,0.315,0.2
16,814,8,calcul,0.1612,0.0234,0.0038,0.9532,0.315,0.2
16,1301,9,bodi,0.1738,0.0841,0.0146,0.9532,0.3324,0.1873
16,1301,9,flow,0.0724,0.028,0.002,0.9532,0.3324,0.1873
16,1301,9,revolut,0.3223,0.1247,0.0402,0.9532,0.3324,0.1873
16,1301,9,calcul,0.1612,0.0156,0.0025,0.9532,0.3324,0.1873
16,1112,10,comput,0.2693,0.0307,0.0083,0.9532,0.4122,0.1794
16,1112,10,bodi,0.1738,0.198,0.0344,0.9532,0.4122,0.1794
16,1112,10,flow,0.0724,0.0165,0.0012,0.9532,0.4122,0.1794
16,1112,10,revolut,0.3223,0.0734,0.0237,0.9532,0.4122,0.1794
16,1112,10,calcul,0.1612,0.0184,0.003,0.9532,0.4122,0.1794
17,106,1,potenti,0.2653,0.1721,0.0457,0.6507,0.5594,0.341
17,106,1,bodi,0.1303,0.1268,0.0165,0.6507,0.5594,0.341
17,106,1,transvers,0.2611,0.0847,0.0221,0.6507,0.5594,0.341
17,106,1,flow,0.0543,0.0352,0.0019,0.6507,0.5594,0.341
17,106,1,revolut,0.2417,0.1568,0.0379,0.6507,0.5594,0.341
17,1281,2,two,0.0703,0.013,0.0009,0.6507,0.2808,0.3058
17,1281,2,dimension,0.296,0.1093,0.0324,0.6507,0.2808,0.3058
17,1281,2,three,0.1233,0.0683,0.0084,0.6507,0.2808,0.3058
17,1281,2,bodi,0.1303,0.012,0.0016,0.6507,0.2808,0.3058
17,1281,2,transvers,0.2611,0.0241,0.0063,0.6507,0.2808,0.3058
17,1281,2,flow,0.0543,0.015,0.0008,0.6507,0.2808,0.3058
17,1281,2,problem,0.2444,0.0226,0.0055,0.6507,0.2808,0.3058
17,1301,3,two,0.0703,0.0363,0.0026,0.6507,0.3324,0.3051
17,1301,3,dimension,0.296,0.0573,0.017,0.6507,0.3324,0.3051
17,1301,3,bodi,0.1303,0.0841,0.011,0.6507,0.3324,0.3051
17,1301,3,flow,0.0543,0.028,0.0015,0.6507,0.3324,0.3051
17,1301,3,revolut,0.2417,0.1247,0.0302,0.6507,0.3324,0.3051
17,1301,3,problem,0.2444,0.0158,0.0039,0.6507,0.3324,0.3051
17,498,4,potenti,0.2653,0.074,0.0196,0.6507,0.3703,0.2959
17,498,4,bodi,0.1303,0.1273,0.0166,0.6507,0.3703,0.2959
17,498,4,flow,0.0543,0.0454,0.0025,0.6507,0.3703,0.2959
17,498,4,revolut,0.2417,0.1349,0.0326,0.6507,0.3703,0.2959
17,700,5,two,0.0703,0.0603,0.0042,0.6507,0.3723,0.2561
17,700,5,dimension,0.296,0.1015,0.03,0.6507,0.3723,0.2561
17,700,5,three,0.1233,0.0423,0.0052,0.6507,0.3723,0.2561
17,700,5,flow,0.0543,0.0093,0.0005,0.6507,0.3723,0.2561
17,700,5,problem,0.2444,0.0629,0.0154,0.6507,0.3723,0.2561
17,700,5,reduc,0.1974,0.0338,0.0067,0.6507,0.3723,0.2561
17,1108,6,dimension,0.296,0.024,0.0071,0.6507,0.3174,0.2476
17,1108,6,three,0.1233,0.02,0.0025,0.6507,0.3174,0.2476
17,1108,6,bodi,0.1303,0.0528,0.0069,0.6507,0.3174,0.2476
17,1108,6,flow,0.0543,0.022,0.0012,0.6507,0.3174,0.2476
17,1108,6,revolut,0.2417,0.0392,0.0095,0.6507,0.3174,0.2476
17,1108,6,problem,0.2444,0.0595,0.0145,0.6507,0.3174,0.2476
17,1108,6,reduc,0.1974,0.048,0.0095,0.6507,0.3174,0.2476
17,494,7,bodi,0.1303,0.0505,0.0066,0.6507,0.3544,0.2182
17,494,7,transvers,0.2611,0.1011,0.0264,0.6507,0.3544,0.2182
17,494,7,flow,0.0543,0.042,0.0023,0.6507,0.3544,0.2182
17,494,7,revolut,0.2417,0.0624,0.0151,0.6507,0.3544,0.2182
17,445,8,two,0.0703,0.0422,0.003,0.6507,0.5123,0.2159
17,445,8,dimension,0.296,0.148,0.0438,0.6507,0.5123,0.2159
17,445,8,three,0.1233,0.0493,0.0061,0.6507,0.5123,0.2159
17,445,8,flow,0.0543,0.0217,0.0012,0.6507,0.5123,0.2159
17,445,8,problem,0.2444,0.0733,0.0179,0.6507,0.5123,0.2159
17,336,9,dimension,0.296,0.0362,0.0107,0.6507,0.4161,0.2109
17,336,9,three,0.1233,0.0302,0.0037,0.6507,0.4161,0.2109
17,336,9,bodi,0.1303,0.0319,0.0042,0.6507,0.4161,0.2109
17,336,9,revolut,0.2417,0.0592,0.0143,0.6507,0.4161,0.2109
17,336,9,problem,0.2444,0.0599,0.0146,0.6507,0.4161,0.2109
17,336,9,reduc,0.1974,0.0483,0.0095,0.6507,0.4161,0.2109
17,814,10,two,0.0703,0.0068,0.0005,0.6507,0.315,0.2083
17,814,10,potenti,0.2653,0.1284,0.0341,0.6507,0.315,0.2083
17,814,10,bodi,0.1303,0.0126,0.0016,0.6507,0.315,0.2083
17,814,10,flow,0.0543,0.0158,0.0009,0.6507,0.315,0.2083
17,814,10,revolut,0.2417,0.0234,0.0057,0.6507,0.315,0.2083
18,248,1,attack,0.3135,0.0706,0.0221,0.724,0.3506,0.4001
18,248,1,bodi,0.1955,0.0661,0.0129,0.724,0.3506,0.4001
18,248,1,pressur,0.1163,0.0262,0.003,0.724,0.3506,0.4001
18,248,1,revolut,0.3626,0.1226,0.0444,0.724,0.3506,0.4001
18,248,1,distribut,0.1694,0.0382,0.0065,0.724,0.3506,0.4001
18,248,1,angl,0.236,0.0532,0.0125,0.724,0.3506,0.4001
18,492,2,attack,0.3135,0.2951,0.0925,0.724,0.6177,0.3877
18,492,2,bodi,0.1955,0.046,0.009,0.724,0.6177,0.3877
18,492,2,pressur,0.1163,0.1095,0.0127,0.724,0.6177,0.3877
18,492,2,distribut,0.1694,0.0399,0.0068,0.724,0.6177,0.3877
18,492,2,angl,0.236,0.2221,0.0524,0.724,0.6177,0.3877
18,498,3,attack,0.3135,0.0292,0.0091,0.724,0.3703,0.3689
18,498,3,bodi,0.1955,0.1273,0.0249,0.724,0.3703,0.3689
18,498,3,experiment,0.1773,0.0165,0.0029,0.724,0.3703,0.3689
18,498,3,pressur,0.1163,0.0216,0.0025,0.724,0.3703,0.3689
18,498,3,revolut,0.3626,0.1349,0.0489,0.724,0.3703,0.3689
18,498,3,distribut,0.1694,0.0315,0.0053,0.724,0.3703,0.3689
18,498,3,angl,0.236,0.0219,0.0052,0.724,0.3703,0.3689
18,197,4,attack,0.3135,0.0432,0.0136,0.724,0.2669,0.3384
18,197,4,bodi,0.1955,0.0539,0.0105,0.724,0.2669,0.3384
18,197,4,experiment,0.1773,0.0163,0.0029,0.724,0.2669,0.3384
18,197,4,pressur,0.1163,0.0374,0.0044,0.724,0.2669,0.3384
18,197,4,revolut,0.3626,0.0333,0.0121,0.724,0.2669,0.3384
18,197,4,distribut,0.1694,0.0389,0.0066,0.724,0.2669,0.3384
18,197,4,angl,0.236,0.0651,0.0154,0.724,0.2669,0.3384
18,354,5,attack,0.3135,0.1303,0.0408,0.724,0.3698,0.2944
18,354,5,experiment,0.1773,0.0184,0.0033,0.724,0.3698,0.2944
18,354,5,pressur,0.1163,0.0242,0.0028,0.724,0.3698,0.2944
18,354,5,distribut,0.1694,0.0176,0.003,0.724,0.3698,0.2944
18,354,5,angl,0.236,0.1226,0.0289,0.724,0.3698,0.2944
18,1231,6,attack,0.3135,0.073,0.0229,0.724,0.325,0.2756
18,1231,6,bodi,0.1955,0.0304,0.0059,0.724,0.325,0.2756
18,1231,6,experiment,0.1773,0.0138,0.0024,0.724,0.325,0.2756
18,1231,6,pressur,0.1163,0.0452,0.0053,0.724,0.325,0.2756
18,1231,6,distribut,0.1694,0.0395,0.0067,0.724,0.325,0.2756
18,1231,6,angl,0.236,0.0916,0.0216,0.724,0.325,0.2756
18,947,7,attack,0.3135,0.0984,0.0308,0.724,0.3164,0.2751
18,947,7,bodi,0.1955,0.0153,0.003,0.724,0.3164,0.2751
18,947,7,revolut,0.3626,0.0142,0.0052,0.724,0.3164,0.2751
18,947,7,angl,0.236,0.1018,0.024,0.724,0.3164,0.2751
18,122,8,attack,0.3135,0.0754,0.0236,0.724,0.3288,0.2718
18,122,8,bodi,0.1955,0.0941,0.0184,0.724,0.3288,0.2718
18,122,8,avail,0.3562,0.0214,0.0076,0.724,0.3288,0.2718
18,122,8,pressur,0.1163,0.014,0.0016,0.724,0.3288,0.2718
18,122,8,angl,0.236,0.0568,0.0134,0.724,0.3288,0.2718
18,1301,9,bodi,0.1955,0.0841,0.0164,0.724,0.3324,0.2665
18,1301,9,revolut,0.3626,0.1247,0.0452,0.724,0.3324,0.2665
18,1301,9,distribut,0.1694,0.0146,0.0025,0.724,0.3324,0.2665
18,106,10,bodi,0.1955,0.1268,0.0248,0.724,0.5594,0.261
18,106,10,revolut,0.3626,0.1568,0.0568,0.724,0.5594,0.261
18,106,10,angl,0.236,0.102,0.0241,0.724,0.5594,0.261
19,706,1,exist,0.1909,0.0468,0.0089,0.8893,0.5674,0.1388
19,706,1,relat,0.1386,0.068,0.0094,0.8893,0.5674,0.1388
19,706,1,treatment,0.2716,0.0666,0.0181,0.8893,0.5674,0.1388
19,706,1,simplic,0.3661,0.0898,0.0329,0.8893,0.5674,0.1388
19,706,1,result,0.0542,0.0133,0.0007,0.8893,0.5674,0.1388
19,660,2,effect,0.0733,0.006,0.0004,0.8893,0.3502,0.1369
19,660,2,result,0.0542,0.0044,0.0002,0.8893,0.3502,0.1369
19,660,2,basic,0.2716,0.1545,0.042,0.8893,0.3502,0.1369
19,303,3,effect,0.0733,0.017,0.0012,0.8893,0.4489,0.1348
19,303,3,realist,0.4727,0.1097,0.0519,0.8893,0.4489,0.1348
19,303,3,result,0.0542,0.0126,0.0007,0.8893,0.4489,0.1348
19,803,4,effect,0.0733,0.0138,0.001,0.8893,0.4526,0.1285
19,803,4,combin,0.195,0.2571,0.0501,0.8893,0.4526,0.1285
19,803,4,result,0.0542,0.0102,0.0006,0.8893,0.4526,0.1285
19,1348,5,entri,0.2735,0.2177,0.0595,0.8893,0.5314,0.1276
19,1348,5,result,0.0542,0.0144,0.0008,0.8893,0.5314,0.1276
19,982,6,entri,0.2735,0.1563,0.0427,0.8893,0.4324,0.1253
19,982,6,combin,0.195,0.0279,0.0054,0.8893,0.4324,0.1253
19,1000,7,entri,0.2735,0.0578,0.0158,0.8893,0.3258,0.1198
19,1000,7,dynam,0.2211,0.0701,0.0155,0.8893,0.3258,0.1198
19,1000,7,good,0.1794,0.019,0.0034,0.8893,0.3258,0.1198
19,164,8,relat,0.1386,0.0297,0.0041,0.8893,0.3418,0.1195
19,164,8,entri,0.2735,0.0977,0.0267,0.8893,0.3418,0.1195
19,164,8,result,0.0542,0.0039,0.0002,0.8893,0.3418,0.1195
19,164,8,basic,0.2716,0.0194,0.0053,0.8893,0.3418,0.1195
19,554,9,entri,0.2735,0.1466,0.0401,0.8893,0.3938,0.1167
19,554,9,result,0.0542,0.0145,0.0008,0.8893,0.3938,0.1167
19,944,10,entri,0.2735,0.1546,0.0423,0.8893,0.4168,0.1141
20,500,1,convect,0.2292,0.0996,0.0228,0.8527,0.5555,0.5732
20,500,1,free,0.124,0.0539,0.0067,0.8527,0.5555,0.5732
20,500,1,influenc,0.1753,0.0762,0.0134,0.8527,0.5555,0.5732
20,500,1,magnetohydrodynam,0.2684,0.0583,0.0157,0.8527,0.5555,0.5732
20,500,1,flow,0.0434,0.0283,0.0012,0.8527,0.5555,0.5732
20,500,1,heat,0.1014,0.0882,0.0089,0.8527,0.5555,0.5732
20,500,1,joul,0.4829,0.42,0.2028,0.8527,0.5555,0.5732
20,268,2,convect,0.2292,0.1357,0.0311,0.8527,0.4579,0.2204
20,268,2,determin,0.1029,0.0203,0.0021,0.8527,0.4579,0.2204
20,268,2,free,0.124,0.0734,0.0091,0.8527,0.4579,0.2204
20,268,2,influenc,0.1753,0.1384,0.0243,0.8527,0.4579,0.2204
20,268,2,magnetohydrodynam,0.2684,0.053,0.0142,0.8527,0.4579,0.2204
20,268,2,flow,0.0434,0.0257,0.0011,0.8527,0.4579,0.2204
20,268,2,heat,0.1014,0.02,0.002,0.8527,0.4579,0.2204
20,268,2,general,0.1045,0.0206,0.0022,0.8527,0.4579,0.2204
20,88,3,convect,0.2292,0.1228,0.0281,0.8527,0.4348,0.2107
20,88,3,determin,0.1029,0.0368,0.0038,0.8527,0.4348,0.2107
20,88,3,free,0.124,0.0664,0.0082,0.8527,0.4348,0.2107
20,88,3,influenc,0.1753,0.1252,0.0219,0.8527,0.4348,0.2107
20,88,3,magnetohydrodynam,0.2684,0.0479,0.0129,0.8527,0.4348,0.2107
20,88,3,flow,0.0434,0.031,0.0013,0.8527,0.4348,0.2107
20,88,3,heat,0.1014,0.0181,0.0018,0.8527,0.4348,0.2107
20,87,4,convect,0.2292,0.1026,0.0235,0.8527,0.4108,0.1882
20,87,4,free,0.124,0.0555,0.0069,0.8527,0.4108,0.1882
20,87,4,magnetohydrodynam,0.2684,0.1202,0.0322,0.8527,0.4108,0.1882
20,87,4,flow,0.0434,0.0194,0.0008,0.8527,0.4108,0.1882
20,87,4,general,0.1045,0.0234,0.0024,0.8527,0.4108,0.1882
20,407,5,induc,0.1969,0.0798,0.0157,0.8527,0.6145,0.1707
20,407,5,convect,0.2292,0.2787,0.0639,0.8527,0.6145,0.1707
20,407,5,flow,0.0434,0.0352,0.0015,0.8527,0.6145,0.1707
20,407,5,heat,0.1014,0.0822,0.0083,0.8527,0.6145,0.1707
20,450,6,current,0.2519,0.1608,0.0405,0.8527,0.6389,0.1663
20,450,6,magnetohydrodynam,0.2684,0.1713,0.046,0.8527,0.6389,0.1663
20,450,6,flow,0.0434,0.0277,0.0012,0.8527,0.6389,0.1663
20,450,6,condit,0.0953,0.0304,0.0029,0.8527,0.6389,0.1663
20,584,7,formal,0.3757,0.0854,0.0321,0.8527,0.3804,0.1494
20,584,7,determin,0.1029,0.0468,0.0048,0.8527,0.3804,0.1494
20,584,7,condit,0.0953,0.0217,0.0021,0.8527,0.3804,0.1494
20,584,7,heat,0.1014,0.0691,0.007,0.8527,0.3804,0.1494
20,584,7,general,0.1045,0.0238,0.0025,0.8527,0.3804,0.1494
20,408,8,convect,0.2292,0.1809,0.0415,0.8527,0.5852,0.1485
20,408,8,determin,0.1029,0.0406,0.0042,0.8527,0.5852,0.1485
20,408,8,magnetohydrodynam,0.2684,0.1059,0.0284,0.8527,0.5852,0.1485
20,270,9,convect,0.2292,0.1283,0.0294,0.8527,0.442,0.1393
20,270,9,free,0.124,0.0694,0.0086,0.8527,0.442,0.1393
20,270,9,magnetohydrodynam,0.2684,0.03,0.0081,0.8527,0.442,0.1393
20,270,9,flow,0.0434,0.0389,0.0017,0.8527,0.442,0.1393
20,270,9,heat,0.1014,0.0227,0.0023,0.8527,0.442,0.1393
20,270,9,general,0.1045,0.0234,0.0024,0.8527,0.442,0.1393
20,300,10,convect,0.2292,0.1095,0.0251,0.8527,0.2701,0.1365
20,300,10,free,0.124,0.0355,0.0044,0.8527,0.2701,0.1365
20,300,10,flow,0.0434,0.0207,0.0009,0.8527,0.2701,0.1365
20,300,10,general,0.1045,0.01,0.001,0.8527,0.2701,0.1365
21,502,1,data,0.2071,0.0717,0.0149,0.9101,0.976,0.3558
21,502,1,transform,0.3446,0.3578,0.1233,0.9101,0.976,0.3558
21,502,1,air,0.2255,0.078,0.0176,0.9101,0.976,0.3558
21,502,1,helium,0.3979,0.1377,0.0548,0.9101,0.976,0.3558
21,502,1,correl,0.3113,0.1078,0.0335,0.9101,0.976,0.3558
21,502,1,speed,0.1742,0.0603,0.0105,0.9101,0.976,0.3558
21,502,1,compress,0.2168,0.2251,0.0488,0.9101,0.976,0.3558
21,502,1,high,0.191,0.0661,0.0126,0.9101,0.976,0.3558
21,68,2,data,0.2071,0.0574,0.0119,0.9101,0.4611,0.3435
21,68,2,transform,0.3446,0.0477,0.0164,0.9101,0.4611,0.3435
21,68,2,air,0.2255,0.1249,0.0282,0.9101,0.4611,0.3435
21,68,2,helium,0.3979,0.2203,0.0877,0.9101,0.4611,0.3435
21,16,3,transform,0.3446,0.2385,0.0822,0.9101,0.4032,0.2535
21,16,3,compress,0.2168,0.05,0.0108,0.9101,0.4032,0.2535
21,377,4,transform,0.3446,0.2326,0.0801,0.9101,0.4628,0.2405
21,377,4,compress,0.2168,0.0975,0.0211,0.9101,0.4628,0.2405
21,628,5,data,0.2071,0.015,0.0031,0.9101,0.4289,0.2319
21,628,5,air,0.2255,0.0818,0.0184,0.9101,0.4289,0.2319
21,628,5,helium,0.3979,0.1733,0.0689,0.9101,0.4289,0.2319
21,17,6,data,0.2071,0.0472,0.0098,0.9101,0.4114,0.2278
21,17,6,transform,0.3446,0.157,0.0541,0.9101,0.4114,0.2278
21,17,6,compress,0.2168,0.0988,0.0214,0.9101,0.4114,0.2278
21,1007,7,data,0.2071,0.0168,0.0035,0.9101,0.3254,0.2212
21,1007,7,air,0.2255,0.0366,0.0082,0.9101,0.3254,0.2212
21,1007,7,helium,0.3979,0.129,0.0513,0.9101,0.3254,0.2212
21,1007,7,speed,0.1742,0.0141,0.0025,0.9101,0.3254,0.2212
21,421,8,air,0.2255,0.0394,0.0089,0.9101,0.328,0.2164
21,421,8,helium,0.3979,0.0695,0.0277,0.9101,0.328,0.2164
21,421,8,correl,0.3113,0.0816,0.0254,0.9101,0.328,0.2164
21,421,8,speed,0.1742,0.0152,0.0027,0.9101,0.328,0.2164
21,686,9,data,0.2071,0.0131,0.0027,0.9101,0.3396,0.196
21,686,9,air,0.2255,0.0429,0.0097,0.9101,0.3396,0.196
21,686,9,helium,0.3979,0.1009,0.0401,0.9101,0.3396,0.196
21,686,9,correl,0.3113,0.0197,0.0061,0.9101,0.3396,0.196
21,686,9,speed,0.1742,0.011,0.0019,0.9101,0.3396,0.196
21,376,10,transform,0.3446,0.1378,0.0475,0.9101,0.4733,0.1757
21,376,10,compress,0.2168,0.1301,0.0282,0.9101,0.4733,0.1757
22,125,1,friction,0.2515,0.1628,0.0409,0.9085,0.4104,0.2695
22,125,1,skin,0.2446,0.1583,0.0387,0.9085,0.4104,0.2695
22,125,1,variat,0.2087,0.0169,0.0035,0.9085,0.4104,0.2695
22,125,1,turbul,0.2061,0.05,0.0103,0.9085,0.4104,0.2695
22,125,1,natur,0.2943,0.0238,0.007,0.9085,0.4104,0.2695
22,254,2,friction,0.2515,0.2441,0.0614,0.9085,0.6501,0.2255
22,254,2,skin,0.2446,0.2374,0.0581,0.9085,0.6501,0.2255
22,254,2,turbul,0.2061,0.0667,0.0137,0.9085,0.6501,0.2255
22,207,3,variat,0.2087,0.0227,0.0047,0.9085,0.3729,0.2237
22,207,3,discov,0.5123,0.1116,0.0572,0.9085,0.3729,0.2237
22,207,3,turbul,0.2061,0.0674,0.0139,0.9085,0.3729,0.2237
22,348,4,friction,0.2515,0.1129,0.0284,0.9085,0.3493,0.2211
22,348,4,skin,0.2446,0.0824,0.0201,0.9085,0.3493,0.2211
22,348,4,temperatur,0.1503,0.0169,0.0025,0.9085,0.3493,0.2211
22,348,4,turbul,0.2061,0.0926,0.0191,0.9085,0.3493,0.2211
22,413,5,friction,0.2515,0.0893,0.0225,0.9085,0.332,0.2119
22,413,5,skin,0.2446,0.0868,0.0212,0.9085,0.332,0.2119
22,413,5,variat,0.2087,0.0247,0.0052,0.9085,0.332,0.2119
22,413,5,turbul,0.2061,0.0731,0.0151,0.9085,0.332,0.2119
22,560,6,friction,0.2515,0.1287,0.0324,0.9085,0.4236,0.2059
22,560,6,skin,0.2446,0.1251,0.0306,0.9085,0.4236,0.2059
22,560,6,variat,0.2087,0.0178,0.0037,0.9085,0.4236,0.2059
22,560,6,viscos,0.2819,0.024,0.0068,0.9085,0.4236,0.2059
22,560,6,temperatur,0.1503,0.0384,0.0058,0.9085,0.4236,0.2059
22,165,7,friction,0.2515,0.1333,0.0335,0.9085,0.3512,0.2032
22,165,7,skin,0.2446,0.0972,0.0238,0.9085,0.3512,0.2032
22,165,7,turbul,0.2061,0.0364,0.0075,0.9085,0.3512,0.2032
22,153,8,variat,0.2087,0.1435,0.0299,0.9085,0.6724,0.1967
22,153,8,discov,0.5123,0.1761,0.0902,0.9085,0.6724,0.1967
22,565,9,friction,0.2515,0.0401,0.0101,0.9085,0.3131,0.1897
22,565,9,skin,0.2446,0.039,0.0095,0.9085,0.3131,0.1897
22,565,9,viscos,0.2819,0.0899,0.0253,0.9085,0.3131,0.1897
22,565,9,temperatur,0.1503,0.0599,0.009,0.9085,0.3131,0.1897
22,120,10,friction,0.2515,0.1361,0.0342,0.9085,0.4477,0.1826
22,120,10,skin,0.2446,0.1323,0.0324,0.9085,0.4477,0.1826
22,120,10,turbul,0.2061,0.0372,0.0077,0.9085,0.4477,0.1826
23,892,1,unsteadi,0.6831,0.2135,0.1458,1.3769,0.4834,0.3329
23,892,1,aerodynam,0.4114,0.0429,0.0176,1.3769,0.4834,0.3329
23,892,1,made,0.2761,0.0575,0.0159,1.3769,0.4834,0.3329
23,892,1,research,0.6368,0.0663,0.0422,1.3769,0.4834,0.3329
23,899,2,unsteadi,0.6831,0.2234,0.1526,1.3769,0.4046,0.3088
23,899,2,aerodynam,0.4114,0.0384,0.0158,1.3769,0.4046,0.3088
23,899,2,made,0.2761,0.0129,0.0036,1.3769,0.4046,0.3088
23,1109,3,unsteadi,0.6831,0.2009,0.1372,1.3769,0.4222,0.2438
23,1109,3,made,0.2761,0.0162,0.0045,1.3769,0.4222,0.2438
23,1259,4,unsteadi,0.6831,0.1353,0.0924,1.3769,0.3541,0.2144
23,1259,4,aerodynam,0.4114,0.0204,0.0084,1.3769,0.3541,0.2144
23,1259,4,made,0.2761,0.0137,0.0038,1.3769,0.3541,0.2144
23,586,5,unsteadi,0.6831,0.1653,0.1129,1.3769,0.4584,0.1789
23,903,6,unsteadi,0.6831,0.1111,0.0759,1.3769,0.3468,0.1654
23,903,6,made,0.2761,0.0112,0.0031,1.3769,0.3468,0.1654
23,777,7,progress,0.8822,0.0969,0.0855,1.3769,0.3841,0.1617
23,116,8,progress,0.8822,0.0929,0.0819,1.3769,0.3951,0.1506
23,530,9,unsteadi,0.6831,0.099,0.0676,1.3769,0.4107,0.1413
23,530,9,aerodynam,0.4114,0.0298,0.0123,1.3769,0.4107,0.1413
23,902,10,unsteadi,0.6831,0.0861,0.0588,1.3769,0.4302,0.1401
23,902,10,aerodynam,0.4114,0.0173,0.0071,1.3769,0.4302,0.1401
23,902,10,research,0.6368,0.0268,0.017,1.3769,0.4302,0.1401
24,46,1,larg,0.2365,0.0901,0.0213,1.2357,0.6941,0.34
24,46,1,matric,0.6623,0.3785,0.2506,1.2357,0.6941,0.34
24,46,1,structur,0.3214,0.0612,0.0197,1.2357,0.6941,0.34
24,756,2,larg,0.2365,0.0814,0.0193,1.2357,0.5529,0.2974
24,756,2,matric,0.6623,0.1709,0.1132,1.2357,0.5529,0.2974
24,756,2,structur,0.3214,0.0553,0.0178,1.2357,0.5529,0.2974
24,756,2,requir,0.2826,0.0243,0.0069,1.2357,0.5529,0.2974
24,756,2,invert,0.7322,0.063,0.0461,1.2357,0.5529,0.2974
24,612,3,invert,0.7322,0.2055,0.1505,1.2357,0.4663,0.2612
24,833,4,larg,0.2365,0.0371,0.0088,1.2357,0.4348,0.1746
24,833,4,matric,0.6623,0.1039,0.0688,1.2357,0.4348,0.1746
24,833,4,structur,0.3214,0.0504,0.0162,1.2357,0.4348,0.1746
24,47,5,matric,0.6623,0.0438,0.029,1.2357,0.3898,0.1563
24,47,5,structur,0.3214,0.1275,0.041,1.2357,0.3898,0.1563
24,47,5,requir,0.2826,0.0187,0.0053,1.2357,0.3898,0.1563
24,12,6,larg,0.2365,0.0259,0.0061,1.2357,0.4741,0.155
24,12,6,factor,0.3578,0.0784,0.0281,1.2357,0.4741,0.155
24,12,6,structur,0.3214,0.1761,0.0566,1.2357,0.4741,0.155
24,1034,7,larg,0.2365,0.0163,0.0039,1.2357,0.4048,0.149
24,1034,7,factor,0.3578,0.1234,0.0441,1.2357,0.4048,0.149
24,1034,7,time,0.2775,0.0957,0.0266,1.2357,0.4048,0.149
24,51,8,structur,0.3214,0.1714,0.0551,1.2357,0.5059,0.117
24,51,8,time,0.2775,0.0211,0.0059,1.2357,0.5059,0.117
24,51,8,requir,0.2826,0.0431,0.0122,1.2357,0.5059,0.117
24,834,9,factor,0.3578,0.1022,0.0366,1.2357,0.8961,0.113
24,834,9,structur,0.3214,0.2755,0.0886,1.2357,0.8961,0.113
24,1361,10,larg,0.2365,0.0832,0.0197,1.2357,0.4229,0.1032
24,1361,10,structur,0.3214,0.0848,0.0272,1.2357,0.4229,0.1032
24,1361,10,requir,0.2826,0.0248,0.007,1.2357,0.4229,0.1032
25,277,1,theoret,0.1622,0.0118,0.0019,0.9908,0.4393,0.4449
25,277,1,row,0.4327,0.0315,0.0136,0.9908,0.4393,0.4449
25,277,1,cascad,0.4588,0.2005,0.092,0.9908,0.4393,0.4449
25,277,1,flow,0.0592,0.0259,0.0015,0.9908,0.4393,0.4449
25,277,1,blade,0.3407,0.2482,0.0846,0.9908,0.4393,0.4449
25,214,2,superson,0.1496,0.0954,0.0143,0.9908,0.5746,0.3858
25,214,2,cascad,0.4588,0.3657,0.1678,0.9908,0.5746,0.3858
25,214,2,flow,0.0592,0.0094,0.0006,0.9908,0.5746,0.3858
25,214,2,blade,0.3407,0.1086,0.037,0.9908,0.5746,0.3858
25,772,3,cascad,0.4588,0.0789,0.0362,0.9908,0.4118,0.2383
25,772,3,flow,0.0592,0.0203,0.0012,0.9908,0.4118,0.2383
25,772,3,blade,0.3407,0.1757,0.0599,0.9908,0.4118,0.2383
25,990,4,flow,0.0592,0.0248,0.0015,0.9908,0.4463,0.2233
25,990,4,blade,0.3407,0.2855,0.0973,0.9908,0.4463,0.2233
25,215,5,superson,0.1496,0.035,0.0052,0.9908,0.707,0.2179
25,215,5,row,0.4327,0.1013,0.0438,0.9908,0.707,0.2179
25,215,5,cascad,0.4588,0.1074,0.0493,0.9908,0.707,0.2179
25,215,5,blade,0.3407,0.1595,0.0543,0.9908,0.707,0.2179
25,987,6,superson,0.1496,0.0224,0.0034,0.9908,0.2964,0.2018
25,987,6,row,0.4327,0.0648,0.028,0.9908,0.2964,0.2018
25,987,6,flow,0.0592,0.031,0.0018,0.9908,0.2964,0.2018
25,987,6,blade,0.3407,0.0765,0.0261,0.9908,0.2964,0.2018
25,216,7,superson,0.1496,0.0956,0.0143,0.9908,0.3974,0.1758
25,216,7,row,0.4327,0.0307,0.0133,0.9908,0.3974,0.1758
25,216,7,cascad,0.4588,0.0326,0.0149,0.9908,0.3974,0.1758
25,216,7,flow,0.0592,0.0336,0.002,0.9908,0.3974,0.1758
25,216,7,blade,0.3407,0.0725,0.0247,0.9908,0.3974,0.1758
25,988,8,flow,0.0592,0.0237,0.0014,0.9908,0.5708,0.1667
25,988,8,blade,0.3407,0.2726,0.0929,0.9908,0.5708,0.1667
25,213,9,superson,0.1496,0.0296,0.0044,0.9908,0.3199,0.1622
25,213,9,follow,0.2637,0.0174,0.0046,0.9908,0.3199,0.1622
25,213,9,row,0.4327,0.0285,0.0123,0.9908,0.3199,0.1622
25,213,9,cascad,0.4588,0.0302,0.0139,0.9908,0.3199,0.1622
25,213,9,flow,0.0592,0.0156,0.0009,0.9908,0.3199,0.1622
25,213,9,blade,0.3407,0.0449,0.0153,0.9908,0.3199,0.1622
25,170,10,follow,0.2637,0.0216,0.0057,0.9908,0.3705,0.1555
25,170,10,flow,0.0592,0.0049,0.0003,0.9908,0.3705,0.1555
25,170,10,interact,0.2495,0.2048,0.0511,0.9908,0.3705,0.1555
26,382,1,thick,0.1691,0.1933,0.0327,0.5795,0.4872,0.427
26,382,1,displac,0.2428,0.1387,0.0337,0.5795,0.4872,0.427
26,382,1,plate,0.1516,0.0866,0.0131,0.5795,0.4872,0.427
26,382,1,laminar,0.1491,0.0852,0.0127,0.5795,0.4872,0.427
26,382,1,flat,0.1678,0.0959,0.0161,0.5795,0.4872,0.427
26,382,1,flow,0.0543,0.031,0.0017,0.5795,0.4872,0.427
26,382,1,boundari,0.091,0.052,0.0047,0.5795,0.4872,0.427
26,382,1,layer,0.1015,0.058,0.0059,0.5795,0.4872,0.427
26,307,2,thick,0.1691,0.0257,0.0043,0.5795,0.3014,0.3909
26,307,2,approxim,0.1091,0.0497,0.0054,0.5795,0.3014,0.3909
26,307,2,displac,0.2428,0.0369,0.009,0.5795,0.3014,0.3909
26,307,2,plate,0.1516,0.023,0.0035,0.5795,0.3014,0.3909
26,307,2,laminar,0.1491,0.0453,0.0068,0.5795,0.3014,0.3909
26,307,2,flat,0.1678,0.0255,0.0043,0.5795,0.3014,0.3909
26,307,2,flow,0.0543,0.0082,0.0004,0.5795,0.3014,0.3909
26,307,2,boundari,0.091,0.0276,0.0025,0.5795,0.3014,0.3909
26,307,2,formula,0.2183,0.1326,0.0289,0.5795,0.3014,0.3909
26,307,2,layer,0.1015,0.0308,0.0031,0.5795,0.3014,0.3909
26,145,3,compress,0.1626,0.0275,0.0045,0.5795,0.3645,0.3474
26,145,3,approxim,0.1091,0.0184,0.002,0.5795,0.3645,0.3474
26,145,3,plate,0.1516,0.0512,0.0078,0.5795,0.3645,0.3474
26,145,3,laminar,0.1491,0.0504,0.0075,0.5795,0.3645,0.3474
26,145,3,flat,0.1678,0.0567,0.0095,0.5795,0.3645,0.3474
26,145,3,flow,0.0543,0.0092,0.0005,0.5795,0.3645,0.3474
26,145,3,boundari,0.091,0.0461,0.0042,0.5795,0.3645,0.3474
26,145,3,formula,0.2183,0.1476,0.0322,0.5795,0.3645,0.3474
26,145,3,layer,0.1015,0.0515,0.0052,0.5795,0.3645,0.3474
26,4,4,thick,0.1691,0.0432,0.0073,0.5795,0.3448,0.3049
26,4,4,approxim,0.1091,0.0279,0.003,0.5795,0.3448,0.3049
26,4,4,plate,0.1516,0.0774,0.0117,0.5795,0.3448,0.3049
26,4,4,laminar,0.1491,0.0381,0.0057,0.5795,0.3448,0.3049
26,4,4,flat,0.1678,0.0428,0.0072,0.5795,0.3448,0.3049
26,4,4,flow,0.0543,0.0416,0.0023,0.5795,0.3448,0.3049
26,4,4,boundari,0.091,0.1161,0.0106,0.5795,0.3448,0.3049
26,4,4,layer,0.1015,0.1296,0.0132,0.5795,0.3448,0.3049
26,611,5,compress,0.1626,0.0203,0.0033,0.5795,0.3058,0.2844
26,611,5,thick,0.1691,0.0211,0.0036,0.5795,0.3058,0.2844
26,611,5,approxim,0.1091,0.0682,0.0074,0.5795,0.3058,0.2844
26,611,5,displac,0.2428,0.0303,0.0074,0.5795,0.3058,0.2844
26,611,5,plate,0.1516,0.0758,0.0115,0.5795,0.3058,0.2844
26,611,5,laminar,0.1491,0.0373,0.0056,0.5795,0.3058,0.2844
26,611,5,flat,0.1678,0.0419,0.007,0.5795,0.3058,0.2844
26,611,5,boundari,0.091,0.0227,0.0021,0.5795,0.3058,0.2844
26,611,5,layer,0.1015,0.0254,0.0026,0.5795,0.3058,0.2844
26,568,6,thick,0.1691,0.0286,0.0048,0.5795,0.3909,0.2766
26,568,6,approxim,0.1091,0.0184,0.002,0.5795,0.3909,0.2766
26,568,6,plate,0.1516,0.0769,0.0117,0.5795,0.3909,0.2766
26,568,6,laminar,0.1491,0.0504,0.0075,0.5795,0.3909,0.2766
26,568,6,flat,0.1678,0.0851,0.0143,0.5795,0.3909,0.2766
26,568,6,boundari,0.091,0.0307,0.0028,0.5795,0.3909,0.2766
26,568,6,formula,0.2183,0.0738,0.0161,0.5795,0.3909,0.2766
26,568,6,layer,0.1015,0.0343,0.0035,0.5795,0.3909,0.2766
26,348,7,compress,0.1626,0.0796,0.0129,0.5795,0.3493,0.2708
26,348,7,plate,0.1516,0.0371,0.0056,0.5795,0.3493,0.2708
26,348,7,flat,0.1678,0.0205,0.0034,0.5795,0.3493,0.2708
26,348,7,flow,0.0543,0.0066,0.0004,0.5795,0.3493,0.2708
26,348,7,boundari,0.091,0.0446,0.0041,0.5795,0.3493,0.2708
26,348,7,formula,0.2183,0.1069,0.0233,0.5795,0.3493,0.2708
26,348,7,layer,0.1015,0.0497,0.005,0.5795,0.3493,0.2708
26,1355,8,thick,0.1691,0.016,0.0027,0.5795,0.2856,0.2642
26,1355,8,displac,0.2428,0.0688,0.0167,0.5795,0.2856,0.2642
26,1355,8,plate,0.1516,0.0573,0.0087,0.5795,0.2856,0.2642
26,1355,8,laminar,0.1491,0.0282,0.0042,0.5795,0.2856,0.2642
26,1355,8,flat,0.1678,0.0159,0.0027,0.5795,0.2856,0.2642
26,1355,8,boundari,0.091,0.043,0.0039,0.5795,0.2856,0.2642
26,1355,8,layer,0.1015,0.048,0.0049,0.5795,0.2856,0.2642
26,148,9,thick,0.1691,0.087,0.0147,0.5795,0.3853,0.2608
26,148,9,displac,0.2428,0.1249,0.0303,0.5795,0.3853,0.2608
26,148,9,laminar,0.1491,0.0256,0.0038,0.5795,0.3853,0.2608
26,148,9,flow,0.0543,0.0558,0.003,0.5795,0.3853,0.2608
26,148,9,boundari,0.091,0.0312,0.0028,0.5795,0.3853,0.2608
26,148,9,layer,0.1015,0.0348,0.0035,0.5795,0.3853,0.2608
26,3,10,plate,0.1516,0.1011,0.0153,0.5795,0.4361,0.2484
26,3,10,flat,0.1678,0.1118,0.0188,0.5795,0.4361,0.2484
26,3,10,flow,0.0543,0.0724,0.0039,0.5795,0.4361,0.2484
26,3,10,boundari,0.091,0.1213,0.011,0.5795,0.4361,0.2484
26,3,10,layer,0.1015,0.1354,0.0137,0.5795,0.4361,0.2484
27,1176,1,design,0.2527,0.0812,0.0205,1.1597,0.7392,0.5252
27,1176,1,ring,0.9441,0.4552,0.4298,1.1597,0.7392,0.5252
27,1031,2,thick,0.2255,0.0644,0.0145,1.1597,0.4483,0.4081
27,1031,2,ring,0.9441,0.2023,0.191,1.1597,0.4483,0.4081
27,1031,2,theori,0.1246,0.0534,0.0067,1.1597,0.4483,0.4081
27,888,3,thick,0.2255,0.0307,0.0069,1.1597,0.4862,0.3394
27,888,3,ring,0.9441,0.1931,0.1823,1.1597,0.4862,0.3394
27,888,3,theori,0.1246,0.017,0.0021,1.1597,0.4862,0.3394
27,1178,4,ring,0.9441,0.1874,0.177,1.1597,0.5238,0.2981
27,1178,4,theori,0.1246,0.033,0.0041,1.1597,0.5238,0.2981
27,1129,5,ring,0.9441,0.1746,0.1648,1.1597,0.4815,0.2952
27,838,6,ring,0.9441,0.1666,0.1573,1.1597,0.4695,0.2889
27,1133,7,ring,0.9441,0.1888,0.1783,1.1597,0.5941,0.2587
27,1293,8,design,0.2527,0.1422,0.0359,1.1597,0.6095,0.2281
27,1293,8,ring,0.9441,0.1328,0.1253,1.1597,0.6095,0.2281
27,512,9,thick,0.2255,0.1522,0.0343,1.1597,0.5587,0.222
27,512,9,ring,0.9441,0.1062,0.1003,1.1597,0.5587,0.222
27,512,9,wing,0.2026,0.0456,0.0092,1.1597,0.5587,0.222
27,1035,10,affect,0.382,0.026,0.0099,1.1597,0.6271,0.1928
27,1035,10,design,0.2527,0.0345,0.0087,1.1597,0.6271,0.1928
27,1035,10,ring,0.9441,0.1287,0.1215,1.1597,0.6271,0.1928
28,1051,1,design,0.3791,0.0529,0.0201,0.812,0.3513,0.2523
28,1051,1,applic,0.3092,0.0144,0.0044,0.812,0.3513,0.2523
28,1051,1,theori,0.187,0.0087,0.0016,0.812,0.3513,0.2523
28,1051,1,curv,0.4053,0.1131,0.0459,0.812,0.3513,0.2523
28,752,2,linear,0.3584,0.0364,0.0131,0.812,0.4877,0.2439
28,752,2,theori,0.187,0.0951,0.0178,0.812,0.4877,0.2439
28,752,2,wing,0.3039,0.2164,0.0658,0.812,0.4877,0.2439
28,762,3,design,0.3791,0.0662,0.0251,0.812,0.4684,0.2211
28,762,3,applic,0.3092,0.036,0.0111,0.812,0.4684,0.2211
28,762,3,curv,0.4053,0.1181,0.0479,0.812,0.4684,0.2211
28,921,4,linear,0.3584,0.0203,0.0073,0.812,0.3582,0.2196
28,921,4,design,0.3791,0.0215,0.0081,0.812,0.3582,0.2196
28,921,4,theori,0.187,0.0635,0.0119,0.812,0.3582,0.2196
28,921,4,wing,0.3039,0.1204,0.0366,0.812,0.3582,0.2196
28,1075,5,applic,0.3092,0.0147,0.0046,0.812,0.3622,0.2103
28,1075,5,theori,0.187,0.0712,0.0133,0.812,0.3622,0.2103
28,1075,5,wing,0.3039,0.1447,0.044,0.812,0.3622,0.2103
28,680,6,linear,0.3584,0.0276,0.0099,0.812,0.3315,0.2096
28,680,6,applic,0.3092,0.0238,0.0074,0.812,0.3315,0.2096
28,680,6,theori,0.187,0.0575,0.0108,0.812,0.3315,0.2096
28,680,6,wing,0.3039,0.0935,0.0284,0.812,0.3315,0.2096
28,1050,7,theori,0.187,0.0249,0.0047,0.812,0.5443,0.2088
28,1050,7,curv,0.4053,0.2162,0.0876,0.812,0.5443,0.2088
28,920,8,linear,0.3584,0.0896,0.0321,0.812,0.5237,0.2047
28,920,8,theori,0.187,0.0467,0.0087,0.812,0.5237,0.2047
28,920,8,wing,0.3039,0.152,0.0462,0.812,0.5237,0.2047
28,674,9,linear,0.3584,0.0269,0.0096,0.812,0.3361,0.2001
28,674,9,design,0.3791,0.0569,0.0216,0.812,0.3361,0.2001
28,674,9,theori,0.187,0.014,0.0026,0.812,0.3361,0.2001
28,674,9,wing,0.3039,0.0684,0.0208,0.812,0.3361,0.2001
28,247,10,linear,0.3584,0.0201,0.0072,0.812,0.3375,0.1872
28,247,10,theori,0.187,0.0419,0.0078,0.812,0.3375,0.1872
28,247,10,wing,0.3039,0.1193,0.0363,0.812,0.3375,0.1872
29,465,1,delta,0.3354,0.1153,0.0387,0.6974,0.3676,0.541
29,465,1,flow,0.0592,0.0203,0.0012,0.6974,0.3676,0.541
29,465,1,sharp,0.2976,0.1023,0.0305,0.6974,0.3676,0.541
29,465,1,section,0.1922,0.033,0.0063,0.6974,0.3676,0.541
29,465,1,shape,0.1801,0.031,0.0056,0.6974,0.3676,0.541
29,465,1,lead,0.1896,0.0652,0.0124,0.6974,0.3676,0.541
29,465,1,cross,0.2723,0.0468,0.0127,0.6974,0.3676,0.541
29,465,1,wing,0.1658,0.0855,0.0142,0.6974,0.3676,0.541
29,465,1,edg,0.1825,0.0941,0.0172,0.6974,0.3676,0.541
29,612,2,delta,0.3354,0.1294,0.0434,0.6974,0.4663,0.4006
29,612,2,flow,0.0592,0.0228,0.0014,0.6974,0.4663,0.4006
29,612,2,section,0.1922,0.0742,0.0143,0.6974,0.4663,0.4006
29,612,2,lead,0.1896,0.0732,0.0139,0.6974,0.4663,0.4006
29,612,2,cross,0.2723,0.1051,0.0286,0.6974,0.4663,0.4006
29,612,2,wing,0.1658,0.096,0.0159,0.6974,0.4663,0.4006
29,612,2,edg,0.1825,0.0704,0.0129,0.6974,0.4663,0.4006
29,420,3,delta,0.3354,0.1272,0.0427,0.6974,0.4871,0.3996
29,420,3,flow,0.0592,0.0299,0.0018,0.6974,0.4871,0.3996
29,420,3,sharp,0.2976,0.0376,0.0112,0.6974,0.4871,0.3996
29,420,3,section,0.1922,0.0243,0.0047,0.6974,0.4871,0.3996
29,420,3,lead,0.1896,0.0959,0.0182,0.6974,0.4871,0.3996
29,420,3,wing,0.1658,0.1677,0.0278,0.6974,0.4871,0.3996
29,420,3,edg,0.1825,0.1615,0.0295,0.6974,0.4871,0.3996
29,250,4,delta,0.3354,0.2306,0.0773,0.6974,0.7062,0.3888
29,250,4,section,0.1922,0.1321,0.0254,0.6974,0.7062,0.3888
29,250,4,cross,0.2723,0.1872,0.051,0.6974,0.7062,0.3888
29,250,4,wing,0.1658,0.228,0.0378,0.6974,0.7062,0.3888
29,900,5,flow,0.0592,0.0532,0.0031,0.6974,0.4864,0.3376
29,900,5,sharp,0.2976,0.1336,0.0398,0.6974,0.4864,0.3376
29,900,5,section,0.1922,0.0432,0.0083,0.6974,0.4864,0.3376
29,900,5,lead,0.1896,0.1277,0.0242,0.6974,0.4864,0.3376
29,900,5,cross,0.2723,0.0611,0.0167,0.6974,0.4864,0.3376
29,900,5,edg,0.1825,0.1229,0.0224,0.6974,0.4864,0.3376
29,797,6,effect,0.0866,0.0096,0.0008,0.6974,0.3185,0.304
29,797,6,flow,0.0592,0.0196,0.0012,0.6974,0.3185,0.304
29,797,6,sharp,0.2976,0.0165,0.0049,0.6974,0.3185,0.304
29,797,6,section,0.1922,0.0531,0.0102,0.6974,0.3185,0.304
29,797,6,lead,0.1896,0.1048,0.0199,0.6974,0.3185,0.304
29,797,6,wing,0.1658,0.0733,0.0122,0.6974,0.3185,0.304
29,797,6,edg,0.1825,0.1009,0.0184,0.6974,0.3185,0.304
29,514,7,simpl,0.1845,0.0356,0.0066,0.6974,0.378,0.2988
29,514,7,flow,0.0592,0.0228,0.0014,0.6974,0.378,0.2988
29,514,7,sharp,0.2976,0.0574,0.0171,0.6974,0.378,0.2988
29,514,7,section,0.1922,0.0371,0.0071,0.6974,0.378,0.2988
29,514,7,shape,0.1801,0.0695,0.0125,0.6974,0.378,0.2988
29,514,7,lead,0.1896,0.0366,0.0069,0.6974,0.378,0.2988
29,514,7,cross,0.2723,0.0526,0.0143,0.6974,0.378,0.2988
29,514,7,edg,0.1825,0.0704,0.0129,0.6974,0.378,0.2988
29,211,8,effect,0.0866,0.0084,0.0007,0.6974,0.3819,0.2982
29,211,8,flow,0.0592,0.0231,0.0014,0.6974,0.3819,0.2982
29,211,8,sharp,0.2976,0.1159,0.0345,0.6974,0.3819,0.2982
29,211,8,shape,0.1801,0.0175,0.0032,0.6974,0.3819,0.2982
29,211,8,lead,0.1896,0.0554,0.0105,0.6974,0.3819,0.2982
29,211,8,edg,0.1825,0.1599,0.0292,0.6974,0.3819,0.2982
29,902,9,delta,0.3354,0.093,0.0312,0.6974,0.4302,0.2973
29,902,9,flow,0.0592,0.0219,0.0013,0.6974,0.4302,0.2973
29,902,9,lead,0.1896,0.1051,0.0199,0.6974,0.4302,0.2973
29,902,9,wing,0.1658,0.092,0.0152,0.6974,0.4302,0.2973
29,902,9,edg,0.1825,0.1181,0.0216,0.6974,0.4302,0.2973
29,683,10,effect,0.0866,0.0061,0.0005,0.6974,0.3482,0.2948
29,683,10,delta,0.3354,0.047,0.0158,0.6974,0.3482,0.2948
29,683,10,flow,0.0592,0.0166,0.001,0.6974,0.3482,0.2948
29,683,10,shape,0.1801,0.0252,0.0045,0.6974,0.3482,0.2948
29,683,10,lead,0.1896,0.093,0.0176,0.6974,0.3482,0.2948
29,683,10,wing,0.1658,0.0813,0.0135,0.6974,0.3482,0.2948
29,683,10,edg,0.1825,0.1023,0.0187,0.6974,0.3482,0.2948
30,633,1,conic,0.5091,0.2494,0.1269,1.187,0.5253,0.2491
30,633,1,flow,0.1085,0.0532,0.0058,1.187,0.5253,0.2491
30,633,1,wing,0.3039,0.0744,0.0226,1.187,0.5253,0.2491
30,602,2,flow,0.1085,0.0334,0.0036,1.187,0.4416,0.2244
30,602,2,visual,0.8608,0.1324,0.114,1.187,0.4416,0.2244
30,752,3,slender,0.4466,0.1363,0.0609,1.187,0.4877,0.2187
30,752,3,wing,0.3039,0.2164,0.0658,1.187,0.4877,0.2187
30,1058,4,conic,0.5091,0.2396,0.122,1.187,0.5581,0.2028
30,1058,4,paper,0.3243,0.0382,0.0124,1.187,0.5581,0.2028
30,921,5,slender,0.4466,0.1011,0.0452,1.187,0.3582,0.2002
30,921,5,flow,0.1085,0.0307,0.0033,1.187,0.3582,0.2002
30,921,5,wing,0.3039,0.1204,0.0366,1.187,0.3582,0.2002
30,513,6,conic,0.5091,0.0898,0.0457,1.187,0.372,0.1988
30,513,6,slender,0.4466,0.0394,0.0176,1.187,0.372,0.1988
30,513,6,wing,0.3039,0.0805,0.0245,1.187,0.372,0.1988
30,683,7,conic,0.5091,0.0778,0.0396,1.187,0.3482,0.1969
30,683,7,slender,0.4466,0.0341,0.0152,1.187,0.3482,0.1969
30,683,7,flow,0.1085,0.0166,0.0018,1.187,0.3482,0.1969
30,683,7,wing,0.3039,0.0813,0.0247,1.187,0.3482,0.1969
30,1197,8,slender,0.4466,0.1472,0.0658,1.187,0.4263,0.1918
30,1197,8,paper,0.3243,0.0214,0.0069,1.187,0.4263,0.1918
30,1197,8,wing,0.3039,0.0802,0.0244,1.187,0.4263,0.1918
30,1070,9,conic,0.5091,0.2735,0.1393,1.187,0.6255,0.1876
30,680,10,conic,0.5091,0.0783,0.0399,1.187,0.3315,0.1782
30,680,10,flow,0.1085,0.0167,0.0018,1.187,0.3315,0.1782
30,680,10,wing,0.3039,0.0935,0.0284,1.187,0.3315,0.1782
31,751,1,dimension,0.111,0.1076,0.0119,0.7532,0.65,0.3772
31,751,1,use,0.0627,0.0304,0.0019,0.7532,0.65,0.3772
31,751,1,bluff,0.3089,0.1497,0.0462,0.7532,0.65,0.3772
31,751,1,plate,0.1137,0.1103,0.0125,0.7532,0.65,0.3772
31,751,1,flow,0.0407,0.0395,0.0016,0.7532,0.65,0.3772
31,751,1,end,0.2238,0.434,0.0971,0.7532,0.65,0.3772
31,751,1,cylindr,0.1656,0.0803,0.0133,0.7532,0.65,0.3772
31,68,2,two,0.0527,0.013,0.0007,0.7532,0.4611,0.1828
31,68,2,simul,0.2306,0.227,0.0523,0.7532,0.4611,0.1828
31,68,2,aspect,0.1821,0.0448,0.0082,0.7532,0.4611,0.1828
31,68,2,ratio,0.0971,0.0239,0.0023,0.7532,0.4611,0.1828
31,247,3,two,0.0527,0.0079,0.0004,0.7532,0.3375,0.1631
31,247,3,bodi,0.0978,0.0439,0.0043,0.7532,0.3375,0.1631
31,247,3,finit,0.1766,0.0264,0.0047,0.7532,0.3375,0.1631
31,247,3,flow,0.0407,0.0061,0.0002,0.7532,0.3375,0.1631
31,247,3,aspect,0.1821,0.1361,0.0248,0.7532,0.3375,0.1631
31,247,3,ratio,0.0971,0.0726,0.0071,0.7532,0.3375,0.1631
31,918,4,bodi,0.0978,0.0252,0.0025,0.7532,0.4261,0.1351
31,918,4,flow,0.0407,0.021,0.0009,0.7532,0.4261,0.1351
31,918,4,aspect,0.1821,0.141,0.0257,0.7532,0.4261,0.1351
31,918,4,cylindr,0.1656,0.0427,0.0071,0.7532,0.4261,0.1351
31,918,4,ratio,0.0971,0.0752,0.0073,0.7532,0.4261,0.1351
31,1341,5,two,0.0527,0.0188,0.001,0.7532,0.369,0.1346
31,1341,5,dimension,0.111,0.0132,0.0015,0.7532,0.369,0.1346
31,1341,5,flow,0.0407,0.0048,0.0002,0.7532,0.369,0.1346
31,1341,5,aspect,0.1821,0.1295,0.0236,0.7532,0.369,0.1346
31,1341,5,ratio,0.0971,0.1151,0.0112,0.7532,0.369,0.1346
31,916,6,dimension,0.111,0.0181,0.002,0.7532,0.3518,0.1337
31,916,6,bodi,0.0978,0.016,0.0016,0.7532,0.3518,0.1337
31,916,6,use,0.0627,0.0102,0.0006,0.7532,0.3518,0.1337
31,916,6,flow,0.0407,0.0133,0.0005,0.7532,0.3518,0.1337
31,916,6,aspect,0.1821,0.1189,0.0217,0.7532,0.3518,0.1337
31,916,6,condit,0.0894,0.0146,0.0013,0.7532,0.3518,0.1337
31,916,6,ratio,0.0971,0.0793,0.0077,0.7532,0.3518,0.1337
31,845,7,two,0.0527,0.0066,0.0004,0.7532,0.4923,0.1298
31,845,7,use,0.0627,0.0158,0.001,0.7532,0.4923,0.1298
31,845,7,plate,0.1137,0.0143,0.0016,0.7532,0.4923,0.1298
31,845,7,end,0.2238,0.1974,0.0442,0.7532,0.4923,0.1298
31,845,7,condit,0.0894,0.0113,0.001,0.7532,0.4923,0.1298
31,919,8,flow,0.0407,0.0133,0.0005,0.7532,0.3773,0.1297
31,919,8,aspect,0.1821,0.1486,0.0271,0.7532,0.3773,0.1297
31,919,8,ratio,0.0971,0.0951,0.0092,0.7532,0.3773,0.1297
31,1153,9,two,0.0527,0.0095,0.0005,0.7532,0.3768,0.1296
31,1153,9,dimension,0.111,0.02,0.0022,0.7532,0.3768,0.1296
31,1153,9,bodi,0.0978,0.0176,0.0017,0.7532,0.3768,0.1296
31,1153,9,simul,0.2306,0.0829,0.0191,0.7532,0.3768,0.1296
31,1153,9,use,0.0627,0.0113,0.0007,0.7532,0.3768,0.1296
31,1153,9,size,0.2207,0.0397,0.0088,0.7532,0.3768,0.1296
31,1153,9,flow,0.0407,0.022,0.0009,0.7532,0.3768,0.1296
31,1153,9,condit,0.0894,0.0321,0.0029,0.7532,0.3768,0.1296
31,1082,10,two,0.0527,0.011,0.0006,0.7532,0.3708,0.1259
31,1082,10,dimension,0.111,0.0115,0.0013,0.7532,0.3708,0.1259
31,1082,10,finit,0.1766,0.0183,0.0032,0.7532,0.3708,0.1259
31,1082,10,use,0.0627,0.0065,0.0004,0.7532,0.3708,0.1259
31,1082,10,size,0.2207,0.1146,0.0253,0.7532,0.3708,0.1259
31,1082,10,flow,0.0407,0.0169,0.0007,0.7532,0.3708,0.1259
31,1082,10,condit,0.0894,0.0093,0.0008,0.7532,0.3708,0.1259
31,1082,10,cylindr,0.1656,0.0172,0.0028,0.7532,0.3708,0.1259
32,752,1,correct,0.3709,0.1006,0.0373,0.8467,0.4877,0.5643
32,752,1,thick,0.2537,0.1032,0.0262,0.8467,0.4877,0.5643
32,752,1,approxim,0.1637,0.0222,0.0036,0.8467,0.4877,0.5643
32,752,1,thin,0.2914,0.1976,0.0576,0.8467,0.4877,0.5643
32,752,1,slender,0.335,0.1363,0.0456,0.8467,0.4877,0.5643
32,752,1,theori,0.1402,0.0951,0.0133,0.8467,0.4877,0.5643
32,752,1,wing,0.228,0.2164,0.0493,0.8467,0.4877,0.5643
32,738,2,find,0.4685,0.3407,0.1596,0.8467,0.6264,0.3009
32,147,3,find,0.4685,0.0371,0.0174,0.8467,0.3553,0.2474
32,147,3,slender,0.335,0.0796,0.0267,0.8467,0.3553,0.2474
32,147,3,theori,0.1402,0.0111,0.0016,0.8467,0.3553,0.2474
32,147,3,wing,0.228,0.1264,0.0288,0.8467,0.3553,0.2474
32,382,4,correct,0.3709,0.1413,0.0524,0.8467,0.4872,0.2459
32,382,4,thick,0.2537,0.1933,0.049,0.8467,0.4872,0.2459
32,921,5,approxim,0.1637,0.0124,0.002,0.8467,0.3582,0.2383
32,921,5,slender,0.335,0.1011,0.0339,0.8467,0.3582,0.2383
32,921,5,theori,0.1402,0.0635,0.0089,0.8467,0.3582,0.2383
32,921,5,wing,0.228,0.1204,0.0275,0.8467,0.3582,0.2383
32,247,6,thick,0.2537,0.0379,0.0096,0.8467,0.3375,0.2375
32,247,6,slender,0.335,0.0751,0.0252,0.8467,0.3375,0.2375
32,247,6,theori,0.1402,0.0419,0.0059,0.8467,0.3375,0.2375
32,247,6,wing,0.228,0.1193,0.0272,0.8467,0.3375,0.2375
32,250,7,thin,0.2914,0.1457,0.0425,0.8467,0.7062,0.2213
32,250,7,slender,0.335,0.0837,0.0281,0.8467,0.7062,0.2213
32,250,7,theori,0.1402,0.0701,0.0098,0.8467,0.7062,0.2213
32,250,7,wing,0.228,0.228,0.052,0.8467,0.7062,0.2213
32,801,8,approxim,0.1637,0.0106,0.0017,0.8467,0.3545,0.2153
32,801,8,slender,0.335,0.1513,0.0507,0.8467,0.3545,0.2153
32,801,8,theori,0.1402,0.0633,0.0089,0.8467,0.3545,0.2153
32,801,8,wing,0.228,0.0147,0.0034,0.8467,0.3545,0.2153
32,1112,9,thick,0.2537,0.0257,0.0065,0.8467,0.4122,0.2141
32,1112,9,approxim,0.1637,0.0331,0.0054,0.8467,0.4122,0.2141
32,1112,9,slender,0.335,0.1696,0.0568,0.8467,0.4122,0.2141
32,1112,9,theori,0.1402,0.0426,0.006,0.8467,0.4122,0.2141
32,1186,10,correct,0.3709,0.0418,0.0155,0.8467,0.3672,0.2045
32,1186,10,approxim,0.1637,0.0184,0.003,0.8467,0.3672,0.2045
32,1186,10,slender,0.335,0.0755,0.0253,0.8467,0.3672,0.2045
32,1186,10,theori,0.1402,0.0158,0.0022,0.8467,0.3672,0.2045
32,1186,10,wing,0.228,0.0771,0.0176,0.8467,0.3672,0.2045
33,516,1,wind,0.1333,0.1014,0.0135,0.6143,0.3974,0.5615
33,516,1,flight,0.1299,0.0659,0.0086,0.6143,0.3974,0.5615
33,516,1,free,0.2066,0.0524,0.0108,0.6143,0.3974,0.5615
33,516,1,compar,0.0964,0.0244,0.0024,0.6143,0.3974,0.5615
33,516,1,model,0.1149,0.0583,0.0067,0.6143,0.3974,0.5615
33,516,1,made,0.1534,0.0194,0.003,0.6143,0.3974,0.5615
33,516,1,low,0.1226,0.0311,0.0038,0.6143,0.3974,0.5615
33,516,1,blockag,0.2869,0.0727,0.0209,0.6143,0.3974,0.5615
33,516,1,tunnel,0.114,0.1156,0.0132,0.6143,0.3974,0.5615
33,516,1,longitudin,0.1851,0.0939,0.0174,0.6143,0.3974,0.5615
33,516,1,measur,0.1905,0.0483,0.0092,0.6143,0.3974,0.5615
33,516,1,stabil,0.1365,0.0692,0.0094,0.6143,0.3974,0.5615
33,516,1,interfer,0.1898,0.0962,0.0183,0.6143,0.3974,0.5615
33,672,2,use,0.0558,0.0209,0.0012,0.6143,0.4382,0.3702
33,672,2,blockag,0.2869,0.2152,0.0617,0.6143,0.4382,0.3702
33,672,2,tunnel,0.114,0.0855,0.0097,0.6143,0.4382,0.3702
33,672,2,interfer,0.1898,0.1423,0.027,0.6143,0.4382,0.3702
33,431,3,wind,0.1333,0.0679,0.0091,0.6143,0.3686,0.3398
33,431,3,flight,0.1299,0.0441,0.0057,0.6143,0.3686,0.3398
33,431,3,free,0.2066,0.0351,0.0073,0.6143,0.3686,0.3398
33,431,3,model,0.1149,0.0976,0.0112,0.6143,0.3686,0.3398
33,431,3,made,0.1534,0.013,0.002,0.6143,0.3686,0.3398
33,431,3,tunnel,0.114,0.0968,0.011,0.6143,0.3686,0.3398
33,431,3,measur,0.1905,0.0647,0.0123,0.6143,0.3686,0.3398
33,431,3,interfer,0.1898,0.0967,0.0183,0.6143,0.3686,0.3398
33,252,4,compar,0.0964,0.012,0.0012,0.6143,0.3631,0.3313
33,252,4,model,0.1149,0.0431,0.005,0.6143,0.3631,0.3313
33,252,4,made,0.1534,0.0096,0.0015,0.6143,0.3631,0.3313
33,252,4,low,0.1226,0.0153,0.0019,0.6143,0.3631,0.3313
33,252,4,blockag,0.2869,0.0717,0.0206,0.6143,0.3631,0.3313
33,252,4,tunnel,0.114,0.114,0.013,0.6143,0.3631,0.3313
33,252,4,measur,0.1905,0.0238,0.0045,0.6143,0.3631,0.3313
33,252,4,interfer,0.1898,0.1186,0.0225,0.6143,0.3631,0.3313
33,252,4,similar,0.1237,0.0309,0.0038,0.6143,0.3631,0.3313
33,714,5,wind,0.1333,0.118,0.0157,0.6143,0.4444,0.3256
33,714,5,model,0.1149,0.0339,0.0039,0.6143,0.4444,0.3256
33,714,5,blockag,0.2869,0.1693,0.0486,0.6143,0.4444,0.3256
33,714,5,tunnel,0.114,0.1345,0.0153,0.6143,0.4444,0.3256
33,714,5,measur,0.1905,0.0281,0.0054,0.6143,0.4444,0.3256
33,141,6,wind,0.1333,0.0381,0.0051,0.6143,0.4295,0.2955
33,141,6,flight,0.1299,0.0371,0.0048,0.6143,0.4295,0.2955
33,141,6,free,0.2066,0.059,0.0122,0.6143,0.4295,0.2955
33,141,6,model,0.1149,0.0328,0.0038,0.6143,0.4295,0.2955
33,141,6,tunnel,0.114,0.0977,0.0111,0.6143,0.4295,0.2955
33,141,6,longitudin,0.1851,0.0529,0.0098,0.6143,0.4295,0.2955
33,141,6,measur,0.1905,0.0817,0.0156,0.6143,0.4295,0.2955
33,141,6,stabil,0.1365,0.039,0.0053,0.6143,0.4295,0.2955
33,141,6,interfer,0.1898,0.0542,0.0103,0.6143,0.4295,0.2955
33,800,7,wind,0.1333,0.0229,0.003,0.6143,0.3351,0.2944
33,800,7,model,0.1149,0.1182,0.0136,0.6143,0.3351,0.2944
33,800,7,made,0.1534,0.0131,0.002,0.6143,0.3351,0.2944
33,800,7,blockag,0.2869,0.0984,0.0282,0.6143,0.3351,0.2944
33,800,7,tunnel,0.114,0.0391,0.0045,0.6143,0.3351,0.2944
33,800,7,measur,0.1905,0.0163,0.0031,0.6143,0.3351,0.2944
33,800,7,interfer,0.1898,0.0325,0.0062,0.6143,0.3351,0.2944
33,799,8,wind,0.1333,0.017,0.0023,0.6143,0.322,0.2738
33,799,8,model,0.1149,0.044,0.0051,0.6143,0.322,0.2738
33,799,8,use,0.0558,0.0142,0.0008,0.6143,0.322,0.2738
33,799,8,blockag,0.2869,0.0733,0.021,0.6143,0.322,0.2738
33,799,8,tunnel,0.114,0.0582,0.0066,0.6143,0.322,0.2738
33,799,8,interfer,0.1898,0.0969,0.0184,0.6143,0.322,0.2738
33,1153,9,wind,0.1333,0.1348,0.018,0.6143,0.3768,0.2489
33,1153,9,free,0.2066,0.0418,0.0086,0.6143,0.3768,0.2489
33,1153,9,model,0.1149,0.0232,0.0027,0.6143,0.3768,0.2489
33,1153,9,use,0.0558,0.0113,0.0006,0.6143,0.3768,0.2489
33,1153,9,tunnel,0.114,0.1152,0.0131,0.6143,0.3768,0.2489
33,1153,9,interfer,0.1898,0.0768,0.0146,0.6143,0.3768,0.2489
33,594,10,wind,0.1333,0.2,0.0267,0.6143,0.5645,0.2285
33,594,10,made,0.1534,0.0384,0.0059,0.6143,0.5645,0.2285
33,594,10,tunnel,0.114,0.1709,0.0195,0.6143,0.5645,0.2285
33,594,10,measur,0.1905,0.1429,0.0272,0.6143,0.5645,0.2285
34,610,1,effect,0.1361,0.0448,0.0061,1.0451,0.4063,0.3448
34,610,1,investig,0.1936,0.0159,0.0031,1.0451,0.4063,0.3448
34,610,1,interfer,0.4879,0.2813,0.1372,1.0451,0.4063,0.3448
34,1153,2,effect,0.1361,0.0214,0.0029,1.0451,0.3768,0.3131
34,1153,2,investig,0.1936,0.0152,0.0029,1.0451,0.3768,0.3131
34,1153,2,tunnel,0.293,0.1152,0.0338,1.0451,0.3768,0.3131
34,1153,2,wind,0.3429,0.1348,0.0462,1.0451,0.3768,0.3131
34,1153,2,interfer,0.4879,0.0768,0.0375,1.0451,0.3768,0.3131
34,516,3,investig,0.1936,0.0191,0.0037,1.0451,0.3974,0.2872
34,516,3,tunnel,0.293,0.1156,0.0339,1.0451,0.3974,0.2872
34,516,3,wind,0.3429,0.1014,0.0348,1.0451,0.3974,0.2872
34,516,3,interfer,0.4879,0.0962,0.0469,1.0451,0.3974,0.2872
34,1062,4,effect,0.1361,0.0147,0.002,1.0451,0.3662,0.274
34,1062,4,investig,0.1936,0.0209,0.004,1.0451,0.3662,0.274
34,1062,4,tunnel,0.293,0.0316,0.0092,1.0451,0.3662,0.274
34,1062,4,wind,0.3429,0.0369,0.0127,1.0451,0.3662,0.274
34,1062,4,interfer,0.4879,0.1576,0.0769,1.0451,0.3662,0.274
34,431,5,effect,0.1361,0.027,0.0037,1.0451,0.3686,0.266
34,431,5,tunnel,0.293,0.0968,0.0284,1.0451,0.3686,0.266
34,431,5,wind,0.3429,0.0679,0.0233,1.0451,0.3686,0.266
34,431,5,interfer,0.4879,0.0967,0.0472,1.0451,0.3686,0.266
34,252,6,effect,0.1361,0.0529,0.0072,1.0451,0.3631,0.2643
34,252,6,investig,0.1936,0.0094,0.0018,1.0451,0.3631,0.2643
34,252,6,tunnel,0.293,0.114,0.0334,1.0451,0.3631,0.2643
34,252,6,interfer,0.4879,0.1186,0.0579,1.0451,0.3631,0.2643
34,1074,7,effect,0.1361,0.0097,0.0013,1.0451,0.3118,0.258
34,1074,7,investig,0.1936,0.0138,0.0027,1.0451,0.3118,0.258
34,1074,7,tunnel,0.293,0.0419,0.0123,1.0451,0.3118,0.258
34,1074,7,wind,0.3429,0.049,0.0168,1.0451,0.3118,0.258
34,1074,7,interfer,0.4879,0.1046,0.051,1.0451,0.3118,0.258
34,799,8,effect,0.1361,0.0541,0.0074,1.0451,0.322,0.2359
34,799,8,investig,0.1936,0.0096,0.0019,1.0451,0.322,0.2359
34,799,8,tunnel,0.293,0.0582,0.0171,1.0451,0.322,0.2359
34,799,8,wind,0.3429,0.017,0.0058,1.0451,0.322,0.2359
34,799,8,interfer,0.4879,0.0969,0.0473,1.0451,0.322,0.2359
34,672,9,effect,0.1361,0.0397,0.0054,1.0451,0.4382,0.2181
34,672,9,tunnel,0.293,0.0855,0.025,1.0451,0.4382,0.2181
34,672,9,interfer,0.4879,0.1423,0.0694,1.0451,0.4382,0.2181
34,795,10,tunnel,0.293,0.1323,0.0388,1.0451,0.6408,0.2174
34,795,10,wind,0.3429,0.1548,0.0531,1.0451,0.6408,0.2174
34,795,10,interfer,0.4879,0.1102,0.0538,1.0451,0.6408,0.2174
35,1244,1,wave,0.271,0.0302,0.0082,1.4567,0.4028,0.2723
35,1244,1,propag,0.6301,0.0176,0.0111,1.4567,0.4028,0.2723
35,1244,1,acoust,0.648,0.2169,0.1405,1.4567,0.4028,0.2723
35,724,2,acoust,0.648,0.3736,0.2421,1.4567,0.6234,0.2666
35,1208,3,wave,0.271,0.1224,0.0332,1.4567,0.5421,0.2221
35,1208,3,acoust,0.648,0.2195,0.1422,1.4567,0.5421,0.2221
35,75,4,acoust,0.648,0.2195,0.1422,1.4567,0.5236,0.1865
35,1203,5,wave,0.271,0.0478,0.013,1.4567,0.4904,0.1816
35,1203,5,propag,0.6301,0.1853,0.1168,1.4567,0.4904,0.1816
35,654,6,wave,0.271,0.055,0.0149,1.4567,0.4193,0.1563
35,654,6,propag,0.6301,0.1279,0.0806,1.4567,0.4193,0.1563
35,1276,7,wave,0.271,0.0654,0.0177,1.4567,0.5243,0.1559
35,1276,7,acoust,0.648,0.1564,0.1014,1.4567,0.5243,0.1559
35,1327,8,wave,0.271,0.0499,0.0135,1.4567,0.4159,0.1548
35,1327,8,paper,0.278,0.0256,0.0071,1.4567,0.4159,0.1548
35,1327,8,propag,0.6301,0.1161,0.0731,1.4567,0.4159,0.1548
35,151,9,acoust,0.648,0.1234,0.08,1.4567,0.3592,0.1529
35,65,10,wave,0.271,0.2323,0.063,1.4567,0.5532,0.1526
35,65,10,acoust,0.648,0.0926,0.06,1.4567,0.5532,0.1526
36,168,1,effect,0.0953,0.0331,0.0032,0.9095,0.406,0.2074
36,168,1,wall,0.1992,0.0553,0.011,0.9095,0.406,0.2074
36,168,1,relax,0.3948,0.1371,0.0541,0.9095,0.406,0.2074
36,168,1,heat,0.3041,0.0106,0.0032,0.9095,0.406,0.2074
36,168,1,transfer,0.1907,0.0265,0.005,0.9095,0.406,0.2074
36,281,2,relax,0.3948,0.3159,0.1247,0.9095,0.705,0.1945
36,661,3,effect,0.0953,0.007,0.0007,0.9095,0.3154,0.1882
36,661,3,wall,0.1992,0.1163,0.0232,0.9095,0.3154,0.1882
36,661,3,heat,0.3041,0.0555,0.0169,0.9095,0.3154,0.1882
36,661,3,transfer,0.1907,0.0696,0.0133,0.9095,0.3154,0.1882
36,123,4,effect,0.0953,0.0136,0.0013,0.9095,0.3205,0.1855
36,123,4,investig,0.1355,0.0097,0.0013,0.9095,0.3205,0.1855
36,123,4,gaseous,0.5298,0.0378,0.0201,0.9095,0.3205,0.1855
36,123,4,heat,0.3041,0.0434,0.0132,0.9095,0.3205,0.1855
36,123,4,transfer,0.1907,0.0953,0.0182,0.9095,0.3205,0.1855
36,398,5,wall,0.1992,0.0498,0.0099,0.9095,0.4304,0.1836
36,398,5,heat,0.3041,0.114,0.0347,0.9095,0.4304,0.1836
36,398,5,transfer,0.1907,0.143,0.0273,0.9095,0.4304,0.1836
36,564,6,wall,0.1992,0.0123,0.0024,0.9095,0.3499,0.1769
36,564,6,heat,0.3041,0.1033,0.0314,0.9095,0.3499,0.1769
36,564,6,transfer,0.1907,0.1177,0.0224,0.9095,0.3499,0.1769
36,283,7,wall,0.1992,0.0506,0.0101,0.9095,0.3013,0.1645
36,283,7,heat,0.3041,0.0644,0.0196,0.9095,0.3013,0.1645
36,283,7,transfer,0.1907,0.0808,0.0154,0.9095,0.3013,0.1645
36,872,8,wall,0.1992,0.0183,0.0036,0.9095,0.3083,0.1632
36,872,8,heat,0.3041,0.0837,0.0255,0.9095,0.3083,0.1632
36,872,8,transfer,0.1907,0.0875,0.0167,0.9095,0.3083,0.1632
36,666,9,effect,0.0953,0.0121,0.0011,0.9095,0.2881,0.1624
36,666,9,wall,0.1992,0.0504,0.01,0.9095,0.2881,0.1624
36,666,9,heat,0.3041,0.0577,0.0176,0.9095,0.2881,0.1624
36,666,9,transfer,0.1907,0.0724,0.0138,0.9095,0.2881,0.1624
36,554,10,investig,0.1355,0.014,0.0019,0.9095,0.3938,0.1612
36,554,10,heat,0.3041,0.1097,0.0334,0.9095,0.3938,0.1612
36,554,10,transfer,0.1907,0.1179,0.0225,0.9095,0.3938,0.1612
37,186,1,base,0.3612,0.086,0.0311,0.7072,0.3183,0.2788
37,186,1,theoret,0.3569,0.017,0.0061,0.7072,0.3183,0.2788
37,186,1,pressur,0.1861,0.0443,0.0082,0.7072,0.3183,0.2788
37,186,1,method,0.2248,0.0107,0.0024,0.7072,0.3183,0.2788
37,186,1,predict,0.3963,0.0377,0.015,0.7072,0.3183,0.2788
37,176,2,base,0.3612,0.2064,0.0746,0.7072,0.4664,0.2711
37,176,2,pressur,0.1861,0.0798,0.0148,0.7072,0.4664,0.2711
37,234,3,base,0.3612,0.0086,0.0031,0.7072,0.285,0.2451
37,234,3,pressur,0.1861,0.0223,0.0041,0.7072,0.285,0.2451
37,234,3,method,0.2248,0.0538,0.0121,0.7072,0.285,0.2451
37,234,3,predict,0.3963,0.0758,0.0301,0.7072,0.285,0.2451
37,519,4,base,0.3612,0.1445,0.0522,0.7072,0.4047,0.2368
37,519,4,pressur,0.1861,0.0838,0.0156,0.7072,0.4047,0.2368
37,1311,5,base,0.3612,0.0401,0.0145,0.7072,0.3495,0.2332
37,1311,5,theoret,0.3569,0.0397,0.0142,0.7072,0.3495,0.2332
37,1311,5,pressur,0.1861,0.062,0.0115,0.7072,0.3495,0.2332
37,1311,5,predict,0.3963,0.044,0.0175,0.7072,0.3495,0.2332
37,979,6,base,0.3612,0.126,0.0455,0.7072,0.3856,0.23
37,979,6,pressur,0.1861,0.0433,0.0081,0.7072,0.3856,0.23
37,979,6,predict,0.3963,0.023,0.0091,0.7072,0.3856,0.23
37,461,7,method,0.2248,0.0986,0.0222,0.7072,0.4203,0.2136
37,461,7,predict,0.3963,0.1043,0.0413,0.7072,0.4203,0.2136
37,188,8,base,0.3612,0.1055,0.0381,0.7072,0.2952,0.2128
37,188,8,pressur,0.1861,0.034,0.0063,0.7072,0.2952,0.2128
37,173,9,base,0.3612,0.1035,0.0374,0.7072,0.34,0.2115
37,173,9,pressur,0.1861,0.0582,0.0108,0.7072,0.34,0.2115
37,173,9,method,0.2248,0.0117,0.0026,0.7072,0.34,0.2115
37,409,10,base,0.3612,0.1003,0.0362,0.7072,0.4663,0.2106
37,409,10,theoret,0.3569,0.0661,0.0236,0.7072,0.4663,0.2106
37,409,10,pressur,0.1861,0.0517,0.0096,0.7072,0.4663,0.2106
38,536,1,depend,0.3451,0.0154,0.0053,1.0625,0.3889,0.304
38,536,1,bodi,0.2234,0.0199,0.0045,1.0625,0.3889,0.304
38,536,1,wake,0.4879,0.1523,0.0743,1.0625,0.3889,0.304
38,536,1,transit,0.3874,0.0864,0.0335,1.0625,0.3889,0.304
38,536,1,hyperson,0.3012,0.0269,0.0081,1.0625,0.3889,0.304
38,295,2,bodi,0.2234,0.0252,0.0056,1.0625,0.43,0.2797
38,295,2,transit,0.3874,0.2624,0.1017,1.0625,0.43,0.2797
38,295,2,hyperson,0.3012,0.068,0.0205,1.0625,0.43,0.2797
38,979,3,depend,0.3451,0.0281,0.0097,1.0625,0.3856,0.2701
38,979,3,bodi,0.2234,0.0182,0.0041,1.0625,0.3856,0.2701
38,979,3,wake,0.4879,0.1986,0.0969,1.0625,0.3856,0.2701
38,1141,4,wake,0.4879,0.3595,0.1754,1.0625,0.6194,0.2666
38,976,5,bodi,0.2234,0.0733,0.0164,1.0625,0.3264,0.2565
38,976,5,wake,0.4879,0.1334,0.0651,1.0625,0.3264,0.2565
38,976,5,hyperson,0.3012,0.0247,0.0074,1.0625,0.3264,0.2565
38,1264,6,depend,0.3451,0.0363,0.0125,1.0625,0.3261,0.2186
38,1264,6,transit,0.3874,0.1631,0.0632,1.0625,0.3261,0.2186
38,272,7,bodi,0.2234,0.0153,0.0034,1.0625,0.3185,0.2144
38,272,7,transit,0.3874,0.1678,0.065,1.0625,0.3185,0.2144
38,272,7,hyperson,0.3012,0.0137,0.0041,1.0625,0.3185,0.2144
38,154,8,bodi,0.2234,0.0521,0.0116,1.0625,0.4254,0.2102
38,154,8,wake,0.4879,0.1708,0.0833,1.0625,0.4254,0.2102
38,294,9,depend,0.3451,0.0146,0.0051,1.0625,0.2648,0.2098
38,294,9,bodi,0.2234,0.019,0.0042,1.0625,0.2648,0.2098
38,294,9,transit,0.3874,0.0986,0.0382,1.0625,0.2648,0.2098
38,294,9,hyperson,0.3012,0.0383,0.0115,1.0625,0.2648,0.2098
38,1368,10,wake,0.4879,0.1971,0.0962,1.0625,0.4369,0.2071
39,272,1,detect,0.8608,0.0168,0.0145,1.1997,0.3185,0.2832
39,272,1,transit,0.4519,0.1678,0.0758,1.1997,0.3185,0.2832
39,272,1,one,0.1524,0.003,0.0005,1.1997,0.3185,0.2832
39,272,1,boundari,0.1819,0.0427,0.0078,1.1997,0.3185,0.2832
39,272,1,layer,0.2031,0.0476,0.0097,1.1997,0.3185,0.2832
39,37,2,boundari,0.1819,0.0338,0.0061,1.1997,0.3348,0.2787
39,37,2,phenomena,0.6297,0.1558,0.0981,1.1997,0.3348,0.2787
39,37,2,layer,0.2031,0.0377,0.0077,1.1997,0.3348,0.2787
39,1205,3,detect,0.8608,0.0413,0.0356,1.1997,0.4011,0.2536
39,1205,3,transit,0.4519,0.1519,0.0686,1.1997,0.4011,0.2536
39,1205,3,boundari,0.1819,0.0437,0.0079,1.1997,0.4011,0.2536
39,1205,3,layer,0.2031,0.0487,0.0099,1.1997,0.4011,0.2536
39,295,4,transit,0.4519,0.2624,0.1186,1.1997,0.43,0.2342
39,295,4,one,0.1524,0.0148,0.0022,1.1997,0.43,0.2342
39,1264,5,transit,0.4519,0.1631,0.0737,1.1997,0.3261,0.2141
39,1264,5,boundari,0.1819,0.0246,0.0045,1.1997,0.3261,0.2141
39,1264,5,layer,0.2031,0.0275,0.0056,1.1997,0.3261,0.2141
39,9,6,detect,0.8608,0.0251,0.0216,1.1997,0.2645,0.2048
39,9,6,transit,0.4519,0.0658,0.0297,1.1997,0.2645,0.2048
39,9,6,one,0.1524,0.0044,0.0007,1.1997,0.2645,0.2048
39,9,6,boundari,0.1819,0.0318,0.0058,1.1997,0.2645,0.2048
39,9,6,layer,0.2031,0.0355,0.0072,1.1997,0.2645,0.2048
39,346,7,detect,0.8608,0.0457,0.0393,1.1997,0.3016,0.2014
39,346,7,transit,0.4519,0.048,0.0217,1.1997,0.3016,0.2014
39,346,7,boundari,0.1819,0.029,0.0053,1.1997,0.3016,0.2014
39,346,7,layer,0.2031,0.0323,0.0066,1.1997,0.3016,0.2014
39,1278,8,transit,0.4519,0.1379,0.0623,1.1997,0.3674,0.1869
39,1278,8,one,0.1524,0.0078,0.0012,1.1997,0.3674,0.1869
39,1278,8,boundari,0.1819,0.0462,0.0084,1.1997,0.3674,0.1869
39,1278,8,layer,0.2031,0.0516,0.0105,1.1997,0.3674,0.1869
39,1257,9,detect,0.8608,0.0622,0.0536,1.1997,0.376,0.179
39,1257,9,transit,0.4519,0.0327,0.0148,1.1997,0.376,0.179
39,1257,9,one,0.1524,0.011,0.0017,1.1997,0.376,0.179
39,1257,9,boundari,0.1819,0.0263,0.0048,1.1997,0.376,0.179
39,1257,9,layer,0.2031,0.0294,0.006,1.1997,0.376,0.179
39,315,10,transit,0.4519,0.1223,0.0553,1.1997,0.3066,0.179
39,315,10,one,0.1524,0.0069,0.001,1.1997,0.3066,0.179
39,315,10,boundari,0.1819,0.0164,0.003,1.1997,0.3066,0.179
39,315,10,layer,0.2031,0.0321,0.0065,1.1997,0.3066,0.179
40,536,1,detect,0.8608,0.0329,0.0283,1.3463,0.3889,0.314
40,536,1,wake,0.5693,0.1523,0.0867,1.3463,0.3889,0.314
40,536,1,transit,0.4519,0.0864,0.039,1.3463,0.3889,0.314
40,536,1,one,0.1524,0.0058,0.0009,1.3463,0.3889,0.314
40,536,1,hyperson,0.3514,0.0269,0.0094,1.3463,0.3889,0.314
40,37,2,phenomena,0.6297,0.1558,0.0981,1.3463,0.3348,0.2855
40,37,2,hyperson,0.3514,0.0869,0.0306,1.3463,0.3348,0.2855
40,295,3,transit,0.4519,0.2624,0.1186,1.3463,0.43,0.25
40,295,3,one,0.1524,0.0148,0.0022,1.3463,0.43,0.25
40,295,3,hyperson,0.3514,0.068,0.0239,1.3463,0.43,0.25
40,1141,4,wake,0.5693,0.3595,0.2047,1.3463,0.6194,0.2454
40,272,5,detect,0.8608,0.0168,0.0145,1.3463,0.3185,0.223
40,272,5,transit,0.4519,0.1678,0.0758,1.3463,0.3185,0.223
40,272,5,one,0.1524,0.003,0.0005,1.3463,0.3185,0.223
40,272,5,hyperson,0.3514,0.0137,0.0048,1.3463,0.3185,0.223
40,979,6,wake,0.5693,0.1986,0.113,1.3463,0.3856,0.2178
40,1205,7,detect,0.8608,0.0413,0.0356,1.3463,0.4011,0.2149
40,1205,7,transit,0.4519,0.1519,0.0686,1.3463,0.4011,0.2149
40,1205,7,hyperson,0.3514,0.0337,0.0119,1.3463,0.4011,0.2149
40,976,8,wake,0.5693,0.1334,0.076,1.3463,0.3264,0.2038
40,976,8,one,0.1524,0.0322,0.0049,1.3463,0.3264,0.2038
40,976,8,hyperson,0.3514,0.0247,0.0087,1.3463,0.3264,0.2038
40,1368,9,wake,0.5693,0.1971,0.1122,1.3463,0.4369,0.1907
40,154,10,wake,0.5693,0.1708,0.0972,1.3463,0.4254,0.1738
40,154,10,one,0.1524,0.0152,0.0023,1.3463,0.4254,0.1738
41,289,1,behind,0.3025,0.1073,0.0324,0.8825,0.4596,0.6736
41,289,1,vortex,0.3748,0.1063,0.0398,0.8825,0.4596,0.6736
41,289,1,wake,0.3416,0.1211,0.0414,0.8825,0.4596,0.6736
41,289,1,cruciform,0.5165,0.2564,0.1324,0.8825,0.4596,0.6736
41,289,1,wing,0.1824,0.1164,0.0212,0.8825,0.4596,0.6736
41,289,1,develop,0.1668,0.0355,0.0059,0.8825,0.4596,0.6736
41,433,2,behind,0.3025,0.0729,0.022,0.8825,0.3548,0.461
41,433,2,investig,0.1355,0.0054,0.0007,0.8825,0.3548,0.461
41,433,2,vortex,0.3748,0.1656,0.062,0.8825,0.3548,0.461
41,433,2,wake,0.3416,0.0686,0.0234,0.8825,0.3548,0.461
41,433,2,cruciform,0.5165,0.0207,0.0107,0.8825,0.3548,0.461
41,433,2,wing,0.1824,0.1392,0.0254,0.8825,0.3548,0.461
41,432,3,investig,0.1355,0.0098,0.0013,0.8825,0.4575,0.3705
41,432,3,cruciform,0.5165,0.2229,0.1151,0.8825,0.4575,0.3705
41,432,3,wing,0.1824,0.1706,0.0311,0.8825,0.4575,0.3705
41,432,3,develop,0.1668,0.012,0.002,0.8825,0.4575,0.3705
41,927,4,investig,0.1355,0.0108,0.0015,0.8825,0.3114,0.3452
41,927,4,vortex,0.3748,0.1785,0.0669,0.8825,0.3114,0.3452
41,927,4,model,0.2068,0.0164,0.0034,0.8825,0.3114,0.3452
41,927,4,wake,0.3416,0.0542,0.0185,0.8825,0.3114,0.3452
41,927,4,simpl,0.2029,0.0161,0.0033,0.8825,0.3114,0.3452
41,927,4,wing,0.1824,0.0072,0.0013,0.8825,0.3114,0.3452
41,1141,5,behind,0.3025,0.1592,0.0482,0.8825,0.6194,0.3128
41,1141,5,wake,0.3416,0.3595,0.1228,0.8825,0.6194,0.3128
41,549,6,investig,0.1355,0.0645,0.0087,0.8825,0.6081,0.2838
41,549,6,vortex,0.3748,0.3569,0.1338,0.8825,0.6081,0.2838
41,549,6,simpl,0.2029,0.0483,0.0098,0.8825,0.6081,0.2838
41,229,7,vortex,0.3748,0.0293,0.011,0.8825,0.4782,0.2794
41,229,7,simpl,0.2029,0.0159,0.0032,0.8825,0.4782,0.2794
41,229,7,cruciform,0.5165,0.1614,0.0834,0.8825,0.4782,0.2794
41,229,7,wing,0.1824,0.0997,0.0182,0.8825,0.4782,0.2794
41,229,7,develop,0.1668,0.013,0.0022,0.8825,0.4782,0.2794
41,1152,8,behind,0.3025,0.144,0.0436,0.8825,0.9163,0.274
41,1152,8,vortex,0.3748,0.1785,0.0669,0.8825,0.9163,0.274
41,1152,8,wake,0.3416,0.3253,0.1111,0.8825,0.9163,0.274
41,126,9,behind,0.3025,0.0393,0.0119,0.8825,0.3784,0.257
41,126,9,investig,0.1355,0.0528,0.0072,0.8825,0.3784,0.257
41,126,9,vortex,0.3748,0.0973,0.0365,0.8825,0.3784,0.257
41,126,9,wake,0.3416,0.0887,0.0303,0.8825,0.3784,0.257
41,288,10,behind,0.3025,0.056,0.0169,0.8825,0.4774,0.2465
41,288,10,investig,0.1355,0.0251,0.0034,0.8825,0.4774,0.2465
41,288,10,vortex,0.3748,0.1735,0.065,0.8825,0.4774,0.2465
41,288,10,wing,0.1824,0.1013,0.0185,0.8825,0.4774,0.2465
42,521,1,airfoil,0.2182,0.1145,0.025,0.818,0.4596,0.4919
42,521,1,linear,0.1536,0.1075,0.0165,0.818,0.4596,0.4919
42,521,1,transon,0.443,0.0775,0.0343,0.818,0.4596,0.4919
42,521,1,flow,0.093,0.0244,0.0023,0.818,0.4596,0.4919
42,521,1,lead,0.1489,0.1043,0.0155,0.818,0.4596,0.4919
42,521,1,round,0.324,0.2268,0.0735,0.818,0.4596,0.4919
42,521,1,theori,0.0801,0.0421,0.0034,0.818,0.4596,0.4919
42,521,1,edg,0.1434,0.1004,0.0144,0.818,0.4596,0.4919
42,526,2,airfoil,0.2182,0.086,0.0188,0.818,0.4441,0.4287
42,526,2,transon,0.443,0.1747,0.0774,0.818,0.4441,0.4287
42,526,2,flow,0.093,0.055,0.0051,0.818,0.4441,0.4287
42,526,2,lead,0.1489,0.1175,0.0175,0.818,0.4441,0.4287
42,526,2,round,0.324,0.0639,0.0207,0.818,0.4441,0.4287
42,526,2,edg,0.1434,0.1131,0.0162,0.818,0.4441,0.4287
42,503,3,analyz,0.2226,0.0511,0.0114,0.818,0.4079,0.4127
42,503,3,airfoil,0.2182,0.1502,0.0328,0.818,0.4079,0.4127
42,503,3,transon,0.443,0.2034,0.0901,0.818,0.4079,0.4127
42,503,3,flow,0.093,0.0214,0.002,0.818,0.4079,0.4127
42,503,3,theori,0.0801,0.0184,0.0015,0.818,0.4079,0.4127
42,440,4,analyz,0.2226,0.0537,0.012,0.818,0.4862,0.3893
42,440,4,airfoil,0.2182,0.2107,0.046,0.818,0.4862,0.3893
42,440,4,transon,0.443,0.1604,0.0711,0.818,0.4862,0.3893
42,440,4,flow,0.093,0.0561,0.0052,0.818,0.4862,0.3893
42,440,4,lead,0.1489,0.0719,0.0107,0.818,0.4862,0.3893
42,440,4,edg,0.1434,0.0692,0.0099,0.818,0.4862,0.3893
42,469,5,valid,0.214,0.0545,0.0117,0.818,0.4268,0.3203
42,469,5,airfoil,0.2182,0.0555,0.0121,0.818,0.4268,0.3203
42,469,5,linear,0.1536,0.0391,0.006,0.818,0.4268,0.3203
42,469,5,transon,0.443,0.1692,0.0749,0.818,0.4268,0.3203
42,469,5,flow,0.093,0.0237,0.0022,0.818,0.4268,0.3203
42,469,5,theori,0.0801,0.0612,0.0049,0.818,0.4268,0.3203
42,467,6,airfoil,0.2182,0.1328,0.029,0.818,0.304,0.2894
42,467,6,transon,0.443,0.0809,0.0358,0.818,0.304,0.2894
42,467,6,flow,0.093,0.0226,0.0021,0.818,0.304,0.2894
42,467,6,lead,0.1489,0.0181,0.0027,0.818,0.304,0.2894
42,467,6,theori,0.0801,0.0293,0.0023,0.818,0.304,0.2894
42,468,7,around,0.2312,0.0514,0.0119,0.818,0.4712,0.2881
42,468,7,linear,0.1536,0.0341,0.0052,0.818,0.4712,0.2881
42,468,7,transon,0.443,0.1969,0.0872,0.818,0.4712,0.2881
42,468,7,flow,0.093,0.0413,0.0038,0.818,0.4712,0.2881
42,468,7,theori,0.0801,0.0356,0.0029,0.818,0.4712,0.2881
42,801,8,linear,0.1536,0.0173,0.0027,0.818,0.3545,0.2593
42,801,8,transon,0.443,0.1501,0.0665,0.818,0.3545,0.2593
42,801,8,flow,0.093,0.0105,0.001,0.818,0.3545,0.2593
42,801,8,theori,0.0801,0.0633,0.0051,0.818,0.3545,0.2593
42,496,9,around,0.2312,0.0469,0.0108,0.818,0.4776,0.2513
42,496,9,airfoil,0.2182,0.0885,0.0193,0.818,0.4776,0.2513
42,496,9,linear,0.1536,0.0312,0.0048,0.818,0.4776,0.2513
42,496,9,transon,0.443,0.1348,0.0597,0.818,0.4776,0.2513
42,496,9,flow,0.093,0.0094,0.0009,0.818,0.4776,0.2513
42,496,9,theori,0.0801,0.0325,0.0026,0.818,0.4776,0.2513
42,312,10,airfoil,0.2182,0.1553,0.0339,0.818,0.4151,0.24
42,312,10,transon,0.443,0.1051,0.0466,0.818,0.4151,0.24
42,312,10,flow,0.093,0.011,0.001,0.818,0.4151,0.24
43,503,1,airfoil,0.2777,0.1502,0.0417,0.8689,0.4079,0.3003
43,503,1,simpl,0.1845,0.0333,0.0061,0.8689,0.4079,0.3003
43,503,1,transon,0.2819,0.2034,0.0573,0.8689,0.4079,0.3003
43,503,1,flow,0.0592,0.0214,0.0013,0.8689,0.4079,0.3003
43,467,2,thin,0.212,0.0203,0.0043,0.8689,0.304,0.2924
43,467,2,approxim,0.119,0.0455,0.0054,0.8689,0.304,0.2924
43,467,2,airfoil,0.2777,0.1328,0.0369,0.8689,0.304,0.2924
43,467,2,simpl,0.1845,0.0353,0.0065,0.8689,0.304,0.2924
43,467,2,transon,0.2819,0.0809,0.0228,0.8689,0.304,0.2924
43,467,2,flow,0.0592,0.0226,0.0013,0.8689,0.304,0.2924
43,194,3,thin,0.212,0.063,0.0134,0.8689,0.5324,0.2681
43,194,3,airfoil,0.2777,0.3302,0.0917,0.8689,0.5324,0.2681
43,194,3,arbitrari,0.2526,0.0751,0.019,0.8689,0.5324,0.2681
43,469,4,airfoil,0.2777,0.0555,0.0154,0.8689,0.4268,0.2605
43,469,4,smooth,0.3556,0.0711,0.0253,0.8689,0.4268,0.2605
43,469,4,simpl,0.1845,0.0369,0.0068,0.8689,0.4268,0.2605
43,469,4,transon,0.2819,0.1692,0.0477,0.8689,0.4268,0.2605
43,469,4,flow,0.0592,0.0237,0.0014,0.8689,0.4268,0.2605
43,440,5,airfoil,0.2777,0.2107,0.0585,0.8689,0.4862,0.2533
43,440,5,transon,0.2819,0.1604,0.0452,0.8689,0.4862,0.2533
43,440,5,flow,0.0592,0.0561,0.0033,0.8689,0.4862,0.2533
43,39,6,airfoil,0.2777,0.2841,0.0789,0.8689,0.4407,0.2346
43,39,6,simpl,0.1845,0.0472,0.0087,0.8689,0.4407,0.2346
43,39,6,flow,0.0592,0.0379,0.0022,0.8689,0.4407,0.2346
43,404,7,approxim,0.119,0.0294,0.0035,0.8689,0.3725,0.2157
43,404,7,airfoil,0.2777,0.1373,0.0381,0.8689,0.3725,0.2157
43,404,7,simpl,0.1845,0.0228,0.0042,0.8689,0.3725,0.2157
43,404,7,transon,0.2819,0.0697,0.0196,0.8689,0.3725,0.2157
43,404,7,flow,0.0592,0.0732,0.0043,0.8689,0.3725,0.2157
43,312,8,airfoil,0.2777,0.1553,0.0431,0.8689,0.4151,0.2035
43,312,8,transon,0.2819,0.1051,0.0296,0.8689,0.4151,0.2035
43,312,8,flow,0.0592,0.011,0.0007,0.8689,0.4151,0.2035
43,526,9,airfoil,0.2777,0.086,0.0239,0.8689,0.4441,0.198
43,526,9,transon,0.2819,0.1747,0.0493,0.8689,0.4441,0.198
43,526,9,flow,0.0592,0.055,0.0033,0.8689,0.4441,0.198
43,468,10,thin,0.212,0.037,0.0078,0.8689,0.4712,0.1976
43,468,10,around,0.2943,0.0514,0.0151,0.8689,0.4712,0.1976
43,468,10,transon,0.2819,0.1969,0.0555,0.8689,0.4712,0.1976
43,468,10,flow,0.0592,0.0413,0.0024,0.8689,0.4712,0.1976
44,1190,1,chapman,0.5949,0.069,0.041,1.4817,0.4616,0.2168
44,1190,1,enskog,0.9055,0.105,0.0951,1.4817,0.4616,0.2168
44,1190,1,detail,0.3238,0.0375,0.0122,1.4817,0.4616,0.2168
44,862,2,rigor,0.6177,0.1544,0.0954,1.4817,0.5405,0.1191
44,1148,3,rigor,0.6177,0.2411,0.1489,1.4817,0.8651,0.1162
44,583,4,gase,0.4508,0.137,0.0617,1.4817,0.362,0.1151
44,385,5,rigor,0.6177,0.1765,0.109,1.4817,0.6684,0.1101
44,1199,6,kinet,0.5032,0.0559,0.0281,1.4817,0.3604,0.1072
44,1199,6,theori,0.2804,0.0234,0.0066,1.4817,0.3604,0.1072
44,1199,6,gase,0.4508,0.0501,0.0226,1.4817,0.3604,0.1072
44,103,7,kinet,0.5032,0.115,0.0579,1.4817,0.5942,0.0972
44,103,7,theori,0.2804,0.016,0.0045,1.4817,0.5942,0.0972
44,103,7,gase,0.4508,0.0515,0.0232,1.4817,0.5942,0.0972
44,1031,8,rigor,0.6177,0.0784,0.0485,1.4817,0.4483,0.0955
44,1031,8,theori,0.2804,0.0534,0.015,1.4817,0.4483,0.0955
44,943,9,chapman,0.5949,0.0529,0.0315,1.4817,0.4212,0.0865
44,943,9,kinet,0.5032,0.0447,0.0225,1.4817,0.4212,0.0865
44,1314,10,gase,0.4508,0.1678,0.0756,1.4817,0.5989,0.0852
45,305,1,surfac,0.1606,0.0622,0.01,0.6601,0.3329,0.5858
45,305,1,viscous,0.2711,0.1312,0.0356,0.6601,0.3329,0.5858
45,305,1,interact,0.3049,0.059,0.018,0.6601,0.3329,0.5858
45,305,1,mass,0.3313,0.0962,0.0319,0.6601,0.3329,0.5858
45,305,1,transfer,0.2119,0.082,0.0174,0.6601,0.3329,0.5858
45,305,1,hyperson,0.2343,0.068,0.0159,0.6601,0.3329,0.5858
45,525,2,surfac,0.1606,0.0838,0.0135,0.6601,0.377,0.5293
45,525,2,viscous,0.2711,0.0707,0.0192,0.6601,0.377,0.5293
45,525,2,interact,0.3049,0.0795,0.0243,0.6601,0.377,0.5293
45,525,2,mass,0.3313,0.1296,0.0429,0.6601,0.377,0.5293
45,525,2,transfer,0.2119,0.0829,0.0176,0.6601,0.377,0.5293
45,525,2,hyperson,0.2343,0.0611,0.0143,0.6601,0.377,0.5293
45,540,3,investig,0.1506,0.0236,0.0035,0.6601,0.2768,0.4525
45,540,3,surfac,0.1606,0.0126,0.002,0.6601,0.2768,0.4525
45,540,3,viscous,0.2711,0.0849,0.023,0.6601,0.2768,0.4525
45,540,3,interact,0.3049,0.0955,0.0291,0.6601,0.2768,0.4525
45,540,3,mass,0.3313,0.0259,0.0086,0.6601,0.2768,0.4525
45,540,3,transfer,0.2119,0.0166,0.0035,0.6601,0.2768,0.4525
45,540,3,hyperson,0.2343,0.055,0.0129,0.6601,0.2768,0.4525
45,1185,4,surfac,0.1606,0.0466,0.0075,0.6601,0.3518,0.3087
45,1185,4,mass,0.3313,0.1282,0.0425,0.6601,0.3518,0.3087
45,1185,4,transfer,0.2119,0.1025,0.0217,0.6601,0.3518,0.3087
45,123,5,effect,0.1059,0.0136,0.0014,0.6601,0.3205,0.2926
45,123,5,investig,0.1506,0.0097,0.0015,0.6601,0.3205,0.2926
45,123,5,mass,0.3313,0.1065,0.0353,0.6601,0.3205,0.2926
45,123,5,transfer,0.2119,0.0953,0.0202,0.6601,0.3205,0.2926
45,123,5,hyperson,0.2343,0.0151,0.0035,0.6601,0.3205,0.2926
45,570,6,viscous,0.2711,0.0444,0.012,0.6601,0.3548,0.2894
45,570,6,interact,0.3049,0.0998,0.0304,0.6601,0.3548,0.2894
45,570,6,transfer,0.2119,0.0347,0.0073,0.6601,0.3548,0.2894
45,570,6,hyperson,0.2343,0.0767,0.018,0.6601,0.3548,0.2894
45,84,7,investig,0.1506,0.0399,0.006,0.6601,0.3406,0.2835
45,84,7,surfac,0.1606,0.0142,0.0023,0.6601,0.3406,0.2835
45,84,7,mass,0.3313,0.1169,0.0387,0.6601,0.3406,0.2835
45,84,7,transfer,0.2119,0.0561,0.0119,0.6601,0.3406,0.2835
45,84,7,hyperson,0.2343,0.0207,0.0048,0.6601,0.3406,0.2835
45,1395,8,effect,0.1059,0.0149,0.0016,0.6601,0.3665,0.2807
45,1395,8,investig,0.1506,0.0212,0.0032,0.6601,0.3665,0.2807
45,1395,8,viscous,0.2711,0.0381,0.0103,0.6601,0.3665,0.2807
45,1395,8,interact,0.3049,0.0858,0.0262,0.6601,0.3665,0.2807
45,1395,8,transfer,0.2119,0.0894,0.0189,0.6601,0.3665,0.2807
45,1395,8,hyperson,0.2343,0.0329,0.0077,0.6601,0.3665,0.2807
45,63,9,viscous,0.2711,0.0996,0.027,0.6601,0.3228,0.2707
45,63,9,interact,0.3049,0.084,0.0256,0.6601,0.3228,0.2707
45,63,9,hyperson,0.2343,0.0215,0.005,0.6601,0.3228,0.2707
45,310,10,surfac,0.1606,0.0146,0.0023,0.6601,0.3458,0.2705
45,310,10,viscous,0.2711,0.1232,0.0334,0.6601,0.3458,0.2705
45,310,10,interact,0.3049,0.0554,0.0169,0.6601,0.3458,0.2705
45,310,10,transfer,0.2119,0.0193,0.0041,0.6601,0.3458,0.2705
45,310,10,hyperson,0.2343,0.0213,0.005,0.6601,0.3458,0.2705
46,305,1,surfac,0.1806,0.0622,0.0112,0.6746,0.3329,0.4029
46,305,1,flow,0.0814,0.035,0.0028,0.6746,0.3329,0.4029
46,305,1,mass,0.3727,0.0962,0.0358,0.6746,0.3329,0.4029
46,305,1,transfer,0.2383,0.082,0.0195,0.6746,0.3329,0.4029
46,305,1,heat,0.1901,0.0164,0.0031,0.6746,0.3329,0.4029
46,305,1,hyperson,0.2636,0.068,0.0179,0.6746,0.3329,0.4029
46,525,2,surfac,0.1806,0.0838,0.0151,0.6746,0.377,0.3995
46,525,2,flow,0.0814,0.0283,0.0023,0.6746,0.377,0.3995
46,525,2,mass,0.3727,0.1296,0.0483,0.6746,0.377,0.3995
46,525,2,transfer,0.2383,0.0829,0.0198,0.6746,0.377,0.3995
46,525,2,hyperson,0.2636,0.0611,0.0161,0.6746,0.377,0.3995
46,1185,3,surfac,0.1806,0.0466,0.0084,0.6746,0.3518,0.3791
46,1185,3,mass,0.3727,0.1282,0.0478,0.6746,0.3518,0.3791
46,1185,3,transfer,0.2383,0.1025,0.0244,0.6746,0.3518,0.3791
46,1185,3,heat,0.1901,0.0491,0.0093,0.6746,0.3518,0.3791
46,123,4,effect,0.1191,0.0136,0.0016,0.6746,0.3205,0.358
46,123,4,flow,0.0814,0.014,0.0011,0.6746,0.3205,0.358
46,123,4,mass,0.3727,0.1065,0.0397,0.6746,0.3205,0.358
46,123,4,transfer,0.2383,0.0953,0.0227,0.6746,0.3205,0.358
46,123,4,heat,0.1901,0.0434,0.0083,0.6746,0.3205,0.358
46,123,4,hyperson,0.2636,0.0151,0.004,0.6746,0.3205,0.358
46,84,5,surfac,0.1806,0.0142,0.0026,0.6746,0.3406,0.3108
46,84,5,flow,0.0814,0.0447,0.0036,0.6746,0.3406,0.3108
46,84,5,mass,0.3727,0.1169,0.0436,0.6746,0.3406,0.3108
46,84,5,transfer,0.2383,0.0561,0.0134,0.6746,0.3406,0.3108
46,84,5,heat,0.1901,0.0149,0.0028,0.6746,0.3406,0.3108
46,84,5,hyperson,0.2636,0.0207,0.0054,0.6746,0.3406,0.3108
46,803,6,effect,0.1191,0.0138,0.0016,0.6746,0.4526,0.2848
46,803,6,combin,0.3168,0.2571,0.0815,0.6746,0.4526,0.2848
46,803,6,flow,0.0814,0.0472,0.0038,0.6746,0.4526,0.2848
46,353,7,effect,0.1191,0.034,0.0041,0.6746,0.4347,0.2701
46,353,7,surfac,0.1806,0.086,0.0155,0.6746,0.4347,0.2701
46,353,7,mass,0.3727,0.071,0.0265,0.6746,0.4347,0.2701
46,353,7,transfer,0.2383,0.0681,0.0162,0.6746,0.4347,0.2701
46,353,7,heat,0.1901,0.0543,0.0103,0.6746,0.4347,0.2701
46,353,7,hyperson,0.2636,0.0251,0.0066,0.6746,0.4347,0.2701
46,37,8,surfac,0.1806,0.0596,0.0108,0.6746,0.3348,0.2606
46,37,8,flow,0.0814,0.0269,0.0022,0.6746,0.3348,0.2606
46,37,8,transfer,0.2383,0.059,0.0141,0.6746,0.3348,0.2606
46,37,8,heat,0.1901,0.047,0.0089,0.6746,0.3348,0.2606
46,37,8,hyperson,0.2636,0.0869,0.0229,0.6746,0.3348,0.2606
46,655,9,effect,0.1191,0.0318,0.0038,0.6746,0.3523,0.2568
46,655,9,surfac,0.1806,0.0723,0.0131,0.6746,0.3523,0.2568
46,655,9,flow,0.0814,0.0109,0.0009,0.6746,0.3523,0.2568
46,655,9,transfer,0.2383,0.0636,0.0151,0.6746,0.3523,0.2568
46,655,9,heat,0.1901,0.0507,0.0096,0.6746,0.3523,0.2568
46,655,9,hyperson,0.2636,0.0703,0.0185,0.6746,0.3523,0.2568
46,623,10,effect,0.1191,0.0372,0.0044,0.6746,0.389,0.2472
46,623,10,flow,0.0814,0.0102,0.0008,0.6746,0.389,0.2472
46,623,10,mass,0.3727,0.0699,0.026,0.6746,0.389,0.2472
46,623,10,transfer,0.2383,0.0745,0.0178,0.6746,0.389,0.2472
46,623,10,heat,0.1901,0.0832,0.0158,0.6746,0.389,0.2472
47,568,1,insul,0.5083,0.1718,0.0873,0.8796,0.3909,0.4967
47,568,1,plate,0.2274,0.0769,0.0175,0.8796,0.3909,0.4967
47,568,1,flat,0.2516,0.0851,0.0214,0.8796,0.3909,0.4967
47,568,1,interact,0.3431,0.0387,0.0133,0.8796,0.3909,0.4967
47,568,1,hyperson,0.2636,0.1188,0.0313,0.8796,0.3909,0.4967
47,525,2,insul,0.5083,0.1179,0.0599,0.8796,0.377,0.457
47,525,2,plate,0.2274,0.0527,0.012,0.8796,0.377,0.457
47,525,2,flat,0.2516,0.0584,0.0147,0.8796,0.377,0.457
47,525,2,viscous,0.305,0.0707,0.0216,0.8796,0.377,0.457
47,525,2,interact,0.3431,0.0795,0.0273,0.8796,0.377,0.457
47,525,2,hyperson,0.2636,0.0611,0.0161,0.8796,0.377,0.457
47,305,3,solut,0.1544,0.0531,0.0082,0.8796,0.3329,0.3778
47,305,3,plate,0.2274,0.0587,0.0133,0.8796,0.3329,0.3778
47,305,3,flat,0.2516,0.0433,0.0109,0.8796,0.3329,0.3778
47,305,3,viscous,0.305,0.1312,0.04,0.8796,0.3329,0.3778
47,305,3,interact,0.3431,0.059,0.0202,0.8796,0.3329,0.3778
47,305,3,hyperson,0.2636,0.068,0.0179,0.8796,0.3329,0.3778
47,540,4,solut,0.1544,0.043,0.0066,0.8796,0.2768,0.3276
47,540,4,viscous,0.305,0.0849,0.0259,0.8796,0.2768,0.3276
47,540,4,interact,0.3431,0.0955,0.0327,0.8796,0.2768,0.3276
47,540,4,hyperson,0.2636,0.055,0.0145,0.8796,0.2768,0.3276
47,570,5,solut,0.1544,0.0449,0.0069,0.8796,0.3548,0.3178
47,570,5,plate,0.2274,0.0662,0.015,0.8796,0.3548,0.3178
47,570,5,flat,0.2516,0.0366,0.0092,0.8796,0.3548,0.3178
47,570,5,viscous,0.305,0.0444,0.0135,0.8796,0.3548,0.3178
47,570,5,interact,0.3431,0.0998,0.0342,0.8796,0.3548,0.3178
47,570,5,hyperson,0.2636,0.0767,0.0202,0.8796,0.3548,0.3178
47,310,6,solut,0.1544,0.025,0.0039,0.8796,0.3458,0.2952
47,310,6,plate,0.2274,0.0368,0.0084,0.8796,0.3458,0.2952
47,310,6,flat,0.2516,0.061,0.0154,0.8796,0.3458,0.2952
47,310,6,viscous,0.305,0.1232,0.0376,0.8796,0.3458,0.2952
47,310,6,interact,0.3431,0.0554,0.019,0.8796,0.3458,0.2952
47,310,6,hyperson,0.2636,0.0213,0.0056,0.8796,0.3458,0.2952
47,304,7,solut,0.1544,0.0463,0.0072,0.8796,0.2529,0.2894
47,304,7,insul,0.5083,0.0508,0.0258,0.8796,0.2529,0.2894
47,304,7,plate,0.2274,0.0227,0.0052,0.8796,0.2529,0.2894
47,304,7,flat,0.2516,0.0252,0.0063,0.8796,0.2529,0.2894
47,304,7,viscous,0.305,0.0153,0.0047,0.8796,0.2529,0.2894
47,304,7,interact,0.3431,0.0343,0.0118,0.8796,0.2529,0.2894
47,304,7,hyperson,0.2636,0.0132,0.0035,0.8796,0.2529,0.2894
47,327,8,solut,0.1544,0.0225,0.0035,0.8796,0.4949,0.2876
47,327,8,exist,0.3103,0.0451,0.014,0.8796,0.4949,0.2876
47,327,8,plate,0.2274,0.0992,0.0226,0.8796,0.4949,0.2876
47,327,8,flat,0.2516,0.1098,0.0276,0.8796,0.4949,0.2876
47,327,8,interact,0.3431,0.0499,0.0171,0.8796,0.4949,0.2876
47,327,8,hyperson,0.2636,0.1533,0.0404,0.8796,0.4949,0.2876
47,1200,9,solut,0.1544,0.0252,0.0039,0.8796,0.3468,0.2679
47,1200,9,exist,0.3103,0.0253,0.0079,0.8796,0.3468,0.2679
47,1200,9,plate,0.2274,0.0557,0.0127,0.8796,0.3468,0.2679
47,1200,9,flat,0.2516,0.0616,0.0155,0.8796,0.3468,0.2679
47,1200,9,viscous,0.305,0.0498,0.0152,0.8796,0.3468,0.2679
47,1200,9,interact,0.3431,0.028,0.0096,0.8796,0.3468,0.2679
47,1200,9,hyperson,0.2636,0.0645,0.017,0.8796,0.3468,0.2679
47,170,10,exist,0.3103,0.037,0.0115,0.8796,0.3705,0.2509
47,170,10,interact,0.3431,0.2048,0.0703,0.8796,0.3705,0.2509
48,526,1,transon,0.5168,0.1747,0.0903,1.1095,0.4441,0.5788
48,526,1,attach,0.6246,0.1584,0.0989,1.1095,0.4441,0.5788
48,526,1,lead,0.3475,0.1175,0.0408,1.1095,0.4441,0.5788
48,526,1,speed,0.2612,0.0662,0.0173,1.1095,0.4441,0.5788
48,526,1,edg,0.3346,0.1131,0.0379,1.1095,0.4441,0.5788
48,440,2,transon,0.5168,0.1604,0.0829,1.1095,0.4862,0.4056
48,440,2,attach,0.6246,0.1292,0.0807,1.1095,0.4862,0.4056
48,440,2,lead,0.3475,0.0719,0.025,1.1095,0.4862,0.4056
48,440,2,speed,0.2612,0.027,0.0071,1.1095,0.4862,0.4056
48,440,2,edg,0.3346,0.0692,0.0232,1.1095,0.4862,0.4056
48,683,3,attach,0.6246,0.0955,0.0596,1.1095,0.3482,0.3468
48,683,3,lead,0.3475,0.093,0.0323,1.1095,0.3482,0.3468
48,683,3,speed,0.2612,0.03,0.0078,1.1095,0.3482,0.3468
48,683,3,edg,0.3346,0.1023,0.0342,1.1095,0.3482,0.3468
48,797,4,transon,0.5168,0.0312,0.0161,1.1095,0.3185,0.2891
48,797,4,attach,0.6246,0.0188,0.0118,1.1095,0.3185,0.2891
48,797,4,lead,0.3475,0.1048,0.0364,1.1095,0.3185,0.2891
48,797,4,speed,0.2612,0.0158,0.0041,1.1095,0.3185,0.2891
48,797,4,edg,0.3346,0.1009,0.0338,1.1095,0.3185,0.2891
48,439,5,transon,0.5168,0.0274,0.0142,1.1095,0.3437,0.2754
48,439,5,attach,0.6246,0.0663,0.0414,1.1095,0.3437,0.2754
48,439,5,lead,0.3475,0.0738,0.0257,1.1095,0.3437,0.2754
48,439,5,edg,0.3346,0.0711,0.0238,1.1095,0.3437,0.2754
48,334,6,lead,0.3475,0.1175,0.0408,1.1095,0.3103,0.2674
48,334,6,speed,0.2612,0.0331,0.0087,1.1095,0.3103,0.2674
48,334,6,edg,0.3346,0.1273,0.0426,1.1095,0.3103,0.2674
48,1228,7,attach,0.6246,0.05,0.0312,1.1095,0.3623,0.2629
48,1228,7,lead,0.3475,0.1112,0.0386,1.1095,0.3623,0.2629
48,1228,7,edg,0.3346,0.1071,0.0358,1.1095,0.3623,0.2629
48,638,8,control,0.5222,0.1729,0.0903,1.1095,0.4451,0.2448
48,638,8,transon,0.5168,0.0214,0.0111,1.1095,0.4451,0.2448
48,638,8,speed,0.2612,0.0216,0.0056,1.1095,0.4451,0.2448
48,638,8,edg,0.3346,0.0415,0.0139,1.1095,0.4451,0.2448
48,503,9,transon,0.5168,0.2034,0.1051,1.1095,0.4079,0.2322
48,368,10,control,0.5222,0.2474,0.1292,1.1095,0.5019,0.232
49,527,1,three,0.0924,0.0716,0.0066,0.6016,0.3534,0.4813
49,527,1,blasius,0.2835,0.2195,0.0622,0.6016,0.3534,0.4813
49,527,1,valu,0.093,0.024,0.0022,0.6016,0.3534,0.4813
49,527,1,numer,0.1216,0.0314,0.0038,0.6016,0.3534,0.4813
49,527,1,use,0.0627,0.0162,0.001,0.6016,0.3534,0.4813
49,527,1,equat,0.078,0.0604,0.0047,0.6016,0.3534,0.4813
49,527,1,point,0.0674,0.0522,0.0035,0.6016,0.3534,0.4813
49,527,1,boundari,0.1364,0.0704,0.0096,0.6016,0.3534,0.4813
49,527,1,condit,0.0894,0.0231,0.0021,0.6016,0.3534,0.4813
49,527,1,problem,0.0917,0.071,0.0065,0.6016,0.3534,0.4813
49,321,2,three,0.0924,0.0239,0.0022,0.6016,0.3898,0.3353
49,321,2,blasius,0.2835,0.1463,0.0415,0.6016,0.3898,0.3353
49,321,2,valu,0.093,0.024,0.0022,0.6016,0.3898,0.3353
49,321,2,numer,0.1216,0.0942,0.0115,0.6016,0.3898,0.3353
49,321,2,integr,0.1409,0.0364,0.0051,0.6016,0.3898,0.3353
49,321,2,use,0.0627,0.0162,0.001,0.6016,0.3898,0.3353
49,321,2,equat,0.078,0.0201,0.0016,0.6016,0.3898,0.3353
49,321,2,point,0.0674,0.0348,0.0023,0.6016,0.3898,0.3353
49,321,2,boundari,0.1364,0.0352,0.0048,0.6016,0.3898,0.3353
49,321,2,condit,0.0894,0.0231,0.0021,0.6016,0.3898,0.3353
49,321,2,problem,0.0917,0.0473,0.0043,0.6016,0.3898,0.3353
49,320,3,three,0.0924,0.0924,0.0085,0.6016,0.7136,0.3316
49,320,3,blasius,0.2835,0.2835,0.0804,0.6016,0.7136,0.3316
49,320,3,numer,0.1216,0.1216,0.0148,0.6016,0.7136,0.3316
49,320,3,point,0.0674,0.0674,0.0045,0.6016,0.7136,0.3316
49,320,3,boundari,0.1364,0.0682,0.0093,0.6016,0.7136,0.3316
49,320,3,condit,0.0894,0.0894,0.008,0.6016,0.7136,0.3316
49,320,3,problem,0.0917,0.1833,0.0168,0.6016,0.7136,0.3316
49,322,4,three,0.0924,0.0493,0.0046,0.6016,0.4825,0.2997
49,322,4,blasius,0.2835,0.1512,0.0429,0.6016,0.4825,0.2997
49,322,4,numer,0.1216,0.0649,0.0079,0.6016,0.4825,0.2997
49,322,4,integr,0.1409,0.0751,0.0106,0.6016,0.4825,0.2997
49,322,4,point,0.0674,0.036,0.0024,0.6016,0.4825,0.2997
49,322,4,boundari,0.1364,0.0728,0.0099,0.6016,0.4825,0.2997
49,322,4,condit,0.0894,0.0477,0.0043,0.6016,0.4825,0.2997
49,322,4,problem,0.0917,0.0489,0.0045,0.6016,0.4825,0.2997
49,832,5,iter,0.2516,0.7001,0.1761,0.6016,1.0465,0.2865
49,832,5,equat,0.078,0.0543,0.0042,0.6016,1.0465,0.2865
49,1087,6,iter,0.2516,0.3354,0.0844,0.6016,0.5383,0.2849
49,1087,6,numer,0.1216,0.027,0.0033,0.6016,0.5383,0.2849
49,1087,6,equat,0.078,0.0347,0.0027,0.6016,0.5383,0.2849
49,1087,6,problem,0.0917,0.0204,0.0019,0.6016,0.5383,0.2849
49,349,7,without,0.1821,0.0422,0.0077,0.6016,0.289,0.2804
49,349,7,valu,0.093,0.0108,0.001,0.6016,0.289,0.2804
49,349,7,numer,0.1216,0.0282,0.0034,0.6016,0.289,0.2804
49,349,7,integr,0.1409,0.0163,0.0023,0.6016,0.289,0.2804
49,349,7,use,0.0627,0.0291,0.0018,0.6016,0.289,0.2804
49,349,7,equat,0.078,0.0633,0.0049,0.6016,0.289,0.2804
49,349,7,boundari,0.1364,0.0316,0.0043,0.6016,0.289,0.2804
49,349,7,condit,0.0894,0.0104,0.0009,0.6016,0.289,0.2804
49,349,7,problem,0.0917,0.0425,0.0039,0.6016,0.289,0.2804
49,349,7,transform,0.1938,0.0674,0.0131,0.6016,0.289,0.2804
49,349,7,suitabl,0.2148,0.0249,0.0054,0.6016,0.289,0.2804
49,377,8,integr,0.1409,0.0563,0.0079,0.6016,0.4628,0.2779
49,377,8,equat,0.078,0.078,0.0061,0.6016,0.4628,0.2779
49,377,8,boundari,0.1364,0.0546,0.0074,0.6016,0.4628,0.2779
49,377,8,condit,0.0894,0.0179,0.0016,0.6016,0.4628,0.2779
49,377,8,transform,0.1938,0.2326,0.0451,0.6016,0.4628,0.2779
49,377,8,suitabl,0.2148,0.043,0.0092,0.6016,0.4628,0.2779
49,1370,9,three,0.0924,0.0117,0.0011,0.6016,0.316,0.2593
49,1370,9,iter,0.2516,0.0319,0.008,0.6016,0.316,0.2593
49,1370,9,blasius,0.2835,0.072,0.0204,0.6016,0.316,0.2593
49,1370,9,without,0.1821,0.0231,0.0042,0.6016,0.316,0.2593
49,1370,9,valu,0.093,0.0118,0.0011,0.6016,0.316,0.2593
49,1370,9,use,0.0627,0.008,0.0005,0.6016,0.316,0.2593
49,1370,9,equat,0.078,0.0396,0.0031,0.6016,0.316,0.2593
49,1370,9,point,0.0674,0.0086,0.0006,0.6016,0.316,0.2593
49,1370,9,boundari,0.1364,0.0173,0.0024,0.6016,0.316,0.2593
49,1370,9,condit,0.0894,0.0114,0.001,0.6016,0.316,0.2593
49,1370,9,problem,0.0917,0.0233,0.0021,0.6016,0.316,0.2593
49,1370,9,transform,0.1938,0.0246,0.0048,0.6016,0.316,0.2593
49,16,10,valu,0.093,0.0191,0.0018,0.6016,0.4032,0.2384
49,16,10,equat,0.078,0.016,0.0012,0.6016,0.4032,0.2384
49,16,10,point,0.0674,0.0138,0.0009,0.6016,0.4032,0.2384
49,16,10,boundari,0.1364,0.056,0.0076,0.6016,0.4032,0.2384
49,16,10,transform,0.1938,0.2385,0.0462,0.6016,0.4032,0.2384
50,1112,1,bodi,0.1422,0.198,0.0282,0.8171,0.4122,0.2638
50,1112,1,slender,0.2436,0.1696,0.0413,0.8171,0.4122,0.2638
50,1112,1,revolut,0.2637,0.0734,0.0194,0.8171,0.4122,0.2638
50,801,2,characterist,0.1845,0.0164,0.003,0.8171,0.3545,0.227
50,801,2,bodi,0.1422,0.0631,0.009,0.8171,0.3545,0.227
50,801,2,slender,0.2436,0.1513,0.0369,0.8171,0.3545,0.227
50,801,2,small,0.1607,0.0285,0.0046,0.8171,0.3545,0.227
50,801,2,revolut,0.2637,0.0468,0.0123,0.8171,0.3545,0.227
50,192,3,bodi,0.1422,0.0752,0.0107,0.8171,0.329,0.2185
50,192,3,slender,0.2436,0.0515,0.0126,0.8171,0.329,0.2185
50,192,3,small,0.1607,0.034,0.0055,0.8171,0.329,0.2185
50,192,3,boundari,0.0992,0.063,0.0062,0.8171,0.329,0.2185
50,192,3,revolut,0.2637,0.0558,0.0147,0.8171,0.329,0.2185
50,192,3,layer,0.1108,0.082,0.0091,0.8171,0.329,0.2185
50,1301,4,bodi,0.1422,0.0841,0.012,0.8171,0.3324,0.2133
50,1301,4,boundari,0.0992,0.0587,0.0058,0.8171,0.3324,0.2133
50,1301,4,revolut,0.2637,0.1247,0.0329,0.8171,0.3324,0.2133
50,1301,4,layer,0.1108,0.0655,0.0073,0.8171,0.3324,0.2133
50,326,5,effect,0.0866,0.056,0.0049,0.8171,0.4896,0.1864
50,326,5,bodi,0.1422,0.046,0.0065,0.8171,0.4896,0.1864
50,326,5,slender,0.2436,0.0788,0.0192,0.8171,0.4896,0.1864
50,326,5,boundari,0.0992,0.0963,0.0096,0.8171,0.4896,0.1864
50,326,5,revolut,0.2637,0.0853,0.0225,0.8171,0.4896,0.1864
50,326,5,layer,0.1108,0.1075,0.0119,0.8171,0.4896,0.1864
50,494,6,effect,0.0866,0.0307,0.0027,0.8171,0.3544,0.182
50,494,6,bodi,0.1422,0.0505,0.0072,0.8171,0.3544,0.182
50,494,6,slender,0.2436,0.0864,0.0211,0.8171,0.3544,0.182
50,494,6,revolut,0.2637,0.0624,0.0164,0.8171,0.3544,0.182
50,494,6,gas,0.2126,0.0252,0.0053,0.8171,0.3544,0.182
50,1259,7,effect,0.0866,0.0094,0.0008,0.8171,0.3541,0.1808
50,1259,7,bodi,0.1422,0.0465,0.0066,0.8171,0.3541,0.1808
50,1259,7,slender,0.2436,0.1061,0.0259,0.8171,0.3541,0.1808
50,1259,7,small,0.1607,0.0175,0.0028,0.8171,0.3541,0.1808
50,1259,7,boundari,0.0992,0.0108,0.0011,0.8171,0.3541,0.1808
50,1259,7,revolut,0.2637,0.0574,0.0151,0.8171,0.3541,0.1808
50,248,8,bodi,0.1422,0.0661,0.0094,0.8171,0.3506,0.1777
50,248,8,slender,0.2436,0.0377,0.0092,0.8171,0.3506,0.1777
50,248,8,revolut,0.2637,0.1226,0.0323,0.8171,0.3506,0.1777
50,498,9,bodi,0.1422,0.1273,0.0181,0.8171,0.3703,0.1774
50,498,9,revolut,0.2637,0.1349,0.0356,0.8171,0.3703,0.1774
50,124,10,characterist,0.1845,0.0161,0.003,0.8171,0.2895,0.1747
50,124,10,effect,0.0866,0.0151,0.0013,0.8171,0.2895,0.1747
50,124,10,bodi,0.1422,0.0248,0.0035,0.8171,0.2895,0.1747
50,124,10,boundari,0.0992,0.0173,0.0017,0.8171,0.2895,0.1747
50,124,10,revolut,0.2637,0.046,0.0121,0.8171,0.2895,0.1747
50,124,10,amount,0.3166,0.0553,0.0175,0.8171,0.2895,0.1747
50,124,10,layer,0.1108,0.0193,0.0021,0.8171,0.2895,0.1747
51,494,1,effect,0.0733,0.0307,0.0023,0.8151,0.3544,0.328
51,494,1,bodi,0.1203,0.0505,0.0061,0.8151,0.3544,0.328
51,494,1,transvers,0.241,0.1011,0.0244,0.8151,0.3544,0.328
51,494,1,slender,0.2061,0.0864,0.0178,0.8151,0.3544,0.328
51,494,1,flow,0.0501,0.042,0.0021,0.8151,0.3544,0.328
51,494,1,curvatur,0.2595,0.1088,0.0282,0.8151,0.3544,0.328
51,494,1,revolut,0.2231,0.0624,0.0139,0.8151,0.3544,0.328
51,326,2,effect,0.0733,0.056,0.0041,0.8151,0.4896,0.283
51,326,2,bodi,0.1203,0.046,0.0055,0.8151,0.4896,0.283
51,326,2,transvers,0.241,0.0922,0.0222,0.8151,0.4896,0.283
51,326,2,slender,0.2061,0.0788,0.0162,0.8151,0.4896,0.283
51,326,2,flow,0.0501,0.0383,0.0019,0.8151,0.4896,0.283
51,326,2,boundari,0.084,0.0963,0.0081,0.8151,0.4896,0.283
51,326,2,curvatur,0.2595,0.0992,0.0257,0.8151,0.4896,0.283
51,326,2,revolut,0.2231,0.0853,0.019,0.8151,0.4896,0.283
51,326,2,layer,0.0937,0.1075,0.0101,0.8151,0.4896,0.283
51,1112,3,bodi,0.1203,0.198,0.0238,0.8151,0.4122,0.2262
51,1112,3,slender,0.2061,0.1696,0.035,0.8151,0.4122,0.2262
51,1112,3,flow,0.0501,0.0165,0.0008,0.8151,0.4122,0.2262
51,1112,3,revolut,0.2231,0.0734,0.0164,0.8151,0.4122,0.2262
51,528,4,effect,0.0733,0.0122,0.0009,0.8151,0.3985,0.2186
51,528,4,bodi,0.1203,0.0602,0.0072,0.8151,0.3985,0.2186
51,528,4,transvers,0.241,0.0803,0.0194,0.8151,0.3985,0.2186
51,528,4,slender,0.2061,0.0344,0.0071,0.8151,0.3985,0.2186
51,528,4,flow,0.0501,0.0083,0.0004,0.8151,0.3985,0.2186
51,528,4,boundari,0.084,0.028,0.0023,0.8151,0.3985,0.2186
51,528,4,curvatur,0.2595,0.0865,0.0224,0.8151,0.3985,0.2186
51,528,4,revolut,0.2231,0.0372,0.0083,0.8151,0.3985,0.2186
51,528,4,layer,0.0937,0.0312,0.0029,0.8151,0.3985,0.2186
51,94,5,effect,0.0733,0.0269,0.002,0.8151,0.2433,0.2085
51,94,5,bodi,0.1203,0.0189,0.0023,0.8151,0.2433,0.2085
51,94,5,transvers,0.241,0.0632,0.0152,0.8151,0.2433,0.2085
51,94,5,flow,0.0501,0.0184,0.0009,0.8151,0.2433,0.2085
51,94,5,boundari,0.084,0.0176,0.0015,0.8151,0.2433,0.2085
51,94,5,curvatur,0.2595,0.068,0.0176,0.8151,0.2433,0.2085
51,94,5,layer,0.0937,0.0197,0.0018,0.8151,0.2433,0.2085
51,23,6,effect,0.0733,0.0366,0.0027,0.8151,0.3265,0.205
51,23,6,transvers,0.241,0.0402,0.0097,0.8151,0.3265,0.205
51,23,6,flow,0.0501,0.0417,0.0021,0.8151,0.3265,0.205
51,23,6,boundari,0.084,0.042,0.0035,0.8151,0.3265,0.205
51,23,6,curvatur,0.2595,0.1297,0.0337,0.8151,0.3265,0.205
51,23,6,layer,0.0937,0.0312,0.0029,0.8151,0.3265,0.205
51,1301,7,bodi,0.1203,0.0841,0.0101,0.8151,0.3324,0.1861
51,1301,7,flow,0.0501,0.028,0.0014,0.8151,0.3324,0.1861
51,1301,7,boundari,0.084,0.0587,0.0049,0.8151,0.3324,0.1861
51,1301,7,revolut,0.2231,0.1247,0.0278,0.8151,0.3324,0.1861
51,1301,7,layer,0.0937,0.0655,0.0061,0.8151,0.3324,0.1861
51,1214,8,bodi,0.1203,0.0554,0.0067,0.8151,0.3788,0.1783
51,1214,8,inform,0.2662,0.0919,0.0244,0.8151,0.3788,0.1783
51,1214,8,avail,0.2192,0.1009,0.0221,0.8151,0.3788,0.1783
51,1214,8,boundari,0.084,0.0097,0.0008,0.8151,0.3788,0.1783
51,1214,8,layer,0.0937,0.0108,0.001,0.8151,0.3788,0.1783
51,801,9,bodi,0.1203,0.0631,0.0076,0.8151,0.3545,0.1721
51,801,9,slender,0.2061,0.1513,0.0312,0.8151,0.3545,0.1721
51,801,9,flow,0.0501,0.0105,0.0005,0.8151,0.3545,0.1721
51,801,9,revolut,0.2231,0.0468,0.0104,0.8151,0.3545,0.1721
51,192,10,bodi,0.1203,0.0752,0.009,0.8151,0.329,0.1704
51,192,10,slender,0.2061,0.0515,0.0106,0.8151,0.329,0.1704
51,192,10,flow,0.0501,0.0125,0.0006,0.8151,0.329,0.1704
51,192,10,boundari,0.084,0.063,0.0053,0.8151,0.329,0.1704
51,192,10,revolut,0.2231,0.0558,0.0124,0.8151,0.329,0.1704
51,192,10,layer,0.0937,0.082,0.0077,0.8151,0.329,0.1704
52,550,1,effect,0.1732,0.0392,0.0068,0.983,0.419,0.3031
52,550,1,slip,0.401,0.1813,0.0727,0.983,0.419,0.3031
52,550,1,rarefact,0.5325,0.0802,0.0427,0.983,0.419,0.3031
52,550,1,flow,0.0592,0.0446,0.0026,0.983,0.419,0.3031
52,326,2,effect,0.1732,0.056,0.0097,0.983,0.4896,0.2857
52,326,2,slip,0.401,0.2595,0.104,0.983,0.4896,0.2857
52,326,2,flow,0.0592,0.0383,0.0023,0.983,0.4896,0.2857
52,326,2,boundari,0.0992,0.0963,0.0096,0.983,0.4896,0.2857
52,326,2,layer,0.1108,0.1075,0.0119,0.983,0.4896,0.2857
52,22,3,slip,0.401,0.2801,0.1123,0.983,0.4767,0.2542
52,22,3,flow,0.0592,0.0207,0.0012,0.983,0.4767,0.2542
52,22,3,boundari,0.0992,0.0347,0.0034,0.983,0.4767,0.2542
52,22,3,layer,0.1108,0.0193,0.0021,0.983,0.4767,0.2542
52,21,4,effect,0.1732,0.028,0.0049,0.983,0.5442,0.2325
52,21,4,slip,0.401,0.2595,0.104,0.983,0.5442,0.2325
52,21,4,flow,0.0592,0.0192,0.0011,0.983,0.5442,0.2325
52,21,4,boundari,0.0992,0.0642,0.0064,0.983,0.5442,0.2325
52,21,4,layer,0.1108,0.0717,0.0079,0.983,0.5442,0.2325
52,1215,5,effect,0.1732,0.0595,0.0103,0.983,0.4501,0.2317
52,1215,5,slip,0.401,0.2068,0.0829,0.983,0.4501,0.2317
52,1215,5,boundari,0.0992,0.0512,0.0051,0.983,0.4501,0.2317
52,1215,5,layer,0.1108,0.0381,0.0042,0.983,0.4501,0.2317
52,306,6,effect,0.1732,0.0205,0.0035,0.983,0.3241,0.2309
52,306,6,slip,0.401,0.1423,0.0571,0.983,0.3241,0.2309
52,306,6,flow,0.0592,0.042,0.0025,0.983,0.3241,0.2309
52,306,6,boundari,0.0992,0.0469,0.0047,0.983,0.3241,0.2309
52,306,6,layer,0.1108,0.0524,0.0058,0.983,0.3241,0.2309
52,528,7,effect,0.1732,0.0122,0.0021,0.983,0.3985,0.1962
52,528,7,slip,0.401,0.1697,0.068,0.983,0.3985,0.1962
52,528,7,flow,0.0592,0.0083,0.0005,0.983,0.3985,0.1962
52,528,7,boundari,0.0992,0.028,0.0028,0.983,0.3985,0.1962
52,528,7,layer,0.1108,0.0312,0.0035,0.983,0.3985,0.1962
52,1214,8,inform,0.3145,0.0919,0.0289,0.983,0.3788,0.1536
52,1214,8,avail,0.2591,0.1009,0.0261,0.983,0.3788,0.1536
52,1214,8,boundari,0.0992,0.0097,0.001,0.983,0.3788,0.1536
52,1214,8,layer,0.1108,0.0108,0.0012,0.983,0.3788,0.1536
52,629,9,effect,0.1732,0.042,0.0073,0.983,0.379,0.1354
52,629,9,slip,0.401,0.0649,0.026,0.983,0.379,0.1354
52,629,9,flow,0.0592,0.0479,0.0028,0.983,0.379,0.1354
52,629,9,boundari,0.0992,0.0642,0.0064,0.983,0.379,0.1354
52,629,9,layer,0.1108,0.0717,0.0079,0.983,0.379,0.1354
52,251,10,inform,0.3145,0.1472,0.0463,0.983,0.4891,0.129
52,251,10,avail,0.2591,0.0606,0.0157,0.983,0.4891,0.129
53,208,1,presenc,0.2327,0.0432,0.0101,0.8664,0.5845,0.5334
53,208,1,field,0.3262,0.1212,0.0395,0.8664,0.5845,0.5334
53,208,1,flow,0.0501,0.0186,0.0009,0.8664,0.5845,0.5334
53,208,1,ioniz,0.3973,0.2951,0.1173,0.8664,0.5845,0.5334
53,208,1,magnet,0.2754,0.2558,0.0704,0.8664,0.5845,0.5334
53,208,1,gas,0.1799,0.1002,0.018,0.8664,0.5845,0.5334
53,208,1,partial,0.2735,0.0508,0.0139,0.8664,0.5845,0.5334
53,269,2,presenc,0.2327,0.0864,0.0201,0.8664,0.4905,0.3326
53,269,2,field,0.3262,0.1514,0.0494,0.8664,0.4905,0.3326
53,269,2,flow,0.0501,0.0279,0.0014,0.8664,0.4905,0.3326
53,269,2,magnet,0.2754,0.2558,0.0704,0.8664,0.4905,0.3326
53,267,3,presenc,0.2327,0.028,0.0065,0.8664,0.3824,0.3253
53,267,3,made,0.1062,0.0128,0.0014,0.8664,0.3824,0.3253
53,267,3,field,0.3262,0.1374,0.0448,0.8664,0.3824,0.3253
53,267,3,flow,0.0501,0.006,0.0003,0.8664,0.3824,0.3253
53,267,3,magnet,0.2754,0.1989,0.0548,0.8664,0.3824,0.3253
53,61,4,presenc,0.2327,0.0432,0.0101,0.8664,0.4757,0.3175
53,61,4,field,0.3262,0.1514,0.0494,0.8664,0.4757,0.3175
53,61,4,flow,0.0501,0.0186,0.0009,0.8664,0.4757,0.3175
53,61,4,magnet,0.2754,0.2558,0.0704,0.8664,0.4757,0.3175
53,298,5,presenc,0.2327,0.189,0.044,0.8664,0.5726,0.3042
53,298,5,field,0.3262,0.1325,0.0432,0.8664,0.5726,0.3042
53,298,5,flow,0.0501,0.0407,0.002,0.8664,0.5726,0.3042
53,298,5,magnet,0.2754,0.2238,0.0616,0.8664,0.5726,0.3042
53,1221,6,presenc,0.2327,0.0504,0.0117,0.8664,0.4891,0.2983
53,1221,6,field,0.3262,0.0707,0.0231,0.8664,0.4891,0.2983
53,1221,6,flow,0.0501,0.0217,0.0011,0.8664,0.4891,0.2983
53,1221,6,ioniz,0.3973,0.0861,0.0342,0.8664,0.4891,0.2983
53,1221,6,magnet,0.2754,0.179,0.0493,0.8664,0.4891,0.2983
53,1221,6,gas,0.1799,0.039,0.007,0.8664,0.4891,0.2983
53,437,7,field,0.3262,0.0558,0.0182,0.8664,0.5688,0.296
53,437,7,ioniz,0.3973,0.1359,0.054,0.8664,0.5688,0.296
53,437,7,magnet,0.2754,0.0942,0.026,0.8664,0.5688,0.296
53,437,7,gas,0.1799,0.1231,0.0221,0.8664,0.5688,0.296
53,437,7,partial,0.2735,0.0936,0.0256,0.8664,0.5688,0.296
53,653,8,field,0.3262,0.1377,0.0449,0.8664,0.4645,0.275
53,653,8,flow,0.0501,0.0338,0.0017,0.8664,0.4645,0.275
53,653,8,magnet,0.2754,0.2325,0.064,0.8664,0.4645,0.275
53,1253,9,bodi,0.1203,0.0265,0.0032,0.8664,0.3849,0.2632
53,1253,9,presenc,0.2327,0.0513,0.0119,0.8664,0.3849,0.2632
53,1253,9,investig,0.1043,0.023,0.0024,0.8664,0.3849,0.2632
53,1253,9,field,0.3262,0.1078,0.0352,0.8664,0.3849,0.2632
53,1253,9,flow,0.0501,0.0331,0.0017,0.8664,0.3849,0.2632
53,1253,9,magnet,0.2754,0.1214,0.0334,0.8664,0.3849,0.2632
53,1273,10,presenc,0.2327,0.0712,0.0166,0.8664,0.4185,0.2592
53,1273,10,field,0.3262,0.1247,0.0407,0.8664,0.4185,0.2592
53,1273,10,flow,0.0501,0.0383,0.0019,0.8664,0.4185,0.2592
53,1273,10,magnet,0.2754,0.1264,0.0348,0.8664,0.4185,0.2592
54,123,1,effect,0.0794,0.0136,0.0011,0.8469,0.3205,0.5103
54,123,1,nose,0.2112,0.0362,0.0076,0.8469,0.3205,0.5103
54,123,1,downstream,0.2584,0.0443,0.0114,0.8469,0.3205,0.5103
54,123,1,mass,0.4969,0.1065,0.0529,0.8469,0.3205,0.5103
54,123,1,transfer,0.4767,0.0953,0.0454,0.8469,0.3205,0.5103
54,123,1,cone,0.2054,0.0704,0.0145,0.8469,0.3205,0.5103
54,123,1,heat,0.1267,0.0434,0.0055,0.8469,0.3205,0.5103
54,1185,2,mass,0.4969,0.1282,0.0637,0.8469,0.3518,0.3988
54,1185,2,transfer,0.4767,0.1025,0.0489,0.8469,0.3518,0.3988
54,1185,2,heat,0.1267,0.0491,0.0062,0.8469,0.3518,0.3988
54,84,3,blunt,0.1919,0.0226,0.0043,0.8469,0.3406,0.3825
54,84,3,region,0.1742,0.0205,0.0036,0.8469,0.3406,0.3825
54,84,3,downstream,0.2584,0.0608,0.0157,0.8469,0.3406,0.3825
54,84,3,mass,0.4969,0.1169,0.0581,0.8469,0.3406,0.3825
54,84,3,transfer,0.4767,0.0561,0.0267,0.8469,0.3406,0.3825
54,84,3,heat,0.1267,0.0149,0.0019,0.8469,0.3406,0.3825
54,525,4,region,0.1742,0.0909,0.0158,0.8469,0.377,0.3751
54,525,4,mass,0.4969,0.1296,0.0644,0.8469,0.377,0.3751
54,525,4,transfer,0.4767,0.0829,0.0395,0.8469,0.377,0.3751
54,305,5,region,0.1742,0.0899,0.0157,0.8469,0.3329,0.3711
54,305,5,mass,0.4969,0.0962,0.0478,0.8469,0.3329,0.3711
54,305,5,transfer,0.4767,0.082,0.0391,0.8469,0.3329,0.3711
54,305,5,heat,0.1267,0.0164,0.0021,0.8469,0.3329,0.3711
54,666,6,effect,0.0794,0.0121,0.001,0.8469,0.2881,0.3106
54,666,6,blunt,0.1919,0.0291,0.0056,0.8469,0.2881,0.3106
54,666,6,region,0.1742,0.0794,0.0138,0.8469,0.2881,0.3106
54,666,6,nose,0.2112,0.0642,0.0136,0.8469,0.2881,0.3106
54,666,6,transfer,0.4767,0.0724,0.0345,0.8469,0.2881,0.3106
54,666,6,heat,0.1267,0.0577,0.0073,0.8469,0.2881,0.3106
54,44,7,effect,0.0794,0.0174,0.0014,0.8469,0.3,0.3088
54,44,7,blunt,0.1919,0.0983,0.0189,0.8469,0.3,0.3088
54,44,7,nose,0.2112,0.1082,0.0229,0.8469,0.3,0.3088
54,44,7,mass,0.4969,0.0182,0.009,0.8469,0.3,0.3088
54,44,7,transfer,0.4767,0.0349,0.0166,0.8469,0.3,0.3088
54,44,7,cone,0.2054,0.0301,0.0062,0.8469,0.3,0.3088
54,44,7,heat,0.1267,0.0278,0.0035,0.8469,0.3,0.3088
54,1213,8,effect,0.0794,0.0203,0.0016,0.8469,0.397,0.292
54,1213,8,blunt,0.1919,0.0653,0.0125,0.8469,0.397,0.292
54,1213,8,nose,0.2112,0.0539,0.0114,0.8469,0.397,0.292
54,1213,8,transfer,0.4767,0.0947,0.0451,0.8469,0.397,0.292
54,1213,8,cone,0.2054,0.0874,0.018,0.8469,0.397,0.292
54,1213,8,heat,0.1267,0.0755,0.0096,0.8469,0.397,0.292
54,1307,9,effect,0.0794,0.0115,0.0009,0.8469,0.2974,0.2746
54,1307,9,blunt,0.1919,0.0558,0.0107,0.8469,0.2974,0.2746
54,1307,9,region,0.1742,0.0253,0.0044,0.8469,0.2974,0.2746
54,1307,9,nose,0.2112,0.0614,0.013,0.8469,0.2974,0.2746
54,1307,9,transfer,0.4767,0.0462,0.022,0.8469,0.2974,0.2746
54,1307,9,cone,0.2054,0.0598,0.0123,0.8469,0.2974,0.2746
54,1307,9,heat,0.1267,0.0461,0.0058,0.8469,0.2974,0.2746
54,559,10,effect,0.0794,0.0173,0.0014,0.8469,0.3583,0.2555
54,559,10,blunt,0.1919,0.0837,0.0161,0.8469,0.3583,0.2555
54,559,10,transfer,0.4767,0.104,0.0496,0.8469,0.3583,0.2555
54,559,10,heat,0.1267,0.0829,0.0105,0.8469,0.3583,0.2555
55,376,1,compress,0.1626,0.1301,0.0211,0.6914,0.4733,0.3014
55,376,1,incompress,0.1968,0.1574,0.031,0.6914,0.4733,0.3014
55,376,1,boundari,0.1819,0.097,0.0176,0.6914,0.4733,0.3014
55,376,1,appli,0.1605,0.0428,0.0069,0.6914,0.4733,0.3014
55,376,1,layer,0.2031,0.1083,0.022,0.6914,0.4733,0.3014
55,4,2,incompress,0.1968,0.1005,0.0198,0.6914,0.3448,0.298
55,4,2,boundari,0.1819,0.1161,0.0211,0.6914,0.3448,0.298
55,4,2,problem,0.1222,0.0312,0.0038,0.6914,0.3448,0.298
55,4,2,layer,0.2031,0.1296,0.0263,0.6914,0.3448,0.298
55,460,3,compress,0.1626,0.1027,0.0167,0.6914,0.3972,0.2677
55,460,3,incompress,0.1968,0.1243,0.0245,0.6914,0.3972,0.2677
55,460,3,boundari,0.1819,0.0766,0.0139,0.6914,0.3972,0.2677
55,460,3,appli,0.1605,0.0338,0.0054,0.6914,0.3972,0.2677
55,460,3,layer,0.2031,0.0641,0.013,0.6914,0.3972,0.2677
55,251,4,inform,0.2883,0.1472,0.0425,0.6914,0.4891,0.2514
55,251,4,avail,0.2375,0.0606,0.0144,0.6914,0.4891,0.2514
55,251,4,extent,0.3322,0.0848,0.0282,0.6914,0.4891,0.2514
55,3,5,incompress,0.1968,0.1312,0.0258,0.6914,0.4361,0.2499
55,3,5,boundari,0.1819,0.1213,0.0221,0.6914,0.4361,0.2499
55,3,5,layer,0.2031,0.1354,0.0275,0.6914,0.4361,0.2499
55,1214,6,inform,0.2883,0.0919,0.0265,0.6914,0.3788,0.2233
55,1214,6,avail,0.2375,0.1009,0.024,0.6914,0.3788,0.2233
55,1214,6,incompress,0.1968,0.0209,0.0041,0.6914,0.3788,0.2233
55,1214,6,boundari,0.1819,0.0097,0.0018,0.6914,0.3788,0.2233
55,1214,6,layer,0.2031,0.0108,0.0022,0.6914,0.3788,0.2233
55,17,7,compress,0.1626,0.0988,0.0161,0.6914,0.4114,0.2012
55,17,7,avail,0.2375,0.0361,0.0086,0.6914,0.4114,0.2012
55,17,7,incompress,0.1968,0.0598,0.0118,0.6914,0.4114,0.2012
55,17,7,boundari,0.1819,0.0414,0.0075,0.6914,0.4114,0.2012
55,17,7,appli,0.1605,0.0244,0.0039,0.6914,0.4114,0.2012
55,17,7,layer,0.2031,0.0463,0.0094,0.6914,0.4114,0.2012
55,798,8,involv,0.2191,0.0077,0.0017,0.6914,0.2389,0.1996
55,798,8,inform,0.2883,0.0304,0.0088,0.6914,0.2389,0.1996
55,798,8,avail,0.2375,0.0084,0.002,0.6914,0.2389,0.1996
55,798,8,boundari,0.1819,0.0288,0.0052,0.6914,0.2389,0.1996
55,798,8,extent,0.3322,0.0117,0.0039,0.6914,0.2389,0.1996
55,798,8,appli,0.1605,0.0056,0.0009,0.6914,0.2389,0.1996
55,798,8,problem,0.1222,0.0086,0.0011,0.6914,0.2389,0.1996
55,798,8,layer,0.2031,0.0464,0.0094,0.6914,0.2389,0.1996
55,1301,9,compress,0.1626,0.042,0.0068,0.6914,0.3324,0.1786
55,1301,9,incompress,0.1968,0.0254,0.005,0.6914,0.3324,0.1786
55,1301,9,boundari,0.1819,0.0587,0.0107,0.6914,0.3324,0.1786
55,1301,9,appli,0.1605,0.0207,0.0033,0.6914,0.3324,0.1786
55,1301,9,problem,0.1222,0.0158,0.0019,0.6914,0.3324,0.1786
55,1301,9,layer,0.2031,0.0655,0.0133,0.6914,0.3324,0.1786
55,336,10,compress,0.1626,0.0398,0.0065,0.6914,0.4161,0.1745
55,336,10,boundari,0.1819,0.0891,0.0162,0.6914,0.4161,0.1745
55,336,10,problem,0.1222,0.0599,0.0073,0.6914,0.4161,0.1745
55,336,10,layer,0.2031,0.0995,0.0202,0.6914,0.4161,0.1745
56,753,1,characterist,0.1561,0.0134,0.0021,0.7958,0.4485,0.3974
56,753,1,steadi,0.1985,0.1528,0.0303,0.7958,0.4485,0.3974
56,753,1,data,0.1434,0.0245,0.0035,0.7958,0.4485,0.3974
56,753,1,flutter,0.2476,0.2118,0.0524,0.7958,0.4485,0.3974
56,753,1,aerodynam,0.1582,0.0812,0.0128,0.7958,0.4485,0.3974
56,753,1,avail,0.2192,0.0375,0.0082,0.7958,0.4485,0.3974
56,753,1,state,0.2283,0.0586,0.0134,0.7958,0.4485,0.3974
56,753,1,surfac,0.1112,0.0095,0.0011,0.7958,0.4485,0.3974
56,753,1,util,0.2816,0.0482,0.0136,0.7958,0.4485,0.3974
56,753,1,lift,0.1673,0.0143,0.0024,0.7958,0.4485,0.3974
56,753,1,predict,0.1524,0.013,0.002,0.7958,0.4485,0.3974
56,878,2,flutter,0.2476,0.4109,0.1017,0.7958,0.5824,0.2482
56,878,2,avail,0.2192,0.0606,0.0133,0.7958,0.5824,0.2482
56,1339,3,characterist,0.1561,0.0448,0.007,0.7958,0.2976,0.2315
56,1339,3,steadi,0.1985,0.019,0.0038,0.7958,0.2976,0.2315
56,1339,3,data,0.1434,0.0137,0.002,0.7958,0.2976,0.2315
56,1339,3,flutter,0.2476,0.1183,0.0293,0.7958,0.2976,0.2315
56,1339,3,aerodynam,0.1582,0.0302,0.0048,0.7958,0.2976,0.2315
56,1339,3,lift,0.1673,0.048,0.008,0.7958,0.2976,0.2315
56,202,4,flutter,0.2476,0.2378,0.0589,0.7958,0.3875,0.2294
56,202,4,aerodynam,0.1582,0.0467,0.0074,0.7958,0.3875,0.2294
56,202,4,avail,0.2192,0.0162,0.0035,0.7958,0.3875,0.2294
56,202,4,surfac,0.1112,0.0082,0.0009,0.7958,0.3875,0.2294
56,391,5,flutter,0.2476,0.2445,0.0605,0.7958,0.4448,0.2174
56,391,5,aerodynam,0.1582,0.0781,0.0124,0.7958,0.4448,0.2174
56,391,5,surfac,0.1112,0.0366,0.0041,0.7958,0.4448,0.2174
56,441,6,data,0.1434,0.0458,0.0066,0.7958,0.369,0.1986
56,441,6,flutter,0.2476,0.0987,0.0244,0.7958,0.369,0.1986
56,441,6,aerodynam,0.1582,0.0631,0.01,0.7958,0.369,0.1986
56,441,6,avail,0.2192,0.035,0.0077,0.7958,0.369,0.1986
56,441,6,lift,0.1673,0.0133,0.0022,0.7958,0.369,0.1986
56,441,6,predict,0.1524,0.0486,0.0074,0.7958,0.369,0.1986
56,14,7,steadi,0.1985,0.0116,0.0023,0.7958,0.272,0.1969
56,14,7,flutter,0.2476,0.0577,0.0143,0.7958,0.272,0.1969
56,14,7,aerodynam,0.1582,0.0461,0.0073,0.7958,0.272,0.1969
56,14,7,avail,0.2192,0.0128,0.0028,0.7958,0.272,0.1969
56,14,7,state,0.2283,0.0133,0.003,0.7958,0.272,0.1969
56,14,7,extent,0.3066,0.0179,0.0055,0.7958,0.272,0.1969
56,14,7,surfac,0.1112,0.013,0.0014,0.7958,0.272,0.1969
56,14,7,util,0.2816,0.0164,0.0046,0.7958,0.272,0.1969
56,14,7,predict,0.1524,0.0089,0.0014,0.7958,0.272,0.1969
56,1111,8,flutter,0.2476,0.3902,0.0966,0.7958,0.6288,0.1931
56,1290,9,characterist,0.1561,0.0307,0.0048,0.7958,0.4408,0.1803
56,1290,9,data,0.1434,0.0706,0.0101,0.7958,0.4408,0.1803
56,1290,9,flutter,0.2476,0.1951,0.0483,0.7958,0.4408,0.1803
56,593,10,flutter,0.2476,0.1959,0.0485,0.7958,0.3408,0.1789
57,753,1,characterist,0.2255,0.0134,0.003,1.0069,0.4485,0.3874
57,753,1,steadi,0.5735,0.1528,0.0876,1.0069,0.4485,0.3874
57,753,1,flutter,0.3577,0.2118,0.0757,1.0069,0.4485,0.3874
57,753,1,mechan,0.3795,0.0225,0.0085,1.0069,0.4485,0.3874
57,878,2,flutter,0.3577,0.4109,0.147,1.0069,0.5824,0.2506
57,202,3,non,0.3446,0.0176,0.0061,1.0069,0.3875,0.2335
57,202,3,flutter,0.3577,0.2378,0.085,1.0069,0.3875,0.2335
57,1111,4,flutter,0.3577,0.3902,0.1395,1.0069,0.6288,0.2204
57,1339,5,characterist,0.2255,0.0448,0.0101,1.0069,0.2976,0.2136
57,1339,5,steadi,0.5735,0.019,0.0109,1.0069,0.2976,0.2136
57,1339,5,flutter,0.3577,0.1183,0.0423,1.0069,0.2976,0.2136
57,1339,5,flow,0.0724,0.0096,0.0007,1.0069,0.2976,0.2136
57,593,6,flutter,0.3577,0.1959,0.0701,1.0069,0.3408,0.2054
57,593,6,flow,0.0724,0.0057,0.0004,1.0069,0.3408,0.2054
57,3,7,steadi,0.5735,0.1434,0.0822,1.0069,0.4361,0.1992
57,3,7,flow,0.0724,0.0724,0.0052,1.0069,0.4361,0.1992
57,380,8,steadi,0.5735,0.0794,0.0455,1.0069,0.4959,0.1991
57,380,8,flutter,0.3577,0.1486,0.0531,1.0069,0.4959,0.1991
57,380,8,flow,0.0724,0.01,0.0007,1.0069,0.4959,0.1991
57,391,9,flutter,0.3577,0.2445,0.0874,1.0069,0.4448,0.1965
57,391,9,flow,0.0724,0.0082,0.0006,1.0069,0.4448,0.1965
57,444,10,steadi,0.5735,0.0516,0.0296,1.0069,0.5121,0.1932
57,444,10,flutter,0.3577,0.1931,0.0691,1.0069,0.5121,0.1932
57,444,10,flow,0.0724,0.013,0.0009,1.0069,0.5121,0.1932
58,754,1,generat,0.1948,0.0372,0.0073,0.5755,0.3586,0.3475
58,754,1,cylind,0.1213,0.0927,0.0112,0.5755,0.3586,0.3475
58,754,1,flow,0.0383,0.0073,0.0003,0.5755,0.3586,0.3475
58,754,1,section,0.1244,0.0713,0.0089,0.5755,0.3586,0.3475
58,754,1,heat,0.1789,0.0513,0.0092,0.5755,0.3586,0.3475
58,754,1,transfer,0.1122,0.0643,0.0072,0.5755,0.3586,0.3475
58,754,1,cross,0.1762,0.101,0.0178,0.5755,0.3586,0.3475
58,754,1,fluid,0.1276,0.0244,0.0031,0.5755,0.3586,0.3475
58,754,1,rate,0.1334,0.051,0.0068,0.5755,0.3586,0.3475
58,120,2,convect,0.2022,0.1691,0.0342,0.5755,0.4477,0.3116
58,120,2,non,0.1824,0.0508,0.0093,0.5755,0.4477,0.3116
58,120,2,flow,0.0383,0.0107,0.0004,0.5755,0.4477,0.3116
58,120,2,heat,0.1789,0.0997,0.0178,0.5755,0.4477,0.3116
58,120,2,transfer,0.1122,0.125,0.014,0.5755,0.4477,0.3116
58,120,2,fluid,0.1276,0.0356,0.0045,0.5755,0.4477,0.3116
58,788,3,generat,0.1948,0.0249,0.0049,0.5755,0.3489,0.2807
58,788,3,forc,0.1244,0.0636,0.0079,0.5755,0.3489,0.2807
58,788,3,cylind,0.1213,0.0775,0.0094,0.5755,0.3489,0.2807
58,788,3,section,0.1244,0.0795,0.0099,0.5755,0.3489,0.2807
58,788,3,along,0.1367,0.0175,0.0024,0.5755,0.3489,0.2807
58,788,3,cross,0.1762,0.1126,0.0198,0.5755,0.3489,0.2807
58,788,3,fluid,0.1276,0.0163,0.0021,0.5755,0.3489,0.2807
58,963,4,convect,0.2022,0.2022,0.0409,0.5755,0.5017,0.2763
58,963,4,forc,0.1244,0.0622,0.0077,0.5755,0.5017,0.2763
58,963,4,flow,0.0383,0.0192,0.0007,0.5755,0.5017,0.2763
58,963,4,heat,0.1789,0.0894,0.016,0.5755,0.5017,0.2763
58,963,4,transfer,0.1122,0.0561,0.0063,0.5755,0.5017,0.2763
58,963,4,fluid,0.1276,0.0638,0.0081,0.5755,0.5017,0.2763
58,787,5,generat,0.1948,0.0372,0.0073,0.5755,0.4153,0.2744
58,787,5,cylind,0.1213,0.1622,0.0197,0.5755,0.4153,0.2744
58,787,5,section,0.1244,0.095,0.0118,0.5755,0.4153,0.2744
58,787,5,cross,0.1762,0.1346,0.0237,0.5755,0.4153,0.2744
58,787,5,fluid,0.1276,0.0244,0.0031,0.5755,0.4153,0.2744
58,269,6,convect,0.2022,0.0982,0.0199,0.5755,0.4905,0.2597
58,269,6,non,0.1824,0.0443,0.0081,0.5755,0.4905,0.2597
58,269,6,flow,0.0383,0.0279,0.0011,0.5755,0.4905,0.2597
58,269,6,heat,0.1789,0.0869,0.0155,0.5755,0.4905,0.2597
58,269,6,transfer,0.1122,0.109,0.0122,0.5755,0.4905,0.2597
58,269,6,fluid,0.1276,0.062,0.0079,0.5755,0.4905,0.2597
58,269,6,rate,0.1334,0.0648,0.0086,0.5755,0.4905,0.2597
58,873,7,convect,0.2022,0.1021,0.0206,0.5755,0.3976,0.2481
58,873,7,flow,0.0383,0.0193,0.0007,0.5755,0.3976,0.2481
58,873,7,along,0.1367,0.023,0.0031,0.5755,0.3976,0.2481
58,873,7,heat,0.1789,0.0903,0.0162,0.5755,0.3976,0.2481
58,873,7,transfer,0.1122,0.0944,0.0106,0.5755,0.3976,0.2481
58,873,7,fluid,0.1276,0.043,0.0055,0.5755,0.3976,0.2481
58,786,8,determin,0.0908,0.0433,0.0039,0.5755,0.3881,0.2352
58,786,8,forc,0.1244,0.0988,0.0123,0.5755,0.3881,0.2352
58,786,8,circular,0.1359,0.0216,0.0029,0.5755,0.3881,0.2352
58,786,8,cylind,0.1213,0.1735,0.021,0.5755,0.3881,0.2352
58,786,8,section,0.1244,0.0198,0.0025,0.5755,0.3881,0.2352
58,786,8,cross,0.1762,0.056,0.0099,0.5755,0.3881,0.2352
58,564,9,determin,0.0908,0.0095,0.0009,0.5755,0.3499,0.2196
58,564,9,circular,0.1359,0.0143,0.0019,0.5755,0.3499,0.2196
58,564,9,cylind,0.1213,0.0637,0.0077,0.5755,0.3499,0.2196
58,564,9,flow,0.0383,0.004,0.0002,0.5755,0.3499,0.2196
58,564,9,heat,0.1789,0.1033,0.0185,0.5755,0.3499,0.2196
58,564,9,transfer,0.1122,0.1177,0.0132,0.5755,0.3499,0.2196
58,564,9,rate,0.1334,0.014,0.0019,0.5755,0.3499,0.2196
58,270,10,convect,0.2022,0.1283,0.0259,0.5755,0.442,0.2178
58,270,10,generat,0.1948,0.0247,0.0048,0.5755,0.442,0.2178
58,270,10,forc,0.1244,0.0947,0.0118,0.5755,0.442,0.2178
58,270,10,flow,0.0383,0.0389,0.0015,0.5755,0.442,0.2178
58,270,10,heat,0.1789,0.0227,0.0041,0.5755,0.442,0.2178
58,270,10,transfer,0.1122,0.0285,0.0032,0.5755,0.442,0.2178
58,270,10,fluid,0.1276,0.0324,0.0041,0.5755,0.442,0.2178
59,382,1,circular,0.2566,0.11,0.0282,0.7423,0.4872,0.2479
59,382,1,flow,0.0724,0.031,0.0022,0.7423,0.4872,0.2479
59,382,1,boundari,0.1213,0.052,0.0063,0.7423,0.4872,0.2479
59,382,1,cylind,0.2292,0.1964,0.045,0.7423,0.4872,0.2479
59,382,1,layer,0.1354,0.058,0.0079,0.7423,0.4872,0.2479
59,1055,2,non,0.3446,0.1292,0.0445,0.7423,0.3886,0.2321
59,1055,2,circular,0.2566,0.0642,0.0165,0.7423,0.3886,0.2321
59,1055,2,boundari,0.1213,0.0303,0.0037,0.7423,0.3886,0.2321
59,1055,2,layer,0.1354,0.0169,0.0023,0.7423,0.3886,0.2321
59,786,3,known,0.3062,0.0258,0.0079,0.7423,0.3881,0.2182
59,786,3,much,0.3394,0.0285,0.0097,0.7423,0.3881,0.2182
59,786,3,circular,0.2566,0.0216,0.0055,0.7423,0.3881,0.2182
59,786,3,cylind,0.2292,0.1735,0.0398,0.7423,0.3881,0.2182
59,785,4,circular,0.2566,0.057,0.0146,0.7423,0.3876,0.2151
59,785,4,flow,0.0724,0.0161,0.0012,0.7423,0.3876,0.2151
59,785,4,boundari,0.1213,0.0135,0.0016,0.7423,0.3876,0.2151
59,785,4,along,0.2582,0.0287,0.0074,0.7423,0.3876,0.2151
59,785,4,cylind,0.2292,0.1528,0.035,0.7423,0.3876,0.2151
59,785,4,layer,0.1354,0.015,0.002,0.7423,0.3876,0.2151
59,912,5,boundari,0.1213,0.0331,0.004,0.7423,0.3645,0.1949
59,912,5,along,0.2582,0.0704,0.0182,0.7423,0.3645,0.1949
59,912,5,cylind,0.2292,0.1042,0.0239,0.7423,0.3645,0.1949
59,912,5,layer,0.1354,0.0492,0.0067,0.7423,0.3645,0.1949
59,1084,6,circular,0.2566,0.1593,0.0409,0.7423,0.5417,0.1949
59,1084,6,flow,0.0724,0.0674,0.0049,0.7423,0.5417,0.1949
59,1084,6,cylind,0.2292,0.1422,0.0326,0.7423,0.5417,0.1949
59,1054,7,non,0.3446,0.0954,0.0329,0.7423,0.3633,0.1895
59,1054,7,circular,0.2566,0.0711,0.0182,0.7423,0.3633,0.1895
59,842,8,non,0.3446,0.0861,0.0297,0.7423,0.6533,0.1833
59,842,8,circular,0.2566,0.1283,0.0329,0.7423,0.6533,0.1833
59,842,8,cylind,0.2292,0.1146,0.0263,0.7423,0.6533,0.1833
59,1154,9,non,0.3446,0.021,0.0072,0.7423,0.2708,0.1794
59,1154,9,known,0.3062,0.0186,0.0057,0.7423,0.2708,0.1794
59,1154,9,circular,0.2566,0.0156,0.004,0.7423,0.2708,0.1794
59,1154,9,flow,0.0724,0.0176,0.0013,0.7423,0.2708,0.1794
59,1154,9,boundari,0.1213,0.0738,0.0089,0.7423,0.2708,0.1794
59,1154,9,layer,0.1354,0.0659,0.0089,0.7423,0.2708,0.1794
59,1359,10,circular,0.2566,0.0983,0.0252,0.7423,0.581,0.1751
59,1359,10,cylind,0.2292,0.2194,0.0503,0.7423,0.581,0.1751
60,527,1,three,0.1138,0.0716,0.0081,0.6323,0.3534,0.5949
60,527,1,blasius,0.3489,0.2195,0.0766,0.6323,0.3534,0.5949
60,527,1,numer,0.1497,0.0314,0.0047,0.6323,0.3534,0.5949
60,527,1,problem,0.2256,0.071,0.016,0.6323,0.3534,0.5949
60,527,1,mix,0.2504,0.0525,0.0131,0.6323,0.3534,0.5949
60,527,1,point,0.083,0.0522,0.0043,0.6323,0.3534,0.5949
60,527,1,boundari,0.084,0.0704,0.0059,0.6323,0.3534,0.5949
60,527,1,condit,0.11,0.0231,0.0025,0.6323,0.3534,0.5949
60,527,1,method,0.0865,0.0181,0.0016,0.6323,0.3534,0.5949
60,321,2,three,0.1138,0.0239,0.0027,0.6323,0.3898,0.4316
60,321,2,blasius,0.3489,0.1463,0.0511,0.6323,0.3898,0.4316
60,321,2,numer,0.1497,0.0942,0.0141,0.6323,0.3898,0.4316
60,321,2,problem,0.2256,0.0473,0.0107,0.6323,0.3898,0.4316
60,321,2,mix,0.2504,0.0525,0.0131,0.6323,0.3898,0.4316
60,321,2,point,0.083,0.0348,0.0029,0.6323,0.3898,0.4316
60,321,2,boundari,0.084,0.0352,0.003,0.6323,0.3898,0.4316
60,321,2,condit,0.11,0.0231,0.0025,0.6323,0.3898,0.4316
60,321,2,integr,0.1734,0.0364,0.0063,0.6323,0.3898,0.4316
60,320,3,three,0.1138,0.0924,0.0105,0.6323,0.7136,0.4214
60,320,3,blasius,0.3489,0.2835,0.0989,0.6323,0.7136,0.4214
60,320,3,numer,0.1497,0.1216,0.0182,0.6323,0.7136,0.4214
60,320,3,problem,0.2256,0.1833,0.0414,0.6323,0.7136,0.4214
60,320,3,point,0.083,0.0674,0.0056,0.6323,0.7136,0.4214
60,320,3,boundari,0.084,0.0682,0.0057,0.6323,0.7136,0.4214
60,320,3,condit,0.11,0.0894,0.0098,0.6323,0.7136,0.4214
60,322,4,three,0.1138,0.0493,0.0056,0.6323,0.4825,0.3596
60,322,4,blasius,0.3489,0.1512,0.0528,0.6323,0.4825,0.3596
60,322,4,numer,0.1497,0.0649,0.0097,0.6323,0.4825,0.3596
60,322,4,problem,0.2256,0.0489,0.011,0.6323,0.4825,0.3596
60,322,4,point,0.083,0.036,0.003,0.6323,0.4825,0.3596
60,322,4,boundari,0.084,0.0728,0.0061,0.6323,0.4825,0.3596
60,322,4,condit,0.11,0.0477,0.0052,0.6323,0.4825,0.3596
60,322,4,integr,0.1734,0.0751,0.013,0.6323,0.4825,0.3596
60,322,4,method,0.0865,0.0375,0.0032,0.6323,0.4825,0.3596
60,107,5,blasius,0.3489,0.084,0.0293,0.6323,0.4988,0.3144
60,107,5,problem,0.2256,0.0272,0.0061,0.6323,0.4988,0.3144
60,107,5,mix,0.2504,0.1808,0.0453,0.6323,0.4988,0.3144
60,107,5,boundari,0.084,0.0809,0.0068,0.6323,0.4988,0.3144
60,107,5,condit,0.11,0.1059,0.0117,0.6323,0.4988,0.3144
60,350,6,problem,0.2256,0.115,0.026,0.6323,0.6969,0.2765
60,350,6,mix,0.2504,0.383,0.0959,0.6323,0.6969,0.2765
60,11,7,problem,0.2256,0.0481,0.0108,0.6323,0.4745,0.2435
60,11,7,mix,0.2504,0.2135,0.0535,0.6323,0.4745,0.2435
60,11,7,practic,0.203,0.0433,0.0088,0.6323,0.4745,0.2435
60,960,8,mix,0.2504,0.2537,0.0635,0.6323,0.454,0.2431
60,960,8,boundari,0.084,0.0142,0.0012,0.6323,0.454,0.2431
60,960,8,integr,0.1734,0.0293,0.0051,0.6323,0.454,0.2431
60,476,9,three,0.1138,0.0432,0.0049,0.6323,0.4893,0.2167
60,476,9,blasius,0.3489,0.1324,0.0462,0.6323,0.4893,0.2167
60,476,9,problem,0.2256,0.0107,0.0024,0.6323,0.4893,0.2167
60,476,9,point,0.083,0.0157,0.0013,0.6323,0.4893,0.2167
60,476,9,boundari,0.084,0.0159,0.0013,0.6323,0.4893,0.2167
60,476,9,condit,0.11,0.0209,0.0023,0.6323,0.4893,0.2167
60,476,9,integr,0.1734,0.0494,0.0086,0.6323,0.4893,0.2167
60,243,10,mix,0.2504,0.313,0.0784,0.6323,0.575,0.2155
61,564,1,exist,0.2482,0.0153,0.0038,0.7854,0.3499,0.4769
61,564,1,local,0.2416,0.0447,0.0108,0.7854,0.3499,0.4769
61,564,1,cylind,0.2062,0.0637,0.0131,0.7854,0.3499,0.4769
61,564,1,heat,0.1521,0.1033,0.0157,0.7854,0.3499,0.4769
61,564,1,transfer,0.1907,0.1177,0.0224,0.7854,0.3499,0.4769
61,564,1,yaw,0.3633,0.1794,0.0652,0.7854,0.3499,0.4769
61,566,2,local,0.2416,0.0871,0.021,0.7854,0.3489,0.4236
61,566,2,cylind,0.2062,0.0743,0.0153,0.7854,0.3489,0.4236
61,566,2,heat,0.1521,0.0822,0.0125,0.7854,0.3489,0.4236
61,566,2,transfer,0.1907,0.1031,0.0197,0.7854,0.3489,0.4236
61,566,2,yaw,0.3633,0.1309,0.0476,0.7854,0.3489,0.4236
61,1213,3,local,0.2416,0.0343,0.0083,0.7854,0.397,0.4215
61,1213,3,heat,0.1521,0.0755,0.0115,0.7854,0.397,0.4215
61,1213,3,transfer,0.1907,0.0947,0.018,0.7854,0.397,0.4215
61,1213,3,yaw,0.3633,0.2577,0.0936,0.7854,0.397,0.4215
61,333,4,local,0.2416,0.0589,0.0142,0.7854,0.5468,0.3668
61,333,4,heat,0.1521,0.0371,0.0056,0.7854,0.5468,0.3668
61,333,4,transfer,0.1907,0.0465,0.0089,0.7854,0.5468,0.3668
61,333,4,yaw,0.3633,0.3545,0.1288,0.7854,0.5468,0.3668
61,539,5,local,0.2416,0.1124,0.0271,0.7854,0.4816,0.3595
61,539,5,cylind,0.2062,0.0959,0.0198,0.7854,0.4816,0.3595
61,539,5,heat,0.1521,0.0707,0.0108,0.7854,0.4816,0.3595
61,539,5,transfer,0.1907,0.0887,0.0169,0.7854,0.4816,0.3595
61,539,5,yaw,0.3633,0.169,0.0614,0.7854,0.4816,0.3595
61,435,6,local,0.2416,0.0625,0.0151,0.7854,0.2809,0.31
61,435,6,cylind,0.2062,0.0356,0.0073,0.7854,0.2809,0.31
61,435,6,form,0.1768,0.0152,0.0027,0.7854,0.2809,0.31
61,435,6,heat,0.1521,0.0524,0.008,0.7854,0.2809,0.31
61,435,6,transfer,0.1907,0.0657,0.0125,0.7854,0.2809,0.31
61,435,6,yaw,0.3633,0.0626,0.0228,0.7854,0.2809,0.31
61,565,7,cylind,0.2062,0.0448,0.0092,0.7854,0.3131,0.2671
61,565,7,heat,0.1521,0.022,0.0034,0.7854,0.3131,0.2671
61,565,7,transfer,0.1907,0.0276,0.0053,0.7854,0.3131,0.2671
61,565,7,yaw,0.3633,0.1316,0.0478,0.7854,0.3131,0.2671
61,1258,8,express,0.2346,0.0179,0.0042,0.7854,0.2784,0.22
61,1258,8,around,0.3237,0.0494,0.016,0.7854,0.2784,0.22
61,1258,8,cylind,0.2062,0.0472,0.0097,0.7854,0.2784,0.22
61,1258,8,heat,0.1521,0.0464,0.0071,0.7854,0.2784,0.22
61,1258,8,transfer,0.1907,0.0582,0.0111,0.7854,0.2784,0.22
61,1309,9,exist,0.2482,0.0179,0.0044,0.7854,0.3111,0.2125
61,1309,9,yaw,0.3633,0.1307,0.0475,0.7854,0.3111,0.2125
61,907,10,around,0.3237,0.0502,0.0162,0.7854,0.3773,0.2074
61,907,10,form,0.1768,0.0822,0.0145,0.7854,0.3773,0.2074
61,907,10,yaw,0.3633,0.0845,0.0307,0.7854,0.3773,0.2074
62,483,1,around,0.4624,0.1156,0.0535,0.7433,0.674,0.2903
62,483,1,flow,0.0465,0.0233,0.0011,0.7433,0.674,0.2903
62,483,1,distanc,0.1779,0.2669,0.0475,0.7433,0.674,0.2903
62,483,1,cylind,0.2946,0.1473,0.0434,0.7433,0.674,0.2903
62,787,2,function,0.1434,0.0226,0.0032,0.7433,0.4153,0.2523
62,787,2,veloc,0.1061,0.0334,0.0035,0.7433,0.4153,0.2523
62,787,2,cylind,0.2946,0.1622,0.0478,0.7433,0.4153,0.2523
62,787,2,outsid,0.2722,0.0856,0.0233,0.7433,0.4153,0.2523
62,785,3,far,0.254,0.0439,0.0111,0.7433,0.3876,0.2388
62,785,3,linear,0.1536,0.0265,0.0041,0.7433,0.3876,0.2388
62,785,3,flow,0.0465,0.0161,0.0007,0.7433,0.3876,0.2388
62,785,3,boundari,0.078,0.0135,0.0011,0.7433,0.3876,0.2388
62,785,3,distanc,0.1779,0.0307,0.0055,0.7433,0.3876,0.2388
62,785,3,cylind,0.2946,0.1528,0.045,0.7433,0.3876,0.2388
62,785,3,layer,0.087,0.015,0.0013,0.7433,0.3876,0.2388
62,381,4,far,0.254,0.0527,0.0134,0.7433,0.3124,0.2349
62,381,4,flow,0.0465,0.0096,0.0004,0.7433,0.3124,0.2349
62,381,4,boundari,0.078,0.0404,0.0032,0.7433,0.3124,0.2349
62,381,4,veloc,0.1061,0.033,0.0035,0.7433,0.3124,0.2349
62,381,4,condit,0.1021,0.0106,0.0011,0.7433,0.3124,0.2349
62,381,4,distanc,0.1779,0.0369,0.0066,0.7433,0.3124,0.2349
62,381,4,cylind,0.2946,0.0764,0.0225,0.7433,0.3124,0.2349
62,381,4,layer,0.087,0.0451,0.0039,0.7433,0.3124,0.2349
62,533,5,around,0.4624,0.1295,0.0599,0.7433,0.6165,0.225
62,533,5,flow,0.0465,0.026,0.0012,0.7433,0.6165,0.225
62,533,5,distanc,0.1779,0.0996,0.0177,0.7433,0.6165,0.225
62,533,5,cylind,0.2946,0.0825,0.0243,0.7433,0.6165,0.225
62,1046,6,cylind,0.2946,0.2633,0.0776,0.7433,0.4714,0.2214
62,1081,7,around,0.4624,0.0981,0.0454,0.7433,0.4242,0.211
62,1081,7,flow,0.0465,0.0592,0.0028,0.7433,0.4242,0.211
62,1081,7,cylind,0.2946,0.0625,0.0184,0.7433,0.4242,0.211
62,459,8,function,0.1434,0.013,0.0019,0.7433,0.2936,0.2082
62,459,8,far,0.254,0.0231,0.0059,0.7433,0.2936,0.2082
62,459,8,linear,0.1536,0.014,0.0021,0.7433,0.2936,0.2082
62,459,8,flow,0.0465,0.0169,0.0008,0.7433,0.2936,0.2082
62,459,8,boundari,0.078,0.0425,0.0033,0.7433,0.2936,0.2082
62,459,8,veloc,0.1061,0.0675,0.0072,0.7433,0.2936,0.2082
62,459,8,condit,0.1021,0.0093,0.0009,0.7433,0.2936,0.2082
62,459,8,distanc,0.1779,0.0323,0.0058,0.7433,0.2936,0.2082
62,459,8,outsid,0.2722,0.0495,0.0135,0.7433,0.2936,0.2082
62,459,8,layer,0.087,0.0475,0.0041,0.7433,0.2936,0.2082
62,1383,9,function,0.1434,0.049,0.007,0.7433,0.301,0.2048
62,1383,9,linear,0.1536,0.035,0.0054,0.7433,0.301,0.2048
62,1383,9,flow,0.0465,0.0053,0.0002,0.7433,0.301,0.2048
62,1383,9,boundari,0.078,0.071,0.0055,0.7433,0.301,0.2048
62,1383,9,veloc,0.1061,0.0483,0.0051,0.7433,0.301,0.2048
62,1383,9,distanc,0.1779,0.0405,0.0072,0.7433,0.301,0.2048
62,1383,9,outsid,0.2722,0.031,0.0084,0.7433,0.301,0.2048
62,1383,9,layer,0.087,0.0792,0.0069,0.7433,0.301,0.2048
62,1258,10,function,0.1434,0.0153,0.0022,0.7433,0.2784,0.2047
62,1258,10,around,0.4624,0.0494,0.0229,0.7433,0.2784,0.2047
62,1258,10,distanc,0.1779,0.019,0.0034,0.7433,0.2784,0.2047
62,1258,10,cylind,0.2946,0.0472,0.0139,0.7433,0.2784,0.2047
63,738,1,find,0.6246,0.3407,0.2128,1.0378,0.6264,0.3274
63,678,2,swept,0.6246,0.2044,0.1277,1.0378,0.4949,0.2486
63,843,3,find,0.6246,0.0789,0.0493,1.0378,0.3273,0.2438
63,843,3,surfac,0.2409,0.0152,0.0037,1.0378,0.3273,0.2438
63,843,3,cylind,0.3437,0.0868,0.0299,1.0378,0.3273,0.2438
63,1045,4,data,0.3107,0.1243,0.0386,1.0378,0.6297,0.2332
63,1045,4,pressur,0.1551,0.1241,0.0192,1.0378,0.6297,0.2332
63,1045,4,cylind,0.3437,0.275,0.0945,1.0378,0.6297,0.2332
63,491,5,find,0.6246,0.173,0.108,1.0378,0.5118,0.216
63,491,5,pressur,0.1551,0.043,0.0067,1.0378,0.5118,0.216
63,1046,6,pressur,0.1551,0.0198,0.0031,1.0378,0.4714,0.1913
63,1046,6,cylind,0.3437,0.2633,0.0905,1.0378,0.4714,0.1913
63,204,7,data,0.3107,0.0811,0.0252,1.0378,0.3324,0.191
63,204,7,swept,0.6246,0.0652,0.0407,1.0378,0.3324,0.191
63,839,8,data,0.3107,0.0777,0.0241,1.0378,0.463,0.1797
63,839,8,pressur,0.1551,0.0679,0.0105,1.0378,0.463,0.1797
63,839,8,cylind,0.3437,0.1504,0.0517,1.0378,0.463,0.1797
63,420,9,swept,0.6246,0.1292,0.0807,1.0378,0.4871,0.1676
63,420,9,surfac,0.2409,0.0166,0.004,1.0378,0.4871,0.1676
63,1051,10,data,0.3107,0.0723,0.0225,1.0378,0.3513,0.1643
63,1051,10,pressur,0.1551,0.0289,0.0045,1.0378,0.3513,0.1643
63,1051,10,cylind,0.3437,0.0959,0.033,1.0378,0.3513,0.1643
64,390,1,flutter,0.2299,0.1717,0.0395,0.9408,0.4787,0.2132
64,390,1,use,0.0717,0.0535,0.0038,0.9408,0.4787,0.2132
64,390,1,provid,0.1737,0.0324,0.0056,0.9408,0.4787,0.2132
64,390,1,justif,0.4184,0.0781,0.0327,0.9408,0.4787,0.2132
64,390,1,shape,0.2831,0.0264,0.0075,0.9408,0.4787,0.2132
64,390,1,static,0.1922,0.0359,0.0069,0.9408,0.4787,0.2132
64,290,2,cant,0.5174,0.2041,0.1056,0.9408,0.6136,0.1829
64,52,3,deflect,0.1985,0.0751,0.0149,0.9408,0.3234,0.1816
64,52,3,flutter,0.2299,0.087,0.02,0.9408,0.3234,0.1816
64,52,3,use,0.0717,0.0271,0.0019,0.9408,0.3234,0.1816
64,52,3,shape,0.2831,0.0179,0.0051,0.9408,0.3234,0.1816
64,52,3,vibrat,0.2299,0.058,0.0133,0.9408,0.3234,0.1816
64,878,4,flutter,0.2299,0.4109,0.0945,0.9408,0.5824,0.178
64,878,4,use,0.0717,0.0427,0.0031,0.9408,0.5824,0.178
64,391,5,flutter,0.2299,0.2445,0.0562,0.9408,0.4448,0.1678
64,391,5,use,0.0717,0.0127,0.0009,0.9408,0.4448,0.1678
64,391,5,static,0.1922,0.0681,0.0131,0.9408,0.4448,0.1678
64,593,6,flutter,0.2299,0.1959,0.045,0.9408,0.3408,0.1616
64,593,6,use,0.0717,0.0262,0.0019,0.9408,0.3408,0.1616
64,593,6,shape,0.2831,0.0172,0.0049,0.9408,0.3408,0.1616
64,202,7,flutter,0.2299,0.2378,0.0547,0.9408,0.3875,0.1599
64,202,7,use,0.0717,0.0171,0.0012,0.9408,0.3875,0.1599
64,202,7,provid,0.1737,0.0138,0.0024,0.9408,0.3875,0.1599
64,1111,8,flutter,0.2299,0.3902,0.0897,0.9408,0.6288,0.1516
64,719,9,mean,0.1595,0.0223,0.0036,0.9408,0.3937,0.1506
64,719,9,flutter,0.2299,0.1288,0.0296,0.9408,0.3937,0.1506
64,719,9,place,0.2677,0.0375,0.01,0.9408,0.3937,0.1506
64,719,9,vibrat,0.2299,0.0322,0.0074,0.9408,0.3937,0.1506
64,719,9,static,0.1922,0.0269,0.0052,0.9408,0.3937,0.1506
64,15,10,flutter,0.2299,0.2175,0.05,0.9408,0.4172,0.1452
64,15,10,static,0.1922,0.0364,0.007,0.9408,0.4172,0.1452
65,3,1,plate,0.2021,0.1011,0.0204,0.6431,0.4361,0.6134
65,3,1,flat,0.2237,0.1118,0.025,0.6431,0.4361,0.6134
65,3,1,shear,0.2943,0.1472,0.0433,0.6431,0.4361,0.6134
65,3,1,flow,0.0724,0.0724,0.0052,0.6431,0.4361,0.6134
65,3,1,boundari,0.1213,0.1213,0.0147,0.6431,0.4361,0.6134
65,3,1,pressur,0.1034,0.0517,0.0053,0.6431,0.4361,0.6134
65,3,1,gradient,0.2816,0.1408,0.0397,0.6431,0.4361,0.6134
65,3,1,layer,0.1354,0.1354,0.0183,0.6431,0.4361,0.6134
65,388,2,induc,0.3282,0.1158,0.038,0.6431,0.4057,0.5156
65,388,2,plate,0.2021,0.0535,0.0108,0.6431,0.4057,0.5156
65,388,2,flat,0.2237,0.0395,0.0088,0.6431,0.4057,0.5156
65,388,2,shear,0.2943,0.1299,0.0382,0.6431,0.4057,0.5156
65,388,2,flow,0.0724,0.0319,0.0023,0.6431,0.4057,0.5156
65,388,2,boundari,0.1213,0.0107,0.0013,0.6431,0.4057,0.5156
65,388,2,pressur,0.1034,0.0365,0.0038,0.6431,0.4057,0.5156
65,388,2,gradient,0.2816,0.0994,0.028,0.6431,0.4057,0.5156
65,388,2,layer,0.1354,0.0239,0.0032,0.6431,0.4057,0.5156
65,4,3,plate,0.2021,0.0774,0.0156,0.6431,0.3448,0.4197
65,4,3,flat,0.2237,0.0428,0.0096,0.6431,0.3448,0.4197
65,4,3,shear,0.2943,0.1127,0.0332,0.6431,0.3448,0.4197
65,4,3,flow,0.0724,0.0416,0.003,0.6431,0.3448,0.4197
65,4,3,boundari,0.1213,0.1161,0.0141,0.6431,0.3448,0.4197
65,4,3,layer,0.1354,0.1296,0.0175,0.6431,0.3448,0.4197
65,393,4,plate,0.2021,0.107,0.0216,0.6431,0.532,0.405
65,393,4,flat,0.2237,0.1184,0.0265,0.6431,0.532,0.405
65,393,4,shear,0.2943,0.2337,0.0688,0.6431,0.532,0.405
65,393,4,flow,0.0724,0.0575,0.0042,0.6431,0.532,0.405
65,393,4,boundari,0.1213,0.0642,0.0078,0.6431,0.532,0.405
65,393,4,layer,0.1354,0.0717,0.0097,0.6431,0.532,0.405
65,664,5,plate,0.2021,0.0827,0.0167,0.6431,0.3876,0.3815
65,664,5,flat,0.2237,0.0915,0.0205,0.6431,0.3876,0.3815
65,664,5,shear,0.2943,0.1204,0.0354,0.6431,0.3876,0.3815
65,664,5,boundari,0.1213,0.0744,0.009,0.6431,0.3876,0.3815
65,664,5,pressur,0.1034,0.0212,0.0022,0.6431,0.3876,0.3815
65,664,5,layer,0.1354,0.0831,0.0112,0.6431,0.3876,0.3815
65,569,6,induc,0.3282,0.0527,0.0173,0.6431,0.2611,0.3295
65,569,6,plate,0.2021,0.0325,0.0066,0.6431,0.2611,0.3295
65,569,6,flat,0.2237,0.012,0.0027,0.6431,0.2611,0.3295
65,569,6,flow,0.0724,0.0194,0.0014,0.6431,0.2611,0.3295
65,569,6,boundari,0.1213,0.039,0.0047,0.6431,0.2611,0.3295
65,569,6,pressur,0.1034,0.0388,0.004,0.6431,0.2611,0.3295
65,569,6,gradient,0.2816,0.0453,0.0127,0.6431,0.2611,0.3295
65,569,6,layer,0.1354,0.0435,0.0059,0.6431,0.2611,0.3295
65,180,7,plate,0.2021,0.1011,0.0204,0.6431,0.516,0.3252
65,180,7,flat,0.2237,0.1118,0.025,0.6431,0.516,0.3252
65,180,7,shear,0.2943,0.1472,0.0433,0.6431,0.516,0.3252
65,180,7,flow,0.0724,0.0362,0.0026,0.6431,0.516,0.3252
65,180,7,boundari,0.1213,0.0606,0.0074,0.6431,0.516,0.3252
65,180,7,layer,0.1354,0.0677,0.0092,0.6431,0.516,0.3252
65,1355,8,induc,0.3282,0.0465,0.0153,0.6431,0.2856,0.311
65,1355,8,plate,0.2021,0.0573,0.0116,0.6431,0.2856,0.311
65,1355,8,flat,0.2237,0.0159,0.0035,0.6431,0.2856,0.311
65,1355,8,boundari,0.1213,0.043,0.0052,0.6431,0.2856,0.311
65,1355,8,pressur,0.1034,0.0366,0.0038,0.6431,0.2856,0.311
65,1355,8,gradient,0.2816,0.0399,0.0112,0.6431,0.2856,0.311
65,1355,8,layer,0.1354,0.048,0.0065,0.6431,0.2856,0.311
65,1386,9,plate,0.2021,0.0135,0.0027,0.6431,0.2717,0.3041
65,1386,9,flat,0.2237,0.0149,0.0033,0.6431,0.2717,0.3041
65,1386,9,flow,0.0724,0.0145,0.001,0.6431,0.2717,0.3041
65,1386,9,boundari,0.1213,0.0323,0.0039,0.6431,0.2717,0.3041
65,1386,9,pressur,0.1034,0.0414,0.0043,0.6431,0.2717,0.3041
65,1386,9,gradient,0.2816,0.1127,0.0317,0.6431,0.2717,0.3041
65,1386,9,layer,0.1354,0.0451,0.0061,0.6431,0.2717,0.3041
65,1225,10,plate,0.2021,0.0105,0.0021,0.6431,0.2925,0.2996
65,1225,10,flat,0.2237,0.0116,0.0026,0.6431,0.2925,0.2996
65,1225,10,flow,0.0724,0.0112,0.0008,0.6431,0.2925,0.2996
65,1225,10,boundari,0.1213,0.069,0.0084,0.6431,0.2925,0.2996
65,1225,10,pressur,0.1034,0.0321,0.0033,0.6431,0.2925,0.2996
65,1225,10,gradient,0.2816,0.102,0.0287,0.6431,0.2925,0.2996
65,1225,10,layer,0.1354,0.077,0.0104,0.6431,0.2925,0.2996
66,128,1,solut,0.095,0.0124,0.0012,0.7443,0.3746,0.3836
66,128,1,outer,0.2697,0.0701,0.0189,0.7443,0.3746,0.3836
66,128,1,match,0.3489,0.0907,0.0317,0.7443,0.3746,0.3836
66,128,1,inner,0.3393,0.0882,0.0299,0.7443,0.3746,0.3836
66,128,1,viscous,0.1877,0.0488,0.0092,0.7443,0.3746,0.3836
66,128,1,flow,0.1002,0.0195,0.002,0.7443,0.3746,0.3836
66,128,1,stream,0.1353,0.0176,0.0024,0.7443,0.3746,0.3836
66,128,1,procedur,0.2128,0.0553,0.0118,0.7443,0.3746,0.3836
66,1182,2,solut,0.095,0.0797,0.0076,0.7443,0.2987,0.2645
66,1182,2,outer,0.2697,0.0848,0.0229,0.7443,0.2987,0.2645
66,1182,2,inner,0.3393,0.0711,0.0241,0.7443,0.2987,0.2645
66,1182,2,flow,0.1002,0.042,0.0042,0.7443,0.2987,0.2645
66,305,3,solut,0.095,0.0531,0.005,0.7443,0.3329,0.2345
66,305,3,match,0.3489,0.0488,0.017,0.7443,0.3329,0.2345
66,305,3,viscous,0.1877,0.1312,0.0246,0.7443,0.3329,0.2345
66,305,3,flow,0.1002,0.035,0.0035,0.7443,0.3329,0.2345
66,305,3,appli,0.1482,0.0414,0.0061,0.7443,0.3329,0.2345
66,305,3,problem,0.1128,0.0158,0.0018,0.7443,0.3329,0.2345
66,664,4,solut,0.095,0.0562,0.0053,0.7443,0.3876,0.2113
66,664,4,main,0.2241,0.0662,0.0148,0.7443,0.3876,0.2113
66,664,4,shear,0.2038,0.1204,0.0245,0.7443,0.3876,0.2113
66,664,4,stream,0.1353,0.12,0.0162,0.7443,0.3876,0.2113
66,590,5,solut,0.095,0.0294,0.0028,0.7443,0.5548,0.2064
66,590,5,match,0.3489,0.216,0.0754,0.7443,0.5548,0.2064
66,590,5,flow,0.1002,0.031,0.0031,0.7443,0.5548,0.2064
66,590,5,problem,0.1128,0.0349,0.0039,0.7443,0.5548,0.2064
66,191,6,solut,0.095,0.0562,0.0053,0.7443,0.3948,0.2049
66,191,6,outer,0.2697,0.0638,0.0172,0.7443,0.3948,0.2049
66,191,6,inner,0.3393,0.0802,0.0272,0.7443,0.3948,0.2049
66,191,6,flow,0.1002,0.0296,0.003,0.7443,0.3948,0.2049
66,191,6,appli,0.1482,0.0175,0.0026,0.7443,0.3948,0.2049
66,191,6,shear,0.2038,0.0241,0.0049,0.7443,0.3948,0.2049
66,1251,7,solut,0.095,0.0115,0.0011,0.7443,0.381,0.2018
66,1251,7,match,0.3489,0.0848,0.0296,0.7443,0.381,0.2018
66,1251,7,viscous,0.1877,0.0456,0.0086,0.7443,0.381,0.2018
66,1251,7,flow,0.1002,0.0061,0.0006,0.7443,0.381,0.2018
66,1251,7,shear,0.2038,0.0743,0.0151,0.7443,0.381,0.2018
66,1251,7,stream,0.1353,0.0164,0.0022,0.7443,0.381,0.2018
66,1206,8,solut,0.095,0.0154,0.0015,0.7443,0.469,0.1805
66,1206,8,outer,0.2697,0.0438,0.0118,0.7443,0.469,0.1805
66,1206,8,main,0.2241,0.0364,0.0082,0.7443,0.469,0.1805
66,1206,8,inner,0.3393,0.1103,0.0374,0.7443,0.469,0.1805
66,1206,8,problem,0.1128,0.0367,0.0041,0.7443,0.469,0.1805
66,133,9,outer,0.2697,0.123,0.0332,0.7443,0.3471,0.1728
66,133,9,viscous,0.1877,0.0428,0.008,0.7443,0.3471,0.1728
66,133,9,flow,0.1002,0.0343,0.0034,0.7443,0.3471,0.1728
66,458,10,solut,0.095,0.0363,0.0035,0.7443,0.3316,0.1706
66,458,10,outer,0.2697,0.0774,0.0209,0.7443,0.3316,0.1706
66,458,10,inner,0.3393,0.0324,0.011,0.7443,0.3316,0.1706
66,458,10,flow,0.1002,0.0192,0.0019,0.7443,0.3316,0.1706
66,458,10,problem,0.1128,0.0431,0.0049,0.7443,0.3316,0.1706
67,3,1,plate,0.2021,0.1011,0.0204,0.6665,0.4361,0.4371
67,3,1,flat,0.2237,0.1118,0.025,0.6665,0.4361,0.4371
67,3,1,shear,0.2943,0.1472,0.0433,0.6665,0.4361,0.4371
67,3,1,flow,0.0724,0.0724,0.0052,0.6665,0.4361,0.4371
67,3,1,boundari,0.1213,0.1213,0.0147,0.6665,0.4361,0.4371
67,3,1,layer,0.1354,0.1354,0.0183,0.6665,0.4361,0.4371
67,4,2,plate,0.2021,0.0774,0.0156,0.6665,0.3448,0.405
67,4,2,flat,0.2237,0.0428,0.0096,0.6665,0.3448,0.405
67,4,2,shear,0.2943,0.1127,0.0332,0.6665,0.3448,0.405
67,4,2,flow,0.0724,0.0416,0.003,0.6665,0.3448,0.405
67,4,2,boundari,0.1213,0.1161,0.0141,0.6665,0.3448,0.405
67,4,2,layer,0.1354,0.1296,0.0175,0.6665,0.3448,0.405
67,393,3,plate,0.2021,0.107,0.0216,0.6665,0.532,0.3908
67,393,3,flat,0.2237,0.1184,0.0265,0.6665,0.532,0.3908
67,393,3,shear,0.2943,0.2337,0.0688,0.6665,0.532,0.3908
67,393,3,flow,0.0724,0.0575,0.0042,0.6665,0.532,0.3908
67,393,3,boundari,0.1213,0.0642,0.0078,0.6665,0.532,0.3908
67,393,3,layer,0.1354,0.0717,0.0097,0.6665,0.532,0.3908
67,664,4,plate,0.2021,0.0827,0.0167,0.6665,0.3876,0.3596
67,664,4,flat,0.2237,0.0915,0.0205,0.6665,0.3876,0.3596
67,664,4,shear,0.2943,0.1204,0.0354,0.6665,0.3876,0.3596
67,664,4,boundari,0.1213,0.0744,0.009,0.6665,0.3876,0.3596
67,664,4,layer,0.1354,0.0831,0.0112,0.6665,0.3876,0.3596
67,180,5,plate,0.2021,0.1011,0.0204,0.6665,0.516,0.3138
67,180,5,flat,0.2237,0.1118,0.025,0.6665,0.516,0.3138
67,180,5,shear,0.2943,0.1472,0.0433,0.6665,0.516,0.3138
67,180,5,flow,0.0724,0.0362,0.0026,0.6665,0.516,0.3138
67,180,5,boundari,0.1213,0.0606,0.0074,0.6665,0.516,0.3138
67,180,5,layer,0.1354,0.0677,0.0092,0.6665,0.516,0.3138
67,389,6,plate,0.2021,0.107,0.0216,0.6665,0.5029,0.2887
67,389,6,flat,0.2237,0.1184,0.0265,0.6665,0.5029,0.2887
67,389,6,shear,0.2943,0.1558,0.0459,0.6665,0.5029,0.2887
67,389,6,flow,0.0724,0.0383,0.0028,0.6665,0.5029,0.2887
67,72,7,expans,0.3237,0.0883,0.0286,0.6665,0.299,0.2675
67,72,7,found,0.1633,0.0089,0.0015,0.6665,0.299,0.2675
67,72,7,plate,0.2021,0.011,0.0022,0.6665,0.299,0.2675
67,72,7,flat,0.2237,0.0122,0.0027,0.6665,0.299,0.2675
67,72,7,flow,0.0724,0.0039,0.0003,0.6665,0.299,0.2675
67,72,7,boundari,0.1213,0.0662,0.008,0.6665,0.299,0.2675
67,72,7,layer,0.1354,0.0738,0.01,0.6665,0.299,0.2675
67,149,8,expans,0.3237,0.1982,0.0642,0.6665,0.3768,0.2652
67,149,8,flow,0.0724,0.0089,0.0006,0.6665,0.3768,0.2652
67,149,8,boundari,0.1213,0.0148,0.0018,0.6665,0.3768,0.2652
67,458,9,seri,0.3113,0.1236,0.0385,0.6665,0.3316,0.2639
67,458,9,flow,0.0724,0.0192,0.0014,0.6665,0.3316,0.2639
67,458,9,boundari,0.1213,0.0722,0.0088,0.6665,0.3316,0.2639
67,458,9,layer,0.1354,0.0717,0.0097,0.6665,0.3316,0.2639
67,1107,10,found,0.1633,0.0102,0.0017,0.6665,0.3122,0.2581
67,1107,10,plate,0.2021,0.1263,0.0255,0.6665,0.3122,0.2581
67,1107,10,flat,0.2237,0.0699,0.0156,0.6665,0.3122,0.2581
67,1107,10,shear,0.2943,0.0184,0.0054,0.6665,0.3122,0.2581
67,1107,10,flow,0.0724,0.0181,0.0013,0.6665,0.3122,0.2581
67,1107,10,boundari,0.1213,0.0152,0.0018,0.6665,0.3122,0.2581
67,1107,10,layer,0.1354,0.0169,0.0023,0.6665,0.3122,0.2581
68,628,1,isotherm,0.4327,0.0384,0.0166,0.9737,0.4289,0.4399
68,628,1,inject,0.3166,0.2528,0.08,0.9737,0.4289,0.4399
68,628,1,hemispher,0.3464,0.0922,0.0319,0.9737,0.4289,0.4399
68,628,1,distribut,0.1232,0.0328,0.004,0.9737,0.4289,0.4399
68,628,1,transpir,0.4254,0.0755,0.0321,0.9737,0.4289,0.4399
68,628,1,techniqu,0.2408,0.0214,0.0051,0.9737,0.4289,0.4399
68,628,1,cool,0.2791,0.0495,0.0138,0.9737,0.4289,0.4399
68,343,2,transpir,0.4254,0.2228,0.0948,0.9737,0.4336,0.2889
68,343,2,cool,0.2791,0.0975,0.0272,0.9737,0.4336,0.2889
68,662,3,isotherm,0.4327,0.0573,0.0248,0.9737,0.2521,0.2254
68,662,3,hemispher,0.3464,0.0765,0.0265,0.9737,0.2521,0.2254
68,662,3,distribut,0.1232,0.0327,0.004,0.9737,0.2521,0.2254
68,337,4,inject,0.3166,0.1935,0.0613,0.9737,0.4318,0.2212
68,337,4,cool,0.2791,0.1137,0.0317,0.9737,0.4318,0.2212
68,338,5,inject,0.3166,0.2223,0.0704,0.9737,0.4292,0.2107
68,338,5,distribut,0.1232,0.0144,0.0018,0.9737,0.4292,0.2107
68,338,5,techniqu,0.2408,0.0282,0.0068,0.9737,0.4292,0.2107
68,338,5,cool,0.2791,0.0327,0.0091,0.9737,0.4292,0.2107
68,480,6,transpir,0.4254,0.18,0.0766,0.9737,0.5383,0.2089
68,480,6,cool,0.2791,0.1181,0.033,0.9737,0.5383,0.2089
68,974,7,inject,0.3166,0.2726,0.0863,0.9737,0.4362,0.2032
68,272,8,hemispher,0.3464,0.0993,0.0344,0.9737,0.3185,0.2009
68,272,8,cool,0.2791,0.1,0.0279,0.9737,0.3185,0.2009
68,364,9,inject,0.3166,0.0326,0.0103,0.9737,0.2736,0.2006
68,364,9,techniqu,0.2408,0.0124,0.003,0.9737,0.2736,0.2006
68,364,9,correspond,0.2296,0.0354,0.0081,0.9737,0.2736,0.2006
68,364,9,cool,0.2791,0.1148,0.032,0.9737,0.2736,0.2006
68,125,10,inject,0.3166,0.2305,0.073,0.9737,0.4104,0.1962
68,125,10,avail,0.2591,0.021,0.0054,0.9737,0.4104,0.1962
69,264,1,asymptot,0.4383,0.2125,0.0932,0.8448,0.6074,0.2244
69,264,1,solut,0.1544,0.0749,0.0116,0.8448,0.6074,0.2244
69,264,1,equat,0.156,0.0378,0.0059,0.8448,0.6074,0.2244
69,264,1,boundari,0.1364,0.0331,0.0045,0.8448,0.6074,0.2244
69,664,2,asymptot,0.4383,0.0797,0.0349,0.8448,0.3876,0.2028
69,664,2,solut,0.1544,0.0562,0.0087,0.8448,0.3876,0.2028
69,664,2,boundari,0.1364,0.0744,0.0102,0.8448,0.3876,0.2028
69,664,2,layer,0.1523,0.0831,0.0127,0.8448,0.3876,0.2028
69,1138,3,asymptot,0.4383,0.1895,0.0831,0.8448,0.5701,0.1939
69,1138,3,solut,0.1544,0.0668,0.0103,0.8448,0.5701,0.1939
69,306,4,solut,0.1544,0.0531,0.0082,0.8448,0.3241,0.1877
69,306,4,known,0.3444,0.0296,0.0102,0.8448,0.3241,0.1877
69,306,4,boundari,0.1364,0.0469,0.0064,0.8448,0.3241,0.1877
69,306,4,regard,0.4647,0.04,0.0186,0.8448,0.3241,0.1877
69,306,4,layer,0.1523,0.0524,0.008,0.8448,0.3241,0.1877
69,322,5,asymptot,0.4383,0.1169,0.0512,0.8448,0.4825,0.1808
69,322,5,solut,0.1544,0.0412,0.0064,0.8448,0.4825,0.1808
69,322,5,boundari,0.1364,0.0728,0.0099,0.8448,0.4825,0.1808
69,322,5,layer,0.1523,0.0406,0.0062,0.8448,0.4825,0.1808
69,105,6,asymptot,0.4383,0.0911,0.0399,0.8448,0.379,0.1733
69,105,6,equat,0.156,0.0162,0.0025,0.8448,0.379,0.1733
69,105,6,boundari,0.1364,0.0425,0.0058,0.8448,0.379,0.1733
69,105,6,layer,0.1523,0.0475,0.0072,0.8448,0.379,0.1733
69,1383,7,solut,0.1544,0.0402,0.0062,0.8448,0.301,0.172
69,1383,7,exact,0.3113,0.0405,0.0126,0.8448,0.301,0.172
69,1383,7,equat,0.156,0.0203,0.0032,0.8448,0.301,0.172
69,1383,7,boundari,0.1364,0.071,0.0097,0.8448,0.301,0.172
69,1383,7,layer,0.1523,0.0792,0.0121,0.8448,0.301,0.172
69,671,8,known,0.3444,0.0698,0.024,0.8448,0.3464,0.1689
69,671,8,boundari,0.1364,0.0829,0.0113,0.8448,0.3464,0.1689
69,671,8,layer,0.1523,0.0925,0.0141,0.8448,0.3464,0.1689
69,111,9,asymptot,0.4383,0.0594,0.0261,0.8448,0.4884,0.1677
69,111,9,solut,0.1544,0.0838,0.0129,0.8448,0.4884,0.1677
69,111,9,equat,0.156,0.0846,0.0132,0.8448,0.4884,0.1677
69,111,9,boundari,0.1364,0.0555,0.0076,0.8448,0.4884,0.1677
69,111,9,layer,0.1523,0.062,0.0094,0.8448,0.4884,0.1677
69,540,10,asymptot,0.4383,0.0305,0.0134,0.8448,0.2768,0.1662
69,540,10,solut,0.1544,0.043,0.0066,0.8448,0.2768,0.1662
69,540,10,exact,0.3113,0.0217,0.0067,0.8448,0.2768,0.1662
69,540,10,equat,0.156,0.0217,0.0034,0.8448,0.2768,0.1662
69,540,10,boundari,0.1364,0.0285,0.0039,0.8448,0.2768,0.1662
69,540,10,layer,0.1523,0.0318,0.0048,0.8448,0.2768,0.1662
70,1149,1,solut,0.2059,0.0215,0.0044,0.6958,0.364,0.3386
70,1149,1,layer,0.2031,0.0848,0.0172,0.6958,0.364,0.3386
70,1149,1,boundari,0.1819,0.0759,0.0138,0.6958,0.364,0.3386
70,1149,1,similar,0.3712,0.1356,0.0503,0.6958,0.364,0.3386
70,540,2,solut,0.2059,0.043,0.0088,0.6958,0.2768,0.3295
70,540,2,layer,0.2031,0.0318,0.0065,0.6958,0.2768,0.3295
70,540,2,equat,0.208,0.0217,0.0045,0.6958,0.2768,0.3295
70,540,2,boundari,0.1819,0.0285,0.0052,0.6958,0.2768,0.3295
70,540,2,previous,0.4317,0.0225,0.0097,0.6958,0.2768,0.3295
70,540,2,similar,0.3712,0.0775,0.0287,0.6958,0.2768,0.3295
70,300,3,solut,0.2059,0.0551,0.0113,0.6958,0.2701,0.3229
70,300,3,layer,0.2031,0.0233,0.0047,0.6958,0.2701,0.3229
70,300,3,equat,0.208,0.0636,0.0132,0.6958,0.2701,0.3229
70,300,3,boundari,0.1819,0.0278,0.0051,0.6958,0.2701,0.3229
70,300,3,similar,0.3712,0.0709,0.0263,0.6958,0.2701,0.3229
70,180,4,solut,0.2059,0.0686,0.0141,0.6958,0.516,0.2764
70,180,4,layer,0.2031,0.0677,0.0137,0.6958,0.516,0.2764
70,180,4,equat,0.208,0.0693,0.0144,0.6958,0.516,0.2764
70,180,4,boundari,0.1819,0.0606,0.011,0.6958,0.516,0.2764
70,180,4,similar,0.3712,0.1237,0.0459,0.6958,0.516,0.2764
70,4,5,solut,0.2059,0.0526,0.0108,0.6958,0.3448,0.2659
70,4,5,layer,0.2031,0.1296,0.0263,0.6958,0.3448,0.2659
70,4,5,equat,0.208,0.0265,0.0055,0.6958,0.3448,0.2659
70,4,5,boundari,0.1819,0.1161,0.0211,0.6958,0.3448,0.2659
70,435,6,solut,0.2059,0.0213,0.0044,0.6958,0.2809,0.2555
70,435,6,layer,0.2031,0.021,0.0043,0.6958,0.2809,0.2555
70,435,6,equat,0.208,0.0108,0.0022,0.6958,0.2809,0.2555
70,435,6,boundari,0.1819,0.0188,0.0034,0.6958,0.2809,0.2555
70,435,6,similar,0.3712,0.096,0.0356,0.6958,0.2809,0.2555
70,62,7,solut,0.2059,0.0555,0.0114,0.6958,0.2863,0.2437
70,62,7,layer,0.2031,0.0342,0.0069,0.6958,0.2863,0.2437
70,62,7,equat,0.208,0.021,0.0044,0.6958,0.2863,0.2437
70,62,7,boundari,0.1819,0.0307,0.0056,0.6958,0.2863,0.2437
70,62,7,previous,0.4317,0.0146,0.0063,0.6958,0.2863,0.2437
70,62,7,similar,0.3712,0.0375,0.0139,0.6958,0.2863,0.2437
70,349,8,solut,0.2059,0.0269,0.0055,0.6958,0.289,0.2377
70,349,8,layer,0.2031,0.0265,0.0054,0.6958,0.289,0.2377
70,349,8,equat,0.208,0.0633,0.0132,0.6958,0.289,0.2377
70,349,8,boundari,0.1819,0.0316,0.0058,0.6958,0.289,0.2377
70,349,8,similar,0.3712,0.0484,0.018,0.6958,0.289,0.2377
70,192,9,solut,0.2059,0.0119,0.0024,0.6958,0.329,0.2376
70,192,9,layer,0.2031,0.082,0.0167,0.6958,0.329,0.2376
70,192,9,boundari,0.1819,0.063,0.0115,0.6958,0.329,0.2376
70,192,9,similar,0.3712,0.0642,0.0238,0.6958,0.329,0.2376
70,327,10,solut,0.2059,0.0225,0.0046,0.6958,0.4949,0.2351
70,327,10,layer,0.2031,0.0443,0.009,0.6958,0.4949,0.2351
70,327,10,boundari,0.1819,0.0397,0.0072,0.6958,0.4949,0.2351
70,327,10,similar,0.3712,0.162,0.0601,0.6958,0.4949,0.2351
71,540,1,experiment,0.2836,0.0123,0.0035,0.9042,0.2768,0.4849
71,540,1,viscous,0.488,0.0849,0.0414,0.9042,0.2768,0.4849
71,540,1,interact,0.5489,0.0955,0.0524,0.9042,0.2768,0.4849
71,540,1,result,0.1409,0.0061,0.0009,0.9042,0.2768,0.4849
71,540,1,hyperson,0.4217,0.055,0.0232,0.9042,0.2768,0.4849
71,305,2,viscous,0.488,0.1312,0.064,0.9042,0.3329,0.4191
71,305,2,interact,0.5489,0.059,0.0324,0.9042,0.3329,0.4191
71,305,2,result,0.1409,0.0076,0.0011,0.9042,0.3329,0.4191
71,305,2,hyperson,0.4217,0.068,0.0287,0.9042,0.3329,0.4191
71,63,3,viscous,0.488,0.0996,0.0486,0.9042,0.3228,0.3591
71,63,3,interact,0.5489,0.084,0.0461,0.9042,0.3228,0.3591
71,63,3,result,0.1409,0.0072,0.001,0.9042,0.3228,0.3591
71,63,3,hyperson,0.4217,0.0215,0.0091,0.9042,0.3228,0.3591
71,170,4,experiment,0.2836,0.0106,0.003,0.9042,0.3705,0.3468
71,170,4,interact,0.5489,0.2048,0.1124,0.9042,0.3705,0.3468
71,170,4,result,0.1409,0.0053,0.0007,0.9042,0.3705,0.3468
71,570,5,viscous,0.488,0.0444,0.0217,0.9042,0.3548,0.339
71,570,5,interact,0.5489,0.0998,0.0548,0.9042,0.3548,0.339
71,570,5,hyperson,0.4217,0.0767,0.0323,0.9042,0.3548,0.339
71,1253,6,viscous,0.488,0.1241,0.0606,0.9042,0.3849,0.334
71,1253,6,interact,0.5489,0.0465,0.0255,0.9042,0.3849,0.334
71,1253,6,hyperson,0.4217,0.0715,0.0301,0.9042,0.3849,0.334
71,310,7,viscous,0.488,0.1232,0.0601,0.9042,0.3458,0.3184
71,310,7,interact,0.5489,0.0554,0.0304,0.9042,0.3458,0.3184
71,310,7,hyperson,0.4217,0.0213,0.009,0.9042,0.3458,0.3184
71,26,8,viscous,0.488,0.0697,0.034,0.9042,0.5439,0.3116
71,26,8,interact,0.5489,0.0784,0.043,0.9042,0.5439,0.3116
71,26,8,hyperson,0.4217,0.1807,0.0762,0.9042,0.5439,0.3116
71,573,9,viscous,0.488,0.0976,0.0476,0.9042,0.4391,0.3104
71,573,9,interact,0.5489,0.0549,0.0301,0.9042,0.4391,0.3104
71,573,9,result,0.1409,0.007,0.001,0.9042,0.4391,0.3104
71,573,9,hyperson,0.4217,0.1054,0.0445,0.9042,0.4391,0.3104
71,525,10,viscous,0.488,0.0707,0.0345,0.9042,0.377,0.3092
71,525,10,interact,0.5489,0.0795,0.0437,0.9042,0.377,0.3092
71,525,10,result,0.1409,0.0102,0.0014,0.9042,0.377,0.3092
71,525,10,hyperson,0.4217,0.0611,0.0258,0.9042,0.377,0.3092
72,540,1,relat,0.1502,0.0313,0.0047,0.6437,0.2768,0.2715
72,540,1,viscous,0.2034,0.0849,0.0173,0.6437,0.2768,0.2715
72,540,1,flow,0.0543,0.0283,0.0015,0.6437,0.2768,0.2715
72,540,1,interact,0.2287,0.0955,0.0218,0.6437,0.2768,0.2715
72,540,1,high,0.1432,0.0149,0.0021,0.6437,0.2768,0.2715
72,540,1,number,0.1323,0.0069,0.0009,0.6437,0.2768,0.2715
72,63,2,mach,0.1069,0.0262,0.0028,0.6437,0.3228,0.2397
72,63,2,viscous,0.2034,0.0996,0.0203,0.6437,0.3228,0.2397
72,63,2,flow,0.0543,0.0199,0.0011,0.6437,0.3228,0.2397
72,63,2,interact,0.2287,0.084,0.0192,0.6437,0.3228,0.2397
72,63,2,reynold,0.1626,0.0199,0.0032,0.6437,0.3228,0.2397
72,63,2,number,0.1323,0.0243,0.0032,0.6437,0.3228,0.2397
72,1395,3,low,0.1839,0.0345,0.0063,0.6437,0.3665,0.2148
72,1395,3,mach,0.1069,0.02,0.0021,0.6437,0.3665,0.2148
72,1395,3,viscous,0.2034,0.0381,0.0078,0.6437,0.3665,0.2148
72,1395,3,interact,0.2287,0.0858,0.0196,0.6437,0.3665,0.2148
72,1395,3,reynold,0.1626,0.061,0.0099,0.6437,0.3665,0.2148
72,1395,3,number,0.1323,0.0372,0.0049,0.6437,0.3665,0.2148
72,170,4,mach,0.1069,0.0096,0.001,0.6437,0.3705,0.2128
72,170,4,flow,0.0543,0.0049,0.0003,0.6437,0.3705,0.2128
72,170,4,interact,0.2287,0.2048,0.0468,0.6437,0.3705,0.2128
72,170,4,high,0.1432,0.0128,0.0018,0.6437,0.3705,0.2128
72,170,4,number,0.1323,0.0059,0.0008,0.6437,0.3705,0.2128
72,305,5,viscous,0.2034,0.1312,0.0267,0.6437,0.3329,0.1963
72,305,5,flow,0.0543,0.035,0.0019,0.6437,0.3329,0.1963
72,305,5,interact,0.2287,0.059,0.0135,0.6437,0.3329,0.1963
72,310,6,mach,0.1069,0.013,0.0014,0.6437,0.3458,0.195
72,310,6,viscous,0.2034,0.1232,0.0251,0.6437,0.3458,0.195
72,310,6,flow,0.0543,0.0592,0.0032,0.6437,0.3458,0.195
72,310,6,interact,0.2287,0.0554,0.0127,0.6437,0.3458,0.195
72,310,6,number,0.1323,0.008,0.0011,0.6437,0.3458,0.195
72,1078,7,viscous,0.2034,0.0548,0.0112,0.6437,0.4269,0.1859
72,1078,7,flow,0.0543,0.0146,0.0008,0.6437,0.4269,0.1859
72,1078,7,reynold,0.1626,0.1754,0.0285,0.6437,0.4269,0.1859
72,1078,7,number,0.1323,0.0803,0.0106,0.6437,0.4269,0.1859
72,666,8,low,0.1839,0.0559,0.0103,0.6437,0.2881,0.1854
72,666,8,viscous,0.2034,0.0309,0.0063,0.6437,0.2881,0.1854
72,666,8,flow,0.0543,0.033,0.0018,0.6437,0.2881,0.1854
72,666,8,reynold,0.1626,0.0741,0.012,0.6437,0.2881,0.1854
72,666,8,number,0.1323,0.0301,0.004,0.6437,0.2881,0.1854
72,1360,9,done,0.3838,0.1396,0.0536,0.6437,0.4718,0.1816
72,1360,9,number,0.1323,0.012,0.0016,0.6437,0.4718,0.1816
72,798,10,relat,0.1502,0.0106,0.0016,0.6437,0.2389,0.181
72,798,10,particular,0.1955,0.0138,0.0027,0.6437,0.2389,0.181
72,798,10,mach,0.1069,0.0038,0.0004,0.6437,0.2389,0.181
72,798,10,flow,0.0543,0.0095,0.0005,0.6437,0.2389,0.181
72,798,10,interact,0.2287,0.0805,0.0184,0.6437,0.2389,0.181
72,798,10,reynold,0.1626,0.0114,0.0019,0.6437,0.2389,0.181
72,798,10,high,0.1432,0.0101,0.0014,0.6437,0.2389,0.181
72,798,10,number,0.1323,0.007,0.0009,0.6437,0.2389,0.181
73,332,1,bodi,0.1043,0.0574,0.006,0.8249,0.3771,0.4225
73,332,1,law,0.2183,0.0901,0.0197,0.8249,0.3771,0.4225
73,332,1,equilibrium,0.1892,0.0521,0.0098,0.8249,0.3771,0.4225
73,332,1,slender,0.1787,0.0738,0.0132,0.8249,0.3771,0.4225
73,332,1,flow,0.0434,0.0538,0.0023,0.8249,0.3771,0.4225
73,332,1,govern,0.2292,0.0315,0.0072,0.8249,0.3771,0.4225
73,332,1,similitud,0.3365,0.1852,0.0623,0.8249,0.3771,0.4225
73,332,1,hyperson,0.1406,0.0774,0.0109,0.8249,0.3771,0.4225
73,573,2,effect,0.0635,0.0286,0.0018,0.8249,0.4391,0.3733
73,573,2,bodi,0.1043,0.0156,0.0016,0.8249,0.4391,0.3733
73,573,2,law,0.2183,0.0327,0.0071,0.8249,0.4391,0.3733
73,573,2,govern,0.2292,0.0344,0.0079,0.8249,0.4391,0.3733
73,573,2,similitud,0.3365,0.3028,0.1019,0.8249,0.4391,0.3733
73,573,2,hyperson,0.1406,0.1054,0.0148,0.8249,0.4391,0.3733
73,541,3,effect,0.0635,0.0076,0.0005,0.8249,0.3972,0.2934
73,541,3,bodi,0.1043,0.0372,0.0039,0.8249,0.3972,0.2934
73,541,3,law,0.2183,0.052,0.0113,0.8249,0.3972,0.2934
73,541,3,equilibrium,0.1892,0.0225,0.0043,0.8249,0.3972,0.2934
73,541,3,slender,0.1787,0.0425,0.0076,0.8249,0.3972,0.2934
73,541,3,flow,0.0434,0.031,0.0013,0.8249,0.3972,0.2934
73,541,3,govern,0.2292,0.0273,0.0063,0.8249,0.3972,0.2934
73,541,3,similitud,0.3365,0.1602,0.0539,0.8249,0.3972,0.2934
73,541,3,hyperson,0.1406,0.0502,0.0071,0.8249,0.3972,0.2934
73,517,4,effect,0.0635,0.0366,0.0023,0.8249,0.6082,0.2229
73,517,4,chemic,0.2387,0.0689,0.0164,0.8249,0.6082,0.2229
73,517,4,reaction,0.254,0.3664,0.0931,0.8249,0.6082,0.2229
73,572,5,effect,0.0635,0.0189,0.0012,0.8249,0.2302,0.2149
73,572,5,bodi,0.1043,0.0124,0.0013,0.8249,0.2302,0.2149
73,572,5,slender,0.1787,0.0106,0.0019,0.8249,0.2302,0.2149
73,572,5,flow,0.0434,0.0103,0.0004,0.8249,0.2302,0.2149
73,572,5,govern,0.2292,0.0136,0.0031,0.8249,0.2302,0.2149
73,572,5,similitud,0.3365,0.0801,0.027,0.8249,0.2302,0.2149
73,572,5,hyperson,0.1406,0.0418,0.0059,0.8249,0.2302,0.2149
73,488,6,chemic,0.2387,0.0746,0.0178,0.8249,0.4601,0.2034
73,488,6,equilibrium,0.1892,0.0296,0.0056,0.8249,0.4601,0.2034
73,488,6,flow,0.0434,0.0068,0.0003,0.8249,0.4601,0.2034
73,488,6,reaction,0.254,0.1984,0.0504,0.8249,0.4601,0.2034
73,488,6,hyperson,0.1406,0.022,0.0031,0.8249,0.4601,0.2034
73,552,7,chemic,0.2387,0.0578,0.0138,0.8249,0.3394,0.2003
73,552,7,equilibrium,0.1892,0.0458,0.0087,0.8249,0.3394,0.2003
73,552,7,reaction,0.254,0.1229,0.0312,0.8249,0.3394,0.2003
73,552,7,hyperson,0.1406,0.017,0.0024,0.8249,0.3394,0.2003
73,359,8,bodi,0.1043,0.0261,0.0027,0.8249,0.5072,0.1939
73,359,8,law,0.2183,0.2183,0.0476,0.8249,0.5072,0.1939
73,359,8,slender,0.1787,0.0893,0.016,0.8249,0.5072,0.1939
73,359,8,hyperson,0.1406,0.1054,0.0148,0.8249,0.5072,0.1939
73,410,9,bodi,0.1043,0.0736,0.0077,0.8249,0.3651,0.1919
73,410,9,chemic,0.2387,0.1264,0.0302,0.8249,0.3651,0.1919
73,410,9,equilibrium,0.1892,0.1001,0.0189,0.8249,0.3651,0.1919
73,410,9,flow,0.0434,0.023,0.001,0.8249,0.3651,0.1919
73,401,10,effect,0.0635,0.0048,0.0003,0.8249,0.3373,0.1904
73,401,10,bodi,0.1043,0.0079,0.0008,0.8249,0.3373,0.1904
73,401,10,chemic,0.2387,0.036,0.0086,0.8249,0.3373,0.1904
73,401,10,equilibrium,0.1892,0.0428,0.0081,0.8249,0.3373,0.1904
73,401,10,particular,0.1564,0.0118,0.0018,0.8249,0.3373,0.1904
73,401,10,flow,0.0434,0.0196,0.0009,0.8249,0.3373,0.1904
73,401,10,reaction,0.254,0.0766,0.0195,0.8249,0.3373,0.1904
73,401,10,similitud,0.3365,0.0254,0.0085,0.8249,0.3373,0.1904
73,401,10,hyperson,0.1406,0.0318,0.0045,0.8249,0.3373,0.1904
74,26,1,realize,0.5174,0.207,0.1071,0.8359,0.5439,0.329
74,26,1,signific,0.1952,0.0781,0.0152,0.8359,0.5439,0.329
74,26,1,hyperson,0.1506,0.1807,0.0272,0.8359,0.5439,0.329
74,625,2,possibl,0.1577,0.0115,0.0018,0.8359,0.2811,0.2434
74,625,2,dissoci,0.254,0.1296,0.0329,0.8359,0.2811,0.2434
74,625,2,free,0.1328,0.0291,0.0039,0.8359,0.2811,0.2434
74,625,2,simul,0.2635,0.0192,0.0051,0.8359,0.2811,0.2434
74,625,2,tunnel,0.1465,0.0107,0.0016,0.8359,0.2811,0.2434
74,625,2,pressur,0.0665,0.0048,0.0003,0.8359,0.2811,0.2434
74,625,2,wind,0.1714,0.0125,0.0021,0.8359,0.2811,0.2434
74,625,2,stream,0.1257,0.0275,0.0035,0.8359,0.2811,0.2434
74,625,2,high,0.1228,0.009,0.0011,0.8359,0.2811,0.2434
74,625,2,hyperson,0.1506,0.0329,0.005,0.8359,0.2811,0.2434
74,1153,3,free,0.1328,0.0418,0.0056,0.8359,0.3768,0.2297
74,1153,3,simul,0.2635,0.0829,0.0218,0.8359,0.3768,0.2297
74,1153,3,tunnel,0.1465,0.1152,0.0169,0.8359,0.3768,0.2297
74,1153,3,wind,0.1714,0.1348,0.0231,0.8359,0.3768,0.2297
74,1153,3,stream,0.1257,0.0395,0.005,0.8359,0.3768,0.2297
74,68,4,possibl,0.1577,0.034,0.0054,0.8359,0.4611,0.2228
74,68,4,simul,0.2635,0.227,0.0598,0.8359,0.4611,0.2228
74,68,4,tunnel,0.1465,0.0316,0.0046,0.8359,0.4611,0.2228
74,68,4,wind,0.1714,0.0369,0.0063,0.8359,0.4611,0.2228
74,68,4,hyperson,0.1506,0.0649,0.0098,0.8359,0.4611,0.2228
74,876,5,simul,0.2635,0.1203,0.0317,0.8359,0.4113,0.2141
74,876,5,tunnel,0.1465,0.1338,0.0196,0.8359,0.4113,0.2141
74,876,5,pressur,0.0665,0.0303,0.002,0.8359,0.4113,0.2141
74,876,5,wind,0.1714,0.0783,0.0134,0.8359,0.4113,0.2141
74,876,5,high,0.1228,0.056,0.0069,0.8359,0.4113,0.2141
74,656,6,dissoci,0.254,0.1693,0.043,0.8359,0.3758,0.1969
74,656,6,tunnel,0.1465,0.0326,0.0048,0.8359,0.3758,0.1969
74,656,6,wind,0.1714,0.0381,0.0065,0.8359,0.3758,0.1969
74,656,6,hyperson,0.1506,0.0502,0.0076,0.8359,0.3758,0.1969
74,493,7,free,0.1328,0.0564,0.0075,0.8359,0.333,0.1871
74,493,7,enthalpi,0.2635,0.1341,0.0353,0.8359,0.333,0.1871
74,493,7,stream,0.1257,0.0533,0.0067,0.8359,0.333,0.1871
74,493,7,high,0.1228,0.0208,0.0026,0.8359,0.333,0.1871
74,1143,8,enthalpi,0.2635,0.1302,0.0343,0.8359,0.4339,0.1656
74,1143,8,tunnel,0.1465,0.0965,0.0141,0.8359,0.4339,0.1656
74,1143,8,pressur,0.0665,0.0219,0.0015,0.8359,0.4339,0.1656
74,1143,8,stream,0.1257,0.0414,0.0052,0.8359,0.4339,0.1656
74,1143,8,high,0.1228,0.0404,0.005,0.8359,0.4339,0.1656
74,317,9,dissoci,0.254,0.1641,0.0417,0.8359,0.3745,0.1595
74,317,9,signific,0.1952,0.021,0.0041,0.8359,0.3745,0.1595
74,317,9,stream,0.1257,0.0135,0.0017,0.8359,0.3745,0.1595
74,317,9,hyperson,0.1506,0.0162,0.0024,0.8359,0.3745,0.1595
74,1161,10,possibl,0.1577,0.0345,0.0054,0.8359,0.3989,0.1564
74,1161,10,dissoci,0.254,0.1111,0.0282,0.8359,0.3989,0.1564
74,1161,10,simul,0.2635,0.0576,0.0152,0.8359,0.3989,0.1564
74,1161,10,high,0.1228,0.0269,0.0033,0.8359,0.3989,0.1564
75,324,1,effect,0.056,0.0697,0.0039,0.7259,0.5771,0.2264
75,324,1,vortic,0.1937,0.3213,0.0622,0.7259,0.5771,0.2264
75,324,1,stagnat,0.138,0.1717,0.0237,0.7259,0.5771,0.2264
75,324,1,point,0.0635,0.0789,0.005,0.7259,0.5771,0.2264
75,1146,2,differ,0.1169,0.0795,0.0093,0.7259,0.5813,0.1813
75,1146,2,among,0.3117,0.2119,0.0661,0.7259,0.5813,0.1813
75,1146,2,result,0.0414,0.0282,0.0012,0.7259,0.5813,0.1813
75,323,3,vortic,0.1937,0.2297,0.0445,0.7259,0.4966,0.1741
75,323,3,stagnat,0.138,0.1091,0.0151,0.7259,0.4966,0.1741
75,323,3,point,0.0635,0.0502,0.0032,0.7259,0.4966,0.1741
75,629,4,effect,0.056,0.042,0.0024,0.7259,0.379,0.1732
75,629,4,vortic,0.1937,0.1937,0.0375,0.7259,0.379,0.1732
75,629,4,stagnat,0.138,0.0345,0.0048,0.7259,0.379,0.1732
75,629,4,point,0.0635,0.0159,0.001,0.7259,0.379,0.1732
75,629,4,heat,0.0894,0.0224,0.002,0.7259,0.379,0.1732
75,1395,5,effect,0.056,0.0149,0.0008,0.7259,0.3665,0.1725
75,1395,5,vortic,0.1937,0.1029,0.0199,0.7259,0.3665,0.1725
75,1395,5,stagnat,0.138,0.0367,0.0051,0.7259,0.3665,0.1725
75,1395,5,point,0.0635,0.0506,0.0032,0.7259,0.3665,0.1725
75,1395,5,heat,0.0894,0.0713,0.0064,0.7259,0.3665,0.1725
75,1395,5,transfer,0.1122,0.0894,0.01,0.7259,0.3665,0.1725
75,1395,5,result,0.0414,0.011,0.0005,0.7259,0.3665,0.1725
75,630,6,law,0.1926,0.0334,0.0064,0.7259,0.3262,0.1669
75,630,6,vortic,0.1937,0.0336,0.0065,0.7259,0.3262,0.1669
75,630,6,stagnat,0.138,0.0718,0.0099,0.7259,0.3262,0.1669
75,630,6,temperatur,0.0972,0.0843,0.0082,0.7259,0.3262,0.1669
75,630,6,point,0.0635,0.033,0.0021,0.7259,0.3262,0.1669
75,630,6,viscos,0.1824,0.0316,0.0058,0.7259,0.3262,0.1669
75,630,6,result,0.0414,0.0144,0.0006,0.7259,0.3262,0.1669
75,584,7,differ,0.1169,0.0301,0.0035,0.7259,0.3804,0.1631
75,584,7,law,0.1926,0.0992,0.0191,0.7259,0.3804,0.1631
75,584,7,temperatur,0.0972,0.1002,0.0097,0.7259,0.3804,0.1631
75,584,7,heat,0.0894,0.0691,0.0062,0.7259,0.3804,0.1631
75,584,7,transfer,0.1122,0.0578,0.0065,0.7259,0.3804,0.1631
75,565,8,effect,0.056,0.0345,0.0019,0.7259,0.3131,0.1607
75,565,8,differ,0.1169,0.0144,0.0017,0.7259,0.3131,0.1607
75,565,8,stagnat,0.138,0.034,0.0047,0.7259,0.3131,0.1607
75,565,8,temperatur,0.0972,0.0599,0.0058,0.7259,0.3131,0.1607
75,565,8,point,0.0635,0.0078,0.0005,0.7259,0.3131,0.1607
75,565,8,viscos,0.1824,0.0899,0.0164,0.7259,0.3131,0.1607
75,565,8,heat,0.0894,0.022,0.002,0.7259,0.3131,0.1607
75,565,8,transfer,0.1122,0.0276,0.0031,0.7259,0.3131,0.1607
75,565,8,result,0.0414,0.0102,0.0004,0.7259,0.3131,0.1607
75,559,9,effect,0.056,0.0173,0.001,0.7259,0.3583,0.1594
75,559,9,stagnat,0.138,0.128,0.0177,0.7259,0.3583,0.1594
75,559,9,point,0.0635,0.0588,0.0037,0.7259,0.3583,0.1594
75,559,9,heat,0.0894,0.0829,0.0074,0.7259,0.3583,0.1594
75,559,9,transfer,0.1122,0.104,0.0117,0.7259,0.3583,0.1594
75,1393,10,assum,0.1283,0.0191,0.0025,0.7259,0.3255,0.1542
75,1393,10,stagnat,0.138,0.1029,0.0142,0.7259,0.3255,0.1542
75,1393,10,temperatur,0.0972,0.0145,0.0014,0.7259,0.3255,0.1542
75,1393,10,point,0.0635,0.0473,0.003,0.7259,0.3255,0.1542
75,1393,10,heat,0.0894,0.0667,0.006,0.7259,0.3255,0.1542
75,1393,10,transfer,0.1122,0.0836,0.0094,0.7259,0.3255,0.1542
76,666,1,reynold,0.1301,0.0741,0.0096,0.5534,0.2881,0.2449
76,666,1,solut,0.0824,0.0156,0.0013,0.5534,0.2881,0.2449
76,666,1,shock,0.1176,0.0223,0.0026,0.5534,0.2881,0.2449
76,666,1,far,0.237,0.045,0.0107,0.5534,0.2881,0.2449
76,666,1,layer,0.0812,0.0154,0.0013,0.5534,0.2881,0.2449
76,666,1,low,0.1472,0.0559,0.0082,0.5534,0.2881,0.2449
76,666,1,number,0.0529,0.0301,0.0016,0.5534,0.2881,0.2449
76,666,1,hyperson,0.1406,0.0267,0.0038,0.5534,0.2881,0.2449
76,630,2,reynold,0.1301,0.0398,0.0052,0.5534,0.3262,0.2441
76,630,2,solut,0.0824,0.0126,0.001,0.5534,0.3262,0.2441
76,630,2,shock,0.1176,0.054,0.0063,0.5534,0.3262,0.2441
76,630,2,layer,0.0812,0.0497,0.004,0.5534,0.3262,0.2441
76,630,2,linear,0.1434,0.0219,0.0031,0.5534,0.3262,0.2441
76,630,2,low,0.1472,0.045,0.0066,0.5534,0.3262,0.2441
76,630,2,one,0.061,0.0093,0.0006,0.5534,0.3262,0.2441
76,630,2,viscos,0.2067,0.0316,0.0065,0.5534,0.3262,0.2441
76,630,2,temperatur,0.1102,0.0843,0.0093,0.5534,0.3262,0.2441
76,630,2,number,0.0529,0.0243,0.0013,0.5534,0.3262,0.2441
76,565,3,solut,0.0824,0.0448,0.0037,0.5534,0.3131,0.2201
76,565,3,layer,0.0812,0.0353,0.0029,0.5534,0.3131,0.2201
76,565,3,linear,0.1434,0.0312,0.0045,0.5534,0.3131,0.2201
76,565,3,one,0.061,0.0066,0.0004,0.5534,0.3131,0.2201
76,565,3,viscos,0.2067,0.0899,0.0186,0.5534,0.3131,0.2201
76,565,3,temperatur,0.1102,0.0599,0.0066,0.5534,0.3131,0.2201
76,565,3,number,0.0529,0.0288,0.0015,0.5534,0.3131,0.2201
76,171,4,shock,0.1176,0.0962,0.0113,0.5534,0.2979,0.2122
76,171,4,low,0.1472,0.0401,0.0059,0.5534,0.2979,0.2122
76,171,4,one,0.061,0.0333,0.002,0.5534,0.2979,0.2122
76,171,4,viscos,0.2067,0.0564,0.0117,0.5534,0.2979,0.2122
76,171,4,temperatur,0.1102,0.0301,0.0033,0.5534,0.2979,0.2122
76,171,4,number,0.0529,0.0144,0.0008,0.5534,0.2979,0.2122
76,1394,5,reynold,0.1301,0.0443,0.0058,0.5534,0.371,0.1887
76,1394,5,solut,0.0824,0.014,0.0012,0.5534,0.371,0.1887
76,1394,5,shock,0.1176,0.0401,0.0047,0.5534,0.371,0.1887
76,1394,5,layer,0.0812,0.0554,0.0045,0.5534,0.371,0.1887
76,1394,5,low,0.1472,0.0752,0.0111,0.5534,0.371,0.1887
76,1394,5,number,0.0529,0.0271,0.0014,0.5534,0.371,0.1887
76,1394,5,hyperson,0.1406,0.0719,0.0101,0.5534,0.371,0.1887
76,667,6,reynold,0.1301,0.0267,0.0035,0.5534,0.3502,0.1783
76,667,6,solut,0.0824,0.0254,0.0021,0.5534,0.3502,0.1783
76,667,6,shock,0.1176,0.1208,0.0142,0.5534,0.3502,0.1783
76,667,6,layer,0.0812,0.0501,0.0041,0.5534,0.3502,0.1783
76,667,6,low,0.1472,0.0302,0.0044,0.5534,0.3502,0.1783
76,667,6,one,0.061,0.0063,0.0004,0.5534,0.3502,0.1783
76,667,6,temperatur,0.1102,0.0113,0.0012,0.5534,0.3502,0.1783
76,667,6,number,0.0529,0.0109,0.0006,0.5534,0.3502,0.1783
76,667,6,hyperson,0.1406,0.0289,0.0041,0.5534,0.3502,0.1783
76,50,7,reynold,0.1301,0.0193,0.0025,0.5534,0.3123,0.1769
76,50,7,assum,0.1454,0.0216,0.0031,0.5534,0.3123,0.1769
76,50,7,layer,0.0812,0.0362,0.0029,0.5534,0.3123,0.1769
76,50,7,viscos,0.2067,0.0614,0.0127,0.5534,0.3123,0.1769
76,50,7,temperatur,0.1102,0.0655,0.0072,0.5534,0.3123,0.1769
76,50,7,number,0.0529,0.0393,0.0021,0.5534,0.3123,0.1769
76,55,8,reynold,0.1301,0.0241,0.0031,0.5534,0.3178,0.1754
76,55,8,assum,0.1454,0.0539,0.0078,0.5534,0.3178,0.1754
76,55,8,layer,0.0812,0.0451,0.0037,0.5534,0.3178,0.1754
76,55,8,viscos,0.2067,0.0383,0.0079,0.5534,0.3178,0.1754
76,55,8,temperatur,0.1102,0.0612,0.0067,0.5534,0.3178,0.1754
76,55,8,number,0.0529,0.0294,0.0016,0.5534,0.3178,0.1754
76,537,9,reynold,0.1301,0.039,0.0051,0.5534,0.3774,0.1735
76,537,9,solut,0.0824,0.0494,0.0041,0.5534,0.3774,0.1735
76,537,9,layer,0.0812,0.0244,0.002,0.5534,0.3774,0.1735
76,537,9,low,0.1472,0.0441,0.0065,0.5534,0.3774,0.1735
76,537,9,number,0.0529,0.0159,0.0008,0.5534,0.3774,0.1735
76,537,9,hyperson,0.1406,0.1265,0.0178,0.5534,0.3774,0.1735
76,1157,10,shock,0.1176,0.1176,0.0138,0.5534,0.3291,0.1732
76,1157,10,layer,0.0812,0.0102,0.0008,0.5534,0.3291,0.1732
76,1157,10,low,0.1472,0.0184,0.0027,0.5534,0.3291,0.1732
76,1157,10,temperatur,0.1102,0.0551,0.0061,0.5534,0.3291,0.1732
76,1157,10,number,0.0529,0.0132,0.0007,0.5534,0.3291,0.1732
76,1157,10,hyperson,0.1406,0.0527,0.0074,0.5534,0.3291,0.1732
77,329,1,shock,0.1357,0.0653,0.0089,0.7389,0.3001,0.5369
77,329,1,regim,0.2956,0.0813,0.024,0.7389,0.3001,0.5369
77,329,1,close,0.2061,0.0071,0.0015,0.7389,0.3001,0.5369
77,329,1,reynold,0.1501,0.0155,0.0023,0.7389,0.3001,0.5369
77,329,1,theori,0.0863,0.0119,0.001,0.7389,0.3001,0.5369
77,329,1,merg,0.4506,0.155,0.0698,0.7389,0.3001,0.5369
77,329,1,number,0.0611,0.0105,0.0006,0.7389,0.3001,0.5369
77,329,1,layer,0.1874,0.058,0.0109,0.7389,0.3001,0.5369
77,1395,2,shock,0.1357,0.0276,0.0037,0.7389,0.3665,0.3405
77,1395,2,regim,0.2956,0.06,0.0178,0.7389,0.3665,0.3405
77,1395,2,low,0.1698,0.0345,0.0059,0.7389,0.3665,0.3405
77,1395,2,reynold,0.1501,0.061,0.0091,0.7389,0.3665,0.3405
77,1395,2,theori,0.0863,0.0175,0.0015,0.7389,0.3665,0.3405
77,1395,2,merg,0.4506,0.0915,0.0412,0.7389,0.3665,0.3405
77,1395,2,number,0.0611,0.0372,0.0023,0.7389,0.3665,0.3405
77,1395,2,layer,0.1874,0.0571,0.0107,0.7389,0.3665,0.3405
77,630,3,shock,0.1357,0.054,0.0073,0.7389,0.3262,0.2829
77,630,3,low,0.1698,0.045,0.0076,0.7389,0.3262,0.2829
77,630,3,experi,0.1708,0.0227,0.0039,0.7389,0.3262,0.2829
77,630,3,close,0.2061,0.0273,0.0056,0.7389,0.3262,0.2829
77,630,3,reynold,0.1501,0.0398,0.006,0.7389,0.3262,0.2829
77,630,3,merg,0.4506,0.0598,0.0269,0.7389,0.3262,0.2829
77,630,3,number,0.0611,0.0243,0.0015,0.7389,0.3262,0.2829
77,630,3,layer,0.1874,0.0497,0.0093,0.7389,0.3262,0.2829
77,667,4,shock,0.1357,0.1208,0.0164,0.7389,0.3502,0.2654
77,667,4,regim,0.2956,0.1053,0.0311,0.7389,0.3502,0.2654
77,667,4,low,0.1698,0.0302,0.0051,0.7389,0.3502,0.2654
77,667,4,reynold,0.1501,0.0267,0.004,0.7389,0.3502,0.2654
77,667,4,theori,0.0863,0.023,0.002,0.7389,0.3502,0.2654
77,667,4,number,0.0611,0.0109,0.0007,0.7389,0.3502,0.2654
77,667,4,layer,0.1874,0.0501,0.0094,0.7389,0.3502,0.2654
77,1391,5,shock,0.1357,0.042,0.0057,0.7389,0.3267,0.2425
77,1391,5,regim,0.2956,0.1525,0.0451,0.7389,0.3267,0.2425
77,1391,5,low,0.1698,0.0175,0.003,0.7389,0.3267,0.2425
77,1391,5,theori,0.0863,0.0089,0.0008,0.7389,0.3267,0.2425
77,1391,5,number,0.0611,0.0063,0.0004,0.7389,0.3267,0.2425
77,1391,5,layer,0.1874,0.0193,0.0036,0.7389,0.3267,0.2425
77,1264,6,exist,0.1909,0.0373,0.0071,0.7389,0.3261,0.2406
77,1264,6,shock,0.1357,0.1061,0.0144,0.7389,0.3261,0.2406
77,1264,6,regim,0.2956,0.0289,0.0085,0.7389,0.3261,0.2406
77,1264,6,experi,0.1708,0.0167,0.0029,0.7389,0.3261,0.2406
77,1264,6,comparison,0.1771,0.0173,0.0031,0.7389,0.3261,0.2406
77,1264,6,reynold,0.1501,0.088,0.0132,0.7389,0.3261,0.2406
77,1264,6,theori,0.0863,0.0084,0.0007,0.7389,0.3261,0.2406
77,1264,6,number,0.0611,0.0477,0.0029,0.7389,0.3261,0.2406
77,1264,6,layer,0.1874,0.0275,0.0052,0.7389,0.3261,0.2406
77,134,7,regim,0.2956,0.1039,0.0307,0.7389,0.3183,0.2303
77,134,7,reynold,0.1501,0.0176,0.0026,0.7389,0.3183,0.2303
77,134,7,theori,0.0863,0.0404,0.0035,0.7389,0.3183,0.2303
77,134,7,number,0.0611,0.0143,0.0009,0.7389,0.3183,0.2303
77,134,7,layer,0.1874,0.0878,0.0165,0.7389,0.3183,0.2303
77,537,8,regim,0.2956,0.0769,0.0227,0.7389,0.3774,0.1888
77,537,8,low,0.1698,0.0441,0.0075,0.7389,0.3774,0.1888
77,537,8,close,0.2061,0.0536,0.011,0.7389,0.3774,0.1888
77,537,8,reynold,0.1501,0.039,0.0059,0.7389,0.3774,0.1888
77,537,8,number,0.0611,0.0159,0.001,0.7389,0.3774,0.1888
77,537,8,layer,0.1874,0.0244,0.0046,0.7389,0.3774,0.1888
77,170,9,exist,0.1909,0.037,0.0071,0.7389,0.3705,0.1867
77,170,9,shock,0.1357,0.1053,0.0143,0.7389,0.3705,0.1867
77,170,9,experi,0.1708,0.0497,0.0085,0.7389,0.3705,0.1867
77,170,9,close,0.2061,0.04,0.0082,0.7389,0.3705,0.1867
77,170,9,theori,0.0863,0.0084,0.0007,0.7389,0.3705,0.1867
77,170,9,number,0.0611,0.0059,0.0004,0.7389,0.3705,0.1867
77,170,9,layer,0.1874,0.0636,0.0119,0.7389,0.3705,0.1867
77,668,10,low,0.1698,0.034,0.0058,0.7389,0.3703,0.1749
77,668,10,experi,0.1708,0.0342,0.0058,0.7389,0.3703,0.1749
77,668,10,reynold,0.1501,0.1501,0.0225,0.7389,0.3703,0.1749
77,668,10,theori,0.0863,0.0345,0.003,0.7389,0.3703,0.1749
77,668,10,number,0.0611,0.0611,0.0037,0.7389,0.3703,0.1749
77,668,10,layer,0.1874,0.0375,0.007,0.7389,0.3703,0.1749
78,589,1,stage,0.4429,0.1708,0.0757,1.4488,0.6483,0.3991
78,589,1,surg,0.6509,0.1674,0.1089,1.4488,0.6483,0.3991
78,589,1,axial,0.2504,0.0161,0.004,1.4488,0.6483,0.3991
78,589,1,compressor,0.4721,0.3945,0.1862,1.4488,0.6483,0.3991
78,543,2,stage,0.4429,0.3392,0.1503,1.4488,0.8707,0.3504
78,543,2,multi,0.5887,0.1127,0.0664,1.4488,0.8707,0.3504
78,543,2,axial,0.2504,0.048,0.012,1.4488,0.8707,0.3504
78,543,2,compressor,0.4721,0.452,0.2134,1.4488,0.8707,0.3504
78,588,3,stage,0.4429,0.3066,0.1358,1.4488,0.4989,0.3322
78,588,3,surg,0.6509,0.0322,0.0209,1.4488,0.4989,0.3322
78,588,3,axial,0.2504,0.0248,0.0062,1.4488,0.4989,0.3322
78,588,3,compressor,0.4721,0.1634,0.0771,1.4488,0.4989,0.3322
78,590,4,stage,0.4429,0.2847,0.1261,1.4488,0.5548,0.3092
78,590,4,axial,0.2504,0.1073,0.0269,1.4488,0.5548,0.3092
78,590,4,compressor,0.4721,0.2023,0.0955,1.4488,0.5548,0.3092
78,216,5,stage,0.4429,0.0772,0.0342,1.4488,0.3974,0.2806
78,216,5,axial,0.2504,0.0436,0.0109,1.4488,0.3974,0.2806
78,216,5,compressor,0.4721,0.2467,0.1164,1.4488,0.3974,0.2806
78,576,6,stage,0.4429,0.1934,0.0856,1.4488,0.3264,0.2488
78,576,6,axial,0.2504,0.0084,0.0021,1.4488,0.3264,0.2488
78,576,6,compressor,0.4721,0.0634,0.0299,1.4488,0.3264,0.2488
78,591,7,compressor,0.4721,0.3749,0.177,1.4488,0.6873,0.2355
78,591,7,line,0.3297,0.1746,0.0576,1.4488,0.6873,0.2355
78,578,8,stage,0.4429,0.0752,0.0333,1.4488,0.5619,0.2222
78,578,8,surg,0.6509,0.1105,0.0719,1.4488,0.5619,0.2222
78,578,8,compressor,0.4721,0.1603,0.0757,1.4488,0.5619,0.2222
78,592,9,stage,0.4429,0.083,0.0368,1.4488,0.457,0.2173
78,592,9,axial,0.2504,0.0939,0.0235,1.4488,0.457,0.2173
78,592,9,compressor,0.4721,0.177,0.0836,1.4488,0.457,0.2173
78,237,10,stage,0.4429,0.0498,0.0221,1.4488,0.5679,0.2047
78,237,10,multi,0.5887,0.0662,0.039,1.4488,0.5679,0.2047
78,237,10,axial,0.2504,0.0282,0.0071,1.4488,0.5679,0.2047
78,237,10,compressor,0.4721,0.2124,0.1003,1.4488,0.5679,0.2047
79,544,1,deriv,0.1883,0.0628,0.0118,0.5845,0.3918,0.2686
79,544,1,theoret,0.1785,0.0595,0.0106,0.5845,0.3918,0.2686
79,544,1,aerodynam,0.2057,0.0343,0.0071,0.5845,0.3918,0.2686
79,544,1,measur,0.1715,0.0572,0.0098,0.5845,0.3918,0.2686
79,544,1,hyperson,0.2108,0.1054,0.0222,0.5845,0.3918,0.2686
79,19,2,deriv,0.1883,0.0459,0.0086,0.5845,0.4029,0.247
79,19,2,work,0.2517,0.0614,0.0154,0.5845,0.4029,0.247
79,19,2,number,0.0794,0.0194,0.0015,0.5845,0.4029,0.247
79,19,2,hyperson,0.2108,0.1543,0.0325,0.5845,0.4029,0.247
79,567,3,aerodynam,0.2057,0.0407,0.0084,0.5845,0.3098,0.238
79,567,3,made,0.1381,0.0137,0.0019,0.5845,0.3098,0.238
79,567,3,mach,0.1283,0.0762,0.0098,0.5845,0.3098,0.238
79,567,3,comparison,0.2303,0.0456,0.0105,0.5845,0.3098,0.238
79,567,3,number,0.0794,0.0472,0.0037,0.5845,0.3098,0.238
79,567,3,hyperson,0.2108,0.0418,0.0088,0.5845,0.3098,0.238
79,199,4,deriv,0.1883,0.1435,0.027,0.5845,0.4445,0.2074
79,199,4,theoret,0.1785,0.0255,0.0045,0.5845,0.4445,0.2074
79,199,4,made,0.1381,0.0329,0.0045,0.5845,0.4445,0.2074
79,199,4,comparison,0.2303,0.0329,0.0076,0.5845,0.4445,0.2074
79,199,4,measur,0.1715,0.049,0.0084,0.5845,0.4445,0.2074
79,199,4,number,0.0794,0.0227,0.0018,0.5845,0.4445,0.2074
79,1310,5,deriv,0.1883,0.034,0.0064,0.5845,0.2796,0.1941
79,1310,5,work,0.2517,0.0152,0.0038,0.5845,0.2796,0.1941
79,1310,5,made,0.1381,0.0166,0.0023,0.5845,0.2796,0.1941
79,1310,5,mach,0.1283,0.0155,0.002,0.5845,0.2796,0.1941
79,1310,5,number,0.0794,0.0143,0.0011,0.5845,0.2796,0.1941
79,1310,5,hyperson,0.2108,0.0762,0.0161,0.5845,0.2796,0.1941
79,1066,6,deriv,0.1883,0.0252,0.0047,0.5845,0.3128,0.193
79,1066,6,aerodynam,0.2057,0.0826,0.017,0.5845,0.3128,0.193
79,1066,6,made,0.1381,0.0062,0.0009,0.5845,0.3128,0.193
79,1066,6,mach,0.1283,0.0286,0.0037,0.5845,0.3128,0.193
79,1066,6,comparison,0.2303,0.0103,0.0024,0.5845,0.3128,0.193
79,1066,6,measur,0.1715,0.0306,0.0053,0.5845,0.3128,0.193
79,1066,6,number,0.0794,0.0177,0.0014,0.5845,0.3128,0.193
79,556,7,theoret,0.1785,0.0184,0.0033,0.5845,0.3299,0.1836
79,556,7,made,0.1381,0.0142,0.002,0.5845,0.3299,0.1836
79,556,7,comparison,0.2303,0.0712,0.0164,0.5845,0.3299,0.1836
79,556,7,hyperson,0.2108,0.0652,0.0137,0.5845,0.3299,0.1836
79,360,8,aerodynam,0.2057,0.0251,0.0052,0.5845,0.3842,0.1787
79,360,8,made,0.1381,0.0168,0.0023,0.5845,0.3842,0.1787
79,360,8,mach,0.1283,0.0313,0.004,0.5845,0.3842,0.1787
79,360,8,number,0.0794,0.0194,0.0015,0.5845,0.3842,0.1787
79,360,8,hyperson,0.2108,0.1286,0.0271,0.5845,0.3842,0.1787
79,670,9,made,0.1381,0.0575,0.0079,0.5845,0.5045,0.1735
79,670,9,comparison,0.2303,0.0959,0.0221,0.5845,0.5045,0.1735
79,670,9,number,0.0794,0.0331,0.0026,0.5845,0.5045,0.1735
79,670,9,hyperson,0.2108,0.0879,0.0185,0.5845,0.5045,0.1735
79,1076,10,made,0.1381,0.0453,0.0062,0.5845,0.271,0.1704
79,1076,10,mach,0.1283,0.021,0.0027,0.5845,0.271,0.1704
79,1076,10,comparison,0.2303,0.0377,0.0087,0.5845,0.271,0.1704
79,1076,10,number,0.0794,0.026,0.0021,0.5845,0.271,0.1704
79,1076,10,hyperson,0.2108,0.0346,0.0073,0.5845,0.271,0.1704
80,544,1,run,0.378,0.0756,0.0286,0.9062,0.3918,0.2483
80,544,1,aerodynam,0.1714,0.0343,0.0059,0.9062,0.3918,0.2483
80,544,1,avail,0.2375,0.0475,0.0113,0.9062,0.3918,0.2483
80,544,1,time,0.185,0.037,0.0068,0.9062,0.3918,0.2483
80,544,1,short,0.2963,0.0593,0.0176,0.9062,0.3918,0.2483
80,544,1,measur,0.1429,0.0572,0.0082,0.9062,0.3918,0.2483
80,544,1,deriv,0.1569,0.0628,0.0098,0.9062,0.3918,0.2483
80,604,2,run,0.378,0.2268,0.0857,0.9062,0.4427,0.2265
80,604,2,time,0.185,0.0278,0.0051,0.9062,0.4427,0.2265
80,546,3,run,0.378,0.1043,0.0394,0.9062,0.3616,0.2027
80,546,3,aerodynam,0.1714,0.0236,0.0041,0.9062,0.3616,0.2027
80,546,3,use,0.0837,0.0231,0.0019,0.9062,0.3616,0.2027
80,546,3,time,0.185,0.0766,0.0142,0.9062,0.3616,0.2027
80,546,3,measur,0.1429,0.0394,0.0056,0.9062,0.3616,0.2027
80,546,3,method,0.0937,0.0129,0.0012,0.9062,0.3616,0.2027
80,251,4,avail,0.2375,0.0606,0.0144,0.9062,0.4891,0.1256
80,251,4,short,0.2963,0.0756,0.0224,0.9062,0.4891,0.1256
80,251,4,deriv,0.1569,0.1202,0.0189,0.9062,0.4891,0.1256
80,602,5,run,0.378,0.0582,0.022,0.9062,0.4416,0.1255
80,602,5,use,0.0837,0.0129,0.0011,0.9062,0.4416,0.1255
80,602,5,measur,0.1429,0.022,0.0031,0.9062,0.4416,0.1255
80,602,5,facil,0.3838,0.059,0.0227,0.9062,0.4416,0.1255
80,602,5,method,0.0937,0.0144,0.0013,0.9062,0.4416,0.1255
80,875,6,short,0.2963,0.2735,0.081,0.9062,0.7694,0.1162
80,879,7,facil,0.3838,0.1842,0.0707,0.9062,0.6774,0.1152
80,107,8,adopt,0.4415,0.0981,0.0433,0.9062,0.4988,0.1114
80,107,8,use,0.0837,0.0186,0.0016,0.9062,0.4988,0.1114
80,107,8,deriv,0.1569,0.0349,0.0055,0.9062,0.4988,0.1114
80,878,9,use,0.0837,0.0427,0.0036,0.9062,0.5824,0.1095
80,878,9,avail,0.2375,0.0606,0.0144,0.9062,0.5824,0.1095
80,878,9,facil,0.3838,0.098,0.0376,0.9062,0.5824,0.1095
80,878,9,method,0.0937,0.0239,0.0022,0.9062,0.5824,0.1095
80,301,10,use,0.0837,0.0287,0.0024,0.9062,0.5407,0.1026
80,301,10,time,0.185,0.0634,0.0117,0.9062,0.5407,0.1026
80,301,10,short,0.2963,0.1016,0.0301,0.9062,0.5407,0.1026
80,301,10,method,0.0937,0.0642,0.006,0.9062,0.5407,0.1026
81,714,1,dimension,0.1974,0.0582,0.0115,1.054,0.4444,0.3254
81,714,1,correct,0.3297,0.1459,0.0481,1.054,0.4444,0.3254
81,714,1,tunnel,0.4558,0.1345,0.0613,1.054,0.4444,0.3254
81,714,1,wind,0.2667,0.118,0.0315,1.054,0.4444,0.3254
81,203,2,two,0.0938,0.0201,0.0019,1.054,0.4542,0.3056
81,203,2,dimension,0.1974,0.0423,0.0083,1.054,0.4542,0.3056
81,203,2,centr,0.5199,0.1114,0.0579,1.054,0.4542,0.3056
81,203,2,aerofoil,0.427,0.183,0.0781,1.054,0.4542,0.3056
81,652,3,two,0.0938,0.0344,0.0032,1.054,0.4538,0.2467
81,652,3,dimension,0.1974,0.0725,0.0143,1.054,0.4538,0.2467
81,652,3,aerofoil,0.427,0.2353,0.1005,1.054,0.4538,0.2467
81,799,4,two,0.0938,0.012,0.0011,1.054,0.322,0.2395
81,799,4,dimension,0.1974,0.0252,0.005,1.054,0.322,0.2395
81,799,4,correct,0.3297,0.0631,0.0208,1.054,0.322,0.2395
81,799,4,tunnel,0.4558,0.0582,0.0265,1.054,0.322,0.2395
81,799,4,wind,0.2667,0.017,0.0045,1.054,0.322,0.2395
81,799,4,aerofoil,0.427,0.0545,0.0233,1.054,0.322,0.2395
81,755,5,two,0.0938,0.0329,0.0031,1.054,0.4319,0.2378
81,755,5,mount,0.4721,0.1104,0.0521,1.054,0.4319,0.2378
81,755,5,tunnel,0.4558,0.0799,0.0364,1.054,0.4319,0.2378
81,755,5,wind,0.2667,0.0623,0.0166,1.054,0.4319,0.2378
81,1153,6,two,0.0938,0.0095,0.0009,1.054,0.3768,0.2349
81,1153,6,dimension,0.1974,0.02,0.0039,1.054,0.3768,0.2349
81,1153,6,tunnel,0.4558,0.1152,0.0525,1.054,0.3768,0.2349
81,1153,6,wind,0.2667,0.1348,0.036,1.054,0.3768,0.2349
81,249,7,aerofoil,0.427,0.2597,0.1109,1.054,0.4581,0.2296
81,206,8,two,0.0938,0.0165,0.0016,1.054,0.3382,0.2278
81,206,8,dimension,0.1974,0.0232,0.0046,1.054,0.3382,0.2278
81,206,8,aerofoil,0.427,0.1758,0.0751,1.054,0.3382,0.2278
81,672,9,two,0.0938,0.0176,0.0016,1.054,0.4382,0.2219
81,672,9,dimension,0.1974,0.037,0.0073,1.054,0.4382,0.2219
81,672,9,correct,0.3297,0.0618,0.0204,1.054,0.4382,0.2219
81,672,9,tunnel,0.4558,0.0855,0.039,1.054,0.4382,0.2219
81,672,9,aerofoil,0.427,0.0801,0.0342,1.054,0.4382,0.2219
81,594,10,tunnel,0.4558,0.1709,0.0779,1.054,0.5645,0.2206
81,594,10,wind,0.2667,0.2,0.0533,1.054,0.5645,0.2206
82,678,1,swept,0.3123,0.2044,0.0638,0.81,0.4949,0.3096
82,678,1,compar,0.1446,0.0315,0.0046,0.81,0.4949,0.3096
82,678,1,distribut,0.1129,0.0246,0.0028,0.81,0.4949,0.3096
82,678,1,calcul,0.1209,0.0792,0.0096,0.81,0.4949,0.3096
82,678,1,lift,0.1813,0.0791,0.0143,0.81,0.4949,0.3096
82,678,1,method,0.0937,0.0409,0.0038,0.81,0.4949,0.3096
82,678,1,wing,0.152,0.1658,0.0252,0.81,0.4949,0.3096
82,1334,2,swept,0.3123,0.0833,0.026,0.81,0.4007,0.2337
82,1334,2,subson,0.2097,0.028,0.0059,0.81,0.4007,0.2337
82,1334,2,flow,0.0543,0.0072,0.0004,0.81,0.4007,0.2337
82,1334,2,distribut,0.1129,0.0753,0.0085,0.81,0.4007,0.2337
82,1334,2,calcul,0.1209,0.0806,0.0098,0.81,0.4007,0.2337
82,1334,2,lift,0.1813,0.0483,0.0088,0.81,0.4007,0.2337
82,1334,2,method,0.0937,0.0125,0.0012,0.81,0.4007,0.2337
82,1334,2,wing,0.152,0.1013,0.0154,0.81,0.4007,0.2337
82,1339,3,swept,0.3123,0.0551,0.0172,0.81,0.2976,0.2239
82,1339,3,subson,0.2097,0.037,0.0078,0.81,0.2976,0.2239
82,1339,3,flow,0.0543,0.0096,0.0005,0.81,0.2976,0.2239
82,1339,3,distribut,0.1129,0.0299,0.0034,0.81,0.2976,0.2239
82,1339,3,calcul,0.1209,0.0427,0.0052,0.81,0.2976,0.2239
82,1339,3,lift,0.1813,0.048,0.0087,0.81,0.2976,0.2239
82,1339,3,method,0.0937,0.0331,0.0031,0.81,0.2976,0.2239
82,1339,3,wing,0.152,0.0536,0.0082,0.81,0.2976,0.2239
82,676,4,swept,0.3123,0.0852,0.0266,0.81,0.4673,0.2208
82,676,4,subson,0.2097,0.0572,0.012,0.81,0.4673,0.2208
82,676,4,experi,0.185,0.0505,0.0093,0.81,0.4673,0.2208
82,676,4,calcul,0.1209,0.0989,0.012,0.81,0.4673,0.2208
82,676,4,method,0.0937,0.0511,0.0048,0.81,0.4673,0.2208
82,676,4,wing,0.152,0.1243,0.0189,0.81,0.4673,0.2208
82,698,5,distribut,0.1129,0.0327,0.0037,0.81,0.437,0.1885
82,698,5,calcul,0.1209,0.0699,0.0085,0.81,0.437,0.1885
82,698,5,lift,0.1813,0.1835,0.0333,0.81,0.437,0.1885
82,698,5,method,0.0937,0.0135,0.0013,0.81,0.437,0.1885
82,698,5,wing,0.152,0.1318,0.02,0.81,0.437,0.1885
82,699,6,flow,0.0543,0.0055,0.0003,0.81,0.3969,0.1833
82,699,6,distribut,0.1129,0.0228,0.0026,0.81,0.3969,0.1833
82,699,6,calcul,0.1209,0.0244,0.0029,0.81,0.3969,0.1833
82,699,6,lift,0.1813,0.1645,0.0298,0.81,0.3969,0.1833
82,699,6,wing,0.152,0.1533,0.0233,0.81,0.3969,0.1833
82,420,7,swept,0.3123,0.1292,0.0404,0.81,0.4871,0.1829
82,420,7,experi,0.185,0.0255,0.0047,0.81,0.4871,0.1829
82,420,7,flow,0.0543,0.0299,0.0016,0.81,0.4871,0.1829
82,420,7,wing,0.152,0.1677,0.0255,0.81,0.4871,0.1829
82,247,8,swept,0.3123,0.035,0.0109,0.81,0.3375,0.1817
82,247,8,compar,0.1446,0.0162,0.0023,0.81,0.3375,0.1817
82,247,8,subson,0.2097,0.0235,0.0049,0.81,0.3375,0.1817
82,247,8,flow,0.0543,0.0061,0.0003,0.81,0.3375,0.1817
82,247,8,distribut,0.1129,0.0127,0.0014,0.81,0.3375,0.1817
82,247,8,calcul,0.1209,0.0407,0.0049,0.81,0.3375,0.1817
82,247,8,lift,0.1813,0.0203,0.0037,0.81,0.3375,0.1817
82,247,8,method,0.0937,0.0315,0.003,0.81,0.3375,0.1817
82,247,8,wing,0.152,0.1193,0.0181,0.81,0.3375,0.1817
82,465,9,compar,0.1446,0.0271,0.0039,0.81,0.3676,0.173
82,465,9,subson,0.2097,0.0393,0.0082,0.81,0.3676,0.173
82,465,9,flow,0.0543,0.0203,0.0011,0.81,0.3676,0.173
82,465,9,distribut,0.1129,0.0212,0.0024,0.81,0.3676,0.173
82,465,9,calcul,0.1209,0.0227,0.0027,0.81,0.3676,0.173
82,465,9,lift,0.1813,0.102,0.0185,0.81,0.3676,0.173
82,465,9,method,0.0937,0.0176,0.0016,0.81,0.3676,0.173
82,465,9,wing,0.152,0.0855,0.013,0.81,0.3676,0.173
82,204,10,swept,0.3123,0.0652,0.0204,0.81,0.3324,0.164
82,204,10,subson,0.2097,0.0219,0.0046,0.81,0.3324,0.164
82,204,10,flow,0.0543,0.0057,0.0003,0.81,0.3324,0.164
82,204,10,lift,0.1813,0.0378,0.0069,0.81,0.3324,0.164
82,204,10,wing,0.152,0.0793,0.0121,0.81,0.3324,0.164
83,753,1,present,0.1693,0.0067,0.0011,1.0395,0.4485,0.4131
83,753,1,quasi,0.7081,0.2236,0.1583,1.0395,0.4485,0.4131
83,753,1,state,0.4946,0.0586,0.029,1.0395,0.4485,0.4131
83,753,1,theori,0.187,0.0221,0.0041,1.0395,0.4485,0.4131
83,1275,2,quasi,0.7081,0.2198,0.1556,1.0395,0.5685,0.4041
83,1275,2,state,0.4946,0.1535,0.0759,1.0395,0.5685,0.4041
83,1275,2,flow,0.1085,0.0674,0.0073,1.0395,0.5685,0.4041
83,428,3,present,0.1693,0.0101,0.0017,1.0395,0.387,0.3108
83,428,3,quasi,0.7081,0.1683,0.1191,1.0395,0.387,0.3108
83,428,3,flow,0.1085,0.0193,0.0021,1.0395,0.387,0.3108
83,428,3,theori,0.187,0.0111,0.0021,1.0395,0.387,0.3108
83,224,4,quasi,0.7081,0.2179,0.1543,1.0395,0.5565,0.2791
83,224,4,flow,0.1085,0.0167,0.0018,1.0395,0.5565,0.2791
83,224,4,theori,0.187,0.0288,0.0054,1.0395,0.5565,0.2791
83,680,5,conic,0.5091,0.0783,0.0399,1.0395,0.3315,0.2641
83,680,5,quasi,0.7081,0.0545,0.0386,1.0395,0.3315,0.2641
83,680,5,flow,0.1085,0.0167,0.0018,1.0395,0.3315,0.2641
83,680,5,theori,0.187,0.0575,0.0108,1.0395,0.3315,0.2641
83,512,6,quasi,0.7081,0.2124,0.1504,1.0395,0.5587,0.259
83,898,7,present,0.1693,0.0655,0.0111,1.0395,0.6167,0.2582
83,898,7,conic,0.5091,0.1971,0.1003,1.0395,0.6167,0.2582
83,898,7,state,0.4946,0.0957,0.0473,1.0395,0.6167,0.2582
83,898,7,theori,0.187,0.0362,0.0068,1.0395,0.6167,0.2582
83,633,8,present,0.1693,0.0207,0.0035,1.0395,0.5253,0.2495
83,633,8,conic,0.5091,0.2494,0.1269,1.0395,0.5253,0.2495
83,633,8,flow,0.1085,0.0532,0.0058,1.0395,0.5253,0.2495
83,1070,9,present,0.1693,0.0303,0.0051,1.0395,0.6255,0.2221
83,1070,9,conic,0.5091,0.2735,0.1393,1.0395,0.6255,0.2221
83,1058,10,present,0.1693,0.0199,0.0034,1.0395,0.5581,0.216
83,1058,10,conic,0.5091,0.2396,0.122,1.0395,0.5581,0.216
84,294,1,bodi,0.1203,0.019,0.0023,0.6167,0.2648,0.3193
84,294,1,conic,0.235,0.0185,0.0043,0.6167,0.2648,0.3193
84,294,1,transfer,0.1467,0.0462,0.0068,0.6167,0.2648,0.3193
84,294,1,laminar,0.1376,0.0434,0.006,0.6167,0.2648,0.3193
84,294,1,flow,0.0501,0.0079,0.0004,0.6167,0.2648,0.3193
84,294,1,estim,0.1993,0.0314,0.0063,0.6167,0.2648,0.3193
84,294,1,accur,0.2251,0.0177,0.004,0.6167,0.2648,0.3193
84,294,1,refer,0.2293,0.0181,0.0041,0.6167,0.2648,0.3193
84,294,1,method,0.0865,0.0068,0.0006,0.6167,0.2648,0.3193
84,294,1,heat,0.117,0.0461,0.0054,0.6167,0.2648,0.3193
84,294,1,turbul,0.1744,0.0687,0.012,0.6167,0.2648,0.3193
84,21,2,transfer,0.1467,0.1122,0.0165,0.6167,0.5442,0.2461
84,21,2,laminar,0.1376,0.1052,0.0145,0.6167,0.5442,0.2461
84,21,2,flow,0.0501,0.0192,0.001,0.6167,0.5442,0.2461
84,21,2,refer,0.2293,0.1754,0.0402,0.6167,0.5442,0.2461
84,21,2,heat,0.117,0.0894,0.0105,0.6167,0.5442,0.2461
84,934,3,conic,0.235,0.101,0.0237,0.6167,0.3714,0.2305
84,934,3,refer,0.2293,0.1232,0.0283,0.6167,0.3714,0.2305
84,934,3,method,0.0865,0.0093,0.0008,0.6167,0.3714,0.2305
84,19,4,bodi,0.1203,0.0381,0.0046,0.6167,0.4029,0.2271
84,19,4,conic,0.235,0.149,0.035,0.6167,0.4029,0.2271
84,19,4,avail,0.2192,0.0695,0.0152,0.6167,0.4029,0.2271
84,19,4,flow,0.0501,0.0318,0.0016,0.6167,0.4029,0.2271
84,142,5,bodi,0.1203,0.0227,0.0027,0.6167,0.3642,0.2257
84,142,5,aerodynam,0.1582,0.0298,0.0047,0.6167,0.3642,0.2257
84,142,5,transfer,0.1467,0.0829,0.0122,0.6167,0.3642,0.2257
84,142,5,laminar,0.1376,0.0259,0.0036,0.6167,0.3642,0.2257
84,142,5,heat,0.117,0.0882,0.0103,0.6167,0.3642,0.2257
84,142,5,turbul,0.1744,0.0986,0.0172,0.6167,0.3642,0.2257
84,522,6,bodi,0.1203,0.0419,0.005,0.6167,0.3257,0.2219
84,522,6,conic,0.235,0.0273,0.0064,0.6167,0.3257,0.2219
84,522,6,transfer,0.1467,0.0426,0.0062,0.6167,0.3257,0.2219
84,522,6,avail,0.2192,0.0127,0.0028,0.6167,0.3257,0.2219
84,522,6,laminar,0.1376,0.024,0.0033,0.6167,0.3257,0.2219
84,522,6,flow,0.0501,0.0058,0.0003,0.6167,0.3257,0.2219
84,522,6,refer,0.2293,0.0133,0.0031,0.6167,0.3257,0.2219
84,522,6,method,0.0865,0.0151,0.0013,0.6167,0.3257,0.2219
84,522,6,heat,0.117,0.0475,0.0056,0.6167,0.3257,0.2219
84,522,6,turbul,0.1744,0.0607,0.0106,0.6167,0.3257,0.2219
84,398,7,transfer,0.1467,0.143,0.021,0.6167,0.4304,0.2191
84,398,7,flow,0.0501,0.0326,0.0016,0.6167,0.4304,0.2191
84,398,7,method,0.0865,0.0281,0.0024,0.6167,0.4304,0.2191
84,398,7,heat,0.117,0.114,0.0133,0.6167,0.4304,0.2191
84,398,7,turbul,0.1744,0.1134,0.0198,0.6167,0.4304,0.2191
84,688,8,bodi,0.1203,0.099,0.0119,0.6167,0.3403,0.2181
84,688,8,aerodynam,0.1582,0.0391,0.0062,0.6167,0.3403,0.2181
84,688,8,conic,0.235,0.116,0.0273,0.6167,0.3403,0.2181
84,688,8,flow,0.0501,0.0082,0.0004,0.6167,0.3403,0.2181
84,122,9,bodi,0.1203,0.0941,0.0113,0.6167,0.3288,0.2167
84,122,9,conic,0.235,0.0919,0.0216,0.6167,0.3288,0.2167
84,122,9,avail,0.2192,0.0214,0.0047,0.6167,0.3288,0.2167
84,122,9,flow,0.0501,0.0098,0.0005,0.6167,0.3288,0.2167
84,122,9,method,0.0865,0.0676,0.0058,0.6167,0.3288,0.2167
84,873,10,transfer,0.1467,0.0944,0.0138,0.6167,0.3976,0.2135
84,873,10,laminar,0.1376,0.0354,0.0049,0.6167,0.3976,0.2135
84,873,10,flow,0.0501,0.0193,0.001,0.6167,0.3976,0.2135
84,873,10,accur,0.2251,0.029,0.0065,0.6167,0.3976,0.2135
84,873,10,refer,0.2293,0.0295,0.0068,0.6167,0.3976,0.2135
84,873,10,method,0.0865,0.0111,0.001,0.6167,0.3976,0.2135
84,873,10,heat,0.117,0.0903,0.0106,0.6167,0.3976,0.2135
84,873,10,turbul,0.1744,0.0449,0.0078,0.6167,0.3976,0.2135
85,294,1,model,0.188,0.0501,0.0094,0.7978,0.2648,0.2624
85,294,1,laminar,0.1626,0.0434,0.0071,0.7978,0.2648,0.2624
85,294,1,transit,0.2465,0.0986,0.0243,0.7978,0.2648,0.2624
85,294,1,flow,0.0592,0.0079,0.0005,0.7978,0.2648,0.2624
85,294,1,turbul,0.2061,0.0687,0.0142,0.7978,0.2648,0.2624
85,295,2,transit,0.2465,0.2624,0.0647,0.7978,0.43,0.233
85,295,2,tunnel,0.1865,0.0331,0.0062,0.7978,0.43,0.233
85,295,2,flow,0.0592,0.0105,0.0006,0.7978,0.43,0.233
85,295,2,wind,0.2182,0.0387,0.0084,0.7978,0.43,0.233
85,418,3,laminar,0.1626,0.0942,0.0153,0.7978,0.5182,0.2291
85,418,3,transit,0.2465,0.2141,0.0528,0.7978,0.5182,0.2291
85,418,3,flow,0.0592,0.0343,0.002,0.7978,0.5182,0.2291
85,418,3,turbul,0.2061,0.1193,0.0246,0.7978,0.5182,0.2291
85,315,4,model,0.188,0.0155,0.0029,0.7978,0.3066,0.2254
85,315,4,laminar,0.1626,0.0134,0.0022,0.7978,0.3066,0.2254
85,315,4,transit,0.2465,0.1223,0.0302,0.7978,0.3066,0.2254
85,315,4,tunnel,0.1865,0.0077,0.0014,0.7978,0.3066,0.2254
85,315,4,flow,0.0592,0.0098,0.0006,0.7978,0.3066,0.2254
85,315,4,wind,0.2182,0.009,0.002,0.7978,0.3066,0.2254
85,315,4,turbul,0.2061,0.0597,0.0123,0.7978,0.3066,0.2254
85,315,4,natur,0.2943,0.0122,0.0036,0.7978,0.3066,0.2254
85,272,5,paramet,0.2001,0.0143,0.0029,0.7978,0.3185,0.2223
85,272,5,model,0.188,0.0337,0.0063,0.7978,0.3185,0.2223
85,272,5,transit,0.2465,0.1678,0.0414,0.7978,0.3185,0.2223
85,272,5,tunnel,0.1865,0.0134,0.0025,0.7978,0.3185,0.2223
85,272,5,wind,0.2182,0.0156,0.0034,0.7978,0.3185,0.2223
85,1155,6,model,0.188,0.0591,0.0111,0.7978,0.3877,0.2195
85,1155,6,influenc,0.239,0.0751,0.018,0.7978,0.3877,0.2195
85,1155,6,tunnel,0.1865,0.0879,0.0164,0.7978,0.3877,0.2195
85,1155,6,wind,0.2182,0.1029,0.0224,0.7978,0.3877,0.2195
85,798,7,serious,0.4492,0.029,0.013,0.7978,0.2389,0.2053
85,798,7,model,0.188,0.0243,0.0046,0.7978,0.2389,0.2053
85,798,7,influenc,0.239,0.0077,0.0018,0.7978,0.2389,0.2053
85,798,7,laminar,0.1626,0.021,0.0034,0.7978,0.2389,0.2053
85,798,7,transit,0.2465,0.008,0.002,0.7978,0.2389,0.2053
85,798,7,flow,0.0592,0.0095,0.0006,0.7978,0.2389,0.2053
85,798,7,turbul,0.2061,0.0532,0.011,0.7978,0.2389,0.2053
85,798,7,natur,0.2943,0.0095,0.0028,0.7978,0.2389,0.2053
85,1264,8,laminar,0.1626,0.0269,0.0044,0.7978,0.3261,0.2006
85,1264,8,transit,0.2465,0.1631,0.0402,0.7978,0.3261,0.2006
85,1264,8,flow,0.0592,0.0098,0.0006,0.7978,0.3261,0.2006
85,1264,8,turbul,0.2061,0.0341,0.007,0.7978,0.3261,0.2006
85,40,9,transit,0.2465,0.12,0.0296,0.7978,0.3568,0.1902
85,40,9,tunnel,0.1865,0.0182,0.0034,0.7978,0.3568,0.1902
85,40,9,wind,0.2182,0.0212,0.0046,0.7978,0.3568,0.1902
85,40,9,turbul,0.2061,0.0803,0.0165,0.7978,0.3568,0.1902
85,1153,10,model,0.188,0.0232,0.0044,0.7978,0.3768,0.1882
85,1153,10,tunnel,0.1865,0.1152,0.0215,0.7978,0.3768,0.1882
85,1153,10,flow,0.0592,0.022,0.0013,0.7978,0.3768,0.1882
85,1153,10,wind,0.2182,0.1348,0.0294,0.7978,0.3768,0.1882
86,755,1,deriv,0.1345,0.0734,0.0099,0.7795,0.4319,0.5388
86,755,1,sting,0.3895,0.1416,0.0552,0.7795,0.4319,0.5388
86,755,1,superson,0.1176,0.0214,0.0025,0.7795,0.4319,0.5388
86,755,1,model,0.1477,0.0806,0.0119,0.7795,0.4319,0.5388
86,755,1,mount,0.3035,0.1104,0.0335,0.7795,0.4319,0.5388
86,755,1,tunnel,0.1465,0.0799,0.0117,0.7795,0.4319,0.5388
86,755,1,measur,0.1225,0.0668,0.0082,0.7795,0.4319,0.5388
86,755,1,wind,0.1714,0.0623,0.0107,0.7795,0.4319,0.5388
86,755,1,oscillatori,0.3,0.1091,0.0327,0.7795,0.4319,0.5388
86,755,1,develop,0.1192,0.0433,0.0052,0.7795,0.4319,0.5388
86,594,2,deriv,0.1345,0.1046,0.0141,0.7795,0.5645,0.4606
86,594,2,tunnel,0.1465,0.1709,0.025,0.7795,0.5645,0.4606
86,594,2,measur,0.1225,0.1429,0.0175,0.7795,0.5645,0.4606
86,594,2,wind,0.1714,0.2,0.0343,0.7795,0.5645,0.4606
86,594,2,techniqu,0.1892,0.2208,0.0418,0.7795,0.5645,0.4606
86,594,2,oscillatori,0.3,0.2333,0.07,0.7795,0.5645,0.4606
86,431,3,sting,0.3895,0.1543,0.0601,0.7795,0.3686,0.3768
86,431,3,model,0.1477,0.0976,0.0144,0.7795,0.3686,0.3768
86,431,3,tunnel,0.1465,0.0968,0.0142,0.7795,0.3686,0.3768
86,431,3,measur,0.1225,0.0647,0.0079,0.7795,0.3686,0.3768
86,431,3,wind,0.1714,0.0679,0.0116,0.7795,0.3686,0.3768
86,188,4,sting,0.3895,0.1194,0.0465,0.7795,0.2952,0.2866
86,188,4,superson,0.1176,0.024,0.0028,0.7795,0.2952,0.2866
86,188,4,experiment,0.1013,0.0104,0.001,0.7795,0.2952,0.2866
86,188,4,tunnel,0.1465,0.015,0.0022,0.7795,0.2952,0.2866
86,188,4,measur,0.1225,0.025,0.0031,0.7795,0.2952,0.2866
86,188,4,satisfactori,0.2395,0.0245,0.0059,0.7795,0.2952,0.2866
86,188,4,wind,0.1714,0.0175,0.003,0.7795,0.2952,0.2866
86,188,4,develop,0.1192,0.0122,0.0015,0.7795,0.2952,0.2866
86,179,5,sting,0.3895,0.1042,0.0406,0.7795,0.2774,0.2704
86,179,5,superson,0.1176,0.021,0.0025,0.7795,0.2774,0.2704
86,179,5,experiment,0.1013,0.0181,0.0018,0.7795,0.2774,0.2704
86,179,5,tunnel,0.1465,0.0131,0.0019,0.7795,0.2774,0.2704
86,179,5,measur,0.1225,0.0218,0.0027,0.7795,0.2774,0.2704
86,179,5,satisfactori,0.2395,0.0214,0.0051,0.7795,0.2774,0.2704
86,179,5,wind,0.1714,0.0153,0.0026,0.7795,0.2774,0.2704
86,179,5,develop,0.1192,0.0106,0.0013,0.7795,0.2774,0.2704
86,790,6,deriv,0.1345,0.0904,0.0122,0.7795,0.4188,0.2134
86,790,6,superson,0.1176,0.0132,0.0015,0.7795,0.4188,0.2134
86,790,6,model,0.1477,0.0165,0.0024,0.7795,0.4188,0.2134
86,790,6,experiment,0.1013,0.0113,0.0011,0.7795,0.4188,0.2134
86,790,6,tunnel,0.1465,0.0328,0.0048,0.7795,0.4188,0.2134
86,790,6,measur,0.1225,0.0549,0.0067,0.7795,0.4188,0.2134
86,790,6,wind,0.1714,0.0384,0.0066,0.7795,0.4188,0.2134
86,790,6,techniqu,0.1892,0.0212,0.004,0.7795,0.4188,0.2134
86,790,6,oscillatori,0.3,0.1008,0.0302,0.7795,0.4188,0.2134
86,716,7,deriv,0.1345,0.0377,0.0051,0.7795,0.642,0.2115
86,716,7,oscillatori,0.3,0.336,0.1008,0.7795,0.642,0.2115
86,1155,8,model,0.1477,0.0591,0.0087,0.7795,0.3877,0.1901
86,1155,8,experiment,0.1013,0.0203,0.0021,0.7795,0.3877,0.1901
86,1155,8,tunnel,0.1465,0.0879,0.0129,0.7795,0.3877,0.1901
86,1155,8,measur,0.1225,0.0735,0.009,0.7795,0.3877,0.1901
86,1155,8,wind,0.1714,0.1029,0.0176,0.7795,0.3877,0.1901
86,1155,8,techniqu,0.1892,0.0378,0.0072,0.7795,0.3877,0.1901
86,1272,9,deriv,0.1345,0.0309,0.0042,0.7795,0.4152,0.1797
86,1272,9,superson,0.1176,0.1079,0.0127,0.7795,0.4152,0.1797
86,1272,9,oscillatori,0.3,0.1377,0.0413,0.7795,0.4152,0.1797
86,516,10,deriv,0.1345,0.0265,0.0036,0.7795,0.3974,0.1692
86,516,10,model,0.1477,0.0583,0.0086,0.7795,0.3974,0.1692
86,516,10,tunnel,0.1465,0.1156,0.0169,0.7795,0.3974,0.1692
86,516,10,measur,0.1225,0.0483,0.0059,0.7795,0.3974,0.1692
86,516,10,wind,0.1714,0.1014,0.0174,0.7795,0.3974,0.1692
87,1228,1,corner,0.3151,0.1176,0.0371,0.6695,0.3623,0.3545
87,1228,1,shock,0.126,0.0705,0.0089,0.6695,0.3623,0.3545
87,1228,1,flow,0.0465,0.0347,0.0016,0.6695,0.3623,0.3545
87,1228,1,boundari,0.078,0.0291,0.0023,0.6695,0.3623,0.3545
87,1228,1,lead,0.1489,0.1112,0.0166,0.6695,0.3623,0.3545
87,1228,1,edg,0.1434,0.1071,0.0154,0.6695,0.3623,0.3545
87,1228,1,layer,0.087,0.0487,0.0042,0.6695,0.3623,0.3545
87,301,2,corner,0.3151,0.2521,0.0794,0.6695,0.5407,0.2672
87,301,2,modifi,0.2081,0.0832,0.0173,0.6695,0.5407,0.2672
87,334,3,effect,0.1361,0.0134,0.0018,0.6695,0.3103,0.267
87,334,3,shock,0.126,0.0869,0.011,0.6695,0.3103,0.267
87,334,3,flow,0.0465,0.0046,0.0002,0.6695,0.3103,0.267
87,334,3,boundari,0.078,0.0384,0.003,0.6695,0.3103,0.267
87,334,3,lead,0.1489,0.1175,0.0175,0.6695,0.3103,0.267
87,334,3,edg,0.1434,0.1273,0.0182,0.6695,0.3103,0.267
87,334,3,layer,0.087,0.0429,0.0037,0.6695,0.3103,0.267
87,26,4,effect,0.1361,0.0544,0.0074,0.6695,0.5439,0.2586
87,26,4,flow,0.0465,0.0372,0.0017,0.6695,0.5439,0.2586
87,26,4,lead,0.1489,0.1787,0.0266,0.6695,0.5439,0.2586
87,26,4,inviscid,0.2053,0.1643,0.0337,0.6695,0.5439,0.2586
87,26,4,edg,0.1434,0.1721,0.0247,0.6695,0.5439,0.2586
87,439,5,behind,0.2161,0.0803,0.0173,0.6695,0.3437,0.2415
87,439,5,shock,0.126,0.078,0.0098,0.6695,0.3437,0.2415
87,439,5,flow,0.0465,0.0461,0.0021,0.6695,0.3437,0.2415
87,439,5,boundari,0.078,0.029,0.0023,0.6695,0.3437,0.2415
87,439,5,lead,0.1489,0.0738,0.011,0.6695,0.3437,0.2415
87,439,5,edg,0.1434,0.0711,0.0102,0.6695,0.3437,0.2415
87,439,5,layer,0.087,0.0323,0.0028,0.6695,0.3437,0.2415
87,797,6,effect,0.1361,0.0096,0.0013,0.6695,0.3185,0.2391
87,797,6,shock,0.126,0.0532,0.0067,0.6695,0.3185,0.2391
87,797,6,modifi,0.2081,0.0146,0.003,0.6695,0.3185,0.2391
87,797,6,flow,0.0465,0.0196,0.0009,0.6695,0.3185,0.2391
87,797,6,lead,0.1489,0.1048,0.0156,0.6695,0.3185,0.2391
87,797,6,edg,0.1434,0.1009,0.0145,0.6695,0.3185,0.2391
87,797,6,basic,0.2522,0.0355,0.0089,0.6695,0.3185,0.2391
87,134,7,modifi,0.2081,0.0262,0.0055,0.6695,0.3183,0.2195
87,134,7,flow,0.0465,0.0293,0.0014,0.6695,0.3183,0.2195
87,134,7,boundari,0.078,0.0688,0.0054,0.6695,0.3183,0.2195
87,134,7,lead,0.1489,0.0564,0.0084,0.6695,0.3183,0.2195
87,134,7,inviscid,0.2053,0.0777,0.016,0.6695,0.3183,0.2195
87,134,7,edg,0.1434,0.0181,0.0026,0.6695,0.3183,0.2195
87,134,7,layer,0.087,0.0878,0.0076,0.6695,0.3183,0.2195
87,1250,8,corner,0.3151,0.1345,0.0424,0.6695,0.3158,0.2107
87,1250,8,flow,0.0465,0.0079,0.0004,0.6695,0.3158,0.2107
87,1250,8,boundari,0.078,0.0067,0.0005,0.6695,0.3158,0.2107
87,1250,8,layer,0.087,0.0149,0.0013,0.6695,0.3158,0.2107
87,547,9,effect,0.1361,0.0136,0.0019,0.6695,0.44,0.2089
87,547,9,behind,0.2161,0.0432,0.0093,0.6695,0.44,0.2089
87,547,9,shock,0.126,0.0504,0.0063,0.6695,0.44,0.2089
87,547,9,neglect,0.2455,0.0982,0.0241,0.6695,0.44,0.2089
87,547,9,flow,0.0465,0.0093,0.0004,0.6695,0.44,0.2089
87,547,9,boundari,0.078,0.0624,0.0049,0.6695,0.44,0.2089
87,547,9,lead,0.1489,0.0298,0.0044,0.6695,0.44,0.2089
87,547,9,edg,0.1434,0.0287,0.0041,0.6695,0.44,0.2089
87,547,9,layer,0.087,0.0696,0.0061,0.6695,0.44,0.2089
87,660,10,effect,0.1361,0.006,0.0008,0.6695,0.3502,0.1966
87,660,10,flow,0.0465,0.057,0.0027,0.6695,0.3502,0.1966
87,660,10,inviscid,0.2053,0.018,0.0037,0.6695,0.3502,0.1966
87,660,10,basic,0.2522,0.1545,0.039,0.6695,0.3502,0.1966
88,613,1,satellit,0.3435,0.1064,0.0366,1.0928,0.5428,0.4807
88,613,1,vari,0.2068,0.0641,0.0132,1.0928,0.5428,0.4807
88,613,1,contract,0.4695,0.1455,0.0683,1.0928,0.5428,0.4807
88,613,1,air,0.1845,0.0572,0.0105,1.0928,0.5428,0.4807
88,613,1,atmospher,0.2637,0.1634,0.0431,1.0928,0.5428,0.4807
88,613,1,drag,0.2106,0.0653,0.0137,1.0928,0.5428,0.4807
88,613,1,orbit,0.401,0.2485,0.0997,1.0928,0.5428,0.4807
88,548,2,satellit,0.3435,0.0461,0.0158,1.0928,0.4222,0.468
88,548,2,vari,0.2068,0.0693,0.0143,1.0928,0.4222,0.468
88,548,2,contract,0.4695,0.0315,0.0148,1.0928,0.4222,0.468
88,548,2,height,0.338,0.1814,0.0613,1.0928,0.4222,0.468
88,548,2,air,0.1845,0.0495,0.0091,1.0928,0.4222,0.468
88,548,2,atmospher,0.2637,0.0354,0.0093,1.0928,0.4222,0.468
88,548,2,drag,0.2106,0.0283,0.006,1.0928,0.4222,0.468
88,548,2,orbit,0.401,0.1345,0.0539,1.0928,0.4222,0.468
88,548,2,scale,0.3011,0.0606,0.0182,1.0928,0.4222,0.468
88,548,2,altitud,0.3125,0.0419,0.0131,1.0928,0.4222,0.468
88,622,3,satellit,0.3435,0.1251,0.043,1.0928,0.4307,0.3991
88,622,3,vari,0.2068,0.0151,0.0031,1.0928,0.4307,0.3991
88,622,3,height,0.338,0.197,0.0666,1.0928,0.4307,0.3991
88,622,3,air,0.1845,0.0269,0.005,1.0928,0.4307,0.3991
88,622,3,atmospher,0.2637,0.0384,0.0101,1.0928,0.4307,0.3991
88,622,3,orbit,0.401,0.1168,0.0469,1.0928,0.4307,0.3991
88,622,3,scale,0.3011,0.0439,0.0132,1.0928,0.4307,0.3991
88,615,4,satellit,0.3435,0.1989,0.0683,1.0928,0.6423,0.399
88,615,4,vari,0.2068,0.0399,0.0083,1.0928,0.6423,0.399
88,615,4,contract,0.4695,0.0906,0.0425,1.0928,0.6423,0.399
88,615,4,air,0.1845,0.1068,0.0197,1.0928,0.6423,0.399
88,615,4,drag,0.2106,0.0813,0.0171,1.0928,0.6423,0.399
88,615,4,orbit,0.401,0.3095,0.1241,1.0928,0.6423,0.399
88,616,5,satellit,0.3435,0.1625,0.0558,1.0928,0.4567,0.3445
88,616,5,vari,0.2068,0.0245,0.0051,1.0928,0.4567,0.3445
88,616,5,height,0.338,0.1199,0.0405,1.0928,0.4567,0.3445
88,616,5,air,0.1845,0.0873,0.0161,1.0928,0.4567,0.3445
88,616,5,atmospher,0.2637,0.0936,0.0247,1.0928,0.4567,0.3445
88,616,5,orbit,0.401,0.0474,0.019,1.0928,0.4567,0.3445
88,616,5,scale,0.3011,0.0356,0.0107,1.0928,0.4567,0.3445
88,614,6,satellit,0.3435,0.0625,0.0215,1.0928,0.4168,0.3355
88,614,6,vari,0.2068,0.0188,0.0039,1.0928,0.4168,0.3355
88,614,6,contract,0.4695,0.0427,0.02,1.0928,0.4168,0.3355
88,614,6,air,0.1845,0.0503,0.0093,1.0928,0.4168,0.3355
88,614,6,atmospher,0.2637,0.1199,0.0316,1.0928,0.4168,0.3355
88,614,6,drag,0.2106,0.0383,0.0081,1.0928,0.4168,0.3355
88,614,6,orbit,0.401,0.1458,0.0585,1.0928,0.4168,0.3355
88,617,7,satellit,0.3435,0.1281,0.044,1.0928,0.5715,0.3213
88,617,7,height,0.338,0.063,0.0213,1.0928,0.5715,0.3213
88,617,7,air,0.1845,0.1032,0.019,1.0928,0.5715,0.3213
88,617,7,atmospher,0.2637,0.0492,0.013,1.0928,0.5715,0.3213
88,617,7,drag,0.2106,0.0393,0.0083,1.0928,0.5715,0.3213
88,617,7,orbit,0.401,0.1495,0.06,1.0928,0.5715,0.3213
88,617,7,scale,0.3011,0.0561,0.0169,1.0928,0.5715,0.3213
88,617,7,altitud,0.3125,0.0583,0.0182,1.0928,0.5715,0.3213
88,618,8,satellit,0.3435,0.0969,0.0333,1.0928,0.5153,0.3191
88,618,8,atmospher,0.2637,0.1116,0.0294,1.0928,0.5153,0.3191
88,618,8,drag,0.2106,0.0594,0.0125,1.0928,0.5153,0.3191
88,618,8,orbit,0.401,0.2262,0.0907,1.0928,0.5153,0.3191
88,618,8,altitud,0.3125,0.0441,0.0138,1.0928,0.5153,0.3191
88,619,9,satellit,0.3435,0.3149,0.1082,1.0928,0.789,0.2848
88,619,9,atmospher,0.2637,0.2417,0.0637,1.0928,0.789,0.2848
88,619,9,orbit,0.401,0.1838,0.0737,1.0928,0.789,0.2848
88,162,10,satellit,0.3435,0.0937,0.0322,1.0928,0.461,0.2391
88,162,10,atmospher,0.2637,0.024,0.0063,1.0928,0.461,0.2391
88,162,10,orbit,0.401,0.1823,0.0731,1.0928,0.461,0.2391
88,162,10,altitud,0.3125,0.0284,0.0089,1.0928,0.461,0.2391
89,632,1,flow,0.0592,0.0133,0.0008,0.872,0.4101,0.332
89,632,1,speed,0.1425,0.032,0.0046,0.872,0.4101,0.332
89,632,1,wing,0.3316,0.1117,0.037,0.872,0.4101,0.332
89,632,1,sweptback,0.4124,0.1852,0.0764,0.872,0.4101,0.332
89,464,2,delta,0.3354,0.0962,0.0323,0.872,0.3717,0.2782
89,464,2,flow,0.0592,0.017,0.001,0.872,0.3717,0.2782
89,464,2,close,0.2436,0.0233,0.0057,0.872,0.3717,0.2782
89,464,2,speed,0.1425,0.0273,0.0039,0.872,0.3717,0.2782
89,464,2,wing,0.3316,0.1427,0.0473,0.872,0.3717,0.2782
89,200,3,delta,0.3354,0.1107,0.0371,0.872,0.3605,0.2652
89,200,3,wing,0.3316,0.0912,0.0302,0.872,0.3605,0.2652
89,200,3,taper,0.3818,0.042,0.016,0.872,0.3605,0.2652
89,879,4,delta,0.3354,0.1476,0.0495,0.872,0.6774,0.2583
89,879,4,transon,0.2819,0.2481,0.0699,0.872,0.6774,0.2583
89,879,4,speed,0.1425,0.0627,0.0089,0.872,0.6774,0.2583
89,879,4,wing,0.3316,0.0729,0.0242,0.872,0.6774,0.2583
89,52,5,delta,0.3354,0.0332,0.0111,0.872,0.3234,0.2572
89,52,5,flow,0.0592,0.0059,0.0003,0.872,0.3234,0.2572
89,52,5,speed,0.1425,0.0424,0.006,0.872,0.3234,0.2572
89,52,5,wing,0.3316,0.115,0.0381,0.872,0.3234,0.2572
89,52,5,sweptback,0.4124,0.0409,0.0169,0.872,0.3234,0.2572
89,924,6,transon,0.2819,0.0492,0.0139,0.872,0.4135,0.2542
89,924,6,speed,0.1425,0.0373,0.0053,0.872,0.4135,0.2542
89,924,6,wing,0.3316,0.1737,0.0576,0.872,0.4135,0.2542
89,924,6,sweptback,0.4124,0.036,0.0148,0.872,0.4135,0.2542
89,793,7,flow,0.0592,0.0255,0.0015,0.872,0.3397,0.2532
89,793,7,wing,0.3316,0.0715,0.0237,0.872,0.3397,0.2532
89,793,7,taper,0.3818,0.0823,0.0314,0.872,0.3397,0.2532
89,793,7,sweptback,0.4124,0.0445,0.0183,0.872,0.3397,0.2532
89,699,8,delta,0.3354,0.062,0.0208,0.872,0.3969,0.2522
89,699,8,flow,0.0592,0.0055,0.0003,0.872,0.3969,0.2522
89,699,8,speed,0.1425,0.0132,0.0019,0.872,0.3969,0.2522
89,699,8,wing,0.3316,0.1533,0.0508,0.872,0.3969,0.2522
89,699,8,taper,0.3818,0.0353,0.0135,0.872,0.3969,0.2522
89,250,9,delta,0.3354,0.2306,0.0773,0.872,0.7062,0.2483
89,250,9,wing,0.3316,0.228,0.0756,0.872,0.7062,0.2483
89,420,10,relat,0.1638,0.0207,0.0034,0.872,0.4871,0.2435
89,420,10,delta,0.3354,0.1272,0.0427,0.872,0.4871,0.2435
89,420,10,flow,0.0592,0.0299,0.0018,0.872,0.4871,0.2435
89,420,10,wing,0.3316,0.1677,0.0556,0.872,0.4871,0.2435
90,358,1,shock,0.2519,0.1357,0.0342,0.7871,0.4631,0.3987
90,358,1,separ,0.3181,0.257,0.0817,0.7871,0.4631,0.3987
90,358,1,boundari,0.1559,0.084,0.0131,0.7871,0.4631,0.3987
90,358,1,layer,0.1741,0.0937,0.0163,0.7871,0.4631,0.3987
90,265,2,induc,0.422,0.1257,0.053,0.7871,0.5338,0.3385
90,265,2,shock,0.2519,0.1126,0.0284,0.7871,0.5338,0.3385
90,265,2,separ,0.3181,0.0948,0.0301,0.7871,0.5338,0.3385
90,265,2,recent,0.3889,0.0579,0.0225,0.7871,0.5338,0.3385
90,265,2,boundari,0.1559,0.0232,0.0036,0.7871,0.5338,0.3385
90,265,2,layer,0.1741,0.0259,0.0045,0.7871,0.5338,0.3385
90,1364,3,shock,0.2519,0.126,0.0317,0.7871,0.3308,0.2997
90,1364,3,separ,0.3181,0.0596,0.019,0.7871,0.3308,0.2997
90,1364,3,boundari,0.1559,0.078,0.0122,0.7871,0.3308,0.2997
90,1364,3,layer,0.1741,0.087,0.0151,0.7871,0.3308,0.2997
90,959,4,data,0.2663,0.0146,0.0039,0.7871,0.2844,0.2838
90,959,4,separ,0.3181,0.1218,0.0387,0.7871,0.2844,0.2838
90,959,4,boundari,0.1559,0.0597,0.0093,0.7871,0.2844,0.2838
90,959,4,layer,0.1741,0.0666,0.0116,0.7871,0.2844,0.2838
90,311,5,induc,0.422,0.0276,0.0116,0.7871,0.3365,0.2545
90,311,5,shock,0.2519,0.0494,0.0125,0.7871,0.3365,0.2545
90,311,5,separ,0.3181,0.1249,0.0397,0.7871,0.3365,0.2545
90,311,5,boundari,0.1559,0.0102,0.0016,0.7871,0.3365,0.2545
90,311,5,layer,0.1741,0.0114,0.002,0.7871,0.3365,0.2545
90,798,6,induc,0.422,0.0087,0.0037,0.7871,0.2389,0.2523
90,798,6,shock,0.2519,0.0414,0.0104,0.7871,0.2389,0.2523
90,798,6,separ,0.3181,0.0653,0.0208,0.7871,0.2389,0.2523
90,798,6,boundari,0.1559,0.0288,0.0045,0.7871,0.2389,0.2523
90,798,6,layer,0.1741,0.0464,0.0081,0.7871,0.2389,0.2523
90,71,7,induc,0.422,0.0579,0.0244,0.7871,0.456,0.2521
90,71,7,shock,0.2519,0.1729,0.0436,0.7871,0.456,0.2521
90,71,7,boundari,0.1559,0.0642,0.01,0.7871,0.456,0.2521
90,71,7,layer,0.1741,0.0717,0.0125,0.7871,0.456,0.2521
90,569,8,induc,0.422,0.0527,0.0223,0.7871,0.2611,0.2338
90,569,8,shock,0.2519,0.0315,0.0079,0.7871,0.2611,0.2338
90,569,8,separ,0.3181,0.0133,0.0042,0.7871,0.2611,0.2338
90,569,8,boundari,0.1559,0.039,0.0061,0.7871,0.2611,0.2338
90,569,8,layer,0.1741,0.0435,0.0076,0.7871,0.2611,0.2338
90,240,9,separ,0.3181,0.1655,0.0527,0.7871,0.3408,0.2316
90,240,9,boundari,0.1559,0.0148,0.0023,0.7871,0.3408,0.2316
90,240,9,layer,0.1741,0.0412,0.0072,0.7871,0.3408,0.2316
90,1187,10,induc,0.422,0.0405,0.0171,0.7871,0.4928,0.2315
90,1187,10,data,0.2663,0.0255,0.0068,0.7871,0.4928,0.2315
90,1187,10,shock,0.2519,0.0483,0.0122,0.7871,0.4928,0.2315
90,1187,10,separ,0.3181,0.1525,0.0485,0.7871,0.4928,0.2315
90,1187,10,boundari,0.1559,0.015,0.0023,0.7871,0.4928,0.2315
90,1187,10,layer,0.1741,0.0167,0.0029,0.7871,0.4928,0.2315
91,610,1,effect,0.1905,0.0448,0.0085,1.3069,0.4063,0.3779
91,610,1,interfer,0.6831,0.2813,0.1921,1.3069,0.4063,0.3779
91,252,2,effect,0.1905,0.0529,0.0101,1.3069,0.3631,0.2914
91,252,2,transon,0.6202,0.0431,0.0267,1.3069,0.3631,0.2914
91,252,2,speed,0.3135,0.0653,0.0205,1.3069,0.3631,0.2914
91,252,2,interfer,0.6831,0.1186,0.081,1.3069,0.3631,0.2914
91,503,3,effect,0.1905,0.0312,0.006,1.3069,0.4079,0.2478
91,503,3,transon,0.6202,0.2034,0.1261,1.3069,0.4079,0.2478
91,1062,4,effect,0.1905,0.0147,0.0028,1.3069,0.3662,0.2309
91,1062,4,interfer,0.6831,0.1576,0.1077,1.3069,0.3662,0.2309
91,799,5,effect,0.1905,0.0541,0.0103,1.3069,0.322,0.2308
91,799,5,transon,0.6202,0.022,0.0136,1.3069,0.322,0.2308
91,799,5,speed,0.3135,0.0222,0.007,1.3069,0.322,0.2308
91,799,5,interfer,0.6831,0.0969,0.0662,1.3069,0.322,0.2308
91,526,6,transon,0.6202,0.1747,0.1084,1.3069,0.4441,0.2225
91,526,6,speed,0.3135,0.0662,0.0208,1.3069,0.4441,0.2225
91,801,7,transon,0.6202,0.1501,0.0931,1.3069,0.3545,0.218
91,801,7,speed,0.3135,0.0253,0.0079,1.3069,0.3545,0.218
91,468,8,transon,0.6202,0.1969,0.1221,1.3069,0.4712,0.211
91,468,8,speed,0.3135,0.0249,0.0078,1.3069,0.4712,0.211
91,1154,9,effect,0.1905,0.0064,0.0012,1.3069,0.2708,0.2027
91,1154,9,transon,0.6202,0.0629,0.039,1.3069,0.2708,0.2027
91,1154,9,interfer,0.6831,0.0462,0.0315,1.3069,0.2708,0.2027
91,1153,10,effect,0.1905,0.0214,0.0041,1.3069,0.3768,0.2025
91,1153,10,transon,0.6202,0.0697,0.0432,1.3069,0.3768,0.2025
91,1153,10,interfer,0.6831,0.0768,0.0524,1.3069,0.3768,0.2025
92,810,1,intens,0.2301,0.038,0.0087,0.8897,0.4634,0.2809
92,810,1,minim,0.4998,0.0412,0.0206,0.8897,0.4634,0.2809
92,810,1,airplan,0.2261,0.1492,0.0337,0.8897,0.4634,0.2809
92,810,1,boom,0.28,0.1848,0.0517,0.8897,0.4634,0.2809
92,810,1,given,0.0756,0.0125,0.0009,0.8897,0.4634,0.2809
92,809,2,sonic,0.1904,0.0819,0.0156,0.8897,0.399,0.2674
92,809,2,intens,0.2301,0.1981,0.0456,0.8897,0.399,0.2674
92,809,2,boom,0.28,0.1205,0.0337,0.8897,0.399,0.2674
92,758,3,sonic,0.1904,0.1229,0.0234,0.8897,0.4789,0.2529
92,758,3,design,0.1338,0.0576,0.0077,0.8897,0.4789,0.2529
92,758,3,airplan,0.2261,0.0973,0.022,0.8897,0.4789,0.2529
92,758,3,limit,0.1372,0.0295,0.004,0.8897,0.4789,0.2529
92,758,3,boom,0.28,0.1807,0.0506,0.8897,0.4789,0.2529
92,806,4,sonic,0.1904,0.0405,0.0077,0.8897,0.4463,0.244
92,806,4,intens,0.2301,0.1223,0.0281,0.8897,0.4463,0.244
92,806,4,airplan,0.2261,0.1201,0.0271,0.8897,0.4463,0.244
92,806,4,boom,0.28,0.119,0.0333,0.8897,0.4463,0.244
92,806,4,given,0.0756,0.008,0.0006,0.8897,0.4463,0.244
92,1247,5,intens,0.2301,0.0832,0.0192,0.8897,0.51,0.2409
92,1247,5,use,0.0591,0.0107,0.0006,0.8897,0.51,0.2409
92,1247,5,boom,0.28,0.3038,0.085,0.8897,0.51,0.2409
92,1247,5,given,0.0756,0.0274,0.0021,0.8897,0.51,0.2409
92,1247,5,order,0.1154,0.0209,0.0024,0.8897,0.51,0.2409
92,804,6,sonic,0.1904,0.0981,0.0187,0.8897,0.449,0.2352
92,804,6,minim,0.4998,0.0429,0.0214,0.8897,0.449,0.2352
92,804,6,boom,0.28,0.1923,0.0538,0.8897,0.449,0.2352
92,1331,7,freedom,0.2443,0.1432,0.035,0.8897,0.5021,0.1935
92,1331,7,airplan,0.2261,0.1325,0.03,0.8897,0.5021,0.1935
92,1331,7,degre,0.1915,0.1122,0.0215,0.8897,0.5021,0.1935
92,807,8,sonic,0.1904,0.0456,0.0087,0.8897,0.5038,0.189
92,807,8,intens,0.2301,0.0551,0.0127,0.8897,0.5038,0.189
92,807,8,airplan,0.2261,0.1624,0.0367,0.8897,0.5038,0.189
92,807,8,would,0.1815,0.0435,0.0079,0.8897,0.5038,0.189
92,807,8,boom,0.28,0.067,0.0188,0.8897,0.5038,0.189
92,808,9,sonic,0.1904,0.0578,0.011,0.8897,0.3032,0.1826
92,808,9,use,0.0591,0.009,0.0005,0.8897,0.3032,0.1826
92,808,9,boom,0.28,0.1275,0.0357,0.8897,0.3032,0.1826
92,808,9,order,0.1154,0.0175,0.002,0.8897,0.3032,0.1826
92,1252,10,freedom,0.2443,0.1483,0.0362,0.8897,0.4902,0.1643
92,1252,10,degre,0.1915,0.1744,0.0334,0.8897,0.4902,0.1643
92,1252,10,order,0.1154,0.0175,0.002,0.8897,0.4902,0.1643
93,635,1,combust,0.3024,0.2326,0.0703,0.8044,0.5244,0.6648
93,635,1,obtain,0.0736,0.0472,0.0035,0.8044,0.5244,0.6648
93,635,1,product,0.2684,0.2408,0.0646,0.8044,0.5244,0.6648
93,635,1,air,0.2706,0.1561,0.0422,0.8044,0.5244,0.6648
93,635,1,use,0.0669,0.0086,0.0006,0.8044,0.5244,0.6648
93,635,1,medium,0.2867,0.0368,0.0105,0.8044,0.5244,0.6648
93,635,1,within,0.1714,0.022,0.0038,0.8044,0.5244,0.6648
93,635,1,experiment,0.0945,0.0121,0.0011,0.8044,0.5244,0.6648
93,635,1,test,0.1087,0.0697,0.0076,0.8044,0.5244,0.6648
93,635,1,methan,0.4367,0.168,0.0734,0.8044,0.5244,0.6648
93,635,1,predict,0.1321,0.0169,0.0022,0.8044,0.5244,0.6648
93,635,1,result,0.047,0.012,0.0006,0.8044,0.5244,0.6648
93,691,2,combust,0.3024,0.1723,0.0521,0.8044,0.6107,0.3952
93,691,2,product,0.2684,0.1529,0.041,0.8044,0.6107,0.3952
93,691,2,air,0.2706,0.1027,0.0278,0.8044,0.6107,0.3952
93,691,2,methan,0.4367,0.1658,0.0724,0.8044,0.6107,0.3952
93,691,2,result,0.047,0.0178,0.0008,0.8044,0.6107,0.3952
93,1072,3,combust,0.3024,0.1642,0.0497,0.8044,0.3453,0.1975
93,1072,3,product,0.2684,0.0182,0.0049,0.8044,0.3453,0.1975
93,1072,3,use,0.0669,0.0045,0.0003,0.8044,0.3453,0.1975
93,68,4,obtain,0.0736,0.034,0.0025,0.8044,0.4611,0.1924
93,68,4,air,0.2706,0.1249,0.0338,0.8044,0.4611,0.1924
93,68,4,medium,0.2867,0.0662,0.019,0.8044,0.4611,0.1924
93,68,4,test,0.1087,0.0502,0.0055,0.8044,0.4611,0.1924
93,68,4,result,0.047,0.0325,0.0015,0.8044,0.4611,0.1924
93,68,4,hyperson,0.1406,0.0649,0.0091,0.8044,0.4611,0.1924
93,144,5,obtain,0.0736,0.0254,0.0019,0.8044,0.6082,0.1783
93,144,5,medium,0.2867,0.2965,0.085,0.8044,0.6082,0.1783
93,144,5,result,0.047,0.0081,0.0004,0.8044,0.6082,0.1783
93,1314,6,product,0.2684,0.2808,0.0754,0.8044,0.5989,0.1742
93,1314,6,use,0.0669,0.0233,0.0016,0.8044,0.5989,0.1742
93,1314,6,experiment,0.0945,0.066,0.0062,0.8044,0.5989,0.1742
93,1314,6,result,0.047,0.0164,0.0008,0.8044,0.5989,0.1742
93,1143,7,combust,0.3024,0.1067,0.0323,0.8044,0.4339,0.16
93,1143,7,air,0.2706,0.0716,0.0194,0.8044,0.4339,0.16
93,1143,7,test,0.1087,0.0384,0.0042,0.8044,0.4339,0.16
93,1241,8,combust,0.3024,0.0945,0.0286,0.8044,0.3715,0.1572
93,1241,8,obtain,0.0736,0.023,0.0017,0.8044,0.3715,0.1572
93,1241,8,use,0.0669,0.0105,0.0007,0.8044,0.3715,0.1572
93,1241,8,within,0.1714,0.0268,0.0046,0.8044,0.3715,0.1572
93,1241,8,accuraci,0.1951,0.0305,0.0059,0.8044,0.3715,0.1572
93,1241,8,predict,0.1321,0.0413,0.0055,0.8044,0.3715,0.1572
93,355,9,air,0.2706,0.1914,0.0518,0.8044,0.5418,0.1508
93,355,9,within,0.1714,0.0485,0.0083,0.8044,0.5418,0.1508
93,355,9,hyperson,0.1406,0.0398,0.0056,0.8044,0.5418,0.1508
93,1336,10,obtain,0.0736,0.0173,0.0013,0.8044,0.4232,0.1436
93,1336,10,air,0.2706,0.0793,0.0214,0.8044,0.4232,0.1436
93,1336,10,use,0.0669,0.0314,0.0021,0.8044,0.4232,0.1436
93,1336,10,medium,0.2867,0.0672,0.0193,0.8044,0.4232,0.1436
93,1336,10,test,0.1087,0.0255,0.0028,0.8044,0.4232,0.1436
93,1336,10,predict,0.1321,0.0155,0.002,0.8044,0.4232,0.1436
94,283,1,theoret,0.2231,0.0151,0.0034,0.6696,0.3013,0.5199
94,283,1,bodi,0.1955,0.053,0.0104,0.6696,0.3013,0.5199
94,283,1,blunt,0.2878,0.039,0.0112,0.6696,0.3013,0.5199
94,283,1,stagnat,0.2933,0.0597,0.0175,0.6696,0.3013,0.5199
94,283,1,point,0.1349,0.0274,0.0037,0.6696,0.3013,0.5199
94,283,1,heat,0.1901,0.0644,0.0122,0.6696,0.3013,0.5199
94,283,1,transfer,0.2383,0.0808,0.0193,0.6696,0.3013,0.5199
94,283,1,rate,0.2834,0.0961,0.0272,0.6696,0.3013,0.5199
94,559,2,bodi,0.1955,0.0569,0.0111,0.6696,0.3583,0.5054
94,559,2,blunt,0.2878,0.0837,0.0241,0.6696,0.3583,0.5054
94,559,2,stagnat,0.2933,0.128,0.0375,0.6696,0.3583,0.5054
94,559,2,point,0.1349,0.0588,0.0079,0.6696,0.3583,0.5054
94,559,2,heat,0.1901,0.0829,0.0158,0.6696,0.3583,0.5054
94,559,2,transfer,0.2383,0.104,0.0248,0.6696,0.3583,0.5054
94,1393,3,theoret,0.2231,0.0157,0.0035,0.6696,0.3255,0.4865
94,1393,3,bodi,0.1955,0.0823,0.0161,0.6696,0.3255,0.4865
94,1393,3,blunt,0.2878,0.0404,0.0116,0.6696,0.3255,0.4865
94,1393,3,stagnat,0.2933,0.1029,0.0302,0.6696,0.3255,0.4865
94,1393,3,point,0.1349,0.0473,0.0064,0.6696,0.3255,0.4865
94,1393,3,heat,0.1901,0.0667,0.0127,0.6696,0.3255,0.4865
94,1393,3,transfer,0.2383,0.0836,0.0199,0.6696,0.3255,0.4865
94,1393,3,rate,0.2834,0.0199,0.0056,0.6696,0.3255,0.4865
94,1104,4,theoret,0.2231,0.0093,0.0021,0.6696,0.2935,0.3932
94,1104,4,bodi,0.1955,0.0409,0.008,0.6696,0.2935,0.3932
94,1104,4,blunt,0.2878,0.0241,0.0069,0.6696,0.2935,0.3932
94,1104,4,stagnat,0.2933,0.0369,0.0108,0.6696,0.2935,0.3932
94,1104,4,point,0.1349,0.0169,0.0023,0.6696,0.2935,0.3932
94,1104,4,heat,0.1901,0.0637,0.0121,0.6696,0.2935,0.3932
94,1104,4,transfer,0.2383,0.02,0.0048,0.6696,0.2935,0.3932
94,1104,4,rate,0.2834,0.1068,0.0303,0.6696,0.2935,0.3932
94,101,5,theoret,0.2231,0.0092,0.002,0.6696,0.2898,0.3868
94,101,5,bodi,0.1955,0.0241,0.0047,0.6696,0.2898,0.3868
94,101,5,blunt,0.2878,0.0472,0.0136,0.6696,0.2898,0.3868
94,101,5,stagnat,0.2933,0.0241,0.0071,0.6696,0.2898,0.3868
94,101,5,point,0.1349,0.0055,0.0007,0.6696,0.2898,0.3868
94,101,5,heat,0.1901,0.0468,0.0089,0.6696,0.2898,0.3868
94,101,5,transfer,0.2383,0.0489,0.0117,0.6696,0.2898,0.3868
94,101,5,rate,0.2834,0.093,0.0264,0.6696,0.2898,0.3868
94,365,6,theoret,0.2231,0.0165,0.0037,0.6696,0.3182,0.3497
94,365,6,stagnat,0.2933,0.1086,0.0319,0.6696,0.3182,0.3497
94,365,6,point,0.1349,0.0499,0.0067,0.6696,0.3182,0.3497
94,365,6,transfer,0.2383,0.0353,0.0084,0.6696,0.3182,0.3497
94,365,6,rate,0.2834,0.084,0.0238,0.6696,0.3182,0.3497
94,1161,7,theoret,0.2231,0.0279,0.0062,0.6696,0.3989,0.3483
94,1161,7,bodi,0.1955,0.0244,0.0048,0.6696,0.3989,0.3483
94,1161,7,blunt,0.2878,0.036,0.0104,0.6696,0.3989,0.3483
94,1161,7,stagnat,0.2933,0.11,0.0323,0.6696,0.3989,0.3483
94,1161,7,point,0.1349,0.0337,0.0045,0.6696,0.3989,0.3483
94,1161,7,heat,0.1901,0.0713,0.0135,0.6696,0.3989,0.3483
94,1161,7,transfer,0.2383,0.0894,0.0213,0.6696,0.3989,0.3483
94,366,8,theoret,0.2231,0.0164,0.0037,0.6696,0.3146,0.3413
94,366,8,stagnat,0.2933,0.1076,0.0316,0.6696,0.3146,0.3413
94,366,8,point,0.1349,0.0594,0.008,0.6696,0.3146,0.3413
94,366,8,heat,0.1901,0.014,0.0027,0.6696,0.3146,0.3413
94,366,8,transfer,0.2383,0.035,0.0083,0.6696,0.3146,0.3413
94,366,8,rate,0.2834,0.0624,0.0177,0.6696,0.3146,0.3413
94,983,9,bodi,0.1955,0.0301,0.0059,0.6696,0.458,0.3335
94,983,9,blunt,0.2878,0.0443,0.0127,0.6696,0.458,0.3335
94,983,9,stagnat,0.2933,0.0451,0.0132,0.6696,0.458,0.3335
94,983,9,point,0.1349,0.0207,0.0028,0.6696,0.458,0.3335
94,983,9,heat,0.1901,0.0877,0.0167,0.6696,0.458,0.3335
94,983,9,transfer,0.2383,0.11,0.0262,0.6696,0.458,0.3335
94,983,9,rate,0.2834,0.0872,0.0247,0.6696,0.458,0.3335
94,1394,10,bodi,0.1955,0.0355,0.0069,0.6696,0.371,0.3191
94,1394,10,blunt,0.2878,0.0523,0.0151,0.6696,0.371,0.3191
94,1394,10,stagnat,0.2933,0.0533,0.0156,0.6696,0.371,0.3191
94,1394,10,point,0.1349,0.0123,0.0017,0.6696,0.371,0.3191
94,1394,10,heat,0.1901,0.0518,0.0099,0.6696,0.371,0.3191
94,1394,10,transfer,0.2383,0.065,0.0155,0.6696,0.371,0.3191
94,1394,10,rate,0.2834,0.0515,0.0146,0.6696,0.371,0.3191
95,662,1,theoret,0.2974,0.0143,0.0043,0.9995,0.2521,0.3777
95,662,1,hemispher,0.635,0.0765,0.0486,0.9995,0.2521,0.3777
95,662,1,distribut,0.2259,0.0327,0.0074,0.9995,0.2521,0.3777
95,662,1,transfer,0.3178,0.0613,0.0195,0.9995,0.2521,0.3777
95,662,1,heat,0.2534,0.0611,0.0155,0.9995,0.2521,0.3777
95,635,2,theoret,0.2974,0.0153,0.0045,0.9995,0.5244,0.3006
95,635,2,around,0.5395,0.0277,0.0149,0.9995,0.5244,0.3006
95,635,2,hemispher,0.635,0.1628,0.1034,0.9995,0.5244,0.3006
95,635,2,distribut,0.2259,0.0348,0.0079,0.9995,0.5244,0.3006
95,635,2,transfer,0.3178,0.0326,0.0104,0.9995,0.5244,0.3006
95,635,2,heat,0.2534,0.065,0.0165,0.9995,0.5244,0.3006
95,1002,3,around,0.5395,0.033,0.0178,0.9995,0.4767,0.2631
95,1002,3,hemispher,0.635,0.1166,0.0741,0.9995,0.4767,0.2631
95,1002,3,distribut,0.2259,0.0138,0.0031,0.9995,0.4767,0.2631
95,1002,3,transfer,0.3178,0.0584,0.0185,0.9995,0.4767,0.2631
95,1002,3,heat,0.2534,0.0466,0.0118,0.9995,0.4767,0.2631
95,689,4,hemispher,0.635,0.0676,0.043,0.9995,0.2692,0.2535
95,689,4,distribut,0.2259,0.008,0.0018,0.9995,0.2692,0.2535
95,689,4,transfer,0.3178,0.0451,0.0143,0.9995,0.2692,0.2535
95,689,4,heat,0.2534,0.036,0.0091,0.9995,0.2692,0.2535
95,535,5,hemispher,0.635,0.1732,0.11,0.9995,0.4773,0.2403
95,535,5,distribut,0.2259,0.0205,0.0046,0.9995,0.4773,0.2403
95,1258,6,around,0.5395,0.0494,0.0267,0.9995,0.2784,0.2382
95,1258,6,distribut,0.2259,0.0414,0.0093,0.9995,0.2784,0.2382
95,1258,6,transfer,0.3178,0.0582,0.0185,0.9995,0.2784,0.2382
95,1258,6,heat,0.2534,0.0464,0.0118,0.9995,0.2784,0.2382
95,1395,7,hemispher,0.635,0.0595,0.0378,0.9995,0.3665,0.23
95,1395,7,transfer,0.3178,0.0894,0.0284,0.9995,0.3665,0.23
95,1395,7,heat,0.2534,0.0713,0.0181,0.9995,0.3665,0.23
95,1191,8,hemispher,0.635,0.0802,0.0509,0.9995,0.3033,0.2265
95,1191,8,distribut,0.2259,0.0143,0.0032,0.9995,0.3033,0.2265
95,1191,8,transfer,0.3178,0.0201,0.0064,0.9995,0.3033,0.2265
95,1191,8,heat,0.2534,0.032,0.0081,0.9995,0.3033,0.2265
95,554,9,around,0.5395,0.0334,0.018,0.9995,0.3938,0.2196
95,554,9,distribut,0.2259,0.014,0.0032,0.9995,0.3938,0.2196
95,554,9,transfer,0.3178,0.1179,0.0375,0.9995,0.3938,0.2196
95,554,9,heat,0.2534,0.1097,0.0278,0.9995,0.3938,0.2196
95,564,10,theoret,0.2974,0.022,0.0066,0.9995,0.3499,0.2167
95,564,10,distribut,0.2259,0.0251,0.0057,0.9995,0.3499,0.2167
95,564,10,transfer,0.3178,0.1177,0.0374,0.9995,0.3499,0.2167
95,564,10,heat,0.2534,0.1033,0.0262,0.9995,0.3499,0.2167
96,698,1,unsteadi,0.3795,0.0823,0.0312,0.6862,0.437,0.4645
96,698,1,finit,0.3139,0.1021,0.0321,0.6862,0.437,0.4645
96,698,1,distribut,0.1506,0.0327,0.0049,0.6862,0.437,0.4645
96,698,1,lift,0.2417,0.1835,0.0443,0.6862,0.437,0.4645
96,698,1,wing,0.2026,0.1318,0.0267,0.6862,0.437,0.4645
96,637,2,unsteadi,0.3795,0.0518,0.0196,0.6862,0.3709,0.3966
96,637,2,finit,0.3139,0.0856,0.0269,0.6862,0.3709,0.3966
96,637,2,subson,0.2796,0.0763,0.0213,0.6862,0.3709,0.3966
96,637,2,flow,0.0724,0.0296,0.0021,0.6862,0.3709,0.3966
96,637,2,distribut,0.1506,0.0411,0.0062,0.6862,0.3709,0.3966
96,637,2,lift,0.2417,0.033,0.008,0.6862,0.3709,0.3966
96,637,2,wing,0.2026,0.0829,0.0168,0.6862,0.3709,0.3966
96,699,3,unsteadi,0.3795,0.0574,0.0218,0.6862,0.3969,0.3878
96,699,3,investig,0.1506,0.0114,0.0017,0.6862,0.3969,0.3878
96,699,3,finit,0.3139,0.0237,0.0075,0.6862,0.3969,0.3878
96,699,3,flow,0.0724,0.0055,0.0004,0.6862,0.3969,0.3878
96,699,3,distribut,0.1506,0.0228,0.0034,0.6862,0.3969,0.3878
96,699,3,lift,0.2417,0.1645,0.0398,0.6862,0.3969,0.3878
96,699,3,wing,0.2026,0.1533,0.0311,0.6862,0.3969,0.3878
96,899,4,unsteadi,0.3795,0.2234,0.0848,0.6862,0.4046,0.3424
96,899,4,flow,0.0724,0.0061,0.0004,0.6862,0.4046,0.3424
96,899,4,lift,0.2417,0.0407,0.0098,0.6862,0.4046,0.3424
96,680,5,finit,0.3139,0.0362,0.0114,0.6862,0.3315,0.272
96,680,5,subson,0.2796,0.0323,0.009,0.6862,0.3315,0.272
96,680,5,flow,0.0724,0.0167,0.0012,0.6862,0.3315,0.272
96,680,5,distribut,0.1506,0.0521,0.0079,0.6862,0.3315,0.272
96,680,5,lift,0.2417,0.0558,0.0135,0.6862,0.3315,0.272
96,680,5,wing,0.2026,0.0935,0.019,0.6862,0.3315,0.272
96,892,6,unsteadi,0.3795,0.2135,0.081,0.6862,0.4834,0.266
96,892,6,investig,0.1506,0.0282,0.0043,0.6862,0.4834,0.266
96,892,6,flow,0.0724,0.0407,0.0029,0.6862,0.4834,0.266
96,1109,7,unsteadi,0.3795,0.2009,0.0762,0.6862,0.4222,0.2632
96,1259,8,unsteadi,0.3795,0.1353,0.0513,0.6862,0.3541,0.2599
96,1259,8,flow,0.0724,0.0193,0.0014,0.6862,0.3541,0.2599
96,1259,8,lift,0.2417,0.0431,0.0104,0.6862,0.3541,0.2599
96,1339,9,finit,0.3139,0.0415,0.013,0.6862,0.2976,0.25
96,1339,9,subson,0.2796,0.037,0.0104,0.6862,0.2976,0.25
96,1339,9,flow,0.0724,0.0096,0.0007,0.6862,0.2976,0.25
96,1339,9,distribut,0.1506,0.0299,0.0045,0.6862,0.2976,0.25
96,1339,9,lift,0.2417,0.048,0.0116,0.6862,0.2976,0.25
96,1339,9,wing,0.2026,0.0536,0.0109,0.6862,0.2976,0.25
96,465,10,investig,0.1506,0.0212,0.0032,0.6862,0.3676,0.2411
96,465,10,subson,0.2796,0.0393,0.011,0.6862,0.3676,0.2411
96,465,10,flow,0.0724,0.0203,0.0015,0.6862,0.3676,0.2411
96,465,10,distribut,0.1506,0.0212,0.0032,0.6862,0.3676,0.2411
96,465,10,lift,0.2417,0.102,0.0246,0.6862,0.3676,0.2411
96,465,10,wing,0.2026,0.0855,0.0173,0.6862,0.3676,0.2411
97,1331,1,gust,0.5288,0.0821,0.0434,1.239,0.5021,0.4191
97,1331,1,respons,0.4565,0.2834,0.1294,1.239,0.5021,0.4191
97,1331,1,dynam,0.3194,0.0496,0.0158,1.239,0.5021,0.4191
97,1331,1,avail,0.3166,0.0491,0.0156,1.239,0.5021,0.4191
97,1331,1,airplan,0.427,0.1325,0.0566,1.239,0.5021,0.4191
97,882,2,gust,0.5288,0.5949,0.3146,1.239,0.8582,0.335
97,882,2,inform,0.3844,0.1081,0.0416,1.239,0.8582,0.335
97,1289,3,gust,0.5288,0.1904,0.1007,1.239,0.3439,0.291
97,1289,3,respons,0.4565,0.0274,0.0125,1.239,0.3439,0.291
97,1289,3,dynam,0.3194,0.0192,0.0061,1.239,0.3439,0.291
97,1289,3,subson,0.2796,0.0168,0.0047,1.239,0.3439,0.291
97,781,4,respons,0.4565,0.1911,0.0872,1.239,0.358,0.2336
97,781,4,subson,0.2796,0.0585,0.0164,1.239,0.358,0.2336
97,779,5,gust,0.5288,0.1655,0.0875,1.239,0.4572,0.223
97,779,5,respons,0.4565,0.0715,0.0326,1.239,0.4572,0.223
97,779,5,subson,0.2796,0.0219,0.0061,1.239,0.4572,0.223
97,495,6,blast,0.504,0.2231,0.1124,1.239,0.434,0.2091
97,783,7,dynam,0.3194,0.0342,0.0109,1.239,0.4184,0.188
97,783,7,subson,0.2796,0.03,0.0084,1.239,0.4184,0.188
97,783,7,airplan,0.427,0.183,0.0781,1.239,0.4184,0.188
97,1391,8,regim,0.427,0.1525,0.0651,1.239,0.3267,0.1786
97,1391,8,avail,0.3166,0.0226,0.0072,1.239,0.3267,0.1786
97,1270,9,respons,0.4565,0.145,0.0662,1.239,0.4469,0.174
97,1270,9,dynam,0.3194,0.0338,0.0108,1.239,0.4469,0.174
97,1270,9,airplan,0.427,0.0452,0.0193,1.239,0.4469,0.174
97,556,10,blast,0.504,0.1403,0.0707,1.239,0.3299,0.173
98,673,1,effect,0.0733,0.0119,0.0009,0.8447,0.6125,0.3918
98,673,1,low,0.1698,0.0092,0.0016,0.8447,0.6125,0.3918
98,673,1,trail,0.2644,0.043,0.0114,0.8447,0.6125,0.3918
98,673,1,flap,0.3349,0.4898,0.164,0.8447,0.6125,0.3918
98,673,1,locat,0.2202,0.0835,0.0184,0.8447,0.6125,0.3918
98,673,1,edg,0.1544,0.0418,0.0065,0.8447,0.6125,0.3918
98,638,2,effect,0.0733,0.0131,0.001,0.8447,0.4451,0.3654
98,638,2,forward,0.2611,0.0234,0.0061,0.8447,0.4451,0.3654
98,638,2,control,0.241,0.1729,0.0417,0.8447,0.4451,0.3654
98,638,2,low,0.1698,0.0304,0.0052,0.8447,0.4451,0.3654
98,638,2,subson,0.1936,0.0347,0.0067,0.8447,0.4451,0.3654
98,638,2,trail,0.2644,0.0711,0.0188,0.8447,0.4451,0.3654
98,638,2,flap,0.3349,0.1201,0.0402,0.8447,0.4451,0.3654
98,638,2,speed,0.1206,0.0216,0.0026,0.8447,0.4451,0.3654
98,638,2,locat,0.2202,0.0395,0.0087,0.8447,0.4451,0.3654
98,638,2,edg,0.1544,0.0415,0.0064,0.8447,0.4451,0.3654
98,1343,3,apex,0.3882,0.1044,0.0405,0.8447,0.3593,0.3136
98,1343,3,convent,0.2795,0.0251,0.007,0.8447,0.3593,0.3136
98,1343,3,trail,0.2644,0.1185,0.0313,0.8447,0.3593,0.3136
98,1343,3,speed,0.1206,0.0108,0.0013,0.8447,0.3593,0.3136
98,1343,3,edg,0.1544,0.0969,0.015,0.8447,0.3593,0.3136
98,85,4,effect,0.0733,0.012,0.0009,0.8447,0.379,0.2995
98,85,4,control,0.241,0.0985,0.0237,0.8447,0.379,0.2995
98,85,4,compar,0.1334,0.0109,0.0015,0.8447,0.379,0.2995
98,85,4,trail,0.2644,0.2594,0.0686,0.8447,0.379,0.2995
98,85,4,speed,0.1206,0.0099,0.0012,0.8447,0.379,0.2995
98,1163,5,effect,0.0733,0.0087,0.0006,0.8447,0.3981,0.2188
98,1163,5,forward,0.2611,0.1234,0.0322,0.8447,0.3981,0.2188
98,1163,5,control,0.241,0.1139,0.0275,0.8447,0.3981,0.2188
98,1163,5,flap,0.3349,0.0396,0.0133,0.8447,0.3981,0.2188
98,792,6,effect,0.0733,0.0111,0.0008,0.8447,0.2681,0.1899
98,792,6,control,0.241,0.0488,0.0118,0.8447,0.2681,0.1899
98,792,6,low,0.1698,0.0258,0.0044,0.8447,0.2681,0.1899
98,792,6,trail,0.2644,0.0134,0.0035,0.8447,0.2681,0.1899
98,792,6,flap,0.3349,0.0339,0.0113,0.8447,0.2681,0.1899
98,792,6,speed,0.1206,0.0427,0.0051,0.8447,0.2681,0.1899
98,792,6,edg,0.1544,0.0391,0.006,0.8447,0.2681,0.1899
98,772,7,trail,0.2644,0.0537,0.0142,0.8447,0.4118,0.1858
98,772,7,flap,0.3349,0.1361,0.0456,0.8447,0.4118,0.1858
98,772,7,edg,0.1544,0.0314,0.0048,0.8447,0.4118,0.1858
98,311,8,effect,0.0733,0.0178,0.0013,0.8447,0.3365,0.1835
98,311,8,low,0.1698,0.0206,0.0035,0.8447,0.3365,0.1835
98,311,8,trail,0.2644,0.1285,0.034,0.8447,0.3365,0.1835
98,311,8,speed,0.1206,0.0146,0.0018,0.8447,0.3365,0.1835
98,311,8,edg,0.1544,0.0751,0.0116,0.8447,0.3365,0.1835
98,1091,9,effect,0.0733,0.0112,0.0008,0.8447,0.4369,0.1805
98,1091,9,trail,0.2644,0.0404,0.0107,0.8447,0.4369,0.1805
98,1091,9,flap,0.3349,0.1537,0.0515,0.8447,0.4369,0.1805
98,1091,9,edg,0.1544,0.0236,0.0036,0.8447,0.4369,0.1805
98,1393,10,forward,0.2611,0.1191,0.0311,0.8447,0.3255,0.1794
98,1393,10,compar,0.1334,0.0304,0.0041,0.8447,0.3255,0.1794
98,1393,10,low,0.1698,0.0387,0.0066,0.8447,0.3255,0.1794
98,1393,10,subson,0.1936,0.0221,0.0043,0.8447,0.3255,0.1794
98,1393,10,speed,0.1206,0.0275,0.0033,0.8447,0.3255,0.1794
99,639,1,subsequ,0.3461,0.0799,0.0276,1.3066,0.6814,0.5457
99,639,1,tumbl,0.9391,0.3251,0.3053,1.3066,0.6814,0.5457
99,639,1,atmospher,0.2417,0.1116,0.027,1.3066,0.6814,0.5457
99,639,1,vehicl,0.2558,0.1181,0.0302,1.3066,0.6814,0.5457
99,639,1,motion,0.2047,0.2362,0.0484,1.3066,0.6814,0.5457
99,639,1,enter,0.3203,0.1478,0.0473,1.3066,0.6814,0.5457
99,719,2,tumbl,0.9391,0.169,0.1588,1.3066,0.3937,0.3935
99,719,2,atmospher,0.2417,0.058,0.014,1.3066,0.3937,0.3935
99,719,2,motion,0.2047,0.0246,0.005,1.3066,0.3937,0.3935
99,719,2,enter,0.3203,0.0769,0.0246,1.3066,0.3937,0.3935
99,715,3,tumbl,0.9391,0.088,0.0827,1.3066,0.6538,0.2196
99,715,3,atmospher,0.2417,0.136,0.0329,1.3066,0.6538,0.2196
99,715,3,motion,0.2047,0.1535,0.0314,1.3066,0.6538,0.2196
99,715,3,enter,0.3203,0.1201,0.0385,1.3066,0.6538,0.2196
99,715,3,given,0.1072,0.0201,0.0022,1.3066,0.6538,0.2196
99,716,4,atmospher,0.2417,0.116,0.028,1.3066,0.642,0.1736
99,716,4,vehicl,0.2558,0.2456,0.0628,1.3066,0.642,0.1736
99,716,4,motion,0.2047,0.1474,0.0302,1.3066,0.642,0.1736
99,716,4,enter,0.3203,0.0769,0.0246,1.3066,0.642,0.1736
99,944,5,atmospher,0.2417,0.1261,0.0305,1.3066,0.4168,0.1424
99,944,5,vehicl,0.2558,0.0445,0.0114,1.3066,0.4168,0.1424
99,944,5,enter,0.3203,0.1114,0.0357,1.3066,0.4168,0.1424
99,717,6,possibl,0.1839,0.0103,0.0019,1.3066,0.3659,0.1323
99,717,6,atmospher,0.2417,0.054,0.013,1.3066,0.3659,0.1323
99,717,6,vehicl,0.2558,0.1142,0.0292,1.3066,0.3659,0.1323
99,717,6,motion,0.2047,0.0343,0.007,1.3066,0.3659,0.1323
99,717,6,enter,0.3203,0.0357,0.0114,1.3066,0.3659,0.1323
99,717,6,given,0.1072,0.006,0.0006,1.3066,0.3659,0.1323
99,1000,7,tumbl,0.9391,0.0458,0.043,1.3066,0.3258,0.1303
99,1000,7,atmospher,0.2417,0.0236,0.0057,1.3066,0.3258,0.1303
99,1000,7,motion,0.2047,0.02,0.0041,1.3066,0.3258,0.1303
99,1000,7,predict,0.1651,0.0161,0.0027,1.3066,0.3258,0.1303
99,164,8,atmospher,0.2417,0.0637,0.0154,1.3066,0.3418,0.1255
99,164,8,vehicl,0.2558,0.0843,0.0216,1.3066,0.3418,0.1255
99,164,8,motion,0.2047,0.027,0.0055,1.3066,0.3418,0.1255
99,164,8,enter,0.3203,0.0422,0.0135,1.3066,0.3418,0.1255
99,1348,9,atmospher,0.2417,0.1184,0.0286,1.3066,0.5314,0.1235
99,1348,9,vehicl,0.2558,0.1253,0.0321,1.3066,0.5314,0.1235
99,1348,9,enter,0.3203,0.0784,0.0251,1.3066,0.5314,0.1235
99,682,10,tumbl,0.9391,0.0542,0.0509,1.3066,0.4504,0.1074
99,682,10,motion,0.2047,0.0472,0.0097,1.3066,0.4504,0.1074
99,682,10,given,0.1072,0.0247,0.0026,1.3066,0.4504,0.1074
100,760,1,compress,0.2168,0.0383,0.0083,0.8631,0.4038,0.5402
100,760,1,effect,0.1059,0.0093,0.001,0.8631,0.4038,0.5402
100,760,1,axial,0.2504,0.0442,0.0111,0.8631,0.4038,0.5402
100,760,1,buckl,0.2667,0.1412,0.0376,0.8631,0.4038,0.5402
100,760,1,initi,0.2837,0.1001,0.0284,0.8631,0.4038,0.5402
100,760,1,imperfect,0.4518,0.1595,0.072,0.8631,0.4038,0.5402
100,760,1,cylindr,0.2943,0.0519,0.0153,0.8631,0.4038,0.5402
100,760,1,shell,0.2868,0.0506,0.0145,0.8631,0.4038,0.5402
100,1122,2,compress,0.2168,0.0496,0.0108,0.8631,0.442,0.489
100,1122,2,axial,0.2504,0.0573,0.0143,0.8631,0.442,0.489
100,1122,2,buckl,0.2667,0.1017,0.0271,0.8631,0.442,0.489
100,1122,2,initi,0.2837,0.1082,0.0307,0.8631,0.442,0.489
100,1122,2,imperfect,0.4518,0.1723,0.0778,0.8631,0.442,0.489
100,1122,2,cylindr,0.2943,0.0449,0.0132,0.8631,0.442,0.489
100,1122,2,shell,0.2868,0.0437,0.0125,0.8631,0.442,0.489
100,822,3,compress,0.2168,0.0322,0.007,0.8631,0.3886,0.4788
100,822,3,effect,0.1059,0.0157,0.0017,0.8631,0.3886,0.4788
100,822,3,axial,0.2504,0.0373,0.0093,0.8631,0.3886,0.4788
100,822,3,buckl,0.2667,0.0992,0.0264,0.8631,0.3886,0.4788
100,822,3,initi,0.2837,0.0422,0.012,0.8631,0.3886,0.4788
100,822,3,imperfect,0.4518,0.168,0.0759,0.8631,0.3886,0.4788
100,822,3,elast,0.3153,0.0704,0.0222,0.8631,0.3886,0.4788
100,822,3,shell,0.2868,0.0213,0.0061,0.8631,0.3886,0.4788
100,1013,4,effect,0.1059,0.0127,0.0013,0.8631,0.5284,0.4364
100,1013,4,buckl,0.2667,0.192,0.0512,0.8631,0.5284,0.4364
100,1013,4,initi,0.2837,0.1362,0.0386,0.8631,0.5284,0.4364
100,1013,4,imperfect,0.4518,0.2169,0.098,0.8631,0.5284,0.4364
100,1013,4,shell,0.2868,0.0344,0.0099,0.8631,0.5284,0.4364
100,739,5,compress,0.2168,0.0234,0.0051,0.8631,0.3548,0.4252
100,739,5,axial,0.2504,0.027,0.0068,0.8631,0.3548,0.4252
100,739,5,buckl,0.2667,0.1437,0.0383,0.8631,0.3548,0.4252
100,739,5,imperfect,0.4518,0.0243,0.011,0.8631,0.3548,0.4252
100,739,5,cylindr,0.2943,0.0476,0.014,0.8631,0.3548,0.4252
100,739,5,elast,0.3153,0.034,0.0107,0.8631,0.3548,0.4252
100,739,5,shell,0.2868,0.1545,0.0443,0.8631,0.3548,0.4252
100,1126,6,compress,0.2168,0.0368,0.008,0.8631,0.4833,0.4056
100,1126,6,effect,0.1059,0.018,0.0019,0.8631,0.4833,0.4056
100,1126,6,axial,0.2504,0.1276,0.0319,0.8631,0.4833,0.4056
100,1126,6,buckl,0.2667,0.1359,0.0362,0.8631,0.4833,0.4056
100,1126,6,cylindr,0.2943,0.1,0.0294,0.8631,0.4833,0.4056
100,1126,6,elast,0.3153,0.1071,0.0338,0.8631,0.4833,0.4056
100,1126,6,shell,0.2868,0.0974,0.0279,0.8631,0.4833,0.4056
100,1172,7,compress,0.2168,0.0199,0.0043,0.8631,0.4907,0.3994
100,1172,7,effect,0.1059,0.0292,0.0031,0.8631,0.4907,0.3994
100,1172,7,axial,0.2504,0.046,0.0115,0.8631,0.4907,0.3994
100,1172,7,buckl,0.2667,0.1225,0.0327,0.8631,0.4907,0.3994
100,1172,7,cylindr,0.2943,0.0541,0.0159,0.8631,0.4907,0.3994
100,1172,7,elast,0.3153,0.2027,0.0639,0.8631,0.4907,0.3994
100,1172,7,shell,0.2868,0.1317,0.0378,0.8631,0.4907,0.3994
100,897,8,compress,0.2168,0.0325,0.007,0.8631,0.4746,0.397
100,897,8,effect,0.1059,0.0318,0.0034,0.8631,0.4746,0.397
100,897,8,axial,0.2504,0.0376,0.0094,0.8631,0.4746,0.397
100,897,8,buckl,0.2667,0.16,0.0427,0.8631,0.4746,0.397
100,897,8,initi,0.2837,0.0851,0.0241,0.8631,0.4746,0.397
100,897,8,cylindr,0.2943,0.1325,0.039,0.8631,0.4746,0.397
100,897,8,shell,0.2868,0.129,0.037,0.8631,0.4746,0.397
100,1171,9,compress,0.2168,0.1301,0.0282,0.8631,0.533,0.3763
100,1171,9,axial,0.2504,0.1503,0.0376,0.8631,0.533,0.3763
100,1171,9,cylindr,0.2943,0.1177,0.0347,0.8631,0.533,0.3763
100,1171,9,elast,0.3153,0.1261,0.0398,0.8631,0.533,0.3763
100,1171,9,shell,0.2868,0.1147,0.0329,0.8631,0.533,0.3763
100,741,10,compress,0.2168,0.075,0.0163,0.8631,0.4923,0.3684
100,741,10,axial,0.2504,0.13,0.0326,0.8631,0.4923,0.3684
100,741,10,buckl,0.2667,0.1846,0.0492,0.8631,0.4923,0.3684
100,741,10,cylindr,0.2943,0.1019,0.03,0.8631,0.4923,0.3684
100,741,10,shell,0.2868,0.0993,0.0285,0.8631,0.4923,0.3684
101,817,1,deform,0.2611,0.0771,0.0201,0.8154,0.8041,0.4833
101,817,1,stress,0.1698,0.2508,0.0426,0.8154,0.8041,0.4833
101,817,1,increment,0.3393,0.2005,0.068,0.8154,0.8041,0.4833
101,817,1,plastic,0.2956,0.1747,0.0516,0.8154,0.8041,0.4833
101,817,1,strain,0.2754,0.4883,0.1345,0.8154,0.8041,0.4833
101,820,2,deform,0.2611,0.1424,0.0372,0.8154,0.4517,0.4385
101,820,2,stress,0.1698,0.0617,0.0105,0.8154,0.4517,0.4385
101,820,2,plastic,0.2956,0.2419,0.0715,0.8154,0.4517,0.4385
101,820,2,theori,0.1726,0.1255,0.0217,0.8154,0.4517,0.4385
101,820,2,strain,0.2754,0.0751,0.0207,0.8154,0.4517,0.4385
101,819,3,deform,0.2611,0.1756,0.0458,0.8154,0.5575,0.4182
101,819,3,differ,0.1528,0.0685,0.0105,0.8154,0.5575,0.4182
101,819,3,great,0.2716,0.0609,0.0165,0.8154,0.5575,0.4182
101,819,3,stress,0.1698,0.1142,0.0194,0.8154,0.5575,0.4182
101,819,3,increment,0.3393,0.0761,0.0258,0.8154,0.5575,0.4182
101,819,3,plastic,0.2956,0.1988,0.0588,0.8154,0.5575,0.4182
101,819,3,theori,0.1726,0.0774,0.0134,0.8154,0.5575,0.4182
101,1119,4,deform,0.2611,0.078,0.0204,0.8154,0.3175,0.3671
101,1119,4,increment,0.3393,0.0254,0.0086,0.8154,0.3175,0.3671
101,1119,4,stabil,0.189,0.0706,0.0133,0.8154,0.3175,0.3671
101,1119,4,appli,0.1482,0.0111,0.0016,0.8154,0.3175,0.3671
101,1119,4,plastic,0.2956,0.1325,0.0392,0.8154,0.3175,0.3671
101,1119,4,problem,0.1128,0.0169,0.0019,0.8154,0.3175,0.3671
101,1119,4,theori,0.1726,0.058,0.01,0.8154,0.3175,0.3671
101,818,5,deform,0.2611,0.1029,0.0269,0.8154,0.4378,0.3476
101,818,5,differ,0.1528,0.0301,0.0046,0.8154,0.4378,0.3476
101,818,5,stress,0.1698,0.1003,0.017,0.8154,0.4378,0.3476
101,818,5,plastic,0.2956,0.1165,0.0344,0.8154,0.4378,0.3476
101,818,5,problem,0.1128,0.0222,0.0025,0.8154,0.4378,0.3476
101,818,5,theori,0.1726,0.051,0.0088,0.8154,0.4378,0.3476
101,818,5,strain,0.2754,0.1085,0.0299,0.8154,0.4378,0.3476
101,823,6,relationship,0.3037,0.0658,0.02,0.8154,0.4833,0.3461
101,823,6,deform,0.2611,0.0566,0.0148,0.8154,0.4833,0.3461
101,823,6,stress,0.1698,0.0368,0.0062,0.8154,0.4833,0.3461
101,823,6,plastic,0.2956,0.2562,0.0757,0.8154,0.4833,0.3461
101,823,6,theori,0.1726,0.0187,0.0032,0.8154,0.4833,0.3461
101,823,6,strain,0.2754,0.0597,0.0164,0.8154,0.4833,0.3461
101,825,7,deform,0.2611,0.0265,0.0069,0.8154,0.3982,0.3139
101,825,7,stress,0.1698,0.0172,0.0029,0.8154,0.3982,0.3139
101,825,7,increment,0.3393,0.1378,0.0468,0.8154,0.3982,0.3139
101,825,7,appli,0.1482,0.015,0.0022,0.8154,0.3982,0.3139
101,825,7,plastic,0.2956,0.1201,0.0355,0.8154,0.3982,0.3139
101,825,7,theori,0.1726,0.0438,0.0076,0.8154,0.3982,0.3139
101,760,8,relationship,0.3037,0.0387,0.0118,0.8154,0.4038,0.2862
101,760,8,deform,0.2611,0.0666,0.0174,0.8154,0.4038,0.2862
101,760,8,stress,0.1698,0.0433,0.0073,0.8154,0.4038,0.2862
101,760,8,increment,0.3393,0.0865,0.0293,0.8154,0.4038,0.2862
101,760,8,plastic,0.2956,0.0377,0.0111,0.8154,0.4038,0.2862
101,760,8,theori,0.1726,0.044,0.0076,0.8154,0.4038,0.2862
101,760,8,strain,0.2754,0.0351,0.0097,0.8154,0.4038,0.2862
101,837,9,deform,0.2611,0.0231,0.006,0.8154,0.4153,0.2745
101,837,9,stress,0.1698,0.1502,0.0255,0.8154,0.4153,0.2745
101,837,9,plastic,0.2956,0.0784,0.0232,0.8154,0.4153,0.2745
101,837,9,problem,0.1128,0.0299,0.0034,0.8154,0.4153,0.2745
101,837,9,theori,0.1726,0.0076,0.0013,0.8154,0.4153,0.2745
101,837,9,strain,0.2754,0.1218,0.0335,0.8154,0.4153,0.2745
101,1121,10,differ,0.1528,0.0255,0.0039,0.8154,0.3976,0.2172
101,1121,10,stress,0.1698,0.0566,0.0096,0.8154,0.3976,0.2172
101,1121,10,plastic,0.2956,0.0985,0.0291,0.8154,0.3976,0.2172
101,1121,10,theori,0.1726,0.0144,0.0025,0.8154,0.3976,0.2172
101,1121,10,strain,0.2754,0.0918,0.0253,0.8154,0.3976,0.2172
102,910,1,span,0.5009,0.2505,0.1255,1.1657,0.8381,0.2366
102,910,1,continu,0.4598,0.2299,0.1057,1.1657,0.8381,0.2366
102,660,2,basic,0.5044,0.1545,0.0779,1.1657,0.3502,0.1909
102,728,3,structur,0.3673,0.0659,0.0242,1.1657,0.5597,0.1535
102,728,3,continu,0.4598,0.1651,0.0759,1.1657,0.5597,0.1535
102,1339,4,characterist,0.2899,0.0448,0.013,1.1657,0.2976,0.1496
102,1339,4,span,0.5009,0.0516,0.0258,1.1657,0.2976,0.1496
102,1339,4,basic,0.5044,0.026,0.0131,1.1657,0.2976,0.1496
102,1092,5,characterist,0.2899,0.024,0.007,1.1657,0.5213,0.1483
102,1092,5,span,0.5009,0.166,0.0832,1.1657,0.5213,0.1483
102,516,6,characterist,0.2899,0.0572,0.0166,1.1657,0.3974,0.1435
102,516,6,dynam,0.4107,0.1215,0.0499,1.1657,0.3974,0.1435
102,287,7,characterist,0.2899,0.0244,0.0071,1.1657,0.4376,0.1384
102,287,7,span,0.5009,0.1267,0.0635,1.1657,0.4376,0.1384
102,1001,8,characterist,0.2899,0.0742,0.0215,1.1657,0.4121,0.1347
102,1001,8,dynam,0.4107,0.1052,0.0432,1.1657,0.4121,0.1347
102,729,9,characterist,0.2899,0.0214,0.0062,1.1657,0.4355,0.1324
102,729,9,structur,0.3673,0.0812,0.0298,1.1657,0.4355,0.1324
102,729,9,continu,0.4598,0.0678,0.0312,1.1657,0.4355,0.1324
102,286,10,dynam,0.4107,0.25,0.1027,1.1657,0.6915,0.1274
103,761,1,sphere,0.7161,0.2192,0.157,1.5565,0.5535,0.4989
103,761,1,sandwich,0.9359,0.191,0.1787,1.5565,0.5535,0.4989
103,761,1,buckl,0.48,0.1959,0.094,1.5565,0.5535,0.4989
103,1048,2,sandwich,0.9359,0.2925,0.2737,1.5565,0.5663,0.3514
103,1048,2,buckl,0.48,0.075,0.036,1.5565,0.5663,0.3514
103,720,3,sandwich,0.9359,0.2576,0.2411,1.5565,0.4906,0.3157
103,1049,4,sandwich,0.9359,0.319,0.2986,1.5565,0.6282,0.3054
103,1050,5,sandwich,0.9359,0.208,0.1946,1.5565,0.5443,0.2902
103,1050,5,buckl,0.48,0.1067,0.0512,1.5565,0.5443,0.2902
103,1214,6,sphere,0.7161,0.0634,0.0454,1.5565,0.3788,0.2823
103,1214,6,inform,0.692,0.0919,0.0636,1.5565,0.3788,0.2823
103,1214,6,avail,0.57,0.1009,0.0575,1.5565,0.3788,0.2823
103,770,7,sphere,0.7161,0.2754,0.1972,1.5565,0.4773,0.2655
103,956,8,sandwich,0.9359,0.1248,0.1168,1.5565,0.4467,0.2342
103,956,8,buckl,0.48,0.096,0.0461,1.5565,0.4467,0.2342
103,1127,9,sandwich,0.9359,0.104,0.0973,1.5565,0.4184,0.2281
103,1127,9,buckl,0.48,0.1067,0.0512,1.5565,0.4184,0.2281
103,669,10,sphere,0.7161,0.2652,0.1899,1.5565,0.6169,0.1978
104,762,1,beam,0.401,0.0428,0.0172,0.872,0.4684,0.3185
104,762,1,temperatur,0.1503,0.1124,0.0169,0.872,0.4684,0.3185
104,762,1,load,0.1769,0.1322,0.0234,0.872,0.4684,0.3185
104,762,1,inelast,0.4492,0.1439,0.0647,0.872,0.4684,0.3185
104,762,1,materi,0.2736,0.0292,0.008,0.872,0.4684,0.3185
104,1177,2,beam,0.401,0.2846,0.1141,0.872,0.5331,0.2965
104,1177,2,present,0.0923,0.0164,0.0015,0.872,0.5331,0.2965
104,1177,2,load,0.1769,0.1255,0.0222,0.872,0.5331,0.2965
104,462,3,beam,0.401,0.1003,0.0402,0.872,0.4089,0.2411
104,462,3,obtain,0.1004,0.0251,0.0025,0.872,0.4089,0.2411
104,462,3,present,0.0923,0.0115,0.0011,0.872,0.4089,0.2411
104,462,3,temperatur,0.1503,0.0939,0.0141,0.872,0.4089,0.2411
104,462,3,materi,0.2736,0.1026,0.0281,0.872,0.4089,0.2411
104,644,4,beam,0.401,0.1214,0.0487,0.872,0.3486,0.237
104,644,4,obtain,0.1004,0.0203,0.002,0.872,0.3486,0.237
104,644,4,present,0.0923,0.0373,0.0034,0.872,0.3486,0.237
104,644,4,uniform,0.2043,0.0412,0.0084,0.872,0.3486,0.237
104,644,4,load,0.1769,0.0536,0.0095,0.872,0.3486,0.237
104,29,5,beam,0.401,0.1225,0.0491,0.872,0.3385,0.2269
104,29,5,obtain,0.1004,0.0077,0.0008,0.872,0.3385,0.2269
104,29,5,present,0.0923,0.0353,0.0033,0.872,0.3385,0.2269
104,29,5,temperatur,0.1503,0.0918,0.0138,0.872,0.3385,0.2269
104,913,6,beam,0.401,0.2557,0.1025,0.872,0.61,0.2178
104,913,6,uniform,0.2043,0.0651,0.0133,0.872,0.61,0.2178
104,910,7,beam,0.401,0.3151,0.1263,0.872,0.8381,0.2177
104,910,7,uniform,0.2043,0.1605,0.0328,0.872,0.8381,0.2177
104,1024,8,beam,0.401,0.1192,0.0478,0.872,0.4702,0.1903
104,1024,8,obtain,0.1004,0.0298,0.003,0.872,0.4702,0.1903
104,1024,8,load,0.1769,0.0701,0.0124,0.872,0.4702,0.1903
104,1024,8,materi,0.2736,0.0542,0.0148,0.872,0.4702,0.1903
104,1316,9,beam,0.401,0.171,0.0686,0.872,0.5019,0.1875
104,1316,9,temperatur,0.1503,0.0897,0.0135,0.872,0.5019,0.1875
104,760,10,deform,0.3086,0.0666,0.0205,0.872,0.4038,0.1846
104,760,10,present,0.0923,0.01,0.0009,0.872,0.4038,0.1846
104,760,10,inelast,0.4492,0.0969,0.0435,0.872,0.4038,0.1846
105,848,1,column,0.4576,0.0872,0.0399,1.2829,0.5166,0.5168
105,848,1,effect,0.1191,0.0227,0.0027,1.2829,0.5166,0.5168
105,848,1,breath,0.7682,0.1463,0.1124,1.2829,0.5166,0.5168
105,848,1,intern,0.4325,0.0824,0.0356,1.2829,0.5166,0.5168
105,848,1,cylindr,0.3311,0.1261,0.0418,1.2829,0.5166,0.5168
105,848,1,vibrat,0.4024,0.0766,0.0308,1.2829,0.5166,0.5168
105,848,1,shell,0.3226,0.2458,0.0793,1.2829,0.5166,0.5168
105,764,2,effect,0.1191,0.0098,0.0012,1.2829,0.5687,0.5032
105,764,2,breath,0.7682,0.1267,0.0973,1.2829,0.5687,0.5032
105,764,2,intern,0.4325,0.0713,0.0309,1.2829,0.5687,0.5032
105,764,2,liquid,0.5191,0.2569,0.1334,1.2829,0.5687,0.5032
105,764,2,cylindr,0.3311,0.0273,0.009,1.2829,0.5687,0.5032
105,764,2,vibrat,0.4024,0.0664,0.0267,1.2829,0.5687,0.5032
105,764,2,shell,0.3226,0.2128,0.0687,1.2829,0.5687,0.5032
105,847,3,effect,0.1191,0.018,0.0021,1.2829,0.4723,0.2632
105,847,3,intern,0.4325,0.0653,0.0282,1.2829,0.4723,0.2632
105,847,3,cylindr,0.3311,0.1,0.0331,1.2829,0.4723,0.2632
105,847,3,vibrat,0.4024,0.1215,0.0489,1.2829,0.4723,0.2632
105,847,3,shell,0.3226,0.1461,0.0471,1.2829,0.4723,0.2632
105,846,4,effect,0.1191,0.0157,0.0019,1.2829,0.5018,0.245
105,846,4,intern,0.4325,0.2288,0.0989,1.2829,0.5018,0.245
105,846,4,cylindr,0.3311,0.0219,0.0072,1.2829,0.5018,0.245
105,846,4,vibrat,0.4024,0.1064,0.0428,1.2829,0.5018,0.245
105,846,4,shell,0.3226,0.0213,0.0069,1.2829,0.5018,0.245
105,763,5,effect,0.1191,0.034,0.0041,1.2829,0.443,0.2019
105,763,5,intern,0.4325,0.1854,0.0802,1.2829,0.443,0.2019
105,763,5,cylindr,0.3311,0.0473,0.0157,1.2829,0.443,0.2019
105,763,5,shell,0.3226,0.0461,0.0149,1.2829,0.443,0.2019
105,1019,6,column,0.4576,0.2836,0.1298,1.2829,0.5056,0.2013
105,1019,6,effect,0.1191,0.0067,0.0008,1.2829,0.5056,0.2013
105,743,7,intern,0.4325,0.0461,0.02,1.2829,0.4859,0.1961
105,743,7,cylindr,0.3311,0.1413,0.0468,1.2829,0.4859,0.1961
105,743,7,shell,0.3226,0.1721,0.0555,1.2829,0.4859,0.1961
105,953,8,effect,0.1191,0.0251,0.003,1.2829,0.6147,0.1889
105,953,8,cylindr,0.3311,0.1394,0.0462,1.2829,0.6147,0.1889
105,953,8,vibrat,0.4024,0.0847,0.0341,1.2829,0.6147,0.1889
105,953,8,shell,0.3226,0.2037,0.0657,1.2829,0.6147,0.1889
105,1071,9,intern,0.4325,0.1134,0.0491,1.2829,0.4857,0.1883
105,1071,9,shell,0.3226,0.2115,0.0682,1.2829,0.4857,0.1883
105,1017,10,column,0.4576,0.3244,0.1484,1.2829,0.6181,0.1872
106,847,1,vibrat,0.8047,0.1215,0.0977,1.276,0.4723,0.3343
106,847,1,experiment,0.3546,0.0268,0.0095,1.276,0.4723,0.3343
106,847,1,shell,0.6452,0.1461,0.0943,1.276,0.4723,0.3343
106,848,2,vibrat,0.8047,0.0766,0.0617,1.276,0.5166,0.3341
106,848,2,shell,0.6452,0.2458,0.1586,1.276,0.5166,0.3341
106,930,3,shell,0.6452,0.2828,0.1825,1.276,0.4485,0.3189
106,908,4,vibrat,0.8047,0.2813,0.2263,1.276,0.5679,0.3123
106,844,5,vibrat,0.8047,0.1623,0.1306,1.276,0.3877,0.3008
106,844,5,experiment,0.3546,0.0119,0.0042,1.276,0.3877,0.3008
106,844,5,shell,0.6452,0.0217,0.014,1.276,0.3877,0.3008
106,1036,6,vibrat,0.8047,0.14,0.1126,1.276,0.4883,0.2969
106,1036,6,shell,0.6452,0.1122,0.0724,1.276,0.4883,0.2969
106,764,7,vibrat,0.8047,0.0664,0.0534,1.276,0.5687,0.27
106,764,7,experiment,0.3546,0.0146,0.0052,1.276,0.5687,0.27
106,764,7,shell,0.6452,0.2128,0.1373,1.276,0.5687,0.27
106,890,8,shell,0.6452,0.2828,0.1825,1.276,0.5463,0.2618
106,739,9,vibrat,0.8047,0.0193,0.0155,1.276,0.3548,0.2612
106,739,9,experiment,0.3546,0.0085,0.003,1.276,0.3548,0.2612
106,739,9,shell,0.6452,0.1545,0.0997,1.276,0.3548,0.2612
106,1044,10,shell,0.6452,0.2377,0.1534,1.276,0.4705,0.2555
107,640,1,environ,0.3605,0.027,0.0097,0.8349,0.3826,0.3384
107,640,1,theoret,0.1275,0.0286,0.0036,0.8349,0.3826,0.3384
107,640,1,behaviour,0.282,0.0633,0.0179,0.8349,0.3826,0.3384
107,640,1,possibl,0.1577,0.0236,0.0037,0.8349,0.3826,0.3384
107,640,1,work,0.1798,0.0135,0.0024,0.8349,0.3826,0.3384
107,640,1,nois,0.2769,0.1037,0.0287,0.8349,0.3826,0.3384
107,640,1,structur,0.1837,0.11,0.0202,0.8349,0.3826,0.3384
107,640,1,design,0.1625,0.073,0.0119,0.8349,0.3826,0.3384
107,640,1,typic,0.2576,0.0386,0.0099,0.8349,0.3826,0.3384
107,725,2,theoret,0.1275,0.0275,0.0035,0.8349,0.5056,0.2627
107,725,2,nois,0.2769,0.1789,0.0496,0.8349,0.5056,0.2627
107,725,2,experiment,0.1013,0.0218,0.0022,0.8349,0.5056,0.2627
107,725,2,structur,0.1837,0.1187,0.0218,0.8349,0.5056,0.2627
107,725,2,aircraft,0.213,0.0917,0.0195,0.8349,0.5056,0.2627
107,725,2,typic,0.2576,0.0555,0.0143,0.8349,0.5056,0.2627
107,909,3,possibl,0.1577,0.0613,0.0097,0.8349,0.6685,0.2562
107,909,3,nois,0.2769,0.3231,0.0895,0.8349,0.6685,0.2562
107,909,3,structur,0.1837,0.1429,0.0262,0.8349,0.6685,0.2562
107,909,3,aircraft,0.213,0.0828,0.0176,0.8349,0.6685,0.2562
107,883,4,behaviour,0.282,0.2008,0.0566,0.8349,0.6004,0.2317
107,883,4,structur,0.1837,0.0872,0.016,0.8349,0.6004,0.2317
107,883,4,design,0.1625,0.0385,0.0063,0.8349,0.6004,0.2317
107,883,4,aircraft,0.213,0.1011,0.0215,0.8349,0.6004,0.2317
107,883,4,typic,0.2576,0.0611,0.0157,0.8349,0.6004,0.2317
107,51,5,structur,0.1837,0.1714,0.0315,0.8349,0.5059,0.2034
107,51,5,aircraft,0.213,0.2556,0.0544,0.8349,0.5059,0.2034
107,12,6,summar,0.3194,0.0613,0.0196,0.8349,0.4741,0.1929
107,12,6,experiment,0.1013,0.0194,0.002,0.8349,0.4741,0.1929
107,12,6,structur,0.1837,0.1761,0.0323,0.8349,0.4741,0.1929
107,12,6,design,0.1625,0.0312,0.0051,0.8349,0.4741,0.1929
107,12,6,aircraft,0.213,0.0817,0.0174,0.8349,0.4741,0.1929
107,137,7,nois,0.2769,0.3371,0.0934,0.8349,0.6633,0.1799
107,137,7,experiment,0.1013,0.0617,0.0062,0.8349,0.6633,0.1799
107,811,8,nois,0.2769,0.1587,0.0439,0.8349,0.4064,0.1733
107,811,8,aircraft,0.213,0.0697,0.0149,0.8349,0.4064,0.1733
107,209,9,nois,0.2769,0.2169,0.0601,0.8349,0.4706,0.1642
107,209,9,aircraft,0.213,0.0208,0.0044,0.8349,0.4706,0.1642
107,1279,10,environ,0.3605,0.1646,0.0593,0.8349,0.4647,0.1633
107,1279,10,design,0.1625,0.0247,0.004,0.8349,0.4647,0.1633
108,75,1,data,0.3729,0.0301,0.0112,1.4381,0.5236,0.574
108,75,1,fatigu,0.8306,0.201,0.1669,1.4381,0.5236,0.574
108,75,1,structur,0.5143,0.0829,0.0427,1.4381,0.5236,0.574
108,75,1,load,0.3892,0.0314,0.0122,1.4381,0.5236,0.574
108,75,1,acoust,0.9072,0.2195,0.1991,1.4381,0.5236,0.574
108,724,2,fatigu,0.8306,0.0977,0.0812,1.4381,0.6234,0.548
108,724,2,structur,0.5143,0.121,0.0622,1.4381,0.6234,0.548
108,724,2,load,0.3892,0.0229,0.0089,1.4381,0.6234,0.548
108,724,2,acoust,0.9072,0.3736,0.3389,1.4381,0.6234,0.548
108,726,3,fatigu,0.8306,0.2637,0.219,1.4381,0.522,0.4517
108,726,3,structur,0.5143,0.1633,0.084,1.4381,0.522,0.4517
108,726,3,load,0.3892,0.0927,0.0361,1.4381,0.522,0.4517
108,884,4,data,0.3729,0.0478,0.0178,1.4381,0.8087,0.3768
108,884,4,fatigu,0.8306,0.3195,0.2654,1.4381,0.8087,0.3768
108,884,4,structur,0.5143,0.2637,0.1356,1.4381,0.8087,0.3768
108,884,4,load,0.3892,0.0499,0.0194,1.4381,0.8087,0.3768
108,768,5,fatigu,0.8306,0.4829,0.4011,1.4381,0.8087,0.3752
108,768,5,load,0.3892,0.0905,0.0352,1.4381,0.8087,0.3752
108,883,6,data,0.3729,0.0316,0.0118,1.4381,0.6004,0.3513
108,883,6,fatigu,0.8306,0.2816,0.2339,1.4381,0.6004,0.3513
108,883,6,structur,0.5143,0.0872,0.0448,1.4381,0.6004,0.3513
108,883,6,load,0.3892,0.033,0.0128,1.4381,0.6004,0.3513
108,720,7,fatigu,0.8306,0.1143,0.0949,1.4381,0.4906,0.3468
108,720,7,structur,0.5143,0.0708,0.0364,1.4381,0.4906,0.3468
108,720,7,acoust,0.9072,0.1248,0.1133,1.4381,0.4906,0.3468
108,1244,8,acoust,0.9072,0.2169,0.1968,1.4381,0.4028,0.3397
108,640,9,data,0.3729,0.01,0.0037,1.4381,0.3826,0.2837
108,640,9,fatigu,0.8306,0.0888,0.0738,1.4381,0.3826,0.2837
108,640,9,structur,0.5143,0.11,0.0566,1.4381,0.3826,0.2837
108,640,9,acoust,0.9072,0.0243,0.022,1.4381,0.3826,0.2837
108,909,10,fatigu,0.8306,0.2307,0.1917,1.4381,0.6685,0.2758
108,909,10,structur,0.5143,0.1429,0.0735,1.4381,0.6685,0.2758
109,658,1,aerodynam,0.5142,0.0601,0.0309,1.2607,0.414,0.5136
109,658,1,panel,0.8594,0.276,0.2372,1.2607,0.414,0.5136
109,859,2,aerodynam,0.5142,0.0388,0.02,1.2607,0.4891,0.5021
109,859,2,panel,0.8594,0.3243,0.2787,1.2607,0.4891,0.5021
109,859,2,heat,0.3802,0.0287,0.0109,1.2607,0.4891,0.5021
109,1008,3,aerodynam,0.5142,0.0403,0.0207,1.2607,0.6077,0.4955
109,1008,3,panel,0.8594,0.4044,0.3476,1.2607,0.6077,0.4955
109,1008,3,heat,0.3802,0.0298,0.0113,1.2607,0.6077,0.4955
109,857,4,panel,0.8594,0.3389,0.2913,1.2607,0.4762,0.4851
109,856,5,panel,0.8594,0.3581,0.3077,1.2607,0.5052,0.4832
109,627,6,subject,0.6648,0.0317,0.021,1.2607,0.4239,0.4578
109,627,6,aerodynam,0.5142,0.0245,0.0126,1.2607,0.4239,0.4578
109,627,6,panel,0.8594,0.2455,0.211,1.2607,0.4239,0.4578
109,391,7,subject,0.6648,0.0337,0.0224,1.2607,0.4448,0.4449
109,391,7,aerodynam,0.5142,0.0781,0.0402,1.2607,0.4448,0.4449
109,391,7,panel,0.8594,0.2176,0.187,1.2607,0.4448,0.4449
109,766,8,panel,0.8594,0.2776,0.2385,1.2607,0.4305,0.4395
109,948,9,panel,0.8594,0.2989,0.2569,1.2607,0.4871,0.4183
109,858,10,panel,0.8594,0.2963,0.2547,1.2607,0.4987,0.405
110,862,1,chang,0.2218,0.1525,0.0338,0.8148,0.5405,0.3322
110,862,1,plate,0.1654,0.1137,0.0188,0.8148,0.5405,0.3322
110,862,1,buckl,0.4364,0.15,0.0655,0.8148,0.5405,0.3322
110,862,1,mode,0.2864,0.0984,0.0282,0.8148,0.5405,0.3322
110,642,2,load,0.1769,0.1358,0.024,0.8148,0.5763,0.3033
110,642,2,buckl,0.4364,0.2233,0.0974,0.8148,0.5763,0.3033
110,642,2,mode,0.2864,0.0733,0.021,0.8148,0.5763,0.3033
110,957,3,valu,0.1353,0.0261,0.0035,0.8148,0.495,0.2825
110,957,3,load,0.1769,0.0683,0.0121,0.8148,0.495,0.2825
110,957,3,buckl,0.4364,0.2105,0.0919,0.8148,0.495,0.2825
110,957,3,edg,0.1825,0.0352,0.0064,0.8148,0.495,0.2825
110,1177,4,load,0.1769,0.1255,0.0222,0.8148,0.5331,0.2737
110,1177,4,buckl,0.4364,0.1548,0.0676,0.8148,0.5331,0.2737
110,1177,4,mode,0.2864,0.1016,0.0291,0.8148,0.5331,0.2737
110,888,5,load,0.1769,0.059,0.0104,0.8148,0.4862,0.2667
110,888,5,buckl,0.4364,0.2182,0.0952,0.8148,0.4862,0.2667
110,739,6,load,0.1769,0.0466,0.0082,0.8148,0.3548,0.2591
110,739,6,buckl,0.4364,0.1437,0.0627,0.8148,0.3548,0.2591
110,739,6,increas,0.1729,0.0228,0.0039,0.8148,0.3548,0.2591
110,1013,7,valu,0.1353,0.0198,0.0027,0.8148,0.5284,0.2584
110,1013,7,plate,0.1654,0.0243,0.004,0.8148,0.5284,0.2584
110,1013,7,buckl,0.4364,0.192,0.0838,0.8148,0.5284,0.2584
110,1013,7,critic,0.2661,0.078,0.0208,0.8148,0.5284,0.2584
110,1173,8,load,0.1769,0.0837,0.0148,0.8148,0.3311,0.2553
110,1173,8,buckl,0.4364,0.0774,0.0338,0.8148,0.3311,0.2553
110,1173,8,critic,0.2661,0.0629,0.0167,0.8148,0.3311,0.2553
110,1173,8,increas,0.1729,0.0204,0.0035,0.8148,0.3311,0.2553
110,400,9,plate,0.1654,0.0887,0.0147,0.8148,0.562,0.2552
110,400,9,buckl,0.4364,0.2342,0.1022,0.8148,0.562,0.2552
110,1131,10,valu,0.1353,0.0226,0.0031,0.8148,0.5363,0.2514
110,1131,10,load,0.1769,0.0884,0.0156,0.8148,0.5363,0.2514
110,1131,10,buckl,0.4364,0.1818,0.0793,0.8148,0.5363,0.2514
110,1131,10,critic,0.2661,0.0443,0.0118,0.8148,0.5363,0.2514
111,894,1,panel,0.382,0.1796,0.0686,0.9643,0.3643,0.4937
111,894,1,restraint,0.5739,0.0771,0.0442,0.9643,0.3643,0.4937
111,894,1,flutter,0.3577,0.048,0.0172,0.9643,0.3643,0.4937
111,894,1,elast,0.3153,0.0847,0.0267,0.9643,0.3643,0.4937
111,894,1,edg,0.2231,0.0749,0.0167,0.9643,0.3643,0.4937
111,856,2,effect,0.1059,0.0265,0.0028,0.9643,0.5052,0.4634
111,856,2,panel,0.382,0.3581,0.1368,0.9643,0.5052,0.4634
111,856,2,flutter,0.3577,0.2235,0.0799,0.9643,0.5052,0.4634
111,856,2,edg,0.2231,0.0279,0.0062,0.9643,0.5052,0.4634
111,1008,3,effect,0.1059,0.0187,0.002,0.9643,0.6077,0.4321
111,1008,3,panel,0.382,0.4044,0.1545,0.9643,0.6077,0.4321
111,1008,3,flutter,0.3577,0.2525,0.0903,0.9643,0.6077,0.4321
111,1008,3,consid,0.1919,0.0339,0.0065,0.9643,0.6077,0.4321
111,766,4,effect,0.1059,0.0237,0.0025,0.9643,0.4305,0.4164
111,766,4,panel,0.382,0.2776,0.106,0.9643,0.4305,0.4164
111,766,4,flutter,0.3577,0.1799,0.0644,0.9643,0.4305,0.4164
111,857,5,effect,0.1059,0.0268,0.0028,0.9643,0.4762,0.4146
111,857,5,panel,0.382,0.3389,0.1294,0.9643,0.4762,0.4146
111,857,5,flutter,0.3577,0.136,0.0486,0.9643,0.4762,0.4146
111,857,5,edg,0.2231,0.0424,0.0095,0.9643,0.4762,0.4146
111,1131,6,effect,0.1059,0.0289,0.0031,0.9643,0.5363,0.3989
111,1131,6,restraint,0.5739,0.313,0.1796,0.9643,0.5363,0.3989
111,1131,6,elast,0.3153,0.043,0.0136,0.9643,0.5363,0.3989
111,1131,6,consid,0.1919,0.0523,0.01,0.9643,0.5363,0.3989
111,391,7,panel,0.382,0.2176,0.0831,0.9643,0.4448,0.3976
111,391,7,flutter,0.3577,0.2445,0.0874,0.9643,0.4448,0.3976
111,859,8,effect,0.1059,0.006,0.0006,0.9643,0.4891,0.3868
111,859,8,panel,0.382,0.3243,0.1239,0.9643,0.4891,0.3868
111,859,8,flutter,0.3577,0.162,0.0579,0.9643,0.4891,0.3868
111,627,9,panel,0.382,0.2455,0.0938,0.9643,0.4239,0.3822
111,627,9,flutter,0.3577,0.115,0.0411,0.9643,0.4239,0.3822
111,627,9,elast,0.3153,0.0338,0.0107,0.9643,0.4239,0.3822
111,627,9,edg,0.2231,0.0478,0.0107,0.9643,0.4239,0.3822
111,948,10,panel,0.382,0.2989,0.1142,0.9643,0.4871,0.3709
111,948,10,flutter,0.3577,0.1679,0.0601,0.9643,0.4871,0.3709
112,641,1,solut,0.0882,0.0508,0.0045,0.7042,0.4733,0.601
112,641,1,two,0.0603,0.0231,0.0014,0.7042,0.4733,0.601
112,641,1,classic,0.2522,0.0484,0.0122,0.7042,0.4733,0.601
112,641,1,clamp,0.2722,0.1566,0.0426,0.7042,0.4733,0.601
112,641,1,success,0.2505,0.048,0.012,0.7042,0.4733,0.601
112,641,1,bend,0.215,0.0412,0.0089,0.7042,0.4733,0.601
112,641,1,plate,0.1299,0.0748,0.0097,0.7042,0.4733,0.601
112,641,1,membran,0.353,0.2031,0.0717,0.7042,0.4733,0.601
112,641,1,boundari,0.078,0.015,0.0012,0.7042,0.4733,0.601
112,641,1,problem,0.2095,0.1406,0.0295,0.7042,0.4733,0.601
112,641,1,theori,0.0801,0.0154,0.0012,0.7042,0.4733,0.601
112,641,1,reduc,0.1692,0.0325,0.0055,0.7042,0.4733,0.601
112,730,2,solut,0.0882,0.0094,0.0008,0.7042,0.3766,0.4413
112,730,2,clamp,0.2722,0.1155,0.0314,0.7042,0.3766,0.4413
112,730,2,valu,0.1063,0.0113,0.0012,0.7042,0.3766,0.4413
112,730,2,bend,0.215,0.0456,0.0098,0.7042,0.3766,0.4413
112,730,2,plate,0.1299,0.0965,0.0125,0.7042,0.3766,0.4413
112,730,2,membran,0.353,0.1123,0.0396,0.7042,0.3766,0.4413
112,730,2,boundari,0.078,0.0083,0.0006,0.7042,0.3766,0.4413
112,730,2,problem,0.2095,0.1,0.0209,0.7042,0.3766,0.4413
112,1045,3,bend,0.215,0.2007,0.0431,0.7042,0.6297,0.3731
112,1045,3,membran,0.353,0.3294,0.1163,0.7042,0.6297,0.3731
112,1045,3,theori,0.0801,0.0748,0.006,0.7042,0.6297,0.3731
112,955,4,bend,0.215,0.1204,0.0259,0.7042,0.641,0.3665
112,955,4,membran,0.353,0.3953,0.1395,0.7042,0.641,0.3665
112,735,5,solut,0.0882,0.0399,0.0035,0.7042,0.7732,0.3125
112,735,5,two,0.0603,0.0272,0.0016,0.7042,0.7732,0.3125
112,735,5,clamp,0.2722,0.3687,0.1004,0.7042,0.7732,0.3125
112,735,5,bend,0.215,0.1942,0.0418,0.7042,0.7732,0.3125
112,735,5,plate,0.1299,0.1761,0.0229,0.7042,0.7732,0.3125
112,840,6,solut,0.0882,0.0484,0.0043,0.7042,0.862,0.3045
112,840,6,membran,0.353,0.4845,0.171,0.7042,0.862,0.3045
112,840,6,problem,0.2095,0.0288,0.006,0.7042,0.862,0.3045
112,840,6,theori,0.0801,0.044,0.0035,0.7042,0.862,0.3045
112,733,7,clamp,0.2722,0.1099,0.0299,0.7042,0.3922,0.3018
112,733,7,bend,0.215,0.1158,0.0249,0.7042,0.3922,0.3018
112,733,7,plate,0.1299,0.1225,0.0159,0.7042,0.3922,0.3018
112,733,7,boundari,0.078,0.0105,0.0008,0.7042,0.3922,0.3018
112,733,7,problem,0.2095,0.0564,0.0118,0.7042,0.3922,0.3018
112,736,8,solut,0.0882,0.0756,0.0067,0.7042,0.4592,0.2672
112,736,8,clamp,0.2722,0.0778,0.0212,0.7042,0.4592,0.2672
112,736,8,bend,0.215,0.1229,0.0264,0.7042,0.4592,0.2672
112,736,8,plate,0.1299,0.1856,0.0241,0.7042,0.4592,0.2672
112,736,8,boundari,0.078,0.0223,0.0017,0.7042,0.4592,0.2672
112,736,8,problem,0.2095,0.0299,0.0063,0.7042,0.4592,0.2672
112,854,9,valu,0.1063,0.0572,0.0061,0.7042,0.5254,0.2479
112,854,9,membran,0.353,0.1901,0.0671,0.7042,0.5254,0.2479
112,854,9,boundari,0.078,0.042,0.0033,0.7042,0.5254,0.2479
112,854,9,problem,0.2095,0.0564,0.0118,0.7042,0.5254,0.2479
112,854,9,theori,0.0801,0.0431,0.0035,0.7042,0.5254,0.2479
112,734,10,solut,0.0882,0.0353,0.0031,0.7042,0.3717,0.2255
112,734,10,two,0.0603,0.008,0.0005,0.7042,0.3717,0.2255
112,734,10,clamp,0.2722,0.0726,0.0198,0.7042,0.3717,0.2255
112,734,10,valu,0.1063,0.0284,0.003,0.7042,0.3717,0.2255
112,734,10,success,0.2505,0.0334,0.0084,0.7042,0.3717,0.2255
112,734,10,bend,0.215,0.0287,0.0062,0.7042,0.3717,0.2255
112,734,10,plate,0.1299,0.0347,0.0045,0.7042,0.3717,0.2255
112,734,10,boundari,0.078,0.0624,0.0049,0.7042,0.3717,0.2255
112,734,10,problem,0.2095,0.0419,0.0088,0.7042,0.3717,0.2255
113,716,1,aerodynam,0.2057,0.0411,0.0085,0.7731,0.642,0.3013
113,716,1,oscillatori,0.42,0.336,0.1411,0.7731,0.642,0.3013
113,1272,2,aerodynam,0.2057,0.0674,0.0139,0.7731,0.4152,0.235
113,1272,2,mach,0.1283,0.021,0.0027,0.7731,0.4152,0.235
113,1272,2,oscillatori,0.42,0.1377,0.0578,0.7731,0.4152,0.235
113,1272,2,number,0.0794,0.013,0.001,0.7731,0.4152,0.235
113,594,3,oscillatori,0.42,0.2333,0.098,0.7731,0.5645,0.2245
113,638,4,control,0.3133,0.1729,0.0542,0.7731,0.4451,0.2189
113,638,4,aerodynam,0.2057,0.0426,0.0088,0.7731,0.4451,0.2189
113,638,4,transon,0.3101,0.0214,0.0066,0.7731,0.4451,0.2189
113,638,4,surfac,0.1445,0.0399,0.0058,0.7731,0.4451,0.2189
113,801,5,aerodynam,0.2057,0.0332,0.0068,0.7731,0.3545,0.2145
113,801,5,forc,0.2114,0.0171,0.0036,0.7731,0.3545,0.2145
113,801,5,transon,0.3101,0.1501,0.0465,0.7731,0.3545,0.2145
113,801,5,mach,0.1283,0.0103,0.0013,0.7731,0.3545,0.2145
113,801,5,number,0.0794,0.0064,0.0005,0.7731,0.3545,0.2145
113,265,6,control,0.3133,0.1333,0.0418,0.7731,0.5338,0.2137
113,265,6,surfac,0.1445,0.0615,0.0089,0.7731,0.5338,0.2137
113,265,6,oscillatori,0.42,0.0894,0.0375,0.7731,0.5338,0.2137
113,503,7,transon,0.3101,0.2034,0.0631,0.7731,0.4079,0.2118
113,503,7,mach,0.1283,0.021,0.0027,0.7731,0.4079,0.2118
113,503,7,number,0.0794,0.013,0.001,0.7731,0.4079,0.2118
113,368,8,control,0.3133,0.2474,0.0775,0.7731,0.5019,0.1997
113,467,9,data,0.1864,0.0162,0.003,0.7731,0.304,0.1904
113,467,9,exist,0.2482,0.0432,0.0107,0.7731,0.304,0.1904
113,467,9,transon,0.3101,0.0809,0.0251,0.7731,0.304,0.1904
113,467,9,mach,0.1283,0.0335,0.0043,0.7731,0.304,0.1904
113,467,9,number,0.0794,0.0207,0.0016,0.7731,0.304,0.1904
113,815,10,aerodynam,0.2057,0.0406,0.0083,0.7731,0.3571,0.1833
113,815,10,transon,0.3101,0.0408,0.0127,0.7731,0.3571,0.1833
113,815,10,mach,0.1283,0.0338,0.0043,0.7731,0.3571,0.1833
113,815,10,oscillatori,0.42,0.0553,0.0232,0.7731,0.3571,0.1833
113,815,10,number,0.0794,0.0261,0.0021,0.7731,0.3571,0.1833
114,895,1,oscil,0.1516,0.2123,0.0322,0.9387,0.6228,0.5211
114,895,1,rectangular,0.1541,0.1079,0.0166,0.9387,0.6228,0.5211
114,895,1,flow,0.031,0.0217,0.0007,0.9387,0.6228,0.5211
114,895,1,airforc,0.6899,0.3622,0.2499,0.9387,0.6228,0.5211
114,895,1,wing,0.0868,0.0608,0.0053,0.9387,0.6228,0.5211
114,712,2,planform,0.3913,0.149,0.0583,0.9387,0.3586,0.2279
114,712,2,determin,0.147,0.008,0.0012,0.9387,0.3586,0.2279
114,712,2,possibl,0.1051,0.0229,0.0024,0.9387,0.3586,0.2279
114,712,2,rectangular,0.1541,0.0335,0.0052,0.9387,0.3586,0.2279
114,712,2,one,0.0435,0.0047,0.0002,0.9387,0.3586,0.2279
114,712,2,wing,0.0868,0.0945,0.0082,0.9387,0.3586,0.2279
114,712,2,method,0.107,0.0058,0.0006,0.9387,0.3586,0.2279
114,712,2,general,0.0746,0.0081,0.0006,0.9387,0.3586,0.2279
114,919,3,oscil,0.1516,0.0975,0.0148,0.9387,0.3773,0.1449
114,919,3,rectangular,0.1541,0.0661,0.0102,0.9387,0.3773,0.1449
114,919,3,transon,0.1477,0.0316,0.0047,0.9387,0.3773,0.1449
114,919,3,flow,0.031,0.0133,0.0004,0.9387,0.3773,0.1449
114,919,3,wing,0.0868,0.1303,0.0113,0.9387,0.3773,0.1449
114,919,3,like,0.2023,0.0434,0.0088,0.9387,0.3773,0.1449
114,919,3,general,0.0746,0.016,0.0012,0.9387,0.3773,0.1449
114,1290,4,planform,0.3913,0.0934,0.0365,0.9387,0.4408,0.1411
114,1290,4,transon,0.1477,0.1175,0.0173,0.9387,0.4408,0.1411
114,1290,4,wing,0.0868,0.0414,0.0036,0.9387,0.4408,0.1411
114,1290,4,method,0.107,0.0085,0.0009,0.9387,0.4408,0.1411
114,685,5,planform,0.3913,0.0794,0.0311,0.9387,0.3112,0.1357
114,685,5,singl,0.1484,0.0301,0.0045,0.9387,0.3112,0.1357
114,685,5,transon,0.1477,0.015,0.0022,0.9387,0.3112,0.1357
114,685,5,one,0.0435,0.0044,0.0002,0.9387,0.3112,0.1357
114,685,5,method,0.107,0.0054,0.0006,0.9387,0.3112,0.1357
114,685,5,general,0.0746,0.0151,0.0011,0.9387,0.3112,0.1357
114,1289,6,planform,0.3913,0.0822,0.0322,0.9387,0.3439,0.1307
114,1289,6,flow,0.031,0.0087,0.0003,0.9387,0.3439,0.1307
114,1289,6,one,0.0435,0.0061,0.0003,0.9387,0.3439,0.1307
114,1289,6,wing,0.0868,0.0729,0.0063,0.9387,0.3439,0.1307
114,1289,6,method,0.107,0.0225,0.0024,0.9387,0.3439,0.1307
114,1289,6,general,0.0746,0.0104,0.0008,0.9387,0.3439,0.1307
114,918,7,oscil,0.1516,0.1027,0.0156,0.9387,0.4261,0.1307
114,918,7,singl,0.1484,0.0503,0.0075,0.9387,0.4261,0.1307
114,918,7,rectangular,0.1541,0.1044,0.0161,0.9387,0.4261,0.1307
114,918,7,transon,0.1477,0.05,0.0074,0.9387,0.4261,0.1307
114,918,7,flow,0.031,0.021,0.0007,0.9387,0.4261,0.1307
114,918,7,wing,0.0868,0.0588,0.0051,0.9387,0.4261,0.1307
114,632,8,planform,0.3913,0.0839,0.0328,0.9387,0.4101,0.1275
114,632,8,particular,0.1117,0.0479,0.0054,0.9387,0.4101,0.1275
114,632,8,flow,0.031,0.0133,0.0004,0.9387,0.4101,0.1275
114,632,8,one,0.0435,0.0187,0.0008,0.9387,0.4101,0.1275
114,632,8,wing,0.0868,0.1117,0.0097,0.9387,0.4101,0.1275
114,676,9,planform,0.3913,0.0934,0.0365,0.9387,0.4673,0.1265
114,676,9,wing,0.0868,0.1243,0.0108,0.9387,0.4673,0.1265
114,676,9,method,0.107,0.0511,0.0055,0.9387,0.4673,0.1265
114,676,9,general,0.0746,0.0356,0.0027,0.9387,0.4673,0.1265
114,917,10,oscil,0.1516,0.0565,0.0086,0.9387,0.2803,0.122
114,917,10,planform,0.3913,0.0243,0.0095,0.9387,0.2803,0.122
114,917,10,transon,0.1477,0.0367,0.0054,0.9387,0.2803,0.122
114,917,10,flow,0.031,0.0116,0.0004,0.9387,0.2803,0.122
114,917,10,one,0.0435,0.0216,0.0009,0.9387,0.2803,0.122
114,917,10,wing,0.0868,0.0432,0.0037,0.9387,0.2803,0.122
114,917,10,method,0.107,0.0266,0.0028,0.9387,0.2803,0.122
114,917,10,general,0.0746,0.0093,0.0007,0.9387,0.2803,0.122
115,746,1,aeroelast,0.3628,0.1765,0.064,0.9687,0.4325,0.1871
115,746,1,effect,0.0794,0.0257,0.002,0.9687,0.4325,0.1871
115,746,1,heat,0.1267,0.0205,0.0026,0.9687,0.4325,0.1871
115,746,1,problem,0.1222,0.0793,0.0097,0.9687,0.4325,0.1871
115,422,2,problem,0.1222,0.0638,0.0078,0.9687,0.3952,0.1859
115,422,2,intract,0.6037,0.105,0.0634,0.9687,0.3952,0.1859
115,184,3,aeroelast,0.3628,0.1574,0.0571,0.9687,0.4387,0.1813
115,184,3,effect,0.0794,0.0115,0.0009,0.9687,0.4387,0.1813
115,184,3,investig,0.2259,0.0163,0.0037,0.9687,0.4387,0.1813
115,184,3,flow,0.0543,0.0078,0.0004,0.9687,0.4387,0.1813
115,184,3,similar,0.1856,0.0805,0.0149,0.9687,0.4387,0.1813
115,540,4,investig,0.2259,0.0236,0.0053,0.9687,0.2768,0.1148
115,540,4,flow,0.0543,0.0283,0.0015,0.9687,0.2768,0.1148
115,540,4,previous,0.2159,0.0225,0.0049,0.9687,0.2768,0.1148
115,540,4,problem,0.1222,0.0383,0.0047,0.9687,0.2768,0.1148
115,540,4,similar,0.1856,0.0775,0.0144,0.9687,0.2768,0.1148
115,12,5,aeroelast,0.3628,0.1193,0.0433,0.9687,0.4741,0.1053
115,12,5,heat,0.1267,0.0208,0.0026,0.9687,0.4741,0.1053
115,12,5,problem,0.1222,0.0201,0.0025,0.9687,0.4741,0.1053
115,875,6,aeroelast,0.3628,0.1675,0.0608,0.9687,0.7694,0.1012
115,875,6,effect,0.0794,0.0366,0.0029,0.9687,0.7694,0.1012
115,875,6,investig,0.2259,0.0521,0.0118,0.9687,0.7694,0.1012
115,14,7,aeroelast,0.3628,0.0586,0.0213,0.9687,0.272,0.1012
115,14,7,effect,0.0794,0.0043,0.0003,0.9687,0.272,0.1012
115,14,7,repres,0.2225,0.012,0.0027,0.9687,0.272,0.1012
115,14,7,problem,0.1222,0.0197,0.0024,0.9687,0.272,0.1012
115,435,8,effect,0.0794,0.0082,0.0007,0.9687,0.2809,0.0945
115,435,8,flow,0.0543,0.0112,0.0006,0.9687,0.2809,0.0945
115,435,8,heat,0.1267,0.0524,0.0066,0.9687,0.2809,0.0945
115,435,8,similar,0.1856,0.096,0.0178,0.9687,0.2809,0.0945
115,284,9,aeroelast,0.3628,0.0764,0.0277,0.9687,0.4665,0.0871
115,284,9,investig,0.2259,0.0238,0.0054,0.9687,0.4665,0.0871
115,284,9,problem,0.1222,0.0515,0.0063,0.9687,0.4665,0.0871
115,527,10,investig,0.2259,0.0437,0.0099,0.9687,0.3534,0.0855
115,527,10,flow,0.0543,0.0315,0.0017,0.9687,0.3534,0.0855
115,527,10,previous,0.2159,0.0418,0.009,0.9687,0.3534,0.0855
115,527,10,problem,0.1222,0.071,0.0087,0.9687,0.3534,0.0855
116,48,1,distribut,0.1506,0.0205,0.0031,0.9253,0.4235,0.3586
116,48,1,magnitud,0.3282,0.0448,0.0147,0.9253,0.4235,0.3586
116,48,1,cone,0.5478,0.2241,0.1228,0.9253,0.4235,0.3586
116,225,2,distribut,0.1506,0.0114,0.0017,0.9253,0.3163,0.357
116,225,2,lift,0.2417,0.0731,0.0177,0.9253,0.3163,0.357
116,225,2,cone,0.5478,0.1554,0.0851,0.9253,0.3163,0.357
116,605,3,configur,0.3166,0.0588,0.0186,0.9253,0.4184,0.3016
116,605,3,cylind,0.2292,0.0638,0.0146,0.9253,0.4184,0.3016
116,605,3,cone,0.5478,0.1525,0.0835,0.9253,0.4184,0.3016
116,1303,4,distribut,0.1506,0.0122,0.0018,0.9253,0.3584,0.2991
116,1303,4,cone,0.5478,0.1777,0.0973,0.9253,0.3584,0.2991
116,1038,5,distribut,0.1506,0.0238,0.0036,0.9253,0.5034,0.2929
116,1038,5,cylind,0.2292,0.1086,0.0249,0.9253,0.5034,0.2929
116,1038,5,cone,0.5478,0.0865,0.0474,0.9253,0.5034,0.2929
116,1038,5,portion,0.3577,0.1694,0.0606,0.9253,0.5034,0.2929
116,384,6,cylind,0.2292,0.119,0.0273,0.9253,0.684,0.2642
116,384,6,lift,0.2417,0.0418,0.0101,0.9253,0.684,0.2642
116,384,6,cone,0.5478,0.237,0.1298,0.9253,0.684,0.2642
116,1378,7,distribut,0.1506,0.043,0.0065,0.9253,0.3827,0.2604
116,1378,7,cone,0.5478,0.1565,0.0857,0.9253,0.3827,0.2604
116,1106,8,cylindr,0.2943,0.0609,0.0179,0.9253,0.3365,0.2532
116,1106,8,distribut,0.1506,0.0156,0.0023,0.9253,0.3365,0.2532
116,1106,8,cylind,0.2292,0.0237,0.0054,0.9253,0.3365,0.2532
116,1106,8,magnitud,0.3282,0.034,0.0111,0.9253,0.3365,0.2532
116,1106,8,cone,0.5478,0.0283,0.0155,0.9253,0.3365,0.2532
116,1106,8,portion,0.3577,0.074,0.0265,0.9253,0.3365,0.2532
116,522,9,configur,0.3166,0.0127,0.004,0.9253,0.3257,0.2468
116,522,9,cylindr,0.2943,0.0473,0.0139,0.9253,0.3257,0.2468
116,522,9,cylind,0.2292,0.0552,0.0127,0.9253,0.3257,0.2468
116,522,9,cone,0.5478,0.033,0.0181,0.9253,0.3257,0.2468
116,522,9,portion,0.3577,0.0718,0.0257,0.9253,0.3257,0.2468
116,423,10,distribut,0.1506,0.0271,0.0041,0.9253,0.321,0.2377
116,423,10,cone,0.5478,0.1109,0.0608,0.9253,0.321,0.2377
116,423,10,portion,0.3577,0.0161,0.0058,0.9253,0.321,0.2377
117,229,1,incid,0.2879,0.0495,0.0142,0.9811,0.4782,0.3183
117,229,1,bodi,0.1422,0.0489,0.0069,0.9811,0.4782,0.3183
117,229,1,tail,0.3735,0.321,0.1199,0.9811,0.4782,0.3183
117,229,1,forc,0.1922,0.0165,0.0032,0.9811,0.4782,0.3183
117,229,1,angl,0.1716,0.0295,0.0051,0.9811,0.4782,0.3183
117,230,2,normal,0.2168,0.0195,0.0042,0.9811,0.4618,0.2824
117,230,2,incid,0.2879,0.0519,0.0149,0.9811,0.4618,0.2824
117,230,2,bodi,0.1422,0.0385,0.0055,0.9811,0.4618,0.2824
117,230,2,tail,0.3735,0.2694,0.1006,0.9811,0.4618,0.2824
117,230,2,angl,0.1716,0.0155,0.0027,0.9811,0.4618,0.2824
117,242,3,tail,0.3735,0.1002,0.0374,0.9811,0.4458,0.2771
117,242,3,boat,0.5587,0.1499,0.0837,0.9811,0.4458,0.2771
117,782,4,inform,0.3145,0.0251,0.0079,0.9811,0.4749,0.2672
117,782,4,various,0.1961,0.0156,0.0031,0.9811,0.4749,0.2672
117,782,4,tail,0.3735,0.2977,0.1112,0.9811,0.4749,0.2672
117,782,4,angl,0.1716,0.0137,0.0023,0.9811,0.4749,0.2672
117,60,5,various,0.1961,0.0245,0.0048,0.9811,0.4178,0.2651
117,60,5,tail,0.3735,0.2335,0.0872,0.9811,0.4178,0.2651
117,60,5,forc,0.1922,0.0481,0.0092,0.9811,0.4178,0.2651
117,60,5,addit,0.2436,0.0305,0.0074,0.9811,0.4178,0.2651
117,282,6,tail,0.3735,0.078,0.0291,0.9811,0.3358,0.2578
117,282,6,addit,0.2436,0.017,0.0041,0.9811,0.3358,0.2578
117,282,6,boat,0.5587,0.0778,0.0435,0.9811,0.3358,0.2578
117,282,6,angl,0.1716,0.0478,0.0082,0.9811,0.3358,0.2578
117,924,7,incid,0.2879,0.0251,0.0072,0.9811,0.4135,0.2561
117,924,7,bodi,0.1422,0.0621,0.0088,0.9811,0.4135,0.2561
117,924,7,tail,0.3735,0.2283,0.0853,0.9811,0.4135,0.2561
117,924,7,angl,0.1716,0.015,0.0026,0.9811,0.4135,0.2561
117,1285,8,incid,0.2879,0.1583,0.0456,0.9811,0.4504,0.1637
117,1285,8,various,0.1961,0.0539,0.0106,0.9811,0.4504,0.1637
117,1285,8,angl,0.1716,0.0944,0.0162,0.9811,0.4504,0.1637
117,1304,9,normal,0.2168,0.0284,0.0062,0.9811,0.3658,0.1617
117,1304,9,incid,0.2879,0.0754,0.0217,0.9811,0.3658,0.1617
117,1304,9,bodi,0.1422,0.0559,0.0079,0.9811,0.3658,0.1617
117,1304,9,forc,0.1922,0.0755,0.0145,0.9811,0.3658,0.1617
117,1304,9,angl,0.1716,0.0449,0.0077,0.9811,0.3658,0.1617
117,196,10,incid,0.2879,0.1033,0.0297,0.9811,0.3977,0.1524
117,196,10,bodi,0.1422,0.085,0.0121,0.9811,0.3977,0.1524
117,196,10,addit,0.2436,0.0291,0.0071,0.9811,0.3977,0.1524
117,196,10,angl,0.1716,0.0616,0.0106,0.9811,0.3977,0.1524
118,246,1,fin,0.9693,0.5592,0.542,1.2078,0.6861,0.6834
118,246,1,lift,0.4351,0.0558,0.0243,1.2078,0.6861,0.6834
118,545,2,fin,0.9693,0.2507,0.243,1.2078,0.5515,0.3647
118,520,3,effect,0.0953,0.0423,0.004,1.2078,0.5788,0.2891
118,520,3,interfer,0.3416,0.1518,0.0518,1.2078,0.5788,0.2891
118,520,3,fin,0.9693,0.1436,0.1392,1.2078,0.5788,0.2891
118,520,3,lift,0.4351,0.0161,0.007,1.2078,0.5788,0.2891
118,803,4,effect,0.0953,0.0138,0.0013,1.2078,0.4526,0.2684
118,803,4,bodi,0.3128,0.1587,0.0496,1.2078,0.4526,0.2684
118,803,4,interfer,0.3416,0.0495,0.0169,1.2078,0.4526,0.2684
118,803,4,combin,0.2535,0.2571,0.0652,1.2078,0.4526,0.2684
118,803,4,lift,0.4351,0.0315,0.0137,1.2078,0.4526,0.2684
118,923,5,effect,0.0953,0.0307,0.0029,1.2078,0.3914,0.256
118,923,5,bodi,0.3128,0.1009,0.0316,1.2078,0.3914,0.256
118,923,5,interfer,0.3416,0.0735,0.0251,1.2078,0.3914,0.256
118,923,5,combin,0.2535,0.0818,0.0207,1.2078,0.3914,0.256
118,923,5,lift,0.4351,0.0936,0.0407,1.2078,0.3914,0.256
118,1062,6,effect,0.0953,0.0147,0.0014,1.2078,0.3662,0.2483
118,1062,6,bodi,0.3128,0.0962,0.0301,1.2078,0.3662,0.2483
118,1062,6,interfer,0.3416,0.1576,0.0538,1.2078,0.3662,0.2483
118,1062,6,combin,0.2535,0.039,0.0099,1.2078,0.3662,0.2483
118,1062,6,lift,0.4351,0.0335,0.0146,1.2078,0.3662,0.2483
118,1239,7,effect,0.0953,0.004,0.0004,1.2078,0.2761,0.2364
118,1239,7,bodi,0.3128,0.1254,0.0392,1.2078,0.2761,0.2364
118,1239,7,interfer,0.3416,0.0288,0.0098,1.2078,0.2761,0.2364
118,1239,7,combin,0.2535,0.0214,0.0054,1.2078,0.2761,0.2364
118,1239,7,lift,0.4351,0.0551,0.024,1.2078,0.2761,0.2364
118,1074,8,effect,0.0953,0.0097,0.0009,1.2078,0.3118,0.2282
118,1074,8,bodi,0.3128,0.0638,0.02,1.2078,0.3118,0.2282
118,1074,8,interfer,0.3416,0.1046,0.0357,1.2078,0.3118,0.2282
118,1074,8,combin,0.2535,0.0776,0.0197,1.2078,0.3118,0.2282
118,1074,8,lift,0.4351,0.0222,0.0097,1.2078,0.3118,0.2282
118,1075,9,effect,0.0953,0.0151,0.0014,1.2078,0.3622,0.2112
118,1075,9,bodi,0.3128,0.0621,0.0194,1.2078,0.3622,0.2112
118,1075,9,interfer,0.3416,0.1355,0.0463,1.2078,0.3622,0.2112
118,1075,9,combin,0.2535,0.0402,0.0102,1.2078,0.3622,0.2112
118,1075,9,lift,0.4351,0.0345,0.015,1.2078,0.3622,0.2112
118,600,10,effect,0.0953,0.0363,0.0035,1.2078,0.3717,0.207
118,600,10,fin,0.9693,0.0923,0.0895,1.2078,0.3717,0.207
119,926,1,deflect,0.3704,0.1042,0.0386,0.7767,0.4101,0.3447
119,926,1,circular,0.154,0.0577,0.0089,0.7767,0.4101,0.3447
119,926,1,load,0.1297,0.1459,0.0189,0.7767,0.4101,0.3447
119,926,1,pressur,0.062,0.0233,0.0014,0.7767,0.4101,0.3447
119,926,1,initi,0.1702,0.0319,0.0054,0.7767,0.4101,0.3447
119,926,1,hydrostat,0.312,0.117,0.0365,0.7767,0.4101,0.3447
119,1024,2,larg,0.1262,0.0511,0.0065,0.7767,0.4702,0.2647
119,1024,2,deflect,0.3704,0.1752,0.0649,0.7767,0.4702,0.2647
119,1024,2,linear,0.1434,0.0194,0.0028,0.7767,0.4702,0.2647
119,1024,2,load,0.1297,0.0701,0.0091,0.7767,0.4702,0.2647
119,1024,2,deviat,0.2657,0.0359,0.0095,0.7767,0.4702,0.2647
119,1024,2,initi,0.1702,0.023,0.0039,0.7767,0.4702,0.2647
119,928,3,effect,0.0635,0.0041,0.0003,0.7767,0.2736,0.2535
119,928,3,larg,0.1262,0.0242,0.003,0.7767,0.2736,0.2535
119,928,3,deflect,0.3704,0.0591,0.0219,0.7767,0.2736,0.2535
119,928,3,load,0.1297,0.0083,0.0011,0.7767,0.2736,0.2535
119,928,3,deviat,0.2657,0.0509,0.0135,0.7767,0.2736,0.2535
119,928,3,initi,0.1702,0.0543,0.0092,0.7767,0.2736,0.2535
119,928,3,cylind,0.1375,0.0351,0.0048,0.7767,0.2736,0.2535
119,1055,4,non,0.2067,0.1292,0.0267,0.7767,0.3886,0.2254
119,1055,4,deflect,0.3704,0.0386,0.0143,0.7767,0.3886,0.2254
119,1055,4,linear,0.1434,0.0896,0.0128,0.7767,0.3886,0.2254
119,1055,4,circular,0.154,0.0642,0.0099,0.7767,0.3886,0.2254
119,1055,4,load,0.1297,0.027,0.0035,0.7767,0.3886,0.2254
119,1055,4,pressur,0.062,0.0129,0.0008,0.7767,0.3886,0.2254
119,1361,5,effect,0.0635,0.0209,0.0013,0.7767,0.4229,0.2251
119,1361,5,larg,0.1262,0.0832,0.0105,0.7767,0.4229,0.2251
119,1361,5,deflect,0.3704,0.1527,0.0565,0.7767,0.4229,0.2251
119,1361,5,load,0.1297,0.0428,0.0055,0.7767,0.4229,0.2251
119,1331,6,effect,0.0635,0.0164,0.001,0.7767,0.5021,0.2234
119,1331,6,larg,0.1262,0.0326,0.0041,0.7767,0.5021,0.2234
119,1331,6,respons,0.2739,0.2834,0.0776,0.7767,0.5021,0.2234
119,1331,6,load,0.1297,0.0336,0.0044,0.7767,0.5021,0.2234
119,781,7,effect,0.0635,0.0074,0.0005,0.7767,0.358,0.2071
119,781,7,respons,0.2739,0.1911,0.0523,0.7767,0.358,0.2071
119,781,7,linear,0.1434,0.0167,0.0024,0.7767,0.358,0.2071
119,781,7,load,0.1297,0.0151,0.002,0.7767,0.358,0.2071
119,781,7,pressur,0.062,0.0072,0.0004,0.7767,0.358,0.2071
119,938,8,load,0.1297,0.0512,0.0066,0.7767,0.5514,0.202
119,938,8,pressur,0.062,0.049,0.003,0.7767,0.5514,0.202
119,938,8,hydrostat,0.312,0.2463,0.0768,0.7767,0.5514,0.202
119,1116,9,circular,0.154,0.0513,0.0079,0.7767,0.4796,0.1979
119,1116,9,load,0.1297,0.0432,0.0056,0.7767,0.4796,0.1979
119,1116,9,pressur,0.062,0.0414,0.0026,0.7767,0.4796,0.1979
119,1116,9,cylind,0.1375,0.1833,0.0252,0.7767,0.4796,0.1979
119,1116,9,hydrostat,0.312,0.104,0.0324,0.7767,0.4796,0.1979
119,533,10,deflect,0.3704,0.1111,0.0412,0.7767,0.6165,0.1968
119,533,10,circular,0.154,0.0924,0.0142,0.7767,0.6165,0.1968
119,533,10,load,0.1297,0.0778,0.0101,0.7767,0.6165,0.1968
119,533,10,initi,0.1702,0.1021,0.0174,0.7767,0.6165,0.1968
119,533,10,cylind,0.1375,0.0825,0.0113,0.7767,0.6165,0.1968
120,769,1,thermal,0.1614,0.0508,0.0082,0.7675,0.5308,0.4202
120,769,1,circumferenti,0.2345,0.1476,0.0346,0.7675,0.5308,0.4202
120,769,1,assum,0.1283,0.0404,0.0052,0.7675,0.5308,0.4202
120,769,1,circular,0.1359,0.0855,0.0116,0.7675,0.5308,0.4202
120,769,1,buckl,0.2824,0.1778,0.0502,0.7675,0.5308,0.4202
120,769,1,cylindr,0.1558,0.0981,0.0153,0.7675,0.5308,0.4202
120,769,1,mode,0.1853,0.0583,0.0108,0.7675,0.5308,0.4202
120,769,1,due,0.1342,0.0422,0.0057,0.7675,0.5308,0.4202
120,769,1,shell,0.1518,0.0956,0.0145,0.7675,0.5308,0.4202
120,769,1,analys,0.2187,0.0688,0.0151,0.7675,0.5308,0.4202
120,887,2,thermal,0.1614,0.1307,0.0211,0.7675,0.4786,0.4018
120,887,2,circumferenti,0.2345,0.0633,0.0148,0.7675,0.4786,0.4018
120,887,2,circular,0.1359,0.0367,0.005,0.7675,0.4786,0.4018
120,887,2,buckl,0.2824,0.1524,0.043,0.7675,0.4786,0.4018
120,887,2,cylindr,0.1558,0.0841,0.0131,0.7675,0.4786,0.4018
120,887,2,due,0.1342,0.1448,0.0194,0.7675,0.4786,0.4018
120,887,2,shell,0.1518,0.2048,0.0311,0.7675,0.4786,0.4018
120,1146,3,thermal,0.1614,0.2196,0.0354,0.7675,0.5813,0.3122
120,1146,3,circumferenti,0.2345,0.1594,0.0374,0.7675,0.5813,0.3122
120,1146,3,buckl,0.2824,0.192,0.0542,0.7675,0.5813,0.3122
120,1146,3,due,0.1342,0.0913,0.0122,0.7675,0.5813,0.3122
120,890,4,thermal,0.1614,0.0376,0.0061,0.7675,0.5463,0.2889
120,890,4,circumferenti,0.2345,0.1638,0.0384,0.7675,0.5463,0.2889
120,890,4,assum,0.1283,0.0299,0.0038,0.7675,0.5463,0.2889
120,890,4,buckl,0.2824,0.0658,0.0186,0.7675,0.5463,0.2889
120,890,4,cylindr,0.1558,0.0726,0.0113,0.7675,0.5463,0.2889
120,890,4,shell,0.1518,0.2828,0.0429,0.7675,0.5463,0.2889
120,739,5,buckl,0.2824,0.1437,0.0406,0.7675,0.3548,0.2798
120,739,5,cylindr,0.1558,0.0476,0.0074,0.7675,0.3548,0.2798
120,739,5,previous,0.1524,0.031,0.0047,0.7675,0.3548,0.2798
120,739,5,shell,0.1518,0.1545,0.0235,0.7675,0.3548,0.2798
120,741,6,circumferenti,0.2345,0.0767,0.018,0.7675,0.4923,0.2675
120,741,6,buckl,0.2824,0.1846,0.0521,0.7675,0.4923,0.2675
120,741,6,cylindr,0.1558,0.1019,0.0159,0.7675,0.4923,0.2675
120,741,6,shell,0.1518,0.0993,0.0151,0.7675,0.4923,0.2675
120,897,7,circular,0.1359,0.077,0.0105,0.7675,0.4746,0.2632
120,897,7,buckl,0.2824,0.16,0.0452,0.7675,0.4746,0.2632
120,897,7,cylindr,0.1558,0.1325,0.0206,0.7675,0.4746,0.2632
120,897,7,shell,0.1518,0.129,0.0196,0.7675,0.4746,0.2632
120,885,8,thermal,0.1614,0.168,0.0271,0.7675,0.5761,0.2607
120,885,8,buckl,0.2824,0.1959,0.0553,0.7675,0.5761,0.2607
120,885,8,cylindr,0.1558,0.1081,0.0168,0.7675,0.5761,0.2607
120,885,8,shell,0.1518,0.1053,0.016,0.7675,0.5761,0.2607
120,888,9,involv,0.1547,0.0398,0.0062,0.7675,0.4862,0.25
120,888,9,thermal,0.1614,0.0416,0.0067,0.7675,0.4862,0.25
120,888,9,circumferenti,0.2345,0.0604,0.0142,0.7675,0.4862,0.25
120,888,9,buckl,0.2824,0.2182,0.0616,0.7675,0.4862,0.25
120,888,9,due,0.1342,0.0346,0.0046,0.7675,0.4862,0.25
120,886,10,thermal,0.1614,0.1339,0.0216,0.7675,0.6479,0.24
120,886,10,assum,0.1283,0.0532,0.0068,0.7675,0.6479,0.24
120,886,10,buckl,0.2824,0.1171,0.0331,0.7675,0.6479,0.24
120,886,10,cylindr,0.1558,0.0646,0.0101,0.7675,0.6479,0.24
120,886,10,shell,0.1518,0.3147,0.0478,0.7675,0.6479,0.24
121,1146,1,thermal,0.2744,0.2196,0.0603,0.9676,0.5813,0.421
121,1146,1,circumferenti,0.3986,0.1594,0.0636,0.9676,0.5813,0.421
121,1146,1,buckl,0.48,0.192,0.0922,0.9676,0.5813,0.421
121,1146,1,due,0.2281,0.0913,0.0208,0.9676,0.5813,0.421
121,887,2,thermal,0.2744,0.1307,0.0359,0.9676,0.4786,0.3612
121,887,2,circumferenti,0.3986,0.0633,0.0252,0.9676,0.4786,0.3612
121,887,2,buckl,0.48,0.1524,0.0731,0.9676,0.4786,0.3612
121,887,2,due,0.2281,0.1448,0.033,0.9676,0.4786,0.3612
121,769,3,thermal,0.2744,0.0508,0.0139,0.9676,0.5308,0.3403
121,769,3,circumferenti,0.3986,0.1476,0.0588,0.9676,0.5308,0.3403
121,769,3,load,0.1946,0.036,0.007,0.9676,0.5308,0.3403
121,769,3,buckl,0.48,0.1778,0.0853,0.9676,0.5308,0.3403
121,769,3,due,0.2281,0.0422,0.0096,0.9676,0.5308,0.3403
121,888,4,thermal,0.2744,0.0416,0.0114,0.9676,0.4862,0.3392
121,888,4,circumferenti,0.3986,0.0604,0.0241,0.9676,0.4862,0.3392
121,888,4,load,0.1946,0.059,0.0115,0.9676,0.4862,0.3392
121,888,4,buckl,0.48,0.2182,0.1047,0.9676,0.4862,0.3392
121,888,4,due,0.2281,0.0346,0.0079,0.9676,0.4862,0.3392
121,31,5,thermal,0.2744,0.358,0.0982,0.9676,0.7589,0.2702
121,31,5,buckl,0.48,0.2087,0.1002,0.9676,0.7589,0.2702
121,1178,6,thermal,0.2744,0.2018,0.0554,0.9676,0.5238,0.2649
121,1178,6,load,0.1946,0.0572,0.0111,0.9676,0.5238,0.2649
121,1178,6,buckl,0.48,0.1412,0.0678,0.9676,0.5238,0.2649
121,1177,7,thermal,0.2744,0.1328,0.0364,0.9676,0.5331,0.2621
121,1177,7,load,0.1946,0.1255,0.0244,0.9676,0.5331,0.2621
121,1177,7,buckl,0.48,0.1548,0.0743,0.9676,0.5331,0.2621
121,885,8,thermal,0.2744,0.168,0.0461,0.9676,0.5761,0.2514
121,885,8,buckl,0.48,0.1959,0.094,0.9676,0.5761,0.2514
121,741,9,circumferenti,0.3986,0.0767,0.0306,0.9676,0.4923,0.2502
121,741,9,buckl,0.48,0.1846,0.0886,0.9676,0.4923,0.2502
121,739,10,paper,0.1946,0.035,0.0068,0.9676,0.3548,0.2472
121,739,10,load,0.1946,0.0466,0.0091,0.9676,0.3548,0.2472
121,739,10,buckl,0.48,0.1437,0.069,0.9676,0.3548,0.2472
122,1070,1,conic,0.3394,0.2735,0.0928,0.7103,0.6255,0.4299
122,1070,1,stabil,0.273,0.0733,0.02,0.7103,0.6255,0.4299
122,1070,1,shell,0.2868,0.2696,0.0773,0.7103,0.6255,0.4299
122,1070,1,result,0.0783,0.0105,0.0008,0.7103,0.6255,0.4299
122,898,2,compar,0.1928,0.056,0.0108,0.7103,0.6167,0.4204
122,898,2,conic,0.3394,0.1971,0.0669,0.7103,0.6167,0.4204
122,898,2,experi,0.2467,0.1432,0.0353,0.7103,0.6167,0.4204
122,898,2,stabil,0.273,0.0792,0.0216,0.7103,0.6167,0.4204
122,898,2,shell,0.2868,0.1665,0.0477,0.7103,0.6167,0.4204
122,898,2,result,0.0783,0.0227,0.0018,0.7103,0.6167,0.4204
122,930,3,compar,0.1928,0.0238,0.0046,0.7103,0.4485,0.3605
122,930,3,conic,0.3394,0.0837,0.0284,0.7103,0.4485,0.3605
122,930,3,shell,0.2868,0.2828,0.0811,0.7103,0.4485,0.3605
122,930,3,result,0.0783,0.0097,0.0008,0.7103,0.4485,0.3605
122,938,4,conic,0.3394,0.1608,0.0546,0.7103,0.5514,0.2791
122,938,4,stabil,0.273,0.1293,0.0353,0.7103,0.5514,0.2791
122,938,4,shell,0.2868,0.0679,0.0195,0.7103,0.5514,0.2791
122,934,5,conic,0.3394,0.101,0.0343,0.7103,0.3714,0.2647
122,934,5,stabil,0.273,0.0406,0.0111,0.7103,0.3714,0.2647
122,934,5,shell,0.2868,0.0853,0.0245,0.7103,0.3714,0.2647
122,1059,6,conic,0.3394,0.1502,0.051,0.7103,0.4153,0.2566
122,1059,6,shell,0.2868,0.0846,0.0243,0.7103,0.4153,0.2566
122,1059,6,result,0.0783,0.0058,0.0005,0.7103,0.4153,0.2566
122,1071,7,made,0.1534,0.0226,0.0035,0.7103,0.4857,0.2523
122,1071,7,stabil,0.273,0.0805,0.022,0.7103,0.4857,0.2523
122,1071,7,shell,0.2868,0.2115,0.0607,0.7103,0.4857,0.2523
122,1071,7,result,0.0783,0.0116,0.0009,0.7103,0.4857,0.2523
122,935,8,compar,0.1928,0.0423,0.0082,0.7103,0.561,0.2447
122,935,8,conic,0.3394,0.149,0.0506,0.7103,0.561,0.2447
122,935,8,shell,0.2868,0.1259,0.0361,0.7103,0.561,0.2447
122,935,8,result,0.0783,0.0344,0.0027,0.7103,0.561,0.2447
122,931,9,conic,0.3394,0.0694,0.0236,0.7103,0.6104,0.2439
122,931,9,stabil,0.273,0.1117,0.0305,0.7103,0.6104,0.2439
122,931,9,shell,0.2868,0.176,0.0505,0.7103,0.6104,0.2439
122,931,9,result,0.0783,0.016,0.0013,0.7103,0.6104,0.2439
122,1058,10,conic,0.3394,0.2396,0.0813,0.7103,0.5581,0.2417
122,1058,10,shell,0.2868,0.0506,0.0145,0.7103,0.5581,0.2417
123,941,1,channel,0.4901,0.4411,0.2162,1.0218,0.5614,0.4604
123,941,1,viscous,0.2711,0.0813,0.0221,1.0218,0.5614,0.4604
123,941,1,flow,0.0724,0.0651,0.0047,1.0218,0.5614,0.4604
123,941,1,compress,0.2168,0.0975,0.0211,1.0218,0.5614,0.4604
123,1221,2,channel,0.4901,0.2206,0.1081,1.0218,0.4891,0.2732
123,1221,2,flow,0.0724,0.0217,0.0016,1.0218,0.4891,0.2732
123,1221,2,straight,0.4234,0.0635,0.0269,1.0218,0.4891,0.2732
123,270,3,channel,0.4901,0.1975,0.0968,1.0218,0.442,0.2206
123,270,3,flow,0.0724,0.0389,0.0028,1.0218,0.442,0.2206
123,1360,4,work,0.2796,0.0763,0.0213,1.0218,0.4718,0.2173
123,1360,4,determin,0.1715,0.0702,0.012,1.0218,0.4718,0.2173
123,1360,4,done,0.5117,0.1396,0.0714,1.0218,0.4718,0.2173
123,112,5,determin,0.1715,0.0184,0.0032,1.0218,0.4524,0.1933
123,112,5,channel,0.4901,0.1575,0.0772,1.0218,0.4524,0.1933
123,112,5,viscous,0.2711,0.029,0.0079,1.0218,0.4524,0.1933
123,112,5,flow,0.0724,0.0155,0.0011,1.0218,0.4524,0.1933
123,966,6,channel,0.4901,0.0939,0.046,1.0218,0.3037,0.1729
123,966,6,flow,0.0724,0.0231,0.0017,1.0218,0.3037,0.1729
123,966,6,compress,0.2168,0.0277,0.006,1.0218,0.3037,0.1729
123,34,7,work,0.2796,0.0227,0.0063,1.0218,0.4168,0.1581
123,34,7,channel,0.4901,0.1192,0.0584,1.0218,0.4168,0.1581
123,34,7,flow,0.0724,0.0352,0.0025,1.0218,0.4168,0.1581
123,227,8,determin,0.1715,0.0173,0.003,1.0218,0.4889,0.1543
123,227,8,flow,0.0724,0.022,0.0016,1.0218,0.4889,0.1543
123,227,8,straight,0.4234,0.1712,0.0725,1.0218,0.4889,0.1543
123,1222,9,channel,0.4901,0.0735,0.036,1.0218,0.2776,0.1505
123,1222,9,flow,0.0724,0.0434,0.0031,1.0218,0.2776,0.1505
123,1222,9,compress,0.2168,0.0163,0.0035,1.0218,0.2776,0.1505
123,742,10,work,0.2796,0.0763,0.0213,1.0218,0.5044,0.1433
123,742,10,determin,0.1715,0.0234,0.004,1.0218,0.5044,0.1433
123,742,10,done,0.5117,0.0698,0.0357,1.0218,0.5044,0.1433
123,742,10,compress,0.2168,0.0591,0.0128,1.0218,0.5044,0.1433
124,941,1,made,0.0657,0.023,0.0015,0.5076,0.5614,0.4895
124,941,1,compress,0.0929,0.0975,0.0091,0.5076,0.5614,0.4895
124,941,1,slender,0.1276,0.134,0.0171,0.5076,0.5614,0.4895
124,941,1,flow,0.062,0.0651,0.004,0.5076,0.5614,0.4895
124,941,1,result,0.0336,0.0117,0.0004,0.5076,0.5614,0.4895
124,941,1,channel,0.21,0.4411,0.0927,0.5076,0.5614,0.4895
124,941,1,analyt,0.1229,0.043,0.0053,0.5076,0.5614,0.4895
124,941,1,viscous,0.1162,0.0813,0.0095,0.5076,0.5614,0.4895
124,1070,2,compress,0.0929,0.0291,0.0027,0.5076,0.6255,0.2663
124,1070,2,stabil,0.117,0.0733,0.0086,0.5076,0.6255,0.2663
124,1070,2,shell,0.1229,0.2696,0.0331,0.5076,0.6255,0.2663
124,1070,2,conic,0.1455,0.2735,0.0398,0.5076,0.6255,0.2663
124,1070,2,result,0.0336,0.0105,0.0004,0.5076,0.6255,0.2663
124,898,3,compar,0.0826,0.056,0.0046,0.5076,0.6167,0.2521
124,898,3,stabil,0.117,0.0792,0.0093,0.5076,0.6167,0.2521
124,898,3,shell,0.1229,0.1665,0.0205,0.5076,0.6167,0.2521
124,898,3,conic,0.1455,0.1971,0.0287,0.5076,0.6167,0.2521
124,898,3,result,0.0336,0.0227,0.0008,0.5076,0.6167,0.2521
124,898,3,experi,0.1057,0.1432,0.0151,0.5076,0.6167,0.2521
124,930,4,compar,0.0826,0.0238,0.002,0.5076,0.4485,0.2223
124,930,4,shell,0.1229,0.2828,0.0348,0.5076,0.4485,0.2223
124,930,4,conic,0.1455,0.0837,0.0122,0.5076,0.4485,0.2223
124,930,4,result,0.0336,0.0097,0.0003,0.5076,0.4485,0.2223
124,930,4,problem,0.0698,0.0201,0.0014,0.5076,0.4485,0.2223
124,934,5,compress,0.0929,0.0645,0.006,0.5076,0.3714,0.204
124,934,5,stabil,0.117,0.0406,0.0048,0.5076,0.3714,0.204
124,934,5,shell,0.1229,0.0853,0.0105,0.5076,0.3714,0.204
124,934,5,conic,0.1455,0.101,0.0147,0.5076,0.3714,0.204
124,934,5,problem,0.0698,0.0364,0.0025,0.5076,0.3714,0.204
124,270,6,flow,0.062,0.0389,0.0024,0.5076,0.442,0.1956
124,270,6,channel,0.21,0.1975,0.0415,0.5076,0.442,0.1956
124,442,7,densiti,0.1318,0.1339,0.0176,0.5076,0.3285,0.1948
124,442,7,made,0.0657,0.0223,0.0015,0.5076,0.3285,0.1948
124,442,7,investig,0.0645,0.0328,0.0021,0.5076,0.3285,0.1948
124,442,7,low,0.1051,0.0356,0.0037,0.5076,0.3285,0.1948
124,442,7,flow,0.062,0.0053,0.0003,0.5076,0.3285,0.1948
124,442,7,result,0.0336,0.0057,0.0002,0.5076,0.3285,0.1948
124,442,7,analyt,0.1229,0.0416,0.0051,0.5076,0.3285,0.1948
124,442,7,experi,0.1057,0.0179,0.0019,0.5076,0.3285,0.1948
124,938,8,compress,0.0929,0.0513,0.0048,0.5076,0.5514,0.1941
124,938,8,stabil,0.117,0.1293,0.0151,0.5076,0.5514,0.1941
124,938,8,shell,0.1229,0.0679,0.0083,0.5076,0.5514,0.1941
124,938,8,conic,0.1455,0.1608,0.0234,0.5076,0.5514,0.1941
124,938,8,problem,0.0698,0.0386,0.0027,0.5076,0.5514,0.1941
124,516,9,compar,0.0826,0.0244,0.002,0.5076,0.3974,0.1938
124,516,9,made,0.0657,0.0194,0.0013,0.5076,0.3974,0.1938
124,516,9,tunnel,0.0977,0.1156,0.0113,0.5076,0.3974,0.1938
124,516,9,stabil,0.117,0.0692,0.0081,0.5076,0.3974,0.1938
124,516,9,wind,0.1143,0.1014,0.0116,0.5076,0.3974,0.1938
124,516,9,investig,0.0645,0.0191,0.0012,0.5076,0.3974,0.1938
124,516,9,low,0.1051,0.0311,0.0033,0.5076,0.3974,0.1938
124,516,9,result,0.0336,0.0099,0.0003,0.5076,0.3974,0.1938
124,1221,10,flow,0.062,0.0217,0.0013,0.5076,0.4891,0.192
124,1221,10,channel,0.21,0.2206,0.0463,0.5076,0.4891,0.192
125,997,1,superson,0.2351,0.0415,0.0098,1.0321,0.4814,0.3574
125,997,1,jet,0.3828,0.3828,0.1466,1.0321,0.4814,0.3574
125,997,1,experiment,0.2026,0.0358,0.0072,1.0321,0.4814,0.3574
125,997,1,interfer,0.4879,0.0287,0.014,1.0321,0.4814,0.3574
125,610,2,experiment,0.2026,0.0167,0.0034,1.0321,0.4063,0.3404
125,610,2,flow,0.093,0.023,0.0021,1.0321,0.4063,0.3404
125,610,2,interfer,0.4879,0.2813,0.1372,1.0321,0.4063,0.3404
125,176,3,superson,0.2351,0.047,0.0111,1.0321,0.4664,0.2929
125,176,3,jet,0.3828,0.3063,0.1173,1.0321,0.4664,0.2929
125,176,3,experiment,0.2026,0.0203,0.0041,1.0321,0.4664,0.2929
125,176,3,paper,0.278,0.0278,0.0077,1.0321,0.4664,0.2929
125,176,3,flow,0.093,0.0093,0.0009,1.0321,0.4664,0.2929
125,993,4,superson,0.2351,0.0488,0.0115,1.0321,0.3787,0.2893
125,993,4,jet,0.3828,0.1985,0.076,1.0321,0.3787,0.2893
125,993,4,flow,0.093,0.0096,0.0009,1.0321,0.3787,0.2893
125,993,4,interfer,0.4879,0.0506,0.0247,1.0321,0.3787,0.2893
125,1195,5,superson,0.2351,0.0102,0.0024,1.0321,0.4093,0.2753
125,1195,5,jet,0.3828,0.2812,0.1077,1.0321,0.4093,0.2753
125,1195,5,experiment,0.2026,0.0088,0.0018,1.0321,0.4093,0.2753
125,1195,5,flow,0.093,0.0482,0.0045,1.0321,0.4093,0.2753
125,695,6,jet,0.3828,0.2727,0.1044,1.0321,0.422,0.2736
125,695,6,interfer,0.4879,0.0302,0.0147,1.0321,0.422,0.2736
125,1083,7,dash,0.7059,0.1098,0.0775,1.0321,0.384,0.2556
125,1083,7,experiment,0.2026,0.0315,0.0064,1.0321,0.384,0.2556
125,1083,7,paper,0.278,0.0432,0.012,1.0321,0.384,0.2556
125,1083,7,flow,0.093,0.0579,0.0054,1.0321,0.384,0.2556
125,519,8,superson,0.2351,0.0329,0.0077,1.0321,0.4047,0.2465
125,519,8,jet,0.3828,0.2412,0.0923,1.0321,0.4047,0.2465
125,519,8,experiment,0.2026,0.0142,0.0029,1.0321,0.4047,0.2465
125,177,9,superson,0.2351,0.0127,0.003,1.0321,0.3776,0.2316
125,177,9,jet,0.3828,0.2268,0.0868,1.0321,0.3776,0.2316
125,177,9,flow,0.093,0.005,0.0005,1.0321,0.3776,0.2316
125,1349,10,jet,0.3828,0.18,0.0689,1.0321,0.3445,0.2313
125,1349,10,flow,0.093,0.0097,0.0009,1.0321,0.3445,0.2313
125,1349,10,interfer,0.4879,0.0255,0.0124,1.0321,0.3445,0.2313
126,1326,1,thrust,0.5354,0.1874,0.1003,1.3669,0.4997,0.394
126,1326,1,control,0.4476,0.0627,0.0281,1.3669,0.4997,0.394
126,1326,1,vector,0.6799,0.0952,0.0647,1.3669,0.4997,0.394
126,1326,1,inject,0.4976,0.1393,0.0693,1.3669,0.4997,0.394
126,1326,1,fluid,0.3099,0.0217,0.0067,1.3669,0.4997,0.394
126,1288,2,thrust,0.5354,0.0635,0.034,1.3669,0.488,0.3621
126,1288,2,control,0.4476,0.0531,0.0238,1.3669,0.488,0.3621
126,1288,2,vector,0.6799,0.0807,0.0548,1.3669,0.488,0.3621
126,1288,2,inject,0.4976,0.2361,0.1175,1.3669,0.488,0.3621
126,1288,2,fluid,0.3099,0.0368,0.0114,1.3669,0.488,0.3621
126,974,3,thrust,0.5354,0.0326,0.0174,1.3669,0.4362,0.3342
126,974,3,control,0.4476,0.0272,0.0122,1.3669,0.4362,0.3342
126,974,3,vector,0.6799,0.0414,0.0281,1.3669,0.4362,0.3342
126,974,3,inject,0.4976,0.2726,0.1356,1.3669,0.4362,0.3342
126,974,3,fluid,0.3099,0.0189,0.0058,1.3669,0.4362,0.3342
126,1095,4,thrust,0.5354,0.2858,0.153,1.3669,0.5888,0.3264
126,1095,4,vector,0.6799,0.1613,0.1097,1.3669,0.5888,0.3264
126,1083,5,dash,0.7059,0.1098,0.0775,1.3669,0.384,0.256
126,1083,5,paper,0.278,0.0432,0.012,1.3669,0.384,0.256
126,1083,5,fluid,0.3099,0.1446,0.0448,1.3669,0.384,0.256
126,1265,6,thrust,0.5354,0.3156,0.169,1.3669,0.5422,0.2452
126,1265,6,paper,0.278,0.0205,0.0057,1.3669,0.5422,0.2452
126,1265,6,fluid,0.3099,0.0228,0.0071,1.3669,0.5422,0.2452
126,397,7,inject,0.4976,0.2639,0.1313,1.3669,0.4937,0.2398
126,397,7,fluid,0.3099,0.0986,0.0306,1.3669,0.4937,0.2398
126,1237,8,inject,0.4976,0.2488,0.1238,1.3669,0.4383,0.2227
126,1237,8,fluid,0.3099,0.031,0.0096,1.3669,0.4383,0.2227
126,773,9,thrust,0.5354,0.0195,0.0105,1.3669,0.3104,0.2204
126,773,9,control,0.4476,0.049,0.0219,1.3669,0.3104,0.2204
126,773,9,inject,0.4976,0.1088,0.0542,1.3669,0.3104,0.2204
126,773,9,fluid,0.3099,0.0226,0.007,1.3669,0.3104,0.2204
126,628,10,inject,0.4976,0.2528,0.1258,1.3669,0.4289,0.2146
127,5,1,solut,0.103,0.0334,0.0034,0.7789,0.5642,0.3346
127,5,1,input,0.4118,0.1336,0.055,0.7789,0.5642,0.3346
127,5,1,analyt,0.2151,0.0698,0.015,0.7789,0.5642,0.3346
127,5,1,time,0.185,0.06,0.0111,0.7789,0.5642,0.3346
127,5,1,heat,0.2534,0.2466,0.0625,0.7789,0.5642,0.3346
127,6,2,solut,0.103,0.0882,0.0091,0.7789,0.5397,0.289
127,6,2,obtain,0.092,0.0197,0.0018,0.7789,0.5397,0.289
127,6,2,input,0.4118,0.1765,0.0727,0.7789,0.5397,0.289
127,6,2,analyt,0.2151,0.0461,0.0099,0.7789,0.5397,0.289
127,6,2,time,0.185,0.0396,0.0073,0.7789,0.5397,0.289
127,6,2,heat,0.2534,0.0815,0.0206,0.7789,0.5397,0.289
127,981,3,reason,0.2473,0.0436,0.0108,0.7789,0.379,0.2342
127,981,3,solut,0.103,0.0727,0.0075,0.7789,0.379,0.2342
127,981,3,analyt,0.2151,0.038,0.0082,0.7789,0.379,0.2342
127,981,3,equat,0.104,0.0184,0.0019,0.7789,0.379,0.2342
127,981,3,time,0.185,0.098,0.0181,0.7789,0.379,0.2342
127,981,3,heat,0.2534,0.0894,0.0227,0.7789,0.379,0.2342
127,158,4,solut,0.103,0.0145,0.0015,0.7789,0.4592,0.2119
127,158,4,simpl,0.1691,0.0477,0.0081,0.7789,0.4592,0.2119
127,158,4,equat,0.104,0.0147,0.0015,0.7789,0.4592,0.2119
127,158,4,time,0.185,0.1045,0.0193,0.7789,0.4592,0.2119
127,158,4,heat,0.2534,0.1789,0.0453,0.7789,0.4592,0.2119
127,869,5,solut,0.103,0.0199,0.0021,0.7789,0.3696,0.2093
127,869,5,obtain,0.092,0.0059,0.0005,0.7789,0.3696,0.2093
127,869,5,possibl,0.1839,0.0237,0.0044,0.7789,0.3696,0.2093
127,869,5,simpl,0.1691,0.0109,0.0018,0.7789,0.3696,0.2093
127,869,5,equat,0.104,0.0067,0.0007,0.7789,0.3696,0.2093
127,869,5,time,0.185,0.0358,0.0066,0.7789,0.3696,0.2093
127,869,5,heat,0.2534,0.0327,0.0083,0.7789,0.3696,0.2093
127,869,5,exponenti,0.3726,0.0962,0.0358,0.7789,0.3696,0.2093
127,75,6,input,0.4118,0.1594,0.0656,0.7789,0.5236,0.1772
127,75,6,time,0.185,0.0358,0.0066,0.7789,0.5236,0.1772
127,944,7,solut,0.103,0.0537,0.0055,0.7789,0.4168,0.1706
127,944,7,obtain,0.092,0.016,0.0015,0.7789,0.4168,0.1706
127,944,7,equat,0.104,0.0181,0.0019,0.7789,0.4168,0.1706
127,944,7,heat,0.2534,0.0882,0.0223,0.7789,0.4168,0.1706
127,944,7,exponenti,0.3726,0.0648,0.0241,0.7789,0.4168,0.1706
127,587,8,input,0.4118,0.0824,0.0339,0.7789,0.4725,0.1574
127,587,8,equat,0.104,0.0416,0.0043,0.7789,0.4725,0.1574
127,587,8,time,0.185,0.037,0.0068,0.7789,0.4725,0.1574
127,587,8,heat,0.2534,0.0507,0.0128,0.7789,0.4725,0.1574
127,395,9,obtain,0.092,0.0077,0.0007,0.7789,0.2741,0.1466
127,395,9,possibl,0.1839,0.0154,0.0028,0.7789,0.2741,0.1466
127,395,9,simpl,0.1691,0.0142,0.0024,0.7789,0.2741,0.1466
127,395,9,equat,0.104,0.0087,0.0009,0.7789,0.2741,0.1466
127,395,9,time,0.185,0.0155,0.0029,0.7789,0.2741,0.1466
127,395,9,heat,0.2534,0.0851,0.0216,0.7789,0.2741,0.1466
127,1073,10,solut,0.103,0.0824,0.0085,0.7789,0.5472,0.1408
127,1073,10,equat,0.104,0.1248,0.013,0.7789,0.5472,0.1408
127,1073,10,heat,0.2534,0.1521,0.0385,0.7789,0.5472,0.1408
128,945,1,comput,0.2693,0.0822,0.0221,1.0566,0.4671,0.5454
128,945,1,digit,0.4721,0.144,0.068,1.0566,0.4671,0.5454
128,945,1,design,0.2527,0.0771,0.0195,1.0566,0.4671,0.5454
128,945,1,speed,0.1742,0.0266,0.0046,1.0566,0.4671,0.5454
128,945,1,pump,0.6828,0.2083,0.1423,1.0566,0.4671,0.5454
128,945,1,method,0.1249,0.0571,0.0071,1.0566,0.4671,0.5454
128,945,1,high,0.191,0.0291,0.0056,1.0566,0.4671,0.5454
128,1063,2,comput,0.2693,0.1031,0.0278,1.0566,0.4945,0.2769
128,1063,2,digit,0.4721,0.1808,0.0853,1.0566,0.4945,0.2769
128,1063,2,speed,0.1742,0.0667,0.0116,1.0566,0.4945,0.2769
128,1063,2,method,0.1249,0.0478,0.006,1.0566,0.4945,0.2769
128,1063,2,high,0.191,0.0731,0.014,1.0566,0.4945,0.2769
128,988,3,pump,0.6828,0.2235,0.1526,1.0566,0.5708,0.2573
128,988,3,method,0.1249,0.0204,0.0026,1.0566,0.5708,0.2573
128,1219,4,speed,0.1742,0.0382,0.0067,1.0566,0.4959,0.2408
128,1219,4,program,0.4565,0.2505,0.1144,1.0566,0.4959,0.2408
128,1219,4,method,0.1249,0.0411,0.0051,1.0566,0.4959,0.2408
128,745,5,comput,0.2693,0.0757,0.0204,1.0566,0.6566,0.2232
128,745,5,digit,0.4721,0.1328,0.0627,1.0566,0.6566,0.2232
128,745,5,program,0.4565,0.1284,0.0586,1.0566,0.6566,0.2232
128,745,5,method,0.1249,0.1054,0.0132,1.0566,0.6566,0.2232
128,248,6,comput,0.2693,0.0683,0.0184,1.0566,0.3506,0.2179
128,248,6,digit,0.4721,0.1197,0.0565,1.0566,0.3506,0.2179
128,248,6,speed,0.1742,0.0221,0.0038,1.0566,0.3506,0.2179
128,248,6,method,0.1249,0.0158,0.002,1.0566,0.3506,0.2179
128,92,7,comput,0.2693,0.0954,0.0257,1.0566,0.4102,0.1881
128,92,7,digit,0.4721,0.0669,0.0316,1.0566,0.4102,0.1881
128,92,7,speed,0.1742,0.0247,0.0043,1.0566,0.4102,0.1881
128,92,7,program,0.4565,0.0324,0.0148,1.0566,0.4102,0.1881
128,92,7,high,0.191,0.0271,0.0052,1.0566,0.4102,0.1881
128,111,8,comput,0.2693,0.1233,0.0332,1.0566,0.4884,0.1444
128,111,8,program,0.4565,0.0696,0.0318,1.0566,0.4884,0.1444
128,111,8,method,0.1249,0.0762,0.0095,1.0566,0.4884,0.1444
128,493,9,comput,0.2693,0.1028,0.0277,1.0566,0.333,0.1435
128,493,9,digit,0.4721,0.0257,0.0122,1.0566,0.333,0.1435
128,493,9,speed,0.1742,0.0285,0.005,1.0566,0.333,0.1435
128,493,9,method,0.1249,0.0136,0.0017,1.0566,0.333,0.1435
128,493,9,high,0.191,0.0208,0.004,1.0566,0.333,0.1435
128,1087,10,comput,0.2693,0.101,0.0272,1.0566,0.5383,0.1355
128,1087,10,digit,0.4721,0.059,0.0279,1.0566,0.5383,0.1355
128,1087,10,speed,0.1742,0.0218,0.0038,1.0566,0.5383,0.1355
128,1087,10,method,0.1249,0.1093,0.0136,1.0566,0.5383,0.1355
128,1087,10,high,0.191,0.0239,0.0046,1.0566,0.5383,0.1355
129,945,1,nonvisc,0.3882,0.0855,0.0332,0.8216,0.4671,0.4454
129,945,1,equat,0.192,0.0423,0.0081,0.8216,0.4671,0.4454
129,945,1,design,0.175,0.0771,0.0135,0.8216,0.4671,0.4454
129,945,1,flow,0.0501,0.0221,0.0011,0.8216,0.4671,0.4454
129,945,1,incompress,0.1816,0.04,0.0073,0.8216,0.4671,0.4454
129,945,1,pump,0.4727,0.2083,0.0985,0.8216,0.4671,0.4454
129,945,1,deriv,0.1448,0.0638,0.0092,0.8216,0.4671,0.4454
129,988,2,nonvisc,0.3882,0.1835,0.0713,0.8216,0.5708,0.3964
129,988,2,flow,0.0501,0.0237,0.0012,0.8216,0.5708,0.3964
129,988,2,incompress,0.1816,0.0429,0.0078,0.8216,0.5708,0.3964
129,988,2,pump,0.4727,0.2235,0.1056,0.8216,0.5708,0.3964
129,987,3,three,0.1138,0.0402,0.0046,0.8216,0.2964,0.1964
129,987,3,dimension,0.1366,0.0725,0.0099,0.8216,0.2964,0.1964
129,987,3,nonvisc,0.3882,0.0343,0.0133,0.8216,0.2964,0.1964
129,987,3,equat,0.192,0.0679,0.013,0.8216,0.2964,0.1964
129,987,3,design,0.175,0.0309,0.0054,0.8216,0.2964,0.1964
129,987,3,flow,0.0501,0.031,0.0016,0.8216,0.2964,0.1964
129,989,4,nonvisc,0.3882,0.0863,0.0335,0.8216,0.6637,0.1633
129,989,4,flow,0.0501,0.0445,0.0022,0.8216,0.6637,0.1633
129,989,4,incompress,0.1816,0.0202,0.0037,0.8216,0.6637,0.1633
129,989,4,pump,0.4727,0.1051,0.0497,0.8216,0.6637,0.1633
129,36,5,nonvisc,0.3882,0.0647,0.0251,0.8216,0.3615,0.1321
129,36,5,design,0.175,0.0583,0.0102,0.8216,0.3615,0.1321
129,36,5,flow,0.0501,0.0083,0.0004,0.8216,0.3615,0.1321
129,36,5,deriv,0.1448,0.0241,0.0035,0.8216,0.3615,0.1321
129,637,6,dimension,0.1366,0.0269,0.0037,0.8216,0.3709,0.1233
129,637,6,equat,0.192,0.1134,0.0218,0.8216,0.3709,0.1233
129,637,6,flow,0.0501,0.0296,0.0015,0.8216,0.3709,0.1233
129,637,6,incompress,0.1816,0.0358,0.0065,0.8216,0.3709,0.1233
129,637,6,deriv,0.1448,0.0285,0.0041,0.8216,0.3709,0.1233
129,985,7,three,0.1138,0.0467,0.0053,0.8216,0.423,0.1201
129,985,7,nonvisc,0.3882,0.0531,0.0206,0.8216,0.423,0.1201
129,985,7,design,0.175,0.0718,0.0126,0.8216,0.423,0.1201
129,985,7,flow,0.0501,0.0069,0.0003,0.8216,0.423,0.1201
129,985,7,deriv,0.1448,0.0198,0.0029,0.8216,0.423,0.1201
129,507,8,equat,0.192,0.156,0.0299,0.8216,0.6048,0.1183
129,507,8,flow,0.0501,0.0407,0.002,0.8216,0.6048,0.1183
129,507,8,incompress,0.1816,0.1476,0.0268,0.8216,0.6048,0.1183
129,1281,9,three,0.1138,0.0683,0.0078,0.8216,0.2808,0.116
129,1281,9,dimension,0.1366,0.1093,0.0149,0.8216,0.2808,0.116
129,1281,9,flow,0.0501,0.015,0.0008,0.8216,0.2808,0.116
129,1281,9,incompress,0.1816,0.0182,0.0033,0.8216,0.2808,0.116
129,3,10,equat,0.192,0.0693,0.0133,0.8216,0.4361,0.1138
129,3,10,flow,0.0501,0.0724,0.0036,0.8216,0.4361,0.1138
129,3,10,incompress,0.1816,0.1312,0.0238,0.8216,0.4361,0.1138
130,948,1,panel,0.3125,0.2989,0.0934,0.9156,0.4871,0.4739
130,948,1,skin,0.2446,0.0234,0.0057,0.9156,0.4871,0.4739
130,948,1,flutter,0.2926,0.1679,0.0491,0.9156,0.4871,0.4739
130,948,1,vertic,0.3166,0.0909,0.0288,0.9156,0.4871,0.4739
130,948,1,stabil,0.2233,0.0641,0.0143,0.9156,0.4871,0.4739
130,948,1,fifteen,0.3232,0.0618,0.02,0.9156,0.4871,0.4739
130,859,2,panel,0.3125,0.3243,0.1013,0.9156,0.4891,0.4481
130,859,2,skin,0.2446,0.0508,0.0124,0.9156,0.4891,0.4481
130,859,2,flutter,0.2926,0.162,0.0474,0.9156,0.4891,0.4481
130,859,2,aerodynam,0.187,0.0388,0.0073,0.9156,0.4891,0.4481
130,859,2,vertic,0.3166,0.0219,0.0069,0.9156,0.4891,0.4481
130,859,2,heat,0.1382,0.0287,0.004,0.9156,0.4891,0.4481
130,859,2,stabil,0.2233,0.0309,0.0069,0.9156,0.4891,0.4481
130,859,2,fifteen,0.3232,0.0447,0.0145,0.9156,0.4891,0.4481
130,766,3,characterist,0.1845,0.0126,0.0023,0.9156,0.4305,0.4321
130,766,3,panel,0.3125,0.2776,0.0867,0.9156,0.4305,0.4321
130,766,3,skin,0.2446,0.117,0.0286,0.9156,0.4305,0.4321
130,766,3,flutter,0.2926,0.1799,0.0527,0.9156,0.4305,0.4321
130,391,4,subject,0.2418,0.0337,0.0081,0.9156,0.4448,0.3984
130,391,4,panel,0.3125,0.2176,0.068,0.9156,0.4448,0.3984
130,391,4,flutter,0.2926,0.2445,0.0715,0.9156,0.4448,0.3984
130,391,4,aerodynam,0.187,0.0781,0.0146,0.9156,0.4448,0.3984
130,856,5,characterist,0.1845,0.0141,0.0026,0.9156,0.5052,0.3972
130,856,5,panel,0.3125,0.3581,0.1119,0.9156,0.5052,0.3972
130,856,5,flutter,0.2926,0.2235,0.0654,0.9156,0.5052,0.3972
130,856,5,stabil,0.2233,0.0171,0.0038,0.9156,0.5052,0.3972
130,1008,6,panel,0.3125,0.4044,0.1264,0.9156,0.6077,0.3809
130,1008,6,flutter,0.2926,0.2525,0.0739,0.9156,0.6077,0.3809
130,1008,6,aerodynam,0.187,0.0403,0.0075,0.9156,0.6077,0.3809
130,1008,6,heat,0.1382,0.0298,0.0041,0.9156,0.6077,0.3809
130,858,7,panel,0.3125,0.2963,0.0926,0.9156,0.4987,0.3467
130,858,7,skin,0.2446,0.0696,0.017,0.9156,0.4987,0.3467
130,858,7,flutter,0.2926,0.1665,0.0487,0.9156,0.4987,0.3467
130,857,8,panel,0.3125,0.3389,0.1059,0.9156,0.4762,0.3342
130,857,8,flutter,0.2926,0.136,0.0398,0.9156,0.4762,0.3342
130,658,9,panel,0.3125,0.276,0.0863,0.9156,0.414,0.3297
130,658,9,flutter,0.2926,0.094,0.0275,0.9156,0.414,0.3297
130,658,9,aerodynam,0.187,0.0601,0.0112,0.9156,0.414,0.3297
130,627,10,subject,0.2418,0.0317,0.0077,0.9156,0.4239,0.3159
130,627,10,panel,0.3125,0.2455,0.0767,0.9156,0.4239,0.3159
130,627,10,flutter,0.2926,0.115,0.0336,0.9156,0.4239,0.3159
130,627,10,aerodynam,0.187,0.0245,0.0046,0.9156,0.4239,0.3159
131,1021,1,column,0.2816,0.0915,0.0258,0.7934,0.5455,0.5629
131,1021,1,theoret,0.1373,0.1338,0.0184,0.7934,0.5455,0.5629
131,1021,1,creep,0.2838,0.2767,0.0785,0.7934,0.5455,0.5629
131,1021,1,collaps,0.3801,0.2471,0.0939,0.7934,0.5455,0.5629
131,1021,1,time,0.3416,0.0555,0.019,0.7934,0.5455,0.5629
131,1021,1,agreement,0.1574,0.0511,0.008,0.7934,0.5455,0.5629
131,1023,2,column,0.2816,0.2219,0.0625,0.7934,0.6577,0.4993
131,1023,2,creep,0.2838,0.3354,0.0952,0.7934,0.6577,0.4993
131,1023,2,collaps,0.3801,0.1497,0.0569,0.7934,0.6577,0.4993
131,1023,2,time,0.3416,0.1346,0.046,0.7934,0.6577,0.4993
131,1025,3,column,0.2816,0.2053,0.0578,0.7934,0.5028,0.4696
131,1025,3,theoret,0.1373,0.0167,0.0023,0.7934,0.5028,0.4696
131,1025,3,creep,0.2838,0.1379,0.0391,0.7934,0.5028,0.4696
131,1025,3,collaps,0.3801,0.1386,0.0527,0.7934,0.5028,0.4696
131,1025,3,time,0.3416,0.1038,0.0354,0.7934,0.5028,0.4696
131,952,4,theoret,0.1373,0.0259,0.0036,0.7934,0.4292,0.4291
131,952,4,creep,0.2838,0.1604,0.0455,0.7934,0.4292,0.4291
131,952,4,collaps,0.3801,0.2149,0.0817,0.7934,0.4292,0.4291
131,952,4,time,0.3416,0.0322,0.011,0.7934,0.4292,0.4291
131,952,4,predict,0.1524,0.0287,0.0044,0.7934,0.4292,0.4291
131,1026,5,column,0.2816,0.3543,0.0998,0.7934,0.7738,0.4224
131,1026,5,creep,0.2838,0.476,0.1351,0.7934,0.7738,0.4224
131,1026,5,time,0.3416,0.0716,0.0245,0.7934,0.7738,0.4224
131,950,6,column,0.2816,0.1262,0.0355,0.7934,0.6415,0.42
131,950,6,theoret,0.1373,0.0615,0.0084,0.7934,0.6415,0.42
131,950,6,creep,0.2838,0.1272,0.0361,0.7934,0.6415,0.42
131,950,6,instabl,0.2774,0.0622,0.0173,0.7934,0.6415,0.42
131,950,6,found,0.1131,0.0253,0.0029,0.7934,0.6415,0.42
131,950,6,experiment,0.1091,0.0734,0.008,0.7934,0.6415,0.42
131,950,6,collaps,0.3801,0.0852,0.0324,0.7934,0.6415,0.42
131,950,6,time,0.3416,0.1531,0.0523,0.7934,0.6415,0.42
131,950,6,predict,0.1524,0.1367,0.0208,0.7934,0.6415,0.42
131,1020,7,column,0.2816,0.1373,0.0387,0.7934,0.4431,0.385
131,1020,7,creep,0.2838,0.2306,0.0654,0.7934,0.4431,0.385
131,1020,7,time,0.3416,0.0833,0.0284,0.7934,0.4431,0.385
131,1020,7,measur,0.1319,0.0214,0.0028,0.7934,0.4431,0.385
131,1012,8,column,0.2816,0.2006,0.0565,0.7934,0.4865,0.3792
131,1012,8,creep,0.2838,0.2021,0.0574,0.7934,0.4865,0.3792
131,1012,8,instabl,0.2774,0.0494,0.0137,0.7934,0.4865,0.3792
131,1012,8,time,0.3416,0.0304,0.0104,0.7934,0.4865,0.3792
131,1012,8,agreement,0.1574,0.028,0.0044,0.7934,0.4865,0.3792
131,1012,8,compress,0.1501,0.0267,0.004,0.7934,0.4865,0.3792
131,1024,9,column,0.2816,0.1649,0.0464,0.7934,0.4702,0.3565
131,1024,9,creep,0.2838,0.1994,0.0566,0.7934,0.4702,0.3565
131,1024,9,time,0.3416,0.08,0.0273,0.7934,0.4702,0.3565
131,1024,9,compress,0.1501,0.0176,0.0026,0.7934,0.4702,0.3565
131,1017,10,column,0.2816,0.3244,0.0913,0.7934,0.6181,0.3525
131,1017,10,theoret,0.1373,0.0678,0.0093,0.7934,0.6181,0.3525
131,1017,10,creep,0.2838,0.1868,0.053,0.7934,0.6181,0.3525
131,1017,10,time,0.3416,0.0562,0.0192,0.7934,0.6181,0.3525
132,1026,1,buckl,0.6,0.1548,0.0929,1.2668,0.7738,0.5426
132,1026,1,creep,0.9222,0.476,0.439,1.2668,0.7738,0.5426
132,1013,2,buckl,0.6,0.192,0.1152,1.2668,0.5284,0.5109
132,1013,2,creep,0.9222,0.2459,0.2268,1.2668,0.5284,0.5109
132,1021,3,buckl,0.6,0.06,0.036,1.2668,0.5455,0.5077
132,1021,3,theoret,0.4462,0.1338,0.0597,1.2668,0.5455,0.5077
132,1021,3,creep,0.9222,0.2767,0.2551,1.2668,0.5455,0.5077
132,1015,4,buckl,0.6,0.0565,0.0339,1.2668,0.4887,0.5072
132,1015,4,creep,0.9222,0.3038,0.2802,1.2668,0.4887,0.5072
132,1023,5,buckl,0.6,0.1455,0.0873,1.2668,0.6577,0.4759
132,1023,5,creep,0.9222,0.3354,0.3093,1.2668,0.6577,0.4759
132,1020,6,buckl,0.6,0.09,0.054,1.2668,0.4431,0.475
132,1020,6,creep,0.9222,0.2306,0.2126,1.2668,0.4431,0.475
132,1028,7,buckl,0.6,0.022,0.0132,1.2668,0.5113,0.4541
132,1028,7,creep,0.9222,0.3046,0.2809,1.2668,0.5113,0.4541
132,1014,8,buckl,0.6,0.0706,0.0424,1.2668,0.6065,0.4458
132,1014,8,creep,0.9222,0.3255,0.3002,1.2668,0.6065,0.4458
132,951,9,buckl,0.6,0.0923,0.0554,1.2668,0.4811,0.4129
132,951,9,creep,0.9222,0.2128,0.1963,1.2668,0.4811,0.4129
132,1017,10,buckl,0.6,0.1519,0.0911,1.2668,0.6181,0.375
132,1017,10,theoret,0.4462,0.0678,0.0302,1.2668,0.6181,0.375
132,1017,10,creep,0.9222,0.1868,0.1723,1.2668,0.6181,0.375
133,1026,1,buckl,0.6,0.1548,0.0929,1.2375,0.7738,0.5554
133,1026,1,creep,0.9222,0.476,0.439,1.2375,0.7738,0.5554
133,1013,2,buckl,0.6,0.192,0.1152,1.2375,0.5284,0.523
133,1013,2,creep,0.9222,0.2459,0.2268,1.2375,0.5284,0.523
133,1015,3,buckl,0.6,0.0565,0.0339,1.2375,0.4887,0.5192
133,1015,3,creep,0.9222,0.3038,0.2802,1.2375,0.4887,0.5192
133,1023,4,buckl,0.6,0.1455,0.0873,1.2375,0.6577,0.4872
133,1023,4,creep,0.9222,0.3354,0.3093,1.2375,0.6577,0.4872
133,1020,5,buckl,0.6,0.09,0.054,1.2375,0.4431,0.4862
133,1020,5,creep,0.9222,0.2306,0.2126,1.2375,0.4431,0.4862
133,1028,6,buckl,0.6,0.022,0.0132,1.2375,0.5113,0.4721
133,1028,6,creep,0.9222,0.3046,0.2809,1.2375,0.5113,0.4721
133,1028,6,experiment,0.3546,0.013,0.0046,1.2375,0.5113,0.4721
133,1014,7,buckl,0.6,0.0706,0.0424,1.2375,0.6065,0.4563
133,1014,7,creep,0.9222,0.3255,0.3002,1.2375,0.6065,0.4563
133,951,8,buckl,0.6,0.0923,0.0554,1.2375,0.4811,0.4389
133,951,8,creep,0.9222,0.2128,0.1963,1.2375,0.4811,0.4389
133,951,8,experiment,0.3546,0.0273,0.0097,1.2375,0.4811,0.4389
133,1021,9,buckl,0.6,0.06,0.036,1.2375,0.5455,0.4313
133,1021,9,creep,0.9222,0.2767,0.2551,1.2375,0.5455,0.4313
133,1012,10,buckl,0.6,0.0658,0.0395,1.2375,0.4865,0.3752
133,1012,10,creep,0.9222,0.2021,0.1864,1.2375,0.4865,0.3752
134,951,1,possibl,0.1839,0.0424,0.0078,0.813,0.4811,0.3254
134,951,1,creep,0.3074,0.2128,0.0654,0.813,0.4811,0.3254
134,951,1,differ,0.1656,0.0382,0.0063,0.813,0.4811,0.3254
134,951,1,structur,0.2143,0.0989,0.0212,0.813,0.4811,0.3254
134,951,1,buckl,0.2,0.0923,0.0185,0.813,0.4811,0.3254
134,951,1,theori,0.0935,0.0863,0.0081,0.813,0.4811,0.3254
134,1015,2,creep,0.3074,0.3038,0.0934,0.813,0.4887,0.3054
134,1015,2,structur,0.2143,0.0605,0.013,0.813,0.4887,0.3054
134,1015,2,buckl,0.2,0.0565,0.0113,0.813,0.4887,0.3054
134,1015,2,theori,0.0935,0.0396,0.0037,0.813,0.4887,0.3054
134,1028,3,possibl,0.1839,0.0202,0.0037,0.813,0.5113,0.2847
134,1028,3,creep,0.3074,0.3046,0.0936,0.813,0.5113,0.2847
134,1028,3,differ,0.1656,0.0182,0.003,0.813,0.5113,0.2847
134,1028,3,buckl,0.2,0.022,0.0044,0.813,0.5113,0.2847
134,1028,3,theori,0.0935,0.0515,0.0048,0.813,0.5113,0.2847
134,1028,3,wide,0.276,0.0304,0.0084,0.813,0.5113,0.2847
134,1028,3,result,0.0587,0.0065,0.0004,0.813,0.5113,0.2847
134,1026,4,creep,0.3074,0.476,0.1463,0.813,0.7738,0.2818
134,1026,4,buckl,0.2,0.1548,0.031,0.813,0.7738,0.2818
134,1013,5,creep,0.3074,0.2459,0.0756,0.813,0.5284,0.2731
134,1013,5,buckl,0.2,0.192,0.0384,0.813,0.5284,0.2731
134,1013,5,theori,0.0935,0.0299,0.0028,0.813,0.5284,0.2731
134,1013,5,result,0.0587,0.0094,0.0006,0.813,0.5284,0.2731
134,1020,6,creep,0.3074,0.2306,0.0709,0.813,0.4431,0.2532
134,1020,6,buckl,0.2,0.09,0.018,0.813,0.4431,0.2532
134,1020,6,theori,0.0935,0.014,0.0013,0.813,0.4431,0.2532
134,1020,6,result,0.0587,0.0176,0.001,0.813,0.4431,0.2532
134,1023,7,creep,0.3074,0.3354,0.1031,0.813,0.6577,0.2531
134,1023,7,buckl,0.2,0.1455,0.0291,0.813,0.6577,0.2531
134,1023,7,theori,0.0935,0.034,0.0032,0.813,0.6577,0.2531
134,1014,8,creep,0.3074,0.3255,0.1001,0.813,0.6065,0.2528
134,1014,8,buckl,0.2,0.0706,0.0141,0.813,0.6065,0.2528
134,1014,8,theori,0.0935,0.099,0.0093,0.813,0.6065,0.2528
134,1014,8,result,0.0587,0.0207,0.0012,0.813,0.6065,0.2528
134,1012,9,possibl,0.1839,0.0605,0.0111,0.813,0.4865,0.2484
134,1012,9,creep,0.3074,0.2021,0.0621,0.813,0.4865,0.2484
134,1012,9,structur,0.2143,0.0352,0.0075,0.813,0.4865,0.2484
134,1012,9,buckl,0.2,0.0658,0.0132,0.813,0.4865,0.2484
134,1012,9,theori,0.0935,0.0461,0.0043,0.813,0.4865,0.2484
134,1021,10,creep,0.3074,0.2767,0.085,0.813,0.5455,0.2271
134,1021,10,buckl,0.2,0.06,0.012,0.813,0.5455,0.2271
134,1021,10,theori,0.0935,0.028,0.0026,0.813,0.5455,0.2271
134,1021,10,result,0.0587,0.0176,0.001,0.813,0.5455,0.2271
135,1026,1,column,0.7321,0.3543,0.2594,1.1879,0.7738,0.7451
135,1026,1,creep,0.7378,0.476,0.3512,1.1879,0.7738,0.7451
135,1026,1,buckl,0.48,0.1548,0.0743,1.1879,0.7738,0.7451
135,1023,2,column,0.7321,0.2219,0.1624,1.1879,0.6577,0.614
135,1023,2,creep,0.7378,0.3354,0.2474,1.1879,0.6577,0.614
135,1023,2,buckl,0.48,0.1455,0.0698,1.1879,0.6577,0.614
135,1017,3,column,0.7321,0.3244,0.2375,1.1879,0.6181,0.6121
135,1017,3,creep,0.7378,0.1868,0.1378,1.1879,0.6181,0.6121
135,1017,3,buckl,0.48,0.1519,0.0729,1.1879,0.6181,0.6121
135,1017,3,result,0.1409,0.0089,0.0013,1.1879,0.6181,0.6121
135,1020,4,column,0.7321,0.1373,0.1005,1.1879,0.4431,0.6009
135,1020,4,creep,0.7378,0.2306,0.1701,1.1879,0.4431,0.6009
135,1020,4,buckl,0.48,0.09,0.0432,1.1879,0.4431,0.6009
135,1020,4,result,0.1409,0.0176,0.0025,1.1879,0.4431,0.6009
135,1015,5,column,0.7321,0.1292,0.0946,1.1879,0.4887,0.5957
135,1015,5,creep,0.7378,0.3038,0.2241,1.1879,0.4887,0.5957
135,1015,5,buckl,0.48,0.0565,0.0271,1.1879,0.4887,0.5957
135,1012,6,column,0.7321,0.2006,0.1469,1.1879,0.4865,0.5668
135,1012,6,creep,0.7378,0.2021,0.1491,1.1879,0.4865,0.5668
135,1012,6,buckl,0.48,0.0658,0.0316,1.1879,0.4865,0.5668
135,1013,7,column,0.7321,0.0976,0.0715,1.1879,0.5284,0.5518
135,1013,7,creep,0.7378,0.2459,0.1814,1.1879,0.5284,0.5518
135,1013,7,buckl,0.48,0.192,0.0922,1.1879,0.5284,0.5518
135,1013,7,result,0.1409,0.0094,0.0013,1.1879,0.5284,0.5518
135,1029,8,column,0.7321,0.3051,0.2233,1.1879,0.7376,0.5503
135,1029,8,creep,0.7378,0.3074,0.2268,1.1879,0.7376,0.5503
135,1029,8,buckl,0.48,0.0667,0.032,1.1879,0.7376,0.5503
135,951,9,column,0.7321,0.1408,0.1031,1.1879,0.4811,0.5462
135,951,9,creep,0.7378,0.2128,0.157,1.1879,0.4811,0.5462
135,951,9,experiment,0.2836,0.0273,0.0077,1.1879,0.4811,0.5462
135,951,9,buckl,0.48,0.0923,0.0443,1.1879,0.4811,0.5462
135,1024,10,column,0.7321,0.1649,0.1207,1.1879,0.4702,0.4997
135,1024,10,creep,0.7378,0.1994,0.1471,1.1879,0.4702,0.4997
135,1024,10,buckl,0.48,0.0216,0.0104,1.1879,0.4702,0.4997
135,1024,10,result,0.1409,0.0063,0.0009,1.1879,0.4702,0.4997
136,951,1,creep,0.527,0.2128,0.1122,1.0958,0.4811,0.3654
136,951,1,tube,0.4259,0.1147,0.0488,1.0958,0.4811,0.3654
136,951,1,buckl,0.3429,0.0923,0.0316,1.0958,0.4811,0.3654
136,1026,2,creep,0.527,0.476,0.2508,1.0958,0.7738,0.3584
136,1026,2,buckl,0.3429,0.1548,0.0531,1.0958,0.7738,0.3584
136,1013,3,creep,0.527,0.2459,0.1296,1.0958,0.5284,0.3391
136,1013,3,buckl,0.3429,0.192,0.0658,1.0958,0.5284,0.3391
136,1013,3,result,0.1007,0.0094,0.0009,1.0958,0.5284,0.3391
136,1021,4,creep,0.527,0.2767,0.1458,1.0958,0.5455,0.3381
136,1021,4,extern,0.42,0.0735,0.0309,1.0958,0.5455,0.3381
136,1021,4,pressur,0.133,0.0233,0.0031,1.0958,0.5455,0.3381
136,1021,4,buckl,0.3429,0.06,0.0206,1.0958,0.5455,0.3381
136,1021,4,result,0.1007,0.0176,0.0018,1.0958,0.5455,0.3381
136,1015,5,creep,0.527,0.3038,0.1601,1.0958,0.4887,0.3351
136,1015,5,buckl,0.3429,0.0565,0.0194,1.0958,0.4887,0.3351
136,1020,6,creep,0.527,0.2306,0.1215,1.0958,0.4431,0.3174
136,1020,6,buckl,0.3429,0.09,0.0309,1.0958,0.4431,0.3174
136,1020,6,result,0.1007,0.0176,0.0018,1.0958,0.4431,0.3174
136,1023,7,creep,0.527,0.3354,0.1767,1.0958,0.6577,0.3144
136,1023,7,buckl,0.3429,0.1455,0.0499,1.0958,0.6577,0.3144
136,1028,8,creep,0.527,0.3046,0.1605,1.0958,0.5113,0.3011
136,1028,8,buckl,0.3429,0.022,0.0075,1.0958,0.5113,0.3011
136,1028,8,result,0.1007,0.0065,0.0007,1.0958,0.5113,0.3011
136,1033,9,tube,0.4259,0.3195,0.1361,1.0958,0.5659,0.2977
136,1033,9,extern,0.42,0.105,0.0441,1.0958,0.5659,0.2977
136,1033,9,pressur,0.133,0.0332,0.0044,1.0958,0.5659,0.2977
136,1014,10,creep,0.527,0.3255,0.1715,1.0958,0.6065,0.2976
136,1014,10,buckl,0.3429,0.0706,0.0242,1.0958,0.6065,0.2976
136,1014,10,result,0.1007,0.0207,0.0021,1.0958,0.6065,0.2976
137,952,1,primari,0.195,0.0678,0.0132,0.6786,0.4292,0.5648
137,952,1,cylindr,0.1104,0.0384,0.0042,0.6786,0.4292,0.5648
137,952,1,shell,0.1075,0.0374,0.004,0.6786,0.4292,0.5648
137,952,1,distribut,0.0565,0.0196,0.0011,0.6786,0.4292,0.5648
137,952,1,creep,0.3074,0.1604,0.0493,0.6786,0.4292,0.5648
137,952,1,various,0.0899,0.0313,0.0028,0.6786,0.4292,0.5648
137,952,1,collaps,0.2059,0.2149,0.0442,0.6786,0.4292,0.5648
137,952,1,studi,0.0737,0.0256,0.0019,0.6786,0.4292,0.5648
137,952,1,long,0.1312,0.0913,0.012,0.6786,0.4292,0.5648
137,952,1,system,0.1172,0.0408,0.0048,0.6786,0.4292,0.5648
137,952,1,secondari,0.1863,0.0648,0.0121,0.6786,0.4292,0.5648
137,952,1,circular,0.0962,0.0669,0.0064,0.6786,0.4292,0.5648
137,952,1,forc,0.0881,0.0613,0.0054,0.6786,0.4292,0.5648
137,952,1,time,0.0925,0.0322,0.003,0.6786,0.4292,0.5648
137,1023,2,well,0.0886,0.0644,0.0057,0.6786,0.6577,0.4287
137,1023,2,creep,0.3074,0.3354,0.1031,0.6786,0.6577,0.4287
137,1023,2,elast,0.1182,0.086,0.0102,0.6786,0.6577,0.4287
137,1023,2,collaps,0.2059,0.1497,0.0308,0.6786,0.6577,0.4287
137,1023,2,deform,0.1414,0.2057,0.0291,0.6786,0.6577,0.4287
137,1023,2,time,0.0925,0.1346,0.0124,0.6786,0.6577,0.4287
137,1021,3,creep,0.3074,0.2767,0.085,0.6786,0.5455,0.409
137,1021,3,collaps,0.2059,0.2471,0.0509,0.6786,0.5455,0.409
137,1021,3,long,0.1312,0.0787,0.0103,0.6786,0.5455,0.409
137,1021,3,time,0.0925,0.0555,0.0051,0.6786,0.5455,0.409
137,1026,4,well,0.0886,0.0686,0.0061,0.6786,0.7738,0.4041
137,1026,4,creep,0.3074,0.476,0.1463,0.6786,0.7738,0.4041
137,1026,4,elast,0.1182,0.0915,0.0108,0.6786,0.7738,0.4041
137,1026,4,deform,0.1414,0.1095,0.0155,0.6786,0.7738,0.4041
137,1026,4,secondari,0.1863,0.1442,0.0269,0.6786,0.7738,0.4041
137,1026,4,time,0.0925,0.0716,0.0066,0.6786,0.7738,0.4041
137,1015,5,creep,0.3074,0.3038,0.0934,0.6786,0.4887,0.2889
137,1015,5,time,0.0925,0.0261,0.0024,0.6786,0.4887,0.2889
137,1024,6,well,0.0886,0.0192,0.0017,0.6786,0.4702,0.2845
137,1024,6,creep,0.3074,0.1994,0.0613,0.6786,0.4702,0.2845
137,1024,6,elast,0.1182,0.0767,0.0091,0.6786,0.4702,0.2845
137,1024,6,exhibit,0.1792,0.0387,0.0069,0.6786,0.4702,0.2845
137,1024,6,mechan,0.1423,0.0308,0.0044,0.6786,0.4702,0.2845
137,1024,6,time,0.0925,0.08,0.0074,0.6786,0.4702,0.2845
137,1028,7,creep,0.3074,0.3046,0.0936,0.6786,0.5113,0.2842
137,1028,7,elast,0.1182,0.026,0.0031,0.6786,0.5113,0.2842
137,1028,7,time,0.0925,0.0204,0.0019,0.6786,0.5113,0.2842
137,1034,8,cylindr,0.1104,0.0457,0.005,0.6786,0.4048,0.2736
137,1034,8,shell,0.1075,0.0445,0.0048,0.6786,0.4048,0.2736
137,1034,8,creep,0.3074,0.0954,0.0293,0.6786,0.4048,0.2736
137,1034,8,collaps,0.2059,0.0852,0.0175,0.6786,0.4048,0.2736
137,1034,8,long,0.1312,0.0272,0.0036,0.6786,0.4048,0.2736
137,1034,8,deform,0.1414,0.0293,0.0041,0.6786,0.4048,0.2736
137,1034,8,circular,0.0962,0.0199,0.0019,0.6786,0.4048,0.2736
137,1034,8,time,0.0925,0.0957,0.0089,0.6786,0.4048,0.2736
137,1013,9,shell,0.1075,0.0344,0.0037,0.6786,0.5284,0.272
137,1013,9,creep,0.3074,0.2459,0.0756,0.6786,0.5284,0.272
137,1013,9,failur,0.1549,0.0496,0.0077,0.6786,0.5284,0.272
137,1013,9,time,0.0925,0.0592,0.0055,0.6786,0.5284,0.272
137,1013,9,associ,0.126,0.0403,0.0051,0.6786,0.5284,0.272
137,1020,10,creep,0.3074,0.2306,0.0709,0.6786,0.4431,0.2613
137,1020,10,time,0.0925,0.0833,0.0077,0.6786,0.4431,0.2613
138,953,1,effect,0.1059,0.0251,0.0027,0.8155,0.6147,0.4741
138,953,1,investig,0.1506,0.0357,0.0054,0.8155,0.6147,0.4741
138,953,1,stress,0.2453,0.1743,0.0427,0.8155,0.6147,0.4741
138,953,1,initi,0.2837,0.2015,0.0572,0.8155,0.6147,0.4741
138,953,1,cylindr,0.2943,0.1394,0.041,0.8155,0.6147,0.4741
138,953,1,shell,0.2868,0.2037,0.0584,0.8155,0.6147,0.4741
138,953,1,vibrat,0.3577,0.0847,0.0303,0.8155,0.6147,0.4741
138,847,2,effect,0.1059,0.018,0.0019,0.8155,0.4723,0.4737
138,847,2,circular,0.2566,0.0872,0.0224,0.8155,0.4723,0.4737
138,847,2,cylindr,0.2943,0.1,0.0294,0.8155,0.4723,0.4737
138,847,2,shell,0.2868,0.1461,0.0419,0.8155,0.4723,0.4737
138,847,2,frequenc,0.3577,0.1215,0.0434,0.8155,0.4723,0.4737
138,847,2,vibrat,0.3577,0.1215,0.0434,0.8155,0.4723,0.4737
138,844,3,investig,0.1506,0.0114,0.0017,0.8155,0.3877,0.3982
138,844,3,circular,0.2566,0.0194,0.005,0.8155,0.3877,0.3982
138,844,3,cylindr,0.2943,0.0223,0.0066,0.8155,0.3877,0.3982
138,844,3,shell,0.2868,0.0217,0.0062,0.8155,0.3877,0.3982
138,844,3,frequenc,0.3577,0.1352,0.0484,0.8155,0.3877,0.3982
138,844,3,vibrat,0.3577,0.1623,0.058,0.8155,0.3877,0.3982
138,848,4,effect,0.1059,0.0227,0.0024,0.8155,0.5166,0.3913
138,848,4,cylindr,0.2943,0.1261,0.0371,0.8155,0.5166,0.3913
138,848,4,shell,0.2868,0.2458,0.0705,0.8155,0.5166,0.3913
138,848,4,frequenc,0.3577,0.0766,0.0274,0.8155,0.5166,0.3913
138,848,4,vibrat,0.3577,0.0766,0.0274,0.8155,0.5166,0.3913
138,764,5,effect,0.1059,0.0098,0.001,0.8155,0.5687,0.3823
138,764,5,circular,0.2566,0.0476,0.0122,0.8155,0.5687,0.3823
138,764,5,cylindr,0.2943,0.0273,0.008,0.8155,0.5687,0.3823
138,764,5,shell,0.2868,0.2128,0.061,0.8155,0.5687,0.3823
138,764,5,frequenc,0.3577,0.1991,0.0712,0.8155,0.5687,0.3823
138,764,5,vibrat,0.3577,0.0664,0.0237,0.8155,0.5687,0.3823
138,897,6,effect,0.1059,0.0318,0.0034,0.8155,0.4746,0.365
138,897,6,stress,0.2453,0.0736,0.018,0.8155,0.4746,0.365
138,897,6,circular,0.2566,0.077,0.0198,0.8155,0.4746,0.365
138,897,6,initi,0.2837,0.0851,0.0241,0.8155,0.4746,0.365
138,897,6,cylindr,0.2943,0.1325,0.039,0.8155,0.4746,0.365
138,897,6,shell,0.2868,0.129,0.037,0.8155,0.4746,0.365
138,846,7,effect,0.1059,0.0157,0.0017,0.8155,0.5018,0.3609
138,846,7,circular,0.2566,0.0382,0.0098,0.8155,0.5018,0.3609
138,846,7,cylindr,0.2943,0.0219,0.0064,0.8155,0.5018,0.3609
138,846,7,shell,0.2868,0.0213,0.0061,0.8155,0.5018,0.3609
138,846,7,frequenc,0.3577,0.2394,0.0856,0.8155,0.5018,0.3609
138,846,7,vibrat,0.3577,0.1064,0.0381,0.8155,0.5018,0.3609
138,887,8,effect,0.1059,0.0151,0.0016,0.8155,0.4786,0.3247
138,887,8,investig,0.1506,0.043,0.0065,0.8155,0.4786,0.3247
138,887,8,stress,0.2453,0.1051,0.0258,0.8155,0.4786,0.3247
138,887,8,circular,0.2566,0.0367,0.0094,0.8155,0.4786,0.3247
138,887,8,cylindr,0.2943,0.0841,0.0248,0.8155,0.4786,0.3247
138,887,8,shell,0.2868,0.2048,0.0587,0.8155,0.4786,0.3247
138,1068,9,investig,0.1506,0.0167,0.0025,0.8155,0.3988,0.3075
138,1068,9,stress,0.2453,0.0272,0.0067,0.8155,0.3988,0.3075
138,1068,9,circular,0.2566,0.0285,0.0073,0.8155,0.3988,0.3075
138,1068,9,initi,0.2837,0.0315,0.0089,0.8155,0.3988,0.3075
138,1068,9,cylindr,0.2943,0.0981,0.0289,0.8155,0.3988,0.3075
138,1068,9,shell,0.2868,0.1593,0.0457,0.8155,0.3988,0.3075
138,889,10,stress,0.2453,0.0685,0.0168,0.8155,0.302,0.2972
138,889,10,cylindr,0.2943,0.0823,0.0242,0.8155,0.302,0.2972
138,889,10,shell,0.2868,0.1122,0.0322,0.8155,0.302,0.2972
139,847,1,effect,0.0794,0.018,0.0014,0.7098,0.4723,0.4123
139,847,1,circular,0.1925,0.0872,0.0168,0.7098,0.4723,0.4123
139,847,1,pressur,0.0776,0.0176,0.0014,0.7098,0.4723,0.4123
139,847,1,cylindr,0.2208,0.1,0.0221,0.7098,0.4723,0.4123
139,847,1,shell,0.2151,0.1461,0.0314,0.7098,0.4723,0.4123
139,847,1,frequenc,0.2682,0.1215,0.0326,0.7098,0.4723,0.4123
139,847,1,vibrat,0.2682,0.1215,0.0326,0.7098,0.4723,0.4123
139,897,2,effect,0.0794,0.0318,0.0025,0.7098,0.4746,0.373
139,897,2,deform,0.2828,0.1131,0.032,0.7098,0.4746,0.373
139,897,2,circular,0.1925,0.077,0.0148,0.7098,0.4746,0.373
139,897,2,pressur,0.0776,0.0155,0.0012,0.7098,0.4746,0.373
139,897,2,initi,0.2127,0.0851,0.0181,0.7098,0.4746,0.373
139,897,2,cylindr,0.2208,0.1325,0.0292,0.7098,0.4746,0.373
139,897,2,shell,0.2151,0.129,0.0278,0.7098,0.4746,0.373
139,844,3,investig,0.1129,0.0114,0.0013,0.7098,0.3877,0.3564
139,844,3,circular,0.1925,0.0194,0.0037,0.7098,0.3877,0.3564
139,844,3,cylindr,0.2208,0.0223,0.0049,0.7098,0.3877,0.3564
139,844,3,shell,0.2151,0.0217,0.0047,0.7098,0.3877,0.3564
139,844,3,frequenc,0.2682,0.1352,0.0363,0.7098,0.3877,0.3564
139,844,3,due,0.1901,0.0192,0.0036,0.7098,0.3877,0.3564
139,844,3,vibrat,0.2682,0.1623,0.0435,0.7098,0.3877,0.3564
139,848,4,effect,0.0794,0.0227,0.0018,0.7098,0.5166,0.3418
139,848,4,pressur,0.0776,0.0222,0.0017,0.7098,0.5166,0.3418
139,848,4,cylindr,0.2208,0.1261,0.0278,0.7098,0.5166,0.3418
139,848,4,shell,0.2151,0.2458,0.0529,0.7098,0.5166,0.3418
139,848,4,frequenc,0.2682,0.0766,0.0206,0.7098,0.5166,0.3418
139,848,4,vibrat,0.2682,0.0766,0.0206,0.7098,0.5166,0.3418
139,953,5,effect,0.0794,0.0251,0.002,0.7098,0.6147,0.3351
139,953,5,investig,0.1129,0.0357,0.004,0.7098,0.6147,0.3351
139,953,5,initi,0.2127,0.2015,0.0429,0.7098,0.6147,0.3351
139,953,5,cylindr,0.2208,0.1394,0.0308,0.7098,0.6147,0.3351
139,953,5,shell,0.2151,0.2037,0.0438,0.7098,0.6147,0.3351
139,953,5,vibrat,0.2682,0.0847,0.0227,0.7098,0.6147,0.3351
139,826,6,chang,0.2034,0.0387,0.0079,0.7098,0.3261,0.3316
139,826,6,effect,0.0794,0.0403,0.0032,0.7098,0.3261,0.3316
139,826,6,deform,0.2828,0.0898,0.0254,0.7098,0.3261,0.3316
139,826,6,investig,0.1129,0.0072,0.0008,0.7098,0.3261,0.3316
139,826,6,circular,0.1925,0.0244,0.0047,0.7098,0.3261,0.3316
139,826,6,cylindr,0.2208,0.014,0.0031,0.7098,0.3261,0.3316
139,826,6,shell,0.2151,0.1366,0.0294,0.7098,0.3261,0.3316
139,826,6,due,0.1901,0.0121,0.0023,0.7098,0.3261,0.3316
139,764,7,effect,0.0794,0.0098,0.0008,0.7098,0.5687,0.3294
139,764,7,circular,0.1925,0.0476,0.0092,0.7098,0.5687,0.3294
139,764,7,cylindr,0.2208,0.0273,0.006,0.7098,0.5687,0.3294
139,764,7,shell,0.2151,0.2128,0.0458,0.7098,0.5687,0.3294
139,764,7,frequenc,0.2682,0.1991,0.0534,0.7098,0.5687,0.3294
139,764,7,vibrat,0.2682,0.0664,0.0178,0.7098,0.5687,0.3294
139,846,8,effect,0.0794,0.0157,0.0013,0.7098,0.5018,0.3244
139,846,8,circular,0.1925,0.0382,0.0073,0.7098,0.5018,0.3244
139,846,8,pressur,0.0776,0.0615,0.0048,0.7098,0.5018,0.3244
139,846,8,cylindr,0.2208,0.0219,0.0048,0.7098,0.5018,0.3244
139,846,8,shell,0.2151,0.0213,0.0046,0.7098,0.5018,0.3244
139,846,8,frequenc,0.2682,0.2394,0.0642,0.7098,0.5018,0.3244
139,846,8,vibrat,0.2682,0.1064,0.0285,0.7098,0.5018,0.3244
139,887,9,effect,0.0794,0.0151,0.0012,0.7098,0.4786,0.304
139,887,9,investig,0.1129,0.043,0.0049,0.7098,0.4786,0.304
139,887,9,circular,0.1925,0.0367,0.0071,0.7098,0.4786,0.304
139,887,9,cylindr,0.2208,0.0841,0.0186,0.7098,0.4786,0.304
139,887,9,shell,0.2151,0.2048,0.0441,0.7098,0.4786,0.304
139,887,9,due,0.1901,0.1448,0.0275,0.7098,0.4786,0.304
139,1038,10,chang,0.2034,0.0856,0.0174,0.7098,0.5034,0.2582
139,1038,10,deform,0.2828,0.0595,0.0168,0.7098,0.5034,0.2582
139,1038,10,circular,0.1925,0.1216,0.0234,0.7098,0.5034,0.2582
139,1038,10,shell,0.2151,0.0906,0.0195,0.7098,0.5034,0.2582
139,1038,10,vibrat,0.2682,0.0565,0.0151,0.7098,0.5034,0.2582
140,954,1,junction,0.9693,0.3029,0.2936,1.4625,0.59,0.5279
140,954,1,stress,0.4415,0.1839,0.0812,1.4625,0.59,0.5279
140,954,1,pressur,0.1861,0.0388,0.0072,1.4625,0.59,0.5279
140,954,1,discontinu,0.8399,0.0875,0.0735,1.4625,0.59,0.5279
140,922,2,pressur,0.1861,0.0282,0.0052,1.4625,0.4175,0.2712
140,922,2,discontinu,0.8399,0.1909,0.1603,1.4625,0.4175,0.2712
140,1038,3,junction,0.9693,0.085,0.0824,1.4625,0.5034,0.2424
140,1038,3,stress,0.4415,0.0774,0.0342,1.4625,0.5034,0.2424
140,1038,3,discontinu,0.8399,0.0737,0.0619,1.4625,0.5034,0.2424
140,887,4,stress,0.4415,0.1051,0.0464,1.4625,0.4786,0.2263
140,887,4,discontinu,0.8399,0.1333,0.112,1.4625,0.4786,0.2263
140,890,5,junction,0.9693,0.0664,0.0643,1.4625,0.5463,0.2078
140,890,5,stress,0.4415,0.1209,0.0534,1.4625,0.5463,0.2078
140,890,5,discontinu,0.8399,0.0575,0.0483,1.4625,0.5463,0.2078
140,146,6,discontinu,0.8399,0.1254,0.1053,1.4625,0.3646,0.1975
140,1039,7,stress,0.4415,0.1182,0.0522,1.4625,0.3397,0.1938
140,1039,7,pressur,0.1861,0.0111,0.0021,1.4625,0.3397,0.1938
140,1039,7,discontinu,0.8399,0.05,0.042,1.4625,0.3397,0.1938
140,726,8,stress,0.4415,0.1051,0.0464,1.4625,0.522,0.1707
140,726,8,structur,0.5143,0.1633,0.084,1.4625,0.522,0.1707
140,870,9,stress,0.4415,0.2649,0.1169,1.4625,0.5634,0.1633
140,870,9,structur,0.5143,0.0343,0.0176,1.4625,0.5634,0.1633
140,497,10,stress,0.4415,0.091,0.0402,1.4625,0.3424,0.1619
140,497,10,structur,0.5143,0.0795,0.0409,1.4625,0.3424,0.1619
141,889,1,solut,0.1544,0.046,0.0071,0.8298,0.302,0.3217
141,889,1,stress,0.2759,0.0685,0.0189,0.8298,0.302,0.3217
141,889,1,load,0.2432,0.0242,0.0059,0.8298,0.302,0.3217
141,889,1,shell,0.3226,0.1122,0.0362,0.8298,0.302,0.3217
141,889,1,edg,0.251,0.0499,0.0125,0.8298,0.302,0.3217
141,930,2,solut,0.1544,0.0169,0.0026,0.8298,0.4485,0.3133
141,930,2,stress,0.2759,0.0302,0.0083,0.8298,0.4485,0.3133
141,930,2,revolut,0.3626,0.0397,0.0144,0.8298,0.4485,0.3133
141,930,2,shell,0.3226,0.2828,0.0912,0.8298,0.4485,0.3133
141,890,3,stress,0.2759,0.1209,0.0334,0.8298,0.5463,0.2901
141,890,3,shell,0.3226,0.2828,0.0912,0.8298,0.5463,0.2901
141,890,3,edg,0.251,0.0275,0.0069,0.8298,0.5463,0.2901
141,1043,4,solut,0.1544,0.06,0.0093,0.8298,0.3396,0.286
141,1043,4,stress,0.2759,0.0214,0.0059,0.8298,0.3396,0.286
141,1043,4,load,0.2432,0.0189,0.0046,0.8298,0.3396,0.286
141,1043,4,revolut,0.3626,0.0563,0.0204,0.8298,0.3396,0.286
141,1043,4,shell,0.3226,0.1253,0.0404,0.8298,0.3396,0.286
141,843,5,solut,0.1544,0.052,0.008,0.8298,0.3273,0.2741
141,843,5,stress,0.2759,0.0697,0.0192,0.8298,0.3273,0.2741
141,843,5,load,0.2432,0.0205,0.005,0.8298,0.3273,0.2741
141,843,5,shell,0.3226,0.0815,0.0263,0.8298,0.3273,0.2741
141,843,5,edg,0.251,0.0634,0.0159,0.8298,0.3273,0.2741
141,887,6,stress,0.2759,0.1051,0.029,0.8298,0.4786,0.2595
141,887,6,shell,0.3226,0.2048,0.0661,0.8298,0.4786,0.2595
141,887,6,edg,0.251,0.0319,0.008,0.8298,0.4786,0.2595
141,826,7,solut,0.1544,0.0131,0.002,0.8298,0.3261,0.2391
141,826,7,stress,0.2759,0.0584,0.0161,0.8298,0.3261,0.2391
141,826,7,load,0.2432,0.0103,0.0025,0.8298,0.3261,0.2391
141,826,7,shell,0.3226,0.1366,0.0441,0.8298,0.3261,0.2391
141,1044,8,solut,0.1544,0.0488,0.0075,0.8298,0.4705,0.2362
141,1044,8,stress,0.2759,0.029,0.008,0.8298,0.4705,0.2362
141,1044,8,shell,0.3226,0.2377,0.0767,0.8298,0.4705,0.2362
141,886,9,shell,0.3226,0.3147,0.1015,0.8298,0.6479,0.2346
141,886,9,edg,0.251,0.0979,0.0246,0.8298,0.6479,0.2346
141,851,10,solut,0.1544,0.016,0.0025,0.8298,0.368,0.2336
141,851,10,stress,0.2759,0.086,0.0237,0.8298,0.368,0.2336
141,851,10,load,0.2432,0.0253,0.0061,0.8298,0.368,0.2336
141,851,10,shell,0.3226,0.1006,0.0324,0.8298,0.368,0.2336
141,851,10,edg,0.251,0.0261,0.0065,0.8298,0.368,0.2336
142,827,1,pressur,0.0931,0.0053,0.0005,1.4161,0.4684,0.3191
142,827,1,dome,0.7244,0.2914,0.2111,1.4161,0.4684,0.3191
142,954,2,stress,0.2207,0.1839,0.0406,1.4161,0.59,0.2943
142,954,2,closur,0.7244,0.1509,0.1093,1.4161,0.59,0.2943
142,954,2,pressur,0.0931,0.0388,0.0036,1.4161,0.59,0.2943
142,954,2,discontinu,0.42,0.0875,0.0367,1.4161,0.59,0.2943
142,954,2,vessel,0.5165,0.1076,0.0556,1.4161,0.59,0.2943
142,887,3,stress,0.2207,0.1051,0.0232,1.4161,0.4786,0.1497
142,887,3,discontinu,0.42,0.1333,0.056,1.4161,0.4786,0.1497
142,887,3,cylindr,0.2649,0.0841,0.0223,1.4161,0.4786,0.1497
142,922,4,pressur,0.0931,0.0282,0.0026,1.4161,0.4175,0.14
142,922,4,discontinu,0.42,0.1909,0.0802,1.4161,0.4175,0.14
142,1135,5,pressur,0.0931,0.0274,0.0025,1.4161,0.4728,0.1364
142,1135,5,cylindr,0.2649,0.039,0.0103,1.4161,0.4728,0.1364
142,1135,5,vessel,0.5165,0.1519,0.0785,1.4161,0.4728,0.1364
142,1134,6,stress,0.2207,0.0577,0.0127,1.4161,0.5402,0.1346
142,1134,6,use,0.1004,0.0131,0.0013,1.4161,0.5402,0.1346
142,1134,6,pressur,0.0931,0.0182,0.0017,1.4161,0.5402,0.1346
142,1134,6,vessel,0.5165,0.1688,0.0872,1.4161,0.5402,0.1346
142,1136,7,stress,0.2207,0.0175,0.0039,1.4161,0.4124,0.1298
142,1136,7,use,0.1004,0.008,0.0008,1.4161,0.4124,0.1298
142,1136,7,pressur,0.0931,0.0222,0.0021,1.4161,0.4124,0.1298
142,1136,7,cylindr,0.2649,0.021,0.0056,1.4161,0.4124,0.1298
142,1136,7,vessel,0.5165,0.123,0.0635,1.4161,0.4124,0.1298
142,1009,8,use,0.1004,0.0107,0.0011,1.4161,0.3761,0.1221
142,1009,8,pressur,0.0931,0.0198,0.0018,1.4161,0.3761,0.1221
142,1009,8,contour,0.4411,0.1408,0.0621,1.4161,0.3761,0.1221
142,1125,9,pressur,0.0931,0.06,0.0056,1.4161,0.4534,0.1216
142,1125,9,cylindr,0.2649,0.057,0.0151,1.4161,0.4534,0.1216
142,1125,9,vessel,0.5165,0.1111,0.0574,1.4161,0.4534,0.1216
142,741,10,stress,0.2207,0.0849,0.0187,1.4161,0.4923,0.1154
142,741,10,minim,0.4248,0.0817,0.0347,1.4161,0.4923,0.1154
142,741,10,cylindr,0.2649,0.1019,0.027,1.4161,0.4923,0.1154
143,930,1,solut,0.1765,0.0169,0.003,0.8196,0.4485,0.3887
143,930,1,stress,0.3153,0.0302,0.0095,0.8196,0.4485,0.3887
143,930,1,revolut,0.4143,0.0397,0.0165,0.8196,0.4485,0.3887
143,930,1,shell,0.3687,0.2828,0.1043,0.8196,0.4485,0.3887
143,930,1,general,0.2239,0.0429,0.0096,0.8196,0.4485,0.3887
143,1043,2,solut,0.1765,0.06,0.0106,0.8196,0.3396,0.3409
143,1043,2,stress,0.3153,0.0214,0.0068,0.8196,0.3396,0.3409
143,1043,2,pressur,0.133,0.009,0.0012,0.8196,0.3396,0.3409
143,1043,2,revolut,0.4143,0.0563,0.0233,0.8196,0.3396,0.3409
143,1043,2,shell,0.3687,0.1253,0.0462,0.8196,0.3396,0.3409
143,1043,2,general,0.2239,0.0304,0.0068,0.8196,0.3396,0.3409
143,890,3,stress,0.3153,0.1209,0.0381,0.8196,0.5463,0.318
143,890,3,shell,0.3687,0.2828,0.1043,0.8196,0.5463,0.318
143,889,4,solut,0.1765,0.046,0.0081,0.8196,0.302,0.2873
143,889,4,stress,0.3153,0.0685,0.0216,0.8196,0.302,0.2873
143,889,4,shell,0.3687,0.1122,0.0414,0.8196,0.302,0.2873
143,826,5,solut,0.1765,0.0131,0.0023,0.8196,0.3261,0.2867
143,826,5,stress,0.3153,0.0584,0.0184,0.8196,0.3261,0.2867
143,826,5,shell,0.3687,0.1366,0.0503,0.8196,0.3261,0.2867
143,826,5,general,0.2239,0.0249,0.0056,0.8196,0.3261,0.2867
143,1044,6,solut,0.1765,0.0488,0.0086,0.8196,0.4705,0.2853
143,1044,6,stress,0.3153,0.029,0.0092,0.8196,0.4705,0.2853
143,1044,6,shell,0.3687,0.2377,0.0876,0.8196,0.4705,0.2853
143,1044,6,general,0.2239,0.0206,0.0046,0.8196,0.4705,0.2853
143,887,7,stress,0.3153,0.1051,0.0331,0.8196,0.4786,0.277
143,887,7,shell,0.3687,0.2048,0.0755,0.8196,0.4786,0.277
143,953,8,stress,0.3153,0.1743,0.0549,0.8196,0.6147,0.2765
143,953,8,shell,0.3687,0.2037,0.0751,0.8196,0.6147,0.2765
143,953,8,general,0.2239,0.0412,0.0092,0.8196,0.6147,0.2765
143,1071,9,stress,0.3153,0.0724,0.0228,0.8196,0.4857,0.2685
143,1071,9,pressur,0.133,0.0458,0.0061,0.8196,0.4857,0.2685
143,1071,9,shell,0.3687,0.2115,0.078,0.8196,0.4857,0.2685
143,885,10,stress,0.3153,0.2703,0.0852,0.8196,0.5761,0.2627
143,885,10,shell,0.3687,0.1053,0.0388,0.8196,0.5761,0.2627
144,1045,1,bend,0.1433,0.2007,0.0288,0.7529,0.6297,0.3613
144,1045,1,membran,0.2353,0.3294,0.0775,0.7529,0.6297,0.3613
144,1045,1,pressur,0.0886,0.1241,0.011,0.7529,0.6297,0.3613
144,1045,1,cylind,0.1964,0.275,0.054,0.7529,0.6297,0.3613
144,955,2,pure,0.1814,0.0762,0.0138,0.7529,0.641,0.3044
144,955,2,bend,0.1433,0.1204,0.0173,0.7529,0.641,0.3044
144,955,2,membran,0.2353,0.3953,0.093,0.7529,0.641,0.3044
144,955,2,pressur,0.0886,0.0745,0.0066,0.7529,0.641,0.3044
144,955,2,cylind,0.1964,0.0825,0.0162,0.7529,0.641,0.3044
144,763,3,wall,0.1897,0.0356,0.0067,0.7529,0.443,0.2855
144,763,3,bend,0.1433,0.1613,0.0231,0.7529,0.443,0.2855
144,763,3,pressur,0.0886,0.0665,0.0059,0.7529,0.443,0.2855
144,763,3,intern,0.1648,0.1854,0.0305,0.7529,0.443,0.2855
144,763,3,cylind,0.1964,0.1473,0.0289,0.7529,0.443,0.2855
144,1340,4,stiff,0.3913,0.2568,0.1005,0.7529,0.6467,0.2466
144,1340,4,bend,0.1433,0.047,0.0067,0.7529,0.6467,0.2466
144,1340,4,maintain,0.1978,0.0649,0.0128,0.7529,0.6467,0.2466
144,840,5,stiff,0.3913,0.0806,0.0315,0.7529,0.862,0.2332
144,840,5,membran,0.2353,0.4845,0.114,0.7529,0.862,0.2332
144,840,5,studi,0.0842,0.0693,0.0058,0.7529,0.862,0.2332
144,1363,6,pure,0.1814,0.0393,0.0071,0.7529,0.403,0.2129
144,1363,6,behaviour,0.188,0.0814,0.0153,0.7529,0.403,0.2129
144,1363,6,stiff,0.3913,0.0424,0.0166,0.7529,0.403,0.2129
144,1363,6,wall,0.1897,0.0411,0.0078,0.7529,0.403,0.2129
144,1363,6,bend,0.1433,0.1241,0.0178,0.7529,0.403,0.2129
144,839,7,wall,0.1897,0.0208,0.0039,0.7529,0.463,0.2127
144,839,7,bend,0.1433,0.1568,0.0225,0.7529,0.463,0.2127
144,839,7,pressur,0.0886,0.0679,0.006,0.7529,0.463,0.2127
144,839,7,intern,0.1648,0.0721,0.0119,0.7529,0.463,0.2127
144,839,7,cylind,0.1964,0.1504,0.0295,0.7529,0.463,0.2127
144,839,7,number,0.0378,0.0083,0.0003,0.7529,0.463,0.2127
144,1046,8,wall,0.1897,0.0424,0.008,0.7529,0.4714,0.1992
144,1046,8,bend,0.1433,0.064,0.0092,0.7529,0.4714,0.1992
144,1046,8,pressur,0.0886,0.0198,0.0018,0.7529,0.4714,0.1992
144,1046,8,cylind,0.1964,0.2633,0.0517,0.7529,0.4714,0.1992
144,838,9,bend,0.1433,0.1771,0.0254,0.7529,0.4695,0.1937
144,838,9,pressur,0.0886,0.0547,0.0049,0.7529,0.4695,0.1937
144,838,9,intern,0.1648,0.1357,0.0224,0.7529,0.4695,0.1937
144,838,9,cylind,0.1964,0.0809,0.0159,0.7529,0.4695,0.1937
144,1126,10,bend,0.1433,0.0568,0.0081,0.7529,0.4833,0.1912
144,1126,10,provid,0.1158,0.0459,0.0053,0.7529,0.4833,0.1912
144,1126,10,pressur,0.0886,0.0176,0.0016,0.7529,0.4833,0.1912
144,1126,10,intern,0.1648,0.0653,0.0108,0.7529,0.4833,0.1912
144,1126,10,cylind,0.1964,0.0778,0.0153,0.7529,0.4833,0.1912
144,1126,10,insight,0.2683,0.1063,0.0285,0.7529,0.4833,0.1912
145,1045,1,data,0.1554,0.1243,0.0193,0.7736,0.6297,0.2971
145,1045,1,bend,0.2508,0.2007,0.0503,0.7736,0.6297,0.2971
145,1045,1,experiment,0.1182,0.0945,0.0112,0.7736,0.6297,0.2971
145,1045,1,pressur,0.0776,0.1241,0.0096,0.7736,0.6297,0.2971
145,1045,1,cylind,0.1719,0.275,0.0473,0.7736,0.6297,0.2971
145,1045,1,theori,0.0935,0.0748,0.007,0.7736,0.6297,0.2971
145,839,2,data,0.1554,0.0777,0.0121,0.7736,0.463,0.2788
145,839,2,bend,0.2508,0.1568,0.0393,0.7736,0.463,0.2788
145,839,2,best,0.3726,0.0466,0.0174,0.7736,0.463,0.2788
145,839,2,pressur,0.0776,0.0679,0.0053,0.7736,0.463,0.2788
145,839,2,cylind,0.1719,0.1504,0.0258,0.7736,0.463,0.2788
145,1051,3,data,0.1554,0.0723,0.0112,0.7736,0.3513,0.2779
145,1051,3,classic,0.2942,0.0274,0.0081,0.7736,0.3513,0.2779
145,1051,3,deflect,0.2315,0.0431,0.01,0.7736,0.3513,0.2779
145,1051,3,experiment,0.1182,0.011,0.0013,0.7736,0.3513,0.2779
145,1051,3,best,0.3726,0.0347,0.0129,0.7736,0.3513,0.2779
145,1051,3,small,0.1473,0.0137,0.002,0.7736,0.3513,0.2779
145,1051,3,avail,0.2375,0.0442,0.0105,0.7736,0.3513,0.2779
145,1051,3,pressur,0.0776,0.0289,0.0022,0.7736,0.3513,0.2779
145,1051,3,cylind,0.1719,0.0959,0.0165,0.7736,0.3513,0.2779
145,1051,3,theori,0.0935,0.0087,0.0008,0.7736,0.3513,0.2779
145,763,4,deflect,0.2315,0.0496,0.0115,0.7736,0.443,0.254
145,763,4,bend,0.2508,0.1613,0.0405,0.7736,0.443,0.254
145,763,4,small,0.1473,0.0316,0.0047,0.7736,0.443,0.254
145,763,4,pressur,0.0776,0.0665,0.0052,0.7736,0.443,0.254
145,763,4,cylind,0.1719,0.1473,0.0253,0.7736,0.443,0.254
145,838,5,deflect,0.2315,0.0545,0.0126,0.7736,0.4695,0.2351
145,838,5,bend,0.2508,0.1771,0.0444,0.7736,0.4695,0.2351
145,838,5,small,0.1473,0.0693,0.0102,0.7736,0.4695,0.2351
145,838,5,pressur,0.0776,0.0547,0.0042,0.7736,0.4695,0.2351
145,838,5,cylind,0.1719,0.0809,0.0139,0.7736,0.4695,0.2351
145,1046,6,bend,0.2508,0.064,0.0161,0.7736,0.4714,0.1973
145,1046,6,experiment,0.1182,0.0302,0.0036,0.7736,0.4714,0.1973
145,1046,6,small,0.1473,0.0376,0.0055,0.7736,0.4714,0.1973
145,1046,6,pressur,0.0776,0.0198,0.0015,0.7736,0.4714,0.1973
145,1046,6,cylind,0.1719,0.2633,0.0453,0.7736,0.4714,0.1973
145,1024,7,deflect,0.2315,0.1752,0.0406,0.7736,0.4702,0.1863
145,1024,7,bend,0.2508,0.1085,0.0272,0.7736,0.4702,0.1863
145,928,8,data,0.1554,0.0079,0.0012,0.7736,0.2736,0.1825
145,928,8,deflect,0.2315,0.0591,0.0137,0.7736,0.2736,0.1825
145,928,8,bend,0.2508,0.0512,0.0129,0.7736,0.2736,0.1825
145,928,8,experiment,0.1182,0.0181,0.0021,0.7736,0.2736,0.1825
145,928,8,cylind,0.1719,0.0351,0.006,0.7736,0.2736,0.1825
145,928,8,theori,0.0935,0.0286,0.0027,0.7736,0.2736,0.1825
145,1126,9,classic,0.2942,0.0666,0.0196,0.7736,0.4833,0.1808
145,1126,9,deflect,0.2315,0.0524,0.0121,0.7736,0.4833,0.1808
145,1126,9,bend,0.2508,0.0568,0.0142,0.7736,0.4833,0.1808
145,1126,9,small,0.1473,0.0334,0.0049,0.7736,0.4833,0.1808
145,1126,9,pressur,0.0776,0.0176,0.0014,0.7736,0.4833,0.1808
145,1126,9,cylind,0.1719,0.0778,0.0134,0.7736,0.4833,0.1808
145,1126,9,theori,0.0935,0.0212,0.002,0.7736,0.4833,0.1808
145,1121,10,data,0.1554,0.1195,0.0186,0.7736,0.3976,0.1785
145,1121,10,best,0.3726,0.0573,0.0214,0.7736,0.3976,0.1785
145,1121,10,cylind,0.1719,0.0793,0.0136,0.7736,0.3976,0.1785
145,1121,10,theori,0.0935,0.0144,0.0013,0.7736,0.3976,0.1785
146,1045,1,bend,0.3345,0.2007,0.0671,1.309,0.6297,0.6237
146,1045,1,membran,1.0981,0.3294,0.3618,1.309,0.6297,0.6237
146,1045,1,pressur,0.1034,0.1241,0.0128,1.309,0.6297,0.6237
146,1045,1,cylind,0.2292,0.275,0.063,1.309,0.6297,0.6237
146,1045,1,theori,0.1246,0.0748,0.0093,1.309,0.6297,0.6237
146,955,2,bend,0.3345,0.1204,0.0403,1.309,0.641,0.5971
146,955,2,membran,1.0981,0.3953,0.4341,1.309,0.641,0.5971
146,955,2,pressur,0.1034,0.0745,0.0077,1.309,0.641,0.5971
146,955,2,cylind,0.2292,0.0825,0.0189,1.309,0.641,0.5971
146,840,3,membran,1.0981,0.4845,0.532,1.309,0.862,0.4839
146,840,3,theori,0.1246,0.044,0.0055,1.309,0.862,0.4839
146,840,3,predict,0.2202,0.0389,0.0086,1.309,0.862,0.4839
146,641,4,bend,0.3345,0.0412,0.0138,1.309,0.4733,0.3853
146,641,4,membran,1.0981,0.2031,0.223,1.309,0.4733,0.3853
146,641,4,theori,0.1246,0.0154,0.0019,1.309,0.4733,0.3853
146,854,5,membran,1.0981,0.1901,0.2087,1.309,0.5254,0.3377
146,854,5,cylind,0.2292,0.0793,0.0182,1.309,0.5254,0.3377
146,854,5,theori,0.1246,0.0431,0.0054,1.309,0.5254,0.3377
146,730,6,bend,0.3345,0.0456,0.0153,1.309,0.3766,0.2811
146,730,6,membran,1.0981,0.1123,0.1233,1.309,0.3766,0.2811
146,1175,7,bend,0.3345,0.0602,0.0201,1.309,0.4606,0.216
146,1175,7,membran,1.0981,0.0988,0.1085,1.309,0.4606,0.216
146,1175,7,pressur,0.1034,0.0062,0.0006,1.309,0.4606,0.216
146,1175,7,theori,0.1246,0.0075,0.0009,1.309,0.4606,0.216
146,763,8,bend,0.3345,0.1613,0.0539,1.309,0.443,0.1631
146,763,8,pressur,0.1034,0.0665,0.0069,1.309,0.443,0.1631
146,763,8,cylind,0.2292,0.1473,0.0338,1.309,0.443,0.1631
146,839,9,bend,0.3345,0.1568,0.0524,1.309,0.463,0.155
146,839,9,pressur,0.1034,0.0679,0.007,1.309,0.463,0.155
146,839,9,cylind,0.2292,0.1504,0.0345,1.309,0.463,0.155
146,1363,10,behaviour,0.4387,0.0814,0.0357,1.309,0.403,0.1464
146,1363,10,bend,0.3345,0.1241,0.0415,1.309,0.403,0.1464
147,956,1,sandwich,0.5199,0.1248,0.0649,1.1803,0.4467,0.6239
147,956,1,equat,0.1386,0.0832,0.0115,1.1803,0.4467,0.6239
147,956,1,core,0.4473,0.161,0.072,1.1803,0.4467,0.6239
147,956,1,support,0.3329,0.0799,0.0266,1.1803,0.4467,0.6239
147,956,1,cylind,0.2292,0.0825,0.0189,1.1803,0.4467,0.6239
147,956,1,stabil,0.273,0.0328,0.0089,1.1803,0.4467,0.6239
147,956,1,corrug,0.6058,0.1454,0.0881,1.1803,0.4467,0.6239
147,956,1,simpli,0.3979,0.0955,0.038,1.1803,0.4467,0.6239
147,1050,2,sandwich,0.5199,0.208,0.1081,1.1803,0.5443,0.597
147,1050,2,equat,0.1386,0.0277,0.0038,1.1803,0.5443,0.597
147,1050,2,core,0.4473,0.1789,0.08,1.1803,0.5443,0.597
147,1050,2,support,0.3329,0.1331,0.0443,1.1803,0.5443,0.597
147,1050,2,cylind,0.2292,0.0458,0.0105,1.1803,0.5443,0.597
147,1050,2,corrug,0.6058,0.1212,0.0734,1.1803,0.5443,0.597
147,1050,2,simpli,0.3979,0.1591,0.0633,1.1803,0.5443,0.597
147,1049,3,sandwich,0.5199,0.319,0.1659,1.1803,0.6282,0.4814
147,1049,3,core,0.4473,0.0915,0.0409,1.1803,0.6282,0.4814
147,1049,3,corrug,0.6058,0.2478,0.1501,1.1803,0.6282,0.4814
147,1128,4,sandwich,0.5199,0.1185,0.0616,1.1803,0.5577,0.2666
147,1128,4,core,0.4473,0.2548,0.1139,1.1803,0.5577,0.2666
147,1358,5,support,0.3329,0.2397,0.0798,1.1803,0.7385,0.253
147,1358,5,stabil,0.273,0.0983,0.0268,1.1803,0.7385,0.253
147,1358,5,simpli,0.3979,0.2865,0.114,1.1803,0.7385,0.253
147,191,6,equat,0.1386,0.0113,0.0016,1.1803,0.3948,0.2493
147,191,6,core,0.4473,0.2562,0.1146,1.1803,0.3948,0.2493
147,1171,7,equat,0.1386,0.0277,0.0038,1.1803,0.533,0.2377
147,1171,7,core,0.4473,0.1789,0.08,1.1803,0.533,0.2377
147,1171,7,cylind,0.2292,0.0917,0.021,1.1803,0.533,0.2377
147,1171,7,stabil,0.273,0.1638,0.0447,1.1803,0.533,0.2377
147,720,8,sandwich,0.5199,0.2576,0.1339,1.1803,0.4906,0.2313
147,1048,9,sandwich,0.5199,0.2925,0.1521,1.1803,0.5663,0.2275
147,1172,10,core,0.4473,0.2464,0.1102,1.1803,0.4907,0.2258
147,1172,10,stabil,0.273,0.0752,0.0205,1.1803,0.4907,0.2258
148,1048,1,sandwich,0.6685,0.2925,0.1955,0.9877,0.5663,0.5988
148,1048,1,deflect,0.3969,0.1736,0.0689,0.9877,0.5663,0.5988
148,1048,1,small,0.2525,0.1105,0.0279,0.9877,0.5663,0.5988
148,1048,1,buckl,0.3429,0.075,0.0257,0.9877,0.5663,0.5988
148,1048,1,theori,0.1602,0.1052,0.0169,0.9877,0.5663,0.5988
148,956,2,sandwich,0.6685,0.1248,0.0834,0.9877,0.4467,0.4178
148,956,2,deflect,0.3969,0.0741,0.0294,0.9877,0.4467,0.4178
148,956,2,small,0.2525,0.0471,0.0119,0.9877,0.4467,0.4178
148,956,2,buckl,0.3429,0.096,0.0329,0.9877,0.4467,0.4178
148,956,2,cylind,0.2946,0.0825,0.0243,0.9877,0.4467,0.4178
148,956,2,theori,0.1602,0.015,0.0024,0.9877,0.4467,0.4178
148,1050,3,sandwich,0.6685,0.208,0.139,0.9877,0.5443,0.4048
148,1050,3,deflect,0.3969,0.0617,0.0245,0.9877,0.5443,0.4048
148,1050,3,buckl,0.3429,0.1067,0.0366,0.9877,0.5443,0.4048
148,1050,3,cylind,0.2946,0.0458,0.0135,0.9877,0.5443,0.4048
148,1050,3,theori,0.1602,0.0249,0.004,0.9877,0.5443,0.4048
148,720,4,sandwich,0.6685,0.2576,0.1722,0.9877,0.4906,0.3724
148,720,4,paper,0.278,0.0179,0.005,0.9877,0.4906,0.3724
148,720,4,theori,0.1602,0.0206,0.0033,0.9877,0.4906,0.3724
148,761,5,sandwich,0.6685,0.191,0.1277,0.9877,0.5535,0.3632
148,761,5,buckl,0.3429,0.1959,0.0672,0.9877,0.5535,0.3632
148,761,5,theori,0.1602,0.0229,0.0037,0.9877,0.5535,0.3632
148,1049,6,sandwich,0.6685,0.319,0.2133,0.9877,0.6282,0.3503
148,1049,6,theori,0.1602,0.0255,0.0041,0.9877,0.6282,0.3503
148,1126,7,sandwich,0.6685,0.0883,0.059,0.9877,0.4833,0.3376
148,1126,7,deflect,0.3969,0.0524,0.0208,0.9877,0.4833,0.3376
148,1126,7,small,0.2525,0.0334,0.0084,0.9877,0.4833,0.3376
148,1126,7,buckl,0.3429,0.1359,0.0466,0.9877,0.4833,0.3376
148,1126,7,cylind,0.2946,0.0778,0.0229,0.9877,0.4833,0.3376
148,1126,7,theori,0.1602,0.0212,0.0034,0.9877,0.4833,0.3376
148,1127,8,sandwich,0.6685,0.104,0.0695,0.9877,0.4184,0.2797
148,1127,8,deflect,0.3969,0.0206,0.0082,0.9877,0.4184,0.2797
148,1127,8,buckl,0.3429,0.1067,0.0366,0.9877,0.4184,0.2797
148,1127,8,theori,0.1602,0.0083,0.0013,0.9877,0.4184,0.2797
148,888,9,buckl,0.3429,0.2182,0.0748,0.9877,0.4862,0.2765
148,888,9,cylind,0.2946,0.1875,0.0552,0.9877,0.4862,0.2765
148,888,9,theori,0.1602,0.017,0.0027,0.9877,0.4862,0.2765
148,928,10,deflect,0.3969,0.0591,0.0235,0.9877,0.2736,0.2584
148,928,10,paper,0.278,0.0248,0.0069,0.9877,0.2736,0.2584
148,928,10,buckl,0.3429,0.0715,0.0245,0.9877,0.2736,0.2584
148,928,10,cylind,0.2946,0.0351,0.0103,0.9877,0.2736,0.2584
148,928,10,theori,0.1602,0.0286,0.0046,0.9877,0.2736,0.2584
149,930,1,larg,0.1892,0.0518,0.0098,0.8243,0.4485,0.3996
149,930,1,deflect,0.2778,0.1142,0.0317,0.8243,0.4485,0.3996
149,930,1,conic,0.3055,0.0837,0.0256,0.8243,0.4485,0.3996
149,930,1,shell,0.2581,0.2828,0.073,0.8243,0.4485,0.3996
149,930,1,develop,0.1668,0.0457,0.0076,0.8243,0.4485,0.3996
149,1070,2,conic,0.3055,0.2735,0.0836,0.8243,0.6255,0.3294
149,1070,2,analysi,0.1617,0.0241,0.0039,0.8243,0.6255,0.3294
149,1070,2,shell,0.2581,0.2696,0.0696,0.8243,0.6255,0.3294
149,1070,2,accur,0.2927,0.0437,0.0128,0.8243,0.6255,0.3294
149,1058,3,deflect,0.2778,0.109,0.0303,0.8243,0.5581,0.2644
149,1058,3,conic,0.3055,0.2396,0.0732,0.8243,0.5581,0.2644
149,1058,3,analysi,0.1617,0.0317,0.0051,0.8243,0.5581,0.2644
149,1058,3,shell,0.2581,0.0506,0.0131,0.8243,0.5581,0.2644
149,926,4,behaviour,0.3948,0.0494,0.0195,0.8243,0.4101,0.2521
149,926,4,deflect,0.2778,0.1042,0.0289,0.8243,0.4101,0.2521
149,926,4,shell,0.2581,0.129,0.0333,0.8243,0.4101,0.2521
149,926,4,develop,0.1668,0.0209,0.0035,0.8243,0.4101,0.2521
149,1068,5,analysi,0.1617,0.02,0.0032,0.8243,0.3988,0.2192
149,1068,5,shell,0.2581,0.1593,0.0411,0.8243,0.3988,0.2192
149,1068,5,accur,0.2927,0.0361,0.0106,0.8243,0.3988,0.2192
149,1068,5,establish,0.3332,0.0411,0.0137,0.8243,0.3988,0.2192
149,1068,5,develop,0.1668,0.0206,0.0034,0.8243,0.3988,0.2192
149,1059,6,larg,0.1892,0.0155,0.0029,0.8243,0.4153,0.2127
149,1059,6,conic,0.3055,0.1502,0.0459,0.8243,0.4153,0.2127
149,1059,6,analysi,0.1617,0.0133,0.0021,0.8243,0.4153,0.2127
149,1059,6,shell,0.2581,0.0846,0.0218,0.8243,0.4153,0.2127
149,1044,7,deflect,0.2778,0.0731,0.0203,0.8243,0.4705,0.2106
149,1044,7,shell,0.2581,0.2377,0.0613,0.8243,0.4705,0.2106
149,898,8,conic,0.3055,0.1971,0.0602,0.8243,0.6167,0.203
149,898,8,shell,0.2581,0.1665,0.043,0.8243,0.6167,0.203
149,633,9,conic,0.3055,0.2494,0.0762,0.8243,0.5253,0.189
149,633,9,develop,0.1668,0.034,0.0057,0.8243,0.5253,0.189
149,1361,10,larg,0.1892,0.0832,0.0157,0.8243,0.4229,0.1756
149,1361,10,deflect,0.2778,0.1527,0.0424,0.8243,0.4229,0.1756
149,1361,10,develop,0.1668,0.0183,0.0031,0.8243,0.4229,0.1756
150,1074,1,superson,0.1646,0.0336,0.0055,0.6665,0.3118,0.5834
150,1074,1,bodi,0.1564,0.0638,0.01,0.6665,0.3118,0.5834
150,1074,1,interfer,0.3416,0.1046,0.0357,0.6665,0.3118,0.5834
150,1074,1,second,0.2544,0.1038,0.0264,0.6665,0.3118,0.5834
150,1074,1,mach,0.1283,0.0262,0.0034,0.6665,0.3118,0.5834
150,1074,1,wing,0.1824,0.093,0.017,0.6665,0.3118,0.5834
150,1074,1,high,0.1719,0.0175,0.003,0.6665,0.3118,0.5834
150,1074,1,number,0.0794,0.0081,0.0006,0.6665,0.3118,0.5834
150,1074,1,order,0.1961,0.1001,0.0196,0.6665,0.3118,0.5834
150,1062,2,bodi,0.1564,0.0962,0.0151,0.6665,0.3662,0.5646
150,1062,2,interfer,0.3416,0.1576,0.0538,0.6665,0.3662,0.5646
150,1062,2,second,0.2544,0.0783,0.0199,0.6665,0.3662,0.5646
150,1062,2,mach,0.1283,0.0395,0.0051,0.6665,0.3662,0.5646
150,1062,2,wing,0.1824,0.1403,0.0256,0.6665,0.3662,0.5646
150,1062,2,high,0.1719,0.0264,0.0045,0.6665,0.3662,0.5646
150,1062,2,number,0.0794,0.0244,0.0019,0.6665,0.3662,0.5646
150,1062,2,order,0.1961,0.0603,0.0118,0.6665,0.3662,0.5646
150,1075,3,superson,0.1646,0.0261,0.0043,0.6665,0.3622,0.4624
150,1075,3,bodi,0.1564,0.0621,0.0097,0.6665,0.3622,0.4624
150,1075,3,interfer,0.3416,0.1355,0.0463,0.6665,0.3622,0.4624
150,1075,3,second,0.2544,0.0404,0.0103,0.6665,0.3622,0.4624
150,1075,3,mach,0.1283,0.0509,0.0065,0.6665,0.3622,0.4624
150,1075,3,wing,0.1824,0.1447,0.0264,0.6665,0.3622,0.4624
150,1075,3,number,0.0794,0.0252,0.002,0.6665,0.3622,0.4624
150,1075,3,order,0.1961,0.0311,0.0061,0.6665,0.3622,0.4624
150,610,4,interfer,0.3416,0.2813,0.0961,0.6665,0.4063,0.3742
150,610,4,number,0.0794,0.0093,0.0007,0.6665,0.4063,0.3742
150,610,4,order,0.1961,0.0231,0.0045,0.6665,0.4063,0.3742
150,1243,5,superson,0.1646,0.0531,0.0087,0.6665,0.4983,0.3078
150,1243,5,bodi,0.1564,0.1514,0.0237,0.6665,0.4983,0.3078
150,1243,5,interfer,0.3416,0.1102,0.0376,0.6665,0.4983,0.3078
150,1243,5,wing,0.1824,0.1765,0.0322,0.6665,0.4983,0.3078
150,1108,6,superson,0.1646,0.0222,0.0037,0.6665,0.3174,0.3015
150,1108,6,bodi,0.1564,0.0528,0.0083,0.6665,0.3174,0.3015
150,1108,6,second,0.2544,0.1031,0.0262,0.6665,0.3174,0.3015
150,1108,6,wing,0.1824,0.0123,0.0022,0.6665,0.3174,0.3015
150,1108,6,order,0.1961,0.1193,0.0234,0.6665,0.3174,0.3015
150,1259,7,superson,0.1646,0.0326,0.0054,0.6665,0.3541,0.286
150,1259,7,bodi,0.1564,0.0465,0.0073,0.6665,0.3541,0.286
150,1259,7,second,0.2544,0.1259,0.032,0.6665,0.3541,0.286
150,1259,7,order,0.1961,0.1165,0.0228,0.6665,0.3541,0.286
150,924,8,superson,0.1646,0.0392,0.0064,0.6665,0.4135,0.2762
150,924,8,bodi,0.1564,0.0621,0.0097,0.6665,0.4135,0.2762
150,924,8,interfer,0.3416,0.0813,0.0278,0.6665,0.4135,0.2762
150,924,8,wing,0.1824,0.1737,0.0317,0.6665,0.4135,0.2762
150,924,8,number,0.0794,0.0063,0.0005,0.6665,0.4135,0.2762
150,1239,9,superson,0.1646,0.0069,0.0011,0.6665,0.2761,0.2726
150,1239,9,bodi,0.1564,0.1254,0.0196,0.6665,0.2761,0.2726
150,1239,9,interfer,0.3416,0.0288,0.0098,0.6665,0.2761,0.2726
150,1239,9,mach,0.1283,0.0108,0.0014,0.6665,0.2761,0.2726
150,1239,9,wing,0.1824,0.0923,0.0168,0.6665,0.2761,0.2726
150,1239,9,number,0.0794,0.0167,0.0013,0.6665,0.2761,0.2726
150,923,10,superson,0.1646,0.0177,0.0029,0.6665,0.3914,0.266
150,923,10,bodi,0.1564,0.1009,0.0158,0.6665,0.3914,0.266
150,923,10,interfer,0.3416,0.0735,0.0251,0.6665,0.3914,0.266
150,923,10,wing,0.1824,0.1177,0.0215,0.6665,0.3914,0.266
150,923,10,order,0.1961,0.0211,0.0041,0.6665,0.3914,0.266
151,433,1,theoret,0.2231,0.0072,0.0016,0.9085,0.3548,0.1834
151,433,1,alon,0.559,0.0359,0.0201,0.9085,0.3548,0.1834
151,433,1,calcul,0.1814,0.0175,0.0032,0.9085,0.3548,0.1834
151,433,1,wing,0.228,0.1392,0.0317,0.9085,0.3548,0.1834
151,433,1,method,0.1405,0.0181,0.0025,0.9085,0.3548,0.1834
151,1062,2,theoret,0.2231,0.0824,0.0184,0.9085,0.3662,0.1807
151,1062,2,pressur,0.1163,0.0143,0.0017,0.9085,0.3662,0.1807
151,1062,2,calcul,0.1814,0.0447,0.0081,0.9085,0.3662,0.1807
151,1062,2,wing,0.228,0.1403,0.032,0.9085,0.3662,0.1807
151,251,3,theoret,0.2231,0.038,0.0085,0.9085,0.4891,0.1786
151,251,3,alon,0.559,0.0951,0.0532,0.9085,0.4891,0.1786
151,251,3,wing,0.228,0.0776,0.0177,0.9085,0.4891,0.1786
151,678,4,theoret,0.2231,0.0324,0.0072,0.9085,0.4949,0.1449
151,678,4,calcul,0.1814,0.0792,0.0144,0.9085,0.4949,0.1449
151,678,4,wing,0.228,0.1658,0.0378,0.9085,0.4949,0.1449
151,678,4,method,0.1405,0.0409,0.0057,0.9085,0.4949,0.1449
151,924,5,pressur,0.1163,0.0148,0.0017,0.9085,0.4135,0.14
151,924,5,calcul,0.1814,0.0346,0.0063,0.9085,0.4135,0.14
151,924,5,wing,0.228,0.1737,0.0396,0.9085,0.4135,0.14
151,924,5,method,0.1405,0.0357,0.005,0.9085,0.4135,0.14
151,676,6,surfac,0.1806,0.0328,0.0059,0.9085,0.4673,0.1399
151,676,6,calcul,0.1814,0.0989,0.0179,0.9085,0.4673,0.1399
151,676,6,wing,0.228,0.1243,0.0283,0.9085,0.4673,0.1399
151,676,6,method,0.1405,0.0511,0.0072,0.9085,0.4673,0.1399
151,101,7,theoret,0.2231,0.0092,0.002,0.9085,0.2898,0.1399
151,101,7,alon,0.559,0.0459,0.0256,0.9085,0.2898,0.1399
151,101,7,pressur,0.1163,0.0143,0.0017,0.9085,0.2898,0.1399
151,101,7,surfac,0.1806,0.0371,0.0067,0.9085,0.2898,0.1399
151,101,7,method,0.1405,0.0058,0.0008,0.9085,0.2898,0.1399
151,52,8,surfac,0.1806,0.013,0.0024,0.9085,0.3234,0.1392
151,52,8,calcul,0.1814,0.0523,0.0095,0.9085,0.3234,0.1392
151,52,8,wing,0.228,0.115,0.0262,0.9085,0.3234,0.1392
151,52,8,method,0.1405,0.0203,0.0028,0.9085,0.3234,0.1392
151,1246,9,theoret,0.2231,0.0114,0.0025,0.9085,0.2873,0.1372
151,1246,9,pressur,0.1163,0.0059,0.0007,0.9085,0.2873,0.1372
151,1246,9,surfac,0.1806,0.0552,0.01,0.9085,0.2873,0.1372
151,1246,9,calcul,0.1814,0.0092,0.0017,0.9085,0.2873,0.1372
151,1246,9,wing,0.228,0.0697,0.0159,0.9085,0.2873,0.1372
151,1246,9,method,0.1405,0.0358,0.005,0.9085,0.2873,0.1372
151,1195,10,alon,0.559,0.0828,0.0463,0.9085,0.4093,0.1335
151,1195,10,pressur,0.1163,0.0287,0.0033,0.9085,0.4093,0.1335
152,671,1,effect,0.1361,0.0362,0.0049,0.6162,0.3464,0.2983
152,671,1,pressur,0.133,0.0471,0.0063,0.6162,0.3464,0.2983
152,671,1,boundari,0.1559,0.0829,0.0129,0.6162,0.3464,0.2983
152,671,1,calcul,0.2073,0.0551,0.0114,0.6162,0.3464,0.2983
152,671,1,wing,0.2605,0.0462,0.012,0.6162,0.3464,0.2983
152,671,1,layer,0.1741,0.0925,0.0161,0.6162,0.3464,0.2983
152,336,2,boundari,0.1559,0.0891,0.0139,0.6162,0.4161,0.2313
152,336,2,calcul,0.2073,0.0888,0.0184,0.6162,0.4161,0.2313
152,336,2,wing,0.2605,0.0372,0.0097,0.6162,0.4161,0.2313
152,336,2,layer,0.1741,0.0995,0.0173,0.6162,0.4161,0.2313
152,924,3,effect,0.1361,0.0151,0.0021,0.6162,0.4135,0.2215
152,924,3,pressur,0.133,0.0148,0.002,0.6162,0.4135,0.2215
152,924,3,calcul,0.2073,0.0346,0.0072,0.6162,0.4135,0.2215
152,924,3,wing,0.2605,0.1737,0.0452,0.6162,0.4135,0.2215
152,1225,4,effect,0.1361,0.0055,0.0007,0.6162,0.2925,0.2208
152,1225,4,pressur,0.133,0.0321,0.0043,0.6162,0.2925,0.2208
152,1225,4,boundari,0.1559,0.069,0.0108,0.6162,0.2925,0.2208
152,1225,4,magnitud,0.422,0.017,0.0072,0.6162,0.2925,0.2208
152,1225,4,calcul,0.2073,0.0167,0.0035,0.6162,0.2925,0.2208
152,1225,4,layer,0.1741,0.077,0.0134,0.6162,0.2925,0.2208
152,1062,5,effect,0.1361,0.0147,0.002,0.6162,0.3662,0.2203
152,1062,5,pressur,0.133,0.0143,0.0019,0.6162,0.3662,0.2203
152,1062,5,calcul,0.2073,0.0447,0.0093,0.6162,0.3662,0.2203
152,1062,5,wing,0.2605,0.1403,0.0365,0.6162,0.3662,0.2203
152,678,6,effect,0.1361,0.052,0.0071,0.6162,0.4949,0.2187
152,678,6,calcul,0.2073,0.0792,0.0164,0.6162,0.4949,0.2187
152,678,6,wing,0.2605,0.1658,0.0432,0.6162,0.4949,0.2187
152,52,7,effect,0.1361,0.0086,0.0012,0.6162,0.3234,0.2106
152,52,7,calcul,0.2073,0.0523,0.0108,0.6162,0.3234,0.2106
152,52,7,wing,0.2605,0.115,0.03,0.6162,0.3234,0.2106
152,4,8,effect,0.1361,0.0203,0.0028,0.6162,0.3448,0.2044
152,4,8,boundari,0.1559,0.1161,0.0181,0.6162,0.3448,0.2044
152,4,8,layer,0.1741,0.1296,0.0226,0.6162,0.3448,0.2044
152,1075,9,effect,0.1361,0.0151,0.0021,0.6162,0.3622,0.1977
152,1075,9,pressur,0.133,0.0148,0.002,0.6162,0.3622,0.1977
152,1075,9,calcul,0.2073,0.0115,0.0024,0.6162,0.3622,0.1977
152,1075,9,wing,0.2605,0.1447,0.0377,0.6162,0.3622,0.1977
152,250,10,pressur,0.133,0.0582,0.0077,0.6162,0.7062,0.1975
152,250,10,calcul,0.2073,0.0907,0.0188,0.6162,0.7062,0.1975
152,250,10,wing,0.2605,0.228,0.0594,0.6162,0.7062,0.1975
153,1063,1,differ,0.3973,0.0845,0.0336,1.394,0.4945,0.5597
153,1063,1,solv,0.5675,0.0604,0.0343,1.394,0.4945,0.5597
153,1063,1,navier,0.86,0.183,0.1573,1.394,0.4945,0.5597
153,1063,1,equat,0.2496,0.0796,0.0199,1.394,0.4945,0.5597
153,1063,1,stoke,0.8132,0.173,0.1407,1.394,0.4945,0.5597
153,1085,2,navier,0.86,0.1954,0.1681,1.394,0.6316,0.3777
153,1085,2,equat,0.2496,0.0567,0.0142,1.394,0.6316,0.3777
153,1085,2,stoke,0.8132,0.1848,0.1503,1.394,0.6316,0.3777
153,1081,3,navier,0.86,0.1303,0.112,1.394,0.4242,0.3749
153,1081,3,equat,0.2496,0.0378,0.0094,1.394,0.4242,0.3749
153,1081,3,stoke,0.8132,0.1232,0.1002,1.394,0.4242,0.3749
153,393,4,navier,0.86,0.1265,0.1088,1.394,0.532,0.2902
153,393,4,equat,0.2496,0.0367,0.0092,1.394,0.532,0.2902
153,393,4,stoke,0.8132,0.1196,0.0973,1.394,0.532,0.2902
153,149,5,navier,0.86,0.0292,0.0252,1.394,0.3768,0.2701
153,149,5,equat,0.2496,0.017,0.0042,1.394,0.3768,0.2701
153,149,5,stoke,0.8132,0.1383,0.1125,1.394,0.3768,0.2701
153,117,6,navier,0.86,0.0537,0.0462,1.394,0.3864,0.261
153,117,6,equat,0.2496,0.0468,0.0117,1.394,0.3864,0.261
153,117,6,stoke,0.8132,0.1017,0.0827,1.394,0.3864,0.261
153,1082,7,differ,0.3973,0.0129,0.0051,1.394,0.3708,0.2594
153,1082,7,solv,0.5675,0.0184,0.0105,1.394,0.3708,0.2594
153,1082,7,navier,0.86,0.0558,0.048,1.394,0.3708,0.2594
153,1082,7,equat,0.2496,0.0243,0.0061,1.394,0.3708,0.2594
153,1082,7,stoke,0.8132,0.0792,0.0644,1.394,0.3708,0.2594
153,323,8,navier,0.86,0.1,0.086,1.394,0.4966,0.2458
153,323,8,equat,0.2496,0.029,0.0072,1.394,0.4966,0.2458
153,323,8,stoke,0.8132,0.0946,0.0769,1.394,0.4966,0.2458
153,394,9,navier,0.86,0.1194,0.1027,1.394,0.6448,0.2357
153,394,9,equat,0.2496,0.0693,0.0173,1.394,0.6448,0.2357
153,394,9,stoke,0.8132,0.1129,0.0919,1.394,0.6448,0.2357
153,666,10,navier,0.86,0.0544,0.0468,1.394,0.2881,0.2306
153,666,10,equat,0.2496,0.0158,0.0039,1.394,0.2881,0.2306
153,666,10,stoke,0.8132,0.0515,0.0419,1.394,0.2881,0.2306
154,832,1,iter,0.4473,0.7001,0.3131,0.927,1.0465,0.56
154,832,1,equat,0.1386,0.0543,0.0075,0.927,1.0465,0.56
154,832,1,converg,0.3771,0.5903,0.2226,0.927,1.0465,0.56
154,1087,2,iter,0.4473,0.3354,0.15,0.927,0.5383,0.4089
154,1087,2,equat,0.1386,0.0347,0.0048,0.927,0.5383,0.4089
154,1087,2,converg,0.3771,0.0943,0.0356,0.927,0.5383,0.4089
154,1087,2,method,0.1249,0.1093,0.0136,0.927,0.5383,0.4089
154,1088,3,rapid,0.3377,0.0255,0.0086,0.927,0.4094,0.3849
154,1088,3,iter,0.4473,0.0677,0.0303,0.927,0.4094,0.3849
154,1088,3,differ,0.2207,0.0501,0.0111,0.927,0.4094,0.3849
154,1088,3,solv,0.3153,0.0477,0.015,0.927,0.4094,0.3849
154,1088,3,linear,0.2389,0.0181,0.0043,0.927,0.4094,0.3849
154,1088,3,equat,0.1386,0.0315,0.0044,0.927,0.4094,0.3849
154,1088,3,ellipt,0.4037,0.0611,0.0247,0.927,0.4094,0.3849
154,1088,3,converg,0.3771,0.1141,0.043,0.927,0.4094,0.3849
154,1088,3,method,0.1249,0.0378,0.0047,0.927,0.4094,0.3849
154,1054,4,iter,0.4473,0.1239,0.0554,0.927,0.3633,0.3264
154,1054,4,differ,0.2207,0.0306,0.0067,0.927,0.3633,0.3264
154,1054,4,linear,0.2389,0.0662,0.0158,0.927,0.3633,0.3264
154,1054,4,equat,0.1386,0.0576,0.008,0.927,0.3633,0.3264
154,1054,4,converg,0.3771,0.0522,0.0197,0.927,0.3633,0.3264
154,1054,4,method,0.1249,0.0346,0.0043,0.927,0.3633,0.3264
154,1262,5,linear,0.2389,0.0935,0.0223,0.927,0.3672,0.2769
154,1262,5,ellipt,0.4037,0.158,0.0638,0.927,0.3672,0.2769
154,1262,5,method,0.1249,0.0652,0.0081,0.927,0.3672,0.2769
154,1055,6,iter,0.4473,0.1118,0.05,0.927,0.3886,0.2327
154,1055,6,differ,0.2207,0.0276,0.0061,0.927,0.3886,0.2327
154,1055,6,linear,0.2389,0.0896,0.0214,0.927,0.3886,0.2327
154,1055,6,equat,0.1386,0.0173,0.0024,0.927,0.3886,0.2327
154,1055,6,method,0.1249,0.0312,0.0039,0.927,0.3886,0.2327
154,1108,7,iter,0.4473,0.0816,0.0365,0.927,0.3174,0.2056
154,1108,7,solv,0.3153,0.0383,0.0121,0.927,0.3174,0.2056
154,1108,7,linear,0.2389,0.0291,0.0069,0.927,0.3174,0.2056
154,1108,7,equat,0.1386,0.0084,0.0012,0.927,0.3174,0.2056
154,1108,7,method,0.1249,0.0304,0.0038,0.927,0.3174,0.2056
154,1063,8,iter,0.4473,0.0856,0.0383,0.927,0.4945,0.2029
154,1063,8,differ,0.2207,0.0845,0.0187,0.927,0.4945,0.2029
154,1063,8,solv,0.3153,0.0604,0.019,0.927,0.4945,0.2029
154,1063,8,equat,0.1386,0.0796,0.011,0.927,0.4945,0.2029
154,1063,8,method,0.1249,0.0478,0.006,0.927,0.4945,0.2029
154,111,9,iter,0.4473,0.0682,0.0305,0.927,0.4884,0.2006
154,111,9,solv,0.3153,0.0962,0.0303,0.927,0.4884,0.2006
154,111,9,linear,0.2389,0.0364,0.0087,0.927,0.4884,0.2006
154,111,9,equat,0.1386,0.0846,0.0117,0.927,0.4884,0.2006
154,111,9,method,0.1249,0.0762,0.0095,0.927,0.4884,0.2006
154,1086,10,rapid,0.3377,0.0707,0.0239,0.927,0.5766,0.1816
154,1086,10,solv,0.3153,0.066,0.0208,0.927,0.5766,0.1816
154,1086,10,equat,0.1386,0.1161,0.0161,0.927,0.5766,0.1816
154,1086,10,converg,0.3771,0.0789,0.0298,0.927,0.5766,0.1816
154,1086,10,method,0.1249,0.0523,0.0065,0.927,0.5766,0.1816
155,553,1,flight,0.4678,0.0239,0.0112,1.529,0.4828,0.4133
155,553,1,ablat,0.9072,0.324,0.294,1.529,0.4828,0.4133
155,1099,2,ablat,0.9072,0.422,0.3828,1.529,0.6491,0.3857
155,1100,3,ablat,0.9072,0.2356,0.2138,1.529,0.462,0.3026
155,1097,4,ablat,0.9072,0.2221,0.2015,1.529,0.4408,0.2989
155,1065,5,flight,0.4678,0.0788,0.0369,1.529,0.433,0.2852
155,1065,5,ablat,0.9072,0.1529,0.1387,1.529,0.433,0.2852
155,1065,5,measur,0.343,0.0385,0.0132,1.529,0.433,0.2852
155,1101,6,flight,0.4678,0.0403,0.0189,1.529,0.6035,0.2841
155,1101,6,ablat,0.9072,0.2346,0.2129,1.529,0.6035,0.2841
155,1101,6,measur,0.343,0.0887,0.0304,1.529,0.6035,0.2841
155,1241,7,ablat,0.9072,0.1418,0.1286,1.529,0.3715,0.2264
155,1098,8,ablat,0.9072,0.1418,0.1286,1.529,0.4791,0.1756
155,1096,9,ablat,0.9072,0.1712,0.1553,1.529,0.7073,0.1539
155,1096,9,measur,0.343,0.0324,0.0111,1.529,0.7073,0.1539
155,806,10,flight,0.4678,0.1023,0.0479,1.529,0.4463,0.1386
155,806,10,technic,0.9519,0.0297,0.0283,1.529,0.4463,0.1386
155,806,10,measur,0.343,0.0536,0.0184,1.529,0.4463,0.1386
156,553,1,ablat,0.648,0.324,0.21,1.4675,0.4828,0.4455
156,553,1,materi,0.86,0.1229,0.1057,1.4675,0.4828,0.4455
156,1097,2,ablat,0.648,0.2221,0.1439,1.4675,0.4408,0.4184
156,1097,2,materi,0.86,0.1473,0.1267,1.4675,0.4408,0.4184
156,1099,3,ablat,0.648,0.422,0.2734,1.4675,0.6491,0.4135
156,1099,3,materi,0.86,0.14,0.1204,1.4675,0.6491,0.4135
156,1100,4,ablat,0.648,0.2356,0.1527,1.4675,0.462,0.3244
156,1100,4,materi,0.86,0.0782,0.0672,1.4675,0.462,0.3244
156,1096,5,ablat,0.648,0.1712,0.1109,1.4675,0.7073,0.2823
156,1096,5,qualit,0.519,0.0686,0.0356,1.4675,0.7073,0.2823
156,1096,5,materi,0.86,0.1704,0.1465,1.4675,0.7073,0.2823
156,1065,6,ablat,0.648,0.1529,0.0991,1.4675,0.433,0.2731
156,1065,6,research,0.4548,0.0358,0.0163,1.4675,0.433,0.2731
156,1065,6,materi,0.86,0.0676,0.0582,1.4675,0.433,0.2731
156,1098,7,ablat,0.648,0.1418,0.0919,1.4675,0.4791,0.2457
156,1098,7,materi,0.86,0.0941,0.0809,1.4675,0.4791,0.2457
156,761,8,materi,0.86,0.1843,0.1585,1.4675,0.5535,0.1951
156,1117,9,avail,0.4071,0.0348,0.0141,1.4675,0.4025,0.1843
156,1117,9,materi,0.86,0.1101,0.0947,1.4675,0.4025,0.1843
156,1101,10,ablat,0.648,0.2346,0.152,1.4675,0.6035,0.1717
157,25,1,bodi,0.2085,0.0566,0.0118,0.5265,0.2617,0.3841
157,25,1,blunt,0.1535,0.0625,0.0096,0.5265,0.2617,0.3841
157,25,1,stream,0.1173,0.008,0.0009,0.5265,0.2617,0.3841
157,25,1,free,0.124,0.0168,0.0021,0.5265,0.2617,0.3841
157,25,1,nose,0.169,0.1032,0.0174,0.5265,0.2617,0.3841
157,25,1,experi,0.148,0.01,0.0015,0.5265,0.2617,0.3841
157,25,1,field,0.1414,0.0288,0.0041,0.5265,0.2617,0.3841
157,25,1,flow,0.0434,0.0177,0.0008,0.5265,0.2617,0.3841
157,25,1,shape,0.1321,0.0359,0.0047,0.5265,0.2617,0.3841
157,1006,2,bodi,0.2085,0.0795,0.0166,0.5265,0.3391,0.3726
157,1006,2,blunt,0.1535,0.1171,0.018,0.5265,0.3391,0.3726
157,1006,2,free,0.124,0.0315,0.0039,0.5265,0.3391,0.3726
157,1006,2,nose,0.169,0.043,0.0073,0.5265,0.3391,0.3726
157,1006,2,field,0.1414,0.0719,0.0102,0.5265,0.3391,0.3726
157,1006,2,flow,0.0434,0.0331,0.0014,0.5265,0.3391,0.3726
157,1006,2,shape,0.1321,0.0336,0.0044,0.5265,0.3391,0.3726
157,1006,2,calcul,0.0967,0.0492,0.0048,0.5265,0.3391,0.3726
157,44,3,bodi,0.2085,0.0477,0.0099,0.5265,0.3,0.3299
157,44,3,blunt,0.1535,0.0983,0.0151,0.5265,0.3,0.3299
157,44,3,free,0.124,0.0113,0.0014,0.5265,0.3,0.3299
157,44,3,nose,0.169,0.1082,0.0183,0.5265,0.3,0.3299
157,44,3,flow,0.0434,0.004,0.0002,0.5265,0.3,0.3299
157,44,3,shape,0.1321,0.0483,0.0064,0.5265,0.3,0.3299
157,44,3,condit,0.0953,0.0087,0.0008,0.5265,0.3,0.3299
157,318,4,bodi,0.2085,0.092,0.0192,0.5265,0.3014,0.3036
157,318,4,blunt,0.1535,0.0542,0.0083,0.5265,0.3014,0.3036
157,318,4,stream,0.1173,0.0207,0.0024,0.5265,0.3014,0.3036
157,318,4,nose,0.169,0.0596,0.0101,0.5265,0.3014,0.3036
157,318,4,field,0.1414,0.0249,0.0035,0.5265,0.3014,0.3036
157,318,4,flow,0.0434,0.0306,0.0013,0.5265,0.3014,0.3036
157,318,4,calcul,0.0967,0.0341,0.0033,0.5265,0.3014,0.3036
157,160,5,bodi,0.2085,0.0812,0.0169,0.5265,0.2663,0.2962
157,160,5,blunt,0.1535,0.0109,0.0017,0.5265,0.2663,0.2962
157,160,5,stream,0.1173,0.0083,0.001,0.5265,0.2663,0.2962
157,160,5,free,0.124,0.0088,0.0011,0.5265,0.2663,0.2962
157,160,5,compar,0.1157,0.0082,0.0009,0.5265,0.2663,0.2962
157,160,5,nose,0.169,0.0239,0.004,0.5265,0.2663,0.2962
157,160,5,field,0.1414,0.03,0.0042,0.5265,0.2663,0.2962
157,160,5,flow,0.0434,0.0307,0.0013,0.5265,0.2663,0.2962
157,160,5,shape,0.1321,0.0561,0.0074,0.5265,0.2663,0.2962
157,160,5,condit,0.0953,0.0067,0.0006,0.5265,0.2663,0.2962
157,160,5,rang,0.1031,0.0219,0.0023,0.5265,0.2663,0.2962
157,421,6,bodi,0.2085,0.0304,0.0063,0.5265,0.328,0.2883
157,421,6,blunt,0.1535,0.0671,0.0103,0.5265,0.328,0.2883
157,421,6,nose,0.169,0.123,0.0208,0.5265,0.328,0.2883
157,421,6,flow,0.0434,0.0063,0.0003,0.5265,0.328,0.2883
157,421,6,shape,0.1321,0.0577,0.0076,0.5265,0.328,0.2883
157,421,6,rang,0.1031,0.03,0.0031,0.5265,0.328,0.2883
157,421,6,calcul,0.0967,0.0141,0.0014,0.5265,0.328,0.2883
157,688,7,bodi,0.2085,0.099,0.0206,0.5265,0.3403,0.2648
157,688,7,blunt,0.1535,0.0437,0.0067,0.5265,0.3403,0.2648
157,688,7,nose,0.169,0.0802,0.0136,0.5265,0.3403,0.2648
157,688,7,experi,0.148,0.0281,0.0042,0.5265,0.3403,0.2648
157,688,7,flow,0.0434,0.0082,0.0004,0.5265,0.3403,0.2648
157,688,7,rang,0.1031,0.0196,0.002,0.5265,0.3403,0.2648
157,626,8,bodi,0.2085,0.0484,0.0101,0.5265,0.3689,0.2641
157,626,8,blunt,0.1535,0.1424,0.0219,0.5265,0.3689,0.2641
157,626,8,experi,0.148,0.0229,0.0034,0.5265,0.3689,0.2641
157,626,8,field,0.1414,0.0437,0.0062,0.5265,0.3689,0.2641
157,626,8,flow,0.0434,0.0336,0.0015,0.5265,0.3689,0.2641
157,626,8,shape,0.1321,0.0204,0.0027,0.5265,0.3689,0.2641
157,626,8,condit,0.0953,0.059,0.0056,0.5265,0.3689,0.2641
157,498,9,bodi,0.2085,0.1273,0.0265,0.5265,0.3703,0.2606
157,498,9,stream,0.1173,0.0409,0.0048,0.5265,0.3703,0.2606
157,498,9,free,0.124,0.0432,0.0054,0.5265,0.3703,0.2606
157,498,9,compar,0.1157,0.0202,0.0023,0.5265,0.3703,0.2606
157,498,9,flow,0.0434,0.0454,0.002,0.5265,0.3703,0.2606
157,498,9,calcul,0.0967,0.1012,0.0098,0.5265,0.3703,0.2606
157,666,10,bodi,0.2085,0.0594,0.0124,0.5265,0.2881,0.2585
157,666,10,blunt,0.1535,0.0291,0.0045,0.5265,0.2881,0.2585
157,666,10,nose,0.169,0.0642,0.0108,0.5265,0.2881,0.2585
157,666,10,flow,0.0434,0.033,0.0014,0.5265,0.2881,0.2585
157,666,10,shape,0.1321,0.0502,0.0066,0.5265,0.2881,0.2585
157,666,10,condit,0.0953,0.0362,0.0035,0.5265,0.2881,0.2585
158,302,1,properti,0.5069,0.0618,0.0313,0.9869,0.4403,0.2977
158,302,1,air,0.4059,0.1732,0.0703,0.9869,0.4403,0.2977
158,302,1,temperatur,0.3306,0.0403,0.0133,0.9869,0.4403,0.2977
158,302,1,high,0.3438,0.0419,0.0144,0.9869,0.4403,0.2977
158,949,2,properti,0.5069,0.1267,0.0642,0.9869,0.4576,0.2181
158,949,2,air,0.4059,0.0507,0.0206,0.9869,0.4576,0.2181
158,949,2,temperatur,0.3306,0.0413,0.0137,0.9869,0.4576,0.2181
158,691,3,properti,0.5069,0.1283,0.0651,0.9869,0.6107,0.1886
158,691,3,air,0.4059,0.1027,0.0417,0.9869,0.6107,0.1886
158,691,3,temperatur,0.3306,0.0209,0.0069,0.9869,0.6107,0.1886
158,328,4,properti,0.5069,0.0416,0.0211,0.9869,0.2455,0.1867
158,328,4,air,0.4059,0.0222,0.009,0.9869,0.2455,0.1867
158,328,4,temperatur,0.3306,0.0361,0.0119,0.9869,0.2455,0.1867
158,328,4,high,0.3438,0.0094,0.0032,0.9869,0.2455,0.1867
158,1199,5,properti,0.5069,0.0704,0.0357,0.9869,0.3604,0.186
158,1199,5,air,0.4059,0.0564,0.0229,0.9869,0.3604,0.186
158,1199,5,temperatur,0.3306,0.023,0.0076,0.9869,0.3604,0.186
158,552,6,air,0.4059,0.0491,0.0199,0.9869,0.3394,0.1797
158,552,6,avail,0.57,0.023,0.0131,0.9869,0.3394,0.1797
158,552,6,temperatur,0.3306,0.0533,0.0176,0.9869,0.3394,0.1797
158,552,6,high,0.3438,0.0277,0.0095,0.9869,0.3394,0.1797
158,586,7,properti,0.5069,0.1226,0.0622,0.9869,0.4584,0.1764
158,586,7,temperatur,0.3306,0.0533,0.0176,0.9869,0.4584,0.1764
158,59,8,properti,0.5069,0.0347,0.0176,0.9869,0.2955,0.1631
158,59,8,temperatur,0.3306,0.0906,0.03,0.9869,0.2955,0.1631
158,405,9,properti,0.5069,0.2816,0.1428,0.9869,1.1985,0.1594
158,405,9,air,0.4059,0.1127,0.0458,0.9869,1.1985,0.1594
158,1157,10,air,0.4059,0.0338,0.0137,0.9869,0.3291,0.159
158,1157,10,temperatur,0.3306,0.0551,0.0182,0.9869,0.3291,0.159
158,1157,10,high,0.3438,0.0573,0.0197,0.9869,0.3291,0.159
159,1066,1,aerodynam,0.1714,0.0826,0.0142,0.9215,0.3128,0.468
159,1066,1,damp,0.2903,0.1555,0.0451,0.9215,0.3128,0.468
159,1066,1,vehicl,0.2558,0.0137,0.0035,0.9215,0.3128,0.468
159,1066,1,mode,0.2625,0.1125,0.0295,0.9215,0.3128,0.468
159,1066,1,flexibl,0.3461,0.0371,0.0128,0.9215,0.3128,0.468
159,1066,1,vibrat,0.2682,0.0718,0.0193,0.9215,0.3128,0.468
159,1066,1,launch,0.4415,0.0237,0.0104,0.9215,0.3128,0.468
159,1197,2,bodi,0.1303,0.1203,0.0157,0.9215,0.4263,0.3141
159,1197,2,aerodynam,0.1714,0.0678,0.0116,0.9215,0.4263,0.3141
159,1197,2,slender,0.2233,0.1472,0.0329,0.9215,0.4263,0.3141
159,1197,2,flexibl,0.3461,0.1826,0.0632,0.9215,0.4263,0.3141
159,1112,3,bodi,0.1303,0.198,0.0258,0.9215,0.4122,0.2379
159,1112,3,aerodynam,0.1714,0.0521,0.0089,0.9215,0.4122,0.2379
159,1112,3,slender,0.2233,0.1696,0.0379,0.9215,0.4122,0.2379
159,1112,3,revolut,0.2417,0.0734,0.0177,0.9215,0.4122,0.2379
159,1287,4,damp,0.2903,0.0657,0.0191,0.9215,0.5198,0.2097
159,1287,4,flexibl,0.3461,0.2351,0.0814,0.9215,0.5198,0.2097
159,958,5,vehicl,0.2558,0.2646,0.0677,0.9215,0.5756,0.2037
159,958,5,launch,0.4415,0.0914,0.0403,0.9215,0.5756,0.2037
159,1115,6,aerodynam,0.1714,0.0349,0.006,0.9215,0.4003,0.1913
159,1115,6,damp,0.2903,0.1771,0.0514,0.9215,0.4003,0.1913
159,1115,6,mode,0.2625,0.0267,0.007,0.9215,0.4003,0.1913
159,1115,6,magnitud,0.2461,0.025,0.0062,0.9215,0.4003,0.1913
159,801,7,characterist,0.1691,0.0164,0.0028,0.9215,0.3545,0.1891
159,801,7,bodi,0.1303,0.0631,0.0082,0.9215,0.3545,0.1891
159,801,7,aerodynam,0.1714,0.0332,0.0057,0.9215,0.3545,0.1891
159,801,7,slender,0.2233,0.1513,0.0338,0.9215,0.3545,0.1891
159,801,7,revolut,0.2417,0.0468,0.0113,0.9215,0.3545,0.1891
159,844,8,mode,0.2625,0.0794,0.0208,0.9215,0.3877,0.1802
159,844,8,vibrat,0.2682,0.1623,0.0435,0.9215,0.3877,0.1802
159,1339,9,characterist,0.1691,0.0448,0.0076,0.9215,0.2976,0.1788
159,1339,9,aerodynam,0.1714,0.0302,0.0052,0.9215,0.2976,0.1788
159,1339,9,mode,0.2625,0.0695,0.0182,0.9215,0.2976,0.1788
159,1339,9,magnitud,0.2461,0.0217,0.0053,0.9215,0.2976,0.1788
159,1339,9,vibrat,0.2682,0.0473,0.0127,0.9215,0.2976,0.1788
159,723,10,mode,0.2625,0.1294,0.034,0.9215,0.4993,0.1767
159,723,10,vibrat,0.2682,0.1764,0.0473,0.9215,0.4993,0.1767
160,1071,1,stress,0.2102,0.0724,0.0152,0.6858,0.4857,0.584
160,1071,1,pressur,0.0443,0.0458,0.002,0.6858,0.4857,0.584
160,1071,1,torispher,0.2926,0.2015,0.059,0.6858,0.4857,0.584
160,1071,1,buckl,0.2286,0.0787,0.018,0.6858,0.4857,0.584
160,1071,1,intern,0.1648,0.1134,0.0187,0.6858,0.4857,0.584
160,1071,1,shell,0.2458,0.2115,0.052,0.6858,0.4857,0.584
160,1071,1,reveal,0.2228,0.0767,0.0171,0.6858,0.4857,0.584
160,1071,1,elast,0.1351,0.093,0.0126,0.6858,0.4857,0.584
160,890,2,compress,0.0929,0.0267,0.0025,0.6858,0.5463,0.3831
160,890,2,circumferenti,0.1898,0.1638,0.0311,0.6858,0.5463,0.3831
160,890,2,stress,0.2102,0.1209,0.0254,0.6858,0.5463,0.3831
160,890,2,buckl,0.2286,0.0658,0.015,0.6858,0.5463,0.3831
160,890,2,shell,0.2458,0.2828,0.0695,0.6858,0.5463,0.3831
160,887,3,possibl,0.1051,0.035,0.0037,0.6858,0.4786,0.383
160,887,3,investig,0.0645,0.043,0.0028,0.6858,0.4786,0.383
160,887,3,circumferenti,0.1898,0.0633,0.012,0.6858,0.4786,0.383
160,887,3,stress,0.2102,0.1051,0.0221,0.6858,0.4786,0.383
160,887,3,buckl,0.2286,0.1524,0.0348,0.6858,0.4786,0.383
160,887,3,shell,0.2458,0.2048,0.0503,0.6858,0.4786,0.383
160,885,4,compress,0.0929,0.0398,0.0037,0.6858,0.5761,0.3739
160,885,4,stress,0.2102,0.2703,0.0568,0.6858,0.5761,0.3739
160,885,4,buckl,0.2286,0.1959,0.0448,0.6858,0.5761,0.3739
160,885,4,shell,0.2458,0.1053,0.0259,0.6858,0.5761,0.3739
160,885,4,caus,0.1427,0.0611,0.0087,0.6858,0.5761,0.3739
160,885,4,elast,0.1351,0.0579,0.0078,0.6858,0.5761,0.3739
160,739,5,compress,0.0929,0.0234,0.0022,0.6858,0.3548,0.3358
160,739,5,investig,0.0645,0.0081,0.0005,0.6858,0.3548,0.3358
160,739,5,larg,0.0901,0.0113,0.001,0.6858,0.3548,0.3358
160,739,5,buckl,0.2286,0.1437,0.0328,0.6858,0.3548,0.3358
160,739,5,shell,0.2458,0.1545,0.038,0.6858,0.3548,0.3358
160,739,5,caus,0.1427,0.0179,0.0026,0.6858,0.3548,0.3358
160,739,5,elast,0.1351,0.034,0.0046,0.6858,0.3548,0.3358
160,741,6,compress,0.0929,0.075,0.007,0.6858,0.4923,0.332
160,741,6,paramet,0.1048,0.0423,0.0044,0.6858,0.4923,0.332
160,741,6,investig,0.0645,0.0261,0.0017,0.6858,0.4923,0.332
160,741,6,circumferenti,0.1898,0.0767,0.0146,0.6858,0.4923,0.332
160,741,6,stress,0.2102,0.0849,0.0178,0.6858,0.4923,0.332
160,741,6,buckl,0.2286,0.1846,0.0422,0.6858,0.4923,0.332
160,741,6,shell,0.2458,0.0993,0.0244,0.6858,0.4923,0.332
160,769,7,compress,0.0929,0.0723,0.0067,0.6858,0.5308,0.3188
160,769,7,circumferenti,0.1898,0.1476,0.028,0.6858,0.5308,0.3188
160,769,7,stress,0.2102,0.0818,0.0172,0.6858,0.5308,0.3188
160,769,7,buckl,0.2286,0.1778,0.0406,0.6858,0.5308,0.3188
160,769,7,shell,0.2458,0.0956,0.0235,0.6858,0.5308,0.3188
160,1134,8,compress,0.0929,0.0128,0.0012,0.6858,0.5402,0.2931
160,1134,8,circumferenti,0.1898,0.0261,0.0049,0.6858,0.5402,0.2931
160,1134,8,larg,0.0901,0.0124,0.0011,0.6858,0.5402,0.2931
160,1134,8,stress,0.2102,0.0577,0.0121,0.6858,0.5402,0.2931
160,1134,8,pressur,0.0443,0.0182,0.0008,0.6858,0.5402,0.2931
160,1134,8,torispher,0.2926,0.2008,0.0588,0.6858,0.5402,0.2931
160,1134,8,intern,0.1648,0.0226,0.0037,0.6858,0.5402,0.2931
160,1134,8,shell,0.2458,0.0675,0.0166,0.6858,0.5402,0.2931
160,1134,8,reveal,0.2228,0.0306,0.0068,0.6858,0.5402,0.2931
160,1134,8,elast,0.1351,0.0185,0.0025,0.6858,0.5402,0.2931
160,1172,9,compress,0.0929,0.0199,0.0018,0.6858,0.4907,0.2912
160,1172,9,possibl,0.1051,0.0225,0.0024,0.6858,0.4907,0.2912
160,1172,9,investig,0.0645,0.0138,0.0009,0.6858,0.4907,0.2912
160,1172,9,stress,0.2102,0.0225,0.0047,0.6858,0.4907,0.2912
160,1172,9,pressur,0.0443,0.0095,0.0004,0.6858,0.4907,0.2912
160,1172,9,buckl,0.2286,0.1225,0.028,0.6858,0.4907,0.2912
160,1172,9,shell,0.2458,0.1317,0.0324,0.6858,0.4907,0.2912
160,1172,9,elast,0.1351,0.2027,0.0274,0.6858,0.4907,0.2912
160,1052,10,pressur,0.0443,0.0139,0.0006,0.6858,0.5615,0.2711
160,1052,10,buckl,0.2286,0.1433,0.0328,0.6858,0.5615,0.2711
160,1052,10,intern,0.1648,0.0516,0.0085,0.6858,0.5615,0.2711
160,1052,10,shell,0.2458,0.2311,0.0568,0.6858,0.5615,0.2711
160,1052,10,elast,0.1351,0.0424,0.0057,0.6858,0.5615,0.2711
161,1386,1,suffici,0.1786,0.0251,0.0045,0.4752,0.2717,0.3629
161,1386,1,separ,0.1172,0.033,0.0039,0.4752,0.2717,0.3629
161,1386,1,laminar,0.0942,0.0398,0.0037,0.4752,0.2717,0.3629
161,1386,1,transfer,0.1004,0.0424,0.0043,0.4752,0.2717,0.3629
161,1386,1,point,0.0568,0.016,0.0009,0.4752,0.2717,0.3629
161,1386,1,accur,0.154,0.0434,0.0067,0.4752,0.2717,0.3629
161,1386,1,compress,0.1027,0.0289,0.003,0.4752,0.2717,0.3629
161,1386,1,integr,0.1186,0.0334,0.004,0.4752,0.2717,0.3629
161,1386,1,calcul,0.0764,0.0215,0.0016,0.4752,0.2717,0.3629
161,1386,1,boundari,0.0574,0.0323,0.0019,0.4752,0.2717,0.3629
161,1386,1,method,0.1183,0.0583,0.0069,0.4752,0.2717,0.3629
161,1386,1,heat,0.08,0.0338,0.0027,0.4752,0.2717,0.3629
161,1386,1,layer,0.0641,0.0451,0.0029,0.4752,0.2717,0.3629
161,55,2,separ,0.1172,0.0825,0.0097,0.4752,0.3178,0.3208
161,55,2,laminar,0.0942,0.0883,0.0083,0.4752,0.3178,0.3208
161,55,2,transfer,0.1004,0.0706,0.0071,0.4752,0.3178,0.3208
161,55,2,point,0.0568,0.0266,0.0015,0.4752,0.3178,0.3208
161,55,2,accur,0.154,0.0361,0.0056,0.4752,0.3178,0.3208
161,55,2,compress,0.1027,0.0482,0.0049,0.4752,0.3178,0.3208
161,55,2,boundari,0.0574,0.0404,0.0023,0.4752,0.3178,0.3208
161,55,2,method,0.1183,0.0139,0.0016,0.4752,0.3178,0.3208
161,55,2,heat,0.08,0.0563,0.0045,0.4752,0.3178,0.3208
161,55,2,layer,0.0641,0.0451,0.0029,0.4752,0.3178,0.3208
161,959,3,separ,0.1172,0.1218,0.0143,0.4752,0.2844,0.3026
161,959,3,zero,0.0806,0.012,0.001,0.4752,0.2844,0.3026
161,959,3,laminar,0.0942,0.0559,0.0053,0.4752,0.2844,0.3026
161,959,3,transfer,0.1004,0.0745,0.0075,0.4752,0.2844,0.3026
161,959,3,point,0.0568,0.0084,0.0005,0.4752,0.2844,0.3026
161,959,3,boundari,0.0574,0.0597,0.0034,0.4752,0.2844,0.3026
161,959,3,heat,0.08,0.0594,0.0048,0.4752,0.2844,0.3026
161,959,3,layer,0.0641,0.0666,0.0043,0.4752,0.2844,0.3026
161,1192,4,laminar,0.0942,0.0242,0.0023,0.4752,0.3307,0.2883
161,1192,4,transfer,0.1004,0.0773,0.0078,0.4752,0.3307,0.2883
161,1192,4,integr,0.1186,0.1218,0.0145,0.4752,0.3307,0.2883
161,1192,4,calcul,0.0764,0.0392,0.003,0.4752,0.3307,0.2883
161,1192,4,boundari,0.0574,0.0442,0.0025,0.4752,0.3307,0.2883
161,1192,4,method,0.1183,0.0608,0.0072,0.4752,0.3307,0.2883
161,1192,4,heat,0.08,0.0616,0.0049,0.4752,0.3307,0.2883
161,1192,4,layer,0.0641,0.0494,0.0032,0.4752,0.3307,0.2883
161,460,5,give,0.1197,0.0399,0.0048,0.4752,0.3972,0.2855
161,460,5,separ,0.1172,0.0391,0.0046,0.4752,0.3972,0.2855
161,460,5,various,0.1135,0.0378,0.0043,0.4752,0.3972,0.2855
161,460,5,point,0.0568,0.0189,0.0011,0.4752,0.3972,0.2855
161,460,5,incompress,0.1243,0.1243,0.0154,0.4752,0.3972,0.2855
161,460,5,compress,0.1027,0.1027,0.0105,0.4752,0.3972,0.2855
161,460,5,boundari,0.0574,0.0766,0.0044,0.4752,0.3972,0.2855
161,460,5,method,0.1183,0.0394,0.0047,0.4752,0.3972,0.2855
161,460,5,layer,0.0641,0.0641,0.0041,0.4752,0.3972,0.2855
161,240,6,separ,0.1172,0.1655,0.0194,0.4752,0.3408,0.2748
161,240,6,various,0.1135,0.0146,0.0017,0.4752,0.3408,0.2748
161,240,6,zero,0.0806,0.031,0.0025,0.4752,0.3408,0.2748
161,240,6,laminar,0.0942,0.0363,0.0034,0.4752,0.3408,0.2748
161,240,6,transfer,0.1004,0.0515,0.0052,0.4752,0.3408,0.2748
161,240,6,point,0.0568,0.0073,0.0004,0.4752,0.3408,0.2748
161,240,6,compress,0.1027,0.0132,0.0014,0.4752,0.3408,0.2748
161,240,6,calcul,0.0764,0.0392,0.003,0.4752,0.3408,0.2748
161,240,6,boundari,0.0574,0.0148,0.0008,0.4752,0.3408,0.2748
161,240,6,heat,0.08,0.0514,0.0041,0.4752,0.3408,0.2748
161,240,6,layer,0.0641,0.0412,0.0026,0.4752,0.3408,0.2748
161,461,7,separ,0.1172,0.1172,0.0137,0.4752,0.4203,0.2592
161,461,7,laminar,0.0942,0.0628,0.0059,0.4752,0.4203,0.2592
161,461,7,accur,0.154,0.0513,0.0079,0.4752,0.4203,0.2592
161,461,7,incompress,0.1243,0.0414,0.0051,0.4752,0.4203,0.2592
161,461,7,boundari,0.0574,0.0574,0.0033,0.4752,0.4203,0.2592
161,461,7,method,0.1183,0.0986,0.0117,0.4752,0.4203,0.2592
161,461,7,layer,0.0641,0.0641,0.0041,0.4752,0.4203,0.2592
161,435,8,give,0.1197,0.0196,0.0023,0.4752,0.2809,0.256
161,435,8,laminar,0.0942,0.0308,0.0029,0.4752,0.2809,0.256
161,435,8,transfer,0.1004,0.0657,0.0066,0.4752,0.2809,0.256
161,435,8,integr,0.1186,0.0583,0.0069,0.4752,0.2809,0.256
161,435,8,calcul,0.0764,0.025,0.0019,0.4752,0.2809,0.256
161,435,8,boundari,0.0574,0.0188,0.0011,0.4752,0.2809,0.256
161,435,8,method,0.1183,0.0581,0.0069,0.4752,0.2809,0.256
161,435,8,heat,0.08,0.0524,0.0042,0.4752,0.2809,0.256
161,435,8,layer,0.0641,0.021,0.0013,0.4752,0.2809,0.256
161,54,9,suffici,0.1786,0.0259,0.0046,0.4752,0.2705,0.2413
161,54,9,separ,0.1172,0.017,0.002,0.4752,0.2705,0.2413
161,54,9,zero,0.0806,0.0117,0.0009,0.4752,0.2705,0.2413
161,54,9,laminar,0.0942,0.0273,0.0026,0.4752,0.2705,0.2413
161,54,9,transfer,0.1004,0.0146,0.0015,0.4752,0.2705,0.2413
161,54,9,point,0.0568,0.0165,0.0009,0.4752,0.2705,0.2413
161,54,9,accur,0.154,0.0223,0.0034,0.4752,0.2705,0.2413
161,54,9,compress,0.1027,0.0298,0.0031,0.4752,0.2705,0.2413
161,54,9,calcul,0.0764,0.0222,0.0017,0.4752,0.2705,0.2413
161,54,9,boundari,0.0574,0.0333,0.0019,0.4752,0.2705,0.2413
161,54,9,method,0.1183,0.0429,0.0051,0.4752,0.2705,0.2413
161,54,9,heat,0.08,0.0116,0.0009,0.4752,0.2705,0.2413
161,54,9,layer,0.0641,0.0372,0.0024,0.4752,0.2705,0.2413
161,1185,10,laminar,0.0942,0.0385,0.0036,0.4752,0.3518,0.2354
161,1185,10,transfer,0.1004,0.1025,0.0103,0.4752,0.3518,0.2354
161,1185,10,integr,0.1186,0.0969,0.0115,0.4752,0.3518,0.2354
161,1185,10,calcul,0.0764,0.0156,0.0012,0.4752,0.3518,0.2354
161,1185,10,boundari,0.0574,0.0352,0.002,0.4752,0.3518,0.2354
161,1185,10,method,0.1183,0.0363,0.0043,0.4752,0.3518,0.2354
161,1185,10,heat,0.08,0.0491,0.0039,0.4752,0.3518,0.2354
161,1185,10,layer,0.0641,0.0393,0.0025,0.4752,0.3518,0.2354
162,55,1,separ,0.1485,0.0825,0.0122,0.5109,0.3178,0.3652
162,55,1,laminar,0.1193,0.0883,0.0105,0.5109,0.3178,0.3652
162,55,1,transfer,0.1271,0.0706,0.009,0.5109,0.3178,0.3652
162,55,1,point,0.0719,0.0266,0.0019,0.5109,0.3178,0.3652
162,55,1,boundari,0.0728,0.0404,0.0029,0.5109,0.3178,0.3652
162,55,1,compress,0.1301,0.0482,0.0063,0.5109,0.3178,0.3652
162,55,1,accur,0.1951,0.0361,0.0071,0.5109,0.3178,0.3652
162,55,1,heat,0.1014,0.0563,0.0057,0.5109,0.3178,0.3652
162,55,1,layer,0.0812,0.0451,0.0037,0.5109,0.3178,0.3652
162,959,2,separ,0.1485,0.1218,0.0181,0.5109,0.2844,0.3566
162,959,2,zero,0.102,0.012,0.0012,0.5109,0.2844,0.3566
162,959,2,laminar,0.1193,0.0559,0.0067,0.5109,0.2844,0.3566
162,959,2,transfer,0.1271,0.0745,0.0095,0.5109,0.2844,0.3566
162,959,2,point,0.0719,0.0084,0.0006,0.5109,0.2844,0.3566
162,959,2,boundari,0.0728,0.0597,0.0043,0.5109,0.2844,0.3566
162,959,2,heat,0.1014,0.0594,0.006,0.5109,0.2844,0.3566
162,959,2,layer,0.0812,0.0666,0.0054,0.5109,0.2844,0.3566
162,460,3,solut,0.0824,0.0217,0.0018,0.5109,0.3972,0.322
162,460,3,exact,0.166,0.0437,0.0073,0.5109,0.3972,0.322
162,460,3,various,0.1438,0.0378,0.0054,0.5109,0.3972,0.322
162,460,3,separ,0.1485,0.0391,0.0058,0.5109,0.3972,0.322
162,460,3,point,0.0719,0.0189,0.0014,0.5109,0.3972,0.322
162,460,3,incompress,0.1574,0.1243,0.0196,0.5109,0.3972,0.322
162,460,3,boundari,0.0728,0.0766,0.0056,0.5109,0.3972,0.322
162,460,3,compress,0.1301,0.1027,0.0134,0.5109,0.3972,0.322
162,460,3,layer,0.0812,0.0641,0.0052,0.5109,0.3972,0.322
162,240,4,various,0.1438,0.0146,0.0021,0.5109,0.3408,0.3019
162,240,4,separ,0.1485,0.1655,0.0246,0.5109,0.3408,0.3019
162,240,4,zero,0.102,0.031,0.0032,0.5109,0.3408,0.3019
162,240,4,laminar,0.1193,0.0363,0.0043,0.5109,0.3408,0.3019
162,240,4,transfer,0.1271,0.0515,0.0066,0.5109,0.3408,0.3019
162,240,4,point,0.0719,0.0073,0.0005,0.5109,0.3408,0.3019
162,240,4,boundari,0.0728,0.0148,0.0011,0.5109,0.3408,0.3019
162,240,4,compress,0.1301,0.0132,0.0017,0.5109,0.3408,0.3019
162,240,4,heat,0.1014,0.0514,0.0052,0.5109,0.3408,0.3019
162,240,4,layer,0.0812,0.0412,0.0033,0.5109,0.3408,0.3019
162,559,5,solut,0.0824,0.0449,0.0037,0.5109,0.3583,0.2825
162,559,5,exact,0.166,0.0906,0.015,0.5109,0.3583,0.2825
162,559,5,laminar,0.1193,0.0325,0.0039,0.5109,0.3583,0.2825
162,559,5,transfer,0.1271,0.104,0.0132,0.5109,0.3583,0.2825
162,559,5,point,0.0719,0.0588,0.0042,0.5109,0.3583,0.2825
162,559,5,boundari,0.0728,0.0198,0.0014,0.5109,0.3583,0.2825
162,559,5,heat,0.1014,0.0829,0.0084,0.5109,0.3583,0.2825
162,559,5,layer,0.0812,0.0222,0.0018,0.5109,0.3583,0.2825
162,1386,6,separ,0.1485,0.033,0.0049,0.5109,0.2717,0.2725
162,1386,6,laminar,0.1193,0.0398,0.0047,0.5109,0.2717,0.2725
162,1386,6,transfer,0.1271,0.0424,0.0054,0.5109,0.2717,0.2725
162,1386,6,point,0.0719,0.016,0.0011,0.5109,0.2717,0.2725
162,1386,6,boundari,0.0728,0.0323,0.0024,0.5109,0.2717,0.2725
162,1386,6,compress,0.1301,0.0289,0.0038,0.5109,0.2717,0.2725
162,1386,6,accur,0.1951,0.0434,0.0085,0.5109,0.2717,0.2725
162,1386,6,heat,0.1014,0.0338,0.0034,0.5109,0.2717,0.2725
162,1386,6,layer,0.0812,0.0451,0.0037,0.5109,0.2717,0.2725
162,366,7,solut,0.0824,0.0113,0.0009,0.5109,0.3146,0.2656
162,366,7,exact,0.166,0.0457,0.0076,0.5109,0.3146,0.2656
162,366,7,various,0.1438,0.0198,0.0028,0.5109,0.3146,0.2656
162,366,7,transfer,0.1271,0.035,0.0044,0.5109,0.3146,0.2656
162,366,7,point,0.0719,0.0594,0.0043,0.5109,0.3146,0.2656
162,366,7,boundari,0.0728,0.0601,0.0044,0.5109,0.3146,0.2656
162,366,7,accur,0.1951,0.0537,0.0105,0.5109,0.3146,0.2656
162,366,7,heat,0.1014,0.014,0.0014,0.5109,0.3146,0.2656
162,366,7,layer,0.0812,0.0782,0.0064,0.5109,0.3146,0.2656
162,662,8,solut,0.0824,0.005,0.0004,0.5109,0.2521,0.2601
162,662,8,zero,0.102,0.0738,0.0075,0.5109,0.2521,0.2601
162,662,8,laminar,0.1193,0.0216,0.0026,0.5109,0.2521,0.2601
162,662,8,transfer,0.1271,0.0613,0.0078,0.5109,0.2521,0.2601
162,662,8,point,0.0719,0.0607,0.0044,0.5109,0.2521,0.2601
162,662,8,incompress,0.1574,0.0095,0.0015,0.5109,0.2521,0.2601
162,662,8,boundari,0.0728,0.0132,0.001,0.5109,0.2521,0.2601
162,662,8,compress,0.1301,0.0078,0.001,0.5109,0.2521,0.2601
162,662,8,heat,0.1014,0.0611,0.0062,0.5109,0.2521,0.2601
162,662,8,layer,0.0812,0.0147,0.0012,0.5109,0.2521,0.2601
162,376,9,laminar,0.1193,0.0398,0.0047,0.5109,0.4733,0.2576
162,376,9,incompress,0.1574,0.1574,0.0248,0.5109,0.4733,0.2576
162,376,9,boundari,0.0728,0.097,0.0071,0.5109,0.4733,0.2576
162,376,9,compress,0.1301,0.1301,0.0169,0.5109,0.4733,0.2576
162,376,9,layer,0.0812,0.1083,0.0088,0.5109,0.4733,0.2576
162,145,10,separ,0.1485,0.0314,0.0047,0.5109,0.3645,0.2487
162,145,10,zero,0.102,0.0216,0.0022,0.5109,0.3645,0.2487
162,145,10,laminar,0.1193,0.0504,0.006,0.5109,0.3645,0.2487
162,145,10,transfer,0.1271,0.1074,0.0137,0.5109,0.3645,0.2487
162,145,10,boundari,0.0728,0.0461,0.0034,0.5109,0.3645,0.2487
162,145,10,compress,0.1301,0.0275,0.0036,0.5109,0.3645,0.2487
162,145,10,heat,0.1014,0.0857,0.0087,0.5109,0.3645,0.2487
162,145,10,layer,0.0812,0.0515,0.0042,0.5109,0.3645,0.2487
163,492,1,attack,0.209,0.2951,0.0617,0.7694,0.6177,0.7568
163,492,1,forebodi,0.4304,0.3038,0.1308,0.7694,0.6177,0.7568
163,492,1,ogiv,0.3838,0.2709,0.104,0.7694,0.6177,0.7568
163,492,1,pressur,0.0776,0.1095,0.0085,0.7694,0.6177,0.7568
163,492,1,surfac,0.1204,0.085,0.0102,0.7694,0.6177,0.7568
163,492,1,predict,0.1651,0.0583,0.0096,0.7694,0.6177,0.7568
163,492,1,angl,0.1573,0.2221,0.0349,0.7694,0.6177,0.7568
163,434,2,attack,0.209,0.0175,0.0037,0.7694,0.3811,0.3581
163,434,2,forebodi,0.4304,0.1806,0.0777,0.7694,0.3811,0.3581
163,434,2,ogiv,0.3838,0.0322,0.0124,0.7694,0.3811,0.3581
163,434,2,result,0.0587,0.0148,0.0009,0.7694,0.3811,0.3581
163,434,2,angl,0.1573,0.066,0.0104,0.7694,0.3811,0.3581
163,973,3,attack,0.209,0.038,0.0079,0.7694,0.4441,0.2949
163,973,3,forebodi,0.4304,0.0783,0.0337,0.7694,0.4441,0.2949
163,973,3,ogiv,0.3838,0.1396,0.0536,0.7694,0.4441,0.2949
163,973,3,pressur,0.0776,0.0141,0.0011,0.7694,0.4441,0.2949
163,973,3,angl,0.1573,0.0286,0.0045,0.7694,0.4441,0.2949
163,233,4,forebodi,0.4304,0.254,0.1093,0.7694,0.5075,0.2947
163,233,4,appli,0.1605,0.0316,0.0051,0.7694,0.5075,0.2947
163,233,4,result,0.0587,0.0116,0.0007,0.7694,0.5075,0.2947
163,56,5,attack,0.209,0.0398,0.0083,0.7694,0.3386,0.2772
163,56,5,ogiv,0.3838,0.0731,0.0281,0.7694,0.3386,0.2772
163,56,5,pressur,0.0776,0.0443,0.0034,0.7694,0.3386,0.2772
163,56,5,appli,0.1605,0.0153,0.0025,0.7694,0.3386,0.2772
163,56,5,hyperson,0.1757,0.0502,0.0088,0.7694,0.3386,0.2772
163,56,5,similar,0.1856,0.0884,0.0164,0.7694,0.3386,0.2772
163,56,5,angl,0.1573,0.03,0.0047,0.7694,0.3386,0.2772
163,57,6,attack,0.209,0.0228,0.0048,0.7694,0.381,0.2753
163,57,6,ogiv,0.3838,0.1256,0.0482,0.7694,0.381,0.2753
163,57,6,pressur,0.0776,0.0423,0.0033,0.7694,0.381,0.2753
163,57,6,hyperson,0.1757,0.0383,0.0067,0.7694,0.381,0.2753
163,57,6,similar,0.1856,0.081,0.015,0.7694,0.381,0.2753
163,57,6,angl,0.1573,0.0172,0.0027,0.7694,0.381,0.2753
163,1040,7,forebodi,0.4304,0.1185,0.051,0.7694,0.2974,0.2605
163,1040,7,pressur,0.0776,0.0275,0.0021,0.7694,0.2974,0.2605
163,1040,7,techniqu,0.2208,0.0087,0.0019,0.7694,0.2974,0.2605
163,1040,7,result,0.0587,0.0046,0.0003,0.7694,0.2974,0.2605
163,1040,7,similar,0.1856,0.0073,0.0014,0.7694,0.2974,0.2605
163,1040,7,angl,0.1573,0.0186,0.0029,0.7694,0.2974,0.2605
163,232,8,attack,0.209,0.0163,0.0034,0.7694,0.3067,0.2523
163,232,8,ogiv,0.3838,0.0598,0.023,0.7694,0.3067,0.2523
163,232,8,pressur,0.0776,0.0302,0.0023,0.7694,0.3067,0.2523
163,232,8,appli,0.1605,0.0125,0.002,0.7694,0.3067,0.2523
163,232,8,hyperson,0.1757,0.0411,0.0072,0.7694,0.3067,0.2523
163,232,8,surfac,0.1204,0.0094,0.0011,0.7694,0.3067,0.2523
163,232,8,predict,0.1651,0.0386,0.0064,0.7694,0.3067,0.2523
163,232,8,result,0.0587,0.0046,0.0003,0.7694,0.3067,0.2523
163,232,8,similar,0.1856,0.0434,0.0081,0.7694,0.3067,0.2523
163,232,8,angl,0.1573,0.0368,0.0058,0.7694,0.3067,0.2523
163,1231,9,attack,0.209,0.073,0.0153,0.7694,0.325,0.2419
163,1231,9,pressur,0.0776,0.0452,0.0035,0.7694,0.325,0.2419
163,1231,9,appli,0.1605,0.0187,0.003,0.7694,0.325,0.2419
163,1231,9,hyperson,0.1757,0.0614,0.0108,0.7694,0.325,0.2419
163,1231,9,surfac,0.1204,0.0561,0.0068,0.7694,0.325,0.2419
163,1231,9,predict,0.1651,0.0385,0.0064,0.7694,0.325,0.2419
163,1231,9,result,0.0587,0.0068,0.0004,0.7694,0.325,0.2419
163,1231,9,angl,0.1573,0.0916,0.0144,0.7694,0.325,0.2419
163,373,10,attack,0.209,0.04,0.0084,0.7694,0.2644,0.228
163,373,10,ogiv,0.3838,0.0245,0.0094,0.7694,0.2644,0.228
163,373,10,pressur,0.0776,0.005,0.0004,0.7694,0.2644,0.228
163,373,10,hyperson,0.1757,0.0673,0.0118,0.7694,0.2644,0.228
163,373,10,surfac,0.1204,0.0461,0.0056,0.7694,0.2644,0.228
163,373,10,predict,0.1651,0.0211,0.0035,0.7694,0.2644,0.228
163,373,10,result,0.0587,0.0075,0.0004,0.7694,0.2644,0.228
163,373,10,similar,0.1856,0.0118,0.0022,0.7694,0.2644,0.228
163,373,10,angl,0.1573,0.0301,0.0047,0.7694,0.2644,0.228
164,503,1,onset,0.6799,0.156,0.1061,0.953,0.4079,0.3658
164,503,1,determin,0.2205,0.0253,0.0056,0.953,0.4079,0.3658
164,503,1,shock,0.2519,0.0289,0.0073,0.953,0.4079,0.3658
164,503,1,separ,0.3181,0.073,0.0232,0.953,0.4079,0.3658
164,358,2,shock,0.2519,0.1357,0.0342,0.953,0.4631,0.3293
164,358,2,separ,0.3181,0.257,0.0817,0.953,0.4631,0.3293
164,358,2,boundari,0.1559,0.084,0.0131,0.953,0.4631,0.3293
164,358,2,layer,0.1741,0.0937,0.0163,0.953,0.4631,0.3293
164,311,3,onset,0.6799,0.0445,0.0302,0.953,0.3365,0.3045
164,311,3,induc,0.422,0.0276,0.0116,0.953,0.3365,0.3045
164,311,3,shock,0.2519,0.0494,0.0125,0.953,0.3365,0.3045
164,311,3,separ,0.3181,0.1249,0.0397,0.953,0.3365,0.3045
164,311,3,boundari,0.1559,0.0102,0.0016,0.953,0.3365,0.3045
164,311,3,layer,0.1741,0.0114,0.002,0.953,0.3365,0.3045
164,316,4,onset,0.6799,0.085,0.0578,0.953,0.4127,0.2781
164,316,4,separ,0.3181,0.1193,0.038,0.953,0.4127,0.2781
164,316,4,boundari,0.1559,0.039,0.0061,0.953,0.4127,0.2781
164,316,4,layer,0.1741,0.0435,0.0076,0.953,0.4127,0.2781
164,1364,5,shock,0.2519,0.126,0.0317,0.953,0.3308,0.2475
164,1364,5,separ,0.3181,0.0596,0.019,0.953,0.3308,0.2475
164,1364,5,boundari,0.1559,0.078,0.0122,0.953,0.3308,0.2475
164,1364,5,layer,0.1741,0.087,0.0151,0.953,0.3308,0.2475
164,265,6,induc,0.422,0.1257,0.053,0.953,0.5338,0.2353
164,265,6,shock,0.2519,0.1126,0.0284,0.953,0.5338,0.2353
164,265,6,separ,0.3181,0.0948,0.0301,0.953,0.5338,0.2353
164,265,6,boundari,0.1559,0.0232,0.0036,0.953,0.5338,0.2353
164,265,6,layer,0.1741,0.0259,0.0045,0.953,0.5338,0.2353
164,415,7,onset,0.6799,0.071,0.0483,0.953,0.4497,0.2272
164,415,7,induc,0.422,0.0441,0.0186,0.953,0.4497,0.2272
164,415,7,shock,0.2519,0.079,0.0199,0.953,0.4497,0.2272
164,415,7,separ,0.3181,0.0332,0.0106,0.953,0.4497,0.2272
164,959,8,separ,0.3181,0.1218,0.0387,0.953,0.2844,0.22
164,959,8,boundari,0.1559,0.0597,0.0093,0.953,0.2844,0.22
164,959,8,layer,0.1741,0.0666,0.0116,0.953,0.2844,0.22
164,798,9,induc,0.422,0.0087,0.0037,0.953,0.2389,0.2084
164,798,9,shock,0.2519,0.0414,0.0104,0.953,0.2389,0.2084
164,798,9,separ,0.3181,0.0653,0.0208,0.953,0.2389,0.2084
164,798,9,boundari,0.1559,0.0288,0.0045,0.953,0.2389,0.2084
164,798,9,layer,0.1741,0.0464,0.0081,0.953,0.2389,0.2084
164,71,10,induc,0.422,0.0579,0.0244,0.953,0.456,0.2082
164,71,10,shock,0.2519,0.1729,0.0436,0.953,0.456,0.2082
164,71,10,boundari,0.1559,0.0642,0.01,0.953,0.456,0.2082
164,71,10,layer,0.1741,0.0717,0.0125,0.953,0.456,0.2082
165,504,1,wave,0.2108,0.047,0.0099,0.8739,0.2949,0.2738
165,504,1,induc,0.3282,0.0244,0.008,0.8739,0.2949,0.2738
165,504,1,stabl,0.4838,0.036,0.0174,0.8739,0.2949,0.2738
165,504,1,boundari,0.1213,0.0361,0.0044,0.8739,0.2949,0.2738
165,504,1,compress,0.2168,0.0322,0.007,0.8739,0.2949,0.2738
165,504,1,move,0.3519,0.0523,0.0184,0.8739,0.2949,0.2738
165,504,1,layer,0.1354,0.0403,0.0055,0.8739,0.2949,0.2738
165,72,2,wave,0.2108,0.092,0.0194,0.8739,0.299,0.2053
165,72,2,profil,0.2826,0.0154,0.0044,0.8739,0.299,0.2053
165,72,2,boundari,0.1213,0.0662,0.008,0.8739,0.299,0.2053
165,72,2,compress,0.2168,0.0236,0.0051,0.8739,0.299,0.2053
165,72,2,move,0.3519,0.0192,0.0068,0.8739,0.299,0.2053
165,72,2,layer,0.1354,0.0738,0.01,0.8739,0.299,0.2053
165,71,3,wave,0.2108,0.0744,0.0157,0.8739,0.456,0.1871
165,71,3,induc,0.3282,0.0579,0.019,0.8739,0.456,0.1871
165,71,3,profil,0.2826,0.0499,0.0141,0.8739,0.456,0.1871
165,71,3,boundari,0.1213,0.0642,0.0078,0.8739,0.456,0.1871
165,71,3,compress,0.2168,0.0383,0.0083,0.8739,0.456,0.1871
165,71,3,layer,0.1354,0.0717,0.0097,0.8739,0.456,0.1871
165,1276,4,wave,0.2108,0.0654,0.0138,0.8739,0.5243,0.1869
165,1276,4,induc,0.3282,0.1019,0.0334,0.8739,0.5243,0.1869
165,1276,4,move,0.3519,0.1092,0.0384,0.8739,0.5243,0.1869
165,335,5,wave,0.2108,0.1355,0.0286,0.8739,0.4075,0.1825
165,335,5,profil,0.2826,0.0454,0.0128,0.8739,0.4075,0.1825
165,335,5,boundari,0.1213,0.0975,0.0118,0.8739,0.4075,0.1825
165,335,5,layer,0.1354,0.087,0.0118,0.8739,0.4075,0.1825
165,978,6,profil,0.2826,0.0606,0.0171,0.8739,0.483,0.1812
165,978,6,boundari,0.1213,0.052,0.0063,0.8739,0.483,0.1812
165,978,6,move,0.3519,0.1508,0.0531,0.8739,0.483,0.1812
165,1225,7,wave,0.2108,0.0109,0.0023,0.8739,0.2925,0.1795
165,1225,7,profil,0.2826,0.0877,0.0248,0.8739,0.2925,0.1795
165,1225,7,boundari,0.1213,0.069,0.0084,0.8739,0.2925,0.1795
165,1225,7,layer,0.1354,0.077,0.0104,0.8739,0.2925,0.1795
165,569,8,wave,0.2108,0.0339,0.0071,0.8739,0.2611,0.1724
165,569,8,induc,0.3282,0.0527,0.0173,0.8739,0.2611,0.1724
165,569,8,profil,0.2826,0.0151,0.0043,0.8739,0.2611,0.1724
165,569,8,boundari,0.1213,0.039,0.0047,0.8739,0.2611,0.1724
165,569,8,layer,0.1354,0.0435,0.0059,0.8739,0.2611,0.1724
165,563,9,known,0.3062,0.0184,0.0056,0.8739,0.3323,0.169
165,563,9,profil,0.2826,0.1187,0.0336,0.8739,0.3323,0.169
165,563,9,boundari,0.1213,0.0364,0.0044,0.8739,0.3323,0.169
165,563,9,layer,0.1354,0.0406,0.0055,0.8739,0.3323,0.169
165,417,10,wave,0.2108,0.0067,0.0014,0.8739,0.2914,0.1666
165,417,10,profil,0.2826,0.0627,0.0177,0.8739,0.2914,0.1666
165,417,10,stabl,0.4838,0.046,0.0222,0.8739,0.2914,0.1666
165,417,10,boundari,0.1213,0.0038,0.0005,0.8739,0.2914,0.1666
165,417,10,layer,0.1354,0.0043,0.0006,0.8739,0.2914,0.1666
166,504,1,wave,0.2108,0.047,0.0099,0.6793,0.2949,0.3576
166,504,1,induc,0.3282,0.0244,0.008,0.6793,0.2949,0.3576
166,504,1,stabil,0.273,0.0609,0.0166,0.6793,0.2949,0.3576
166,504,1,experiment,0.1576,0.0117,0.0018,0.6793,0.2949,0.3576
166,504,1,boundari,0.1213,0.0361,0.0044,0.6793,0.2949,0.3576
166,504,1,compress,0.2168,0.0322,0.007,0.6793,0.2949,0.3576
166,504,1,move,0.3519,0.0523,0.0184,0.6793,0.2949,0.3576
166,504,1,layer,0.1354,0.0403,0.0055,0.6793,0.2949,0.3576
166,72,2,wave,0.2108,0.092,0.0194,0.6793,0.299,0.2427
166,72,2,boundari,0.1213,0.0662,0.008,0.6793,0.299,0.2427
166,72,2,compress,0.2168,0.0236,0.0051,0.6793,0.299,0.2427
166,72,2,move,0.3519,0.0192,0.0068,0.6793,0.299,0.2427
166,72,2,layer,0.1354,0.0738,0.01,0.6793,0.299,0.2427
166,1276,3,wave,0.2108,0.0654,0.0138,0.6793,0.5243,0.2405
166,1276,3,induc,0.3282,0.1019,0.0334,0.6793,0.5243,0.2405
166,1276,3,move,0.3519,0.1092,0.0384,0.6793,0.5243,0.2405
166,55,4,stabil,0.273,0.091,0.0248,0.6793,0.3178,0.2176
166,55,4,boundari,0.1213,0.0404,0.0049,0.6793,0.3178,0.2176
166,55,4,compress,0.2168,0.0482,0.0104,0.6793,0.3178,0.2176
166,55,4,result,0.0783,0.0087,0.0007,0.6793,0.3178,0.2176
166,55,4,layer,0.1354,0.0451,0.0061,0.6793,0.3178,0.2176
166,1171,5,stabil,0.273,0.1638,0.0447,0.6793,0.533,0.215
166,1171,5,experiment,0.1576,0.0315,0.005,0.6793,0.533,0.215
166,1171,5,compress,0.2168,0.1301,0.0282,0.6793,0.533,0.215
166,663,6,wave,0.2108,0.025,0.0053,0.6793,0.2973,0.2103
166,663,6,induc,0.3282,0.0389,0.0128,0.6793,0.2973,0.2103
166,663,6,experiment,0.1576,0.0373,0.0059,0.6793,0.2973,0.2103
166,663,6,boundari,0.1213,0.0144,0.0017,0.6793,0.2973,0.2103
166,663,6,move,0.3519,0.0417,0.0147,0.6793,0.2973,0.2103
166,663,6,layer,0.1354,0.016,0.0022,0.6793,0.2973,0.2103
166,569,7,wave,0.2108,0.0339,0.0071,0.6793,0.2611,0.207
166,569,7,induc,0.3282,0.0527,0.0173,0.6793,0.2611,0.207
166,569,7,experiment,0.1576,0.0084,0.0013,0.6793,0.2611,0.207
166,569,7,boundari,0.1213,0.039,0.0047,0.6793,0.2611,0.207
166,569,7,result,0.0783,0.0042,0.0003,0.6793,0.2611,0.207
166,569,7,layer,0.1354,0.0435,0.0059,0.6793,0.2611,0.207
166,1302,8,experiment,0.1576,0.0275,0.0043,0.6793,0.2922,0.206
166,1302,8,boundari,0.1213,0.0318,0.0039,0.6793,0.2922,0.206
166,1302,8,compress,0.2168,0.0189,0.0041,0.6793,0.2922,0.206
166,1302,8,move,0.3519,0.0615,0.0216,0.6793,0.2922,0.206
166,1302,8,result,0.0783,0.0068,0.0005,0.6793,0.2922,0.206
166,1302,8,layer,0.1354,0.0473,0.0064,0.6793,0.2922,0.206
166,421,9,wave,0.2108,0.0184,0.0039,0.6793,0.328,0.1985
166,421,9,induc,0.3282,0.1147,0.0376,0.6793,0.328,0.1985
166,421,9,experiment,0.1576,0.0138,0.0022,0.6793,0.328,0.1985
166,421,9,result,0.0783,0.0068,0.0005,0.6793,0.328,0.1985
166,1303,10,wave,0.2108,0.0342,0.0072,0.6793,0.3584,0.1966
166,1303,10,move,0.3519,0.1141,0.0402,0.6793,0.3584,0.1966
166,1303,10,result,0.0783,0.0063,0.0005,0.6793,0.3584,0.1966
167,553,1,solut,0.0882,0.0378,0.0033,0.9294,0.4828,0.5648
167,553,1,flight,0.1671,0.0239,0.004,0.9294,0.4828,0.5648
167,553,1,ablat,0.648,0.324,0.21,0.9294,0.4828,0.5648
167,553,1,mass,0.213,0.0304,0.0065,0.9294,0.4828,0.5648
167,553,1,materi,0.215,0.1229,0.0264,0.9294,0.4828,0.5648
167,553,1,hyperson,0.1506,0.0215,0.0032,0.9294,0.4828,0.5648
167,1099,2,ablat,0.648,0.422,0.2734,0.9294,0.6491,0.5032
167,1099,2,materi,0.215,0.14,0.0301,0.9294,0.6491,0.5032
167,1097,3,ablat,0.648,0.2221,0.1439,0.9294,0.4408,0.4286
167,1097,3,materi,0.215,0.1473,0.0317,0.9294,0.4408,0.4286
167,1100,4,ablat,0.648,0.2356,0.1527,0.9294,0.462,0.4124
167,1100,4,temperatur,0.1181,0.0644,0.0076,0.9294,0.462,0.4124
167,1100,4,materi,0.215,0.0782,0.0168,0.9294,0.462,0.4124
167,1241,5,ablat,0.648,0.1418,0.0919,0.9294,0.3715,0.3235
167,1241,5,mass,0.213,0.0932,0.0198,0.9294,0.3715,0.3235
167,1065,6,flight,0.1671,0.0788,0.0132,0.9294,0.433,0.3151
167,1065,6,ablat,0.648,0.1529,0.0991,0.9294,0.433,0.3151
167,1065,6,materi,0.215,0.0676,0.0145,0.9294,0.433,0.3151
167,1279,7,environ,0.3605,0.1646,0.0593,0.9294,0.4647,0.302
167,1279,7,flight,0.1671,0.0254,0.0042,0.9294,0.4647,0.302
167,1279,7,ablat,0.648,0.0493,0.032,0.9294,0.4647,0.302
167,1279,7,materi,0.215,0.0982,0.0211,0.9294,0.4647,0.302
167,1279,7,hyperson,0.1506,0.0917,0.0138,0.9294,0.4647,0.302
167,1101,8,flight,0.1671,0.0403,0.0067,0.9294,0.6035,0.3016
167,1101,8,ablat,0.648,0.2346,0.152,0.9294,0.6035,0.3016
167,1101,8,temperatur,0.1181,0.057,0.0067,0.9294,0.6035,0.3016
167,1101,8,high,0.1228,0.0296,0.0036,0.9294,0.6035,0.3016
167,1098,9,ablat,0.648,0.1418,0.0919,0.9294,0.4791,0.2662
167,1098,9,temperatur,0.1181,0.0172,0.002,0.9294,0.4791,0.2662
167,1098,9,materi,0.215,0.0941,0.0202,0.9294,0.4791,0.2662
167,1098,9,high,0.1228,0.0358,0.0044,0.9294,0.4791,0.2662
167,1096,10,ablat,0.648,0.1712,0.1109,0.9294,0.7073,0.2357
167,1096,10,temperatur,0.1181,0.0624,0.0074,0.9294,0.7073,0.2357
167,1096,10,materi,0.215,0.1704,0.0366,0.9294,0.7073,0.2357
168,750,1,solut,0.095,0.0741,0.007,0.7678,0.5284,0.5835
168,750,1,known,0.212,0.0551,0.0117,0.7678,0.5284,0.5835
168,750,1,transon,0.2385,0.062,0.0148,0.7678,0.5284,0.5835
168,750,1,flow,0.1002,0.013,0.0013,0.7678,0.5284,0.5835
168,750,1,nozzl,0.4403,0.229,0.1008,0.7678,0.5284,0.5835
168,750,1,throat,0.3599,0.2808,0.1011,0.7678,0.5284,0.5835
168,965,2,solut,0.095,0.0263,0.0025,0.7678,0.5545,0.4213
168,965,2,approxim,0.1007,0.0279,0.0028,0.7678,0.5545,0.4213
168,965,2,flow,0.1002,0.0416,0.0042,0.7678,0.5545,0.4213
168,965,2,nozzl,0.4403,0.3045,0.1341,0.7678,0.5545,0.4213
168,965,2,throat,0.3599,0.0996,0.0358,0.7678,0.5545,0.4213
168,217,3,flow,0.1002,0.0383,0.0038,0.7678,0.4064,0.3887
168,217,3,nozzl,0.4403,0.2105,0.0927,0.7678,0.4064,0.3887
168,217,3,throat,0.3599,0.0688,0.0248,0.7678,0.4064,0.3887
168,136,4,nozzl,0.4403,0.4089,0.18,0.7678,0.7166,0.3396
168,136,4,direct,0.1713,0.0398,0.0068,0.7678,0.7166,0.3396
168,341,5,find,0.2883,0.031,0.0089,0.7678,0.3339,0.3393
168,341,5,approxim,0.1007,0.0216,0.0022,0.7678,0.3339,0.3393
168,341,5,flow,0.1002,0.0323,0.0032,0.7678,0.3339,0.3393
168,341,5,nozzl,0.4403,0.0946,0.0417,0.7678,0.3339,0.3393
168,341,5,direct,0.1713,0.0184,0.0032,0.7678,0.3339,0.3393
168,341,5,throat,0.3599,0.0773,0.0278,0.7678,0.3339,0.3393
168,1187,6,flow,0.1002,0.0357,0.0036,0.7678,0.4928,0.3289
168,1187,6,nozzl,0.4403,0.2745,0.1209,0.7678,0.4928,0.3289
168,118,7,solut,0.095,0.0238,0.0023,0.7678,0.3808,0.3086
168,118,7,transon,0.2385,0.0596,0.0142,0.7678,0.3808,0.3086
168,118,7,flow,0.1002,0.0501,0.005,0.7678,0.3808,0.3086
168,118,7,nozzl,0.4403,0.0826,0.0364,0.7678,0.3808,0.3086
168,118,7,throat,0.3599,0.09,0.0324,0.7678,0.3808,0.3086
168,970,8,flow,0.1002,0.0105,0.0011,0.7678,0.351,0.3056
168,970,8,nozzl,0.4403,0.1847,0.0813,0.7678,0.351,0.3056
168,127,9,nozzl,0.4403,0.1626,0.0716,0.7678,0.3897,0.3033
168,127,9,throat,0.3599,0.0532,0.0191,0.7678,0.3897,0.3033
168,221,10,flow,0.1002,0.013,0.0013,0.7678,0.5417,0.2759
168,221,10,nozzl,0.4403,0.2576,0.1134,0.7678,0.5417,0.2759
169,750,1,solut,0.0824,0.0741,0.0061,0.7896,0.5284,0.5299
169,750,1,known,0.1837,0.0551,0.0101,0.7896,0.5284,0.5299
169,750,1,transon,0.2067,0.062,0.0128,0.7896,0.5284,0.5299
169,750,1,axial,0.1503,0.0902,0.0135,0.7896,0.5284,0.5299
169,750,1,flow,0.0434,0.013,0.0006,0.7896,0.5284,0.5299
169,750,1,nozzl,0.3816,0.229,0.0874,0.7896,0.5284,0.5299
169,750,1,veloc,0.099,0.0297,0.0029,0.7896,0.5284,0.5299
169,750,1,throat,0.312,0.2808,0.0876,0.7896,0.5284,0.5299
169,965,2,solut,0.0824,0.0263,0.0022,0.7896,0.5545,0.3581
169,965,2,approxim,0.0873,0.0279,0.0024,0.7896,0.5545,0.3581
169,965,2,flow,0.0434,0.0416,0.0018,0.7896,0.5545,0.3581
169,965,2,nozzl,0.3816,0.3045,0.1162,0.7896,0.5545,0.3581
169,965,2,veloc,0.099,0.0316,0.0031,0.7896,0.5545,0.3581
169,965,2,throat,0.312,0.0996,0.0311,0.7896,0.5545,0.3581
169,217,3,axial,0.1503,0.0331,0.005,0.7896,0.4064,0.3513
169,217,3,flow,0.0434,0.0383,0.0017,0.7896,0.4064,0.3513
169,217,3,nozzl,0.3816,0.2105,0.0803,0.7896,0.4064,0.3513
169,217,3,veloc,0.099,0.0437,0.0043,0.7896,0.4064,0.3513
169,217,3,throat,0.312,0.0688,0.0215,0.7896,0.4064,0.3513
169,341,4,find,0.2498,0.031,0.0077,0.7896,0.3339,0.3007
169,341,4,approxim,0.0873,0.0216,0.0019,0.7896,0.3339,0.3007
169,341,4,axial,0.1503,0.0373,0.0056,0.7896,0.3339,0.3007
169,341,4,flow,0.0434,0.0323,0.0014,0.7896,0.3339,0.3007
169,341,4,nozzl,0.3816,0.0946,0.0361,0.7896,0.3339,0.3007
169,341,4,veloc,0.099,0.0246,0.0024,0.7896,0.3339,0.3007
169,341,4,throat,0.312,0.0773,0.0241,0.7896,0.3339,0.3007
169,136,5,axial,0.1503,0.0402,0.006,0.7896,0.7166,0.2865
169,136,5,nozzl,0.3816,0.4089,0.156,0.7896,0.7166,0.2865
169,118,6,solut,0.0824,0.0238,0.002,0.7896,0.3808,0.2854
169,118,6,transon,0.2067,0.0596,0.0123,0.7896,0.3808,0.2854
169,118,6,axial,0.1503,0.065,0.0098,0.7896,0.3808,0.2854
169,118,6,flow,0.0434,0.0501,0.0022,0.7896,0.3808,0.2854
169,118,6,nozzl,0.3816,0.0826,0.0315,0.7896,0.3808,0.2854
169,118,6,throat,0.312,0.09,0.0281,0.7896,0.3808,0.2854
169,127,7,axial,0.1503,0.0512,0.0077,0.7896,0.3897,0.2806
169,127,7,nozzl,0.3816,0.1626,0.0621,0.7896,0.3897,0.2806
169,127,7,throat,0.312,0.0532,0.0166,0.7896,0.3897,0.2806
169,970,8,axial,0.1503,0.0364,0.0055,0.7896,0.351,0.2756
169,970,8,flow,0.0434,0.0105,0.0005,0.7896,0.351,0.2756
169,970,8,nozzl,0.3816,0.1847,0.0705,0.7896,0.351,0.2756
169,1187,9,flow,0.0434,0.0357,0.0015,0.7896,0.4928,0.2732
169,1187,9,nozzl,0.3816,0.2745,0.1047,0.7896,0.4928,0.2732
169,213,10,axial,0.1503,0.027,0.0041,0.7896,0.3199,0.2329
169,213,10,flow,0.0434,0.0156,0.0007,0.7896,0.3199,0.2329
169,213,10,nozzl,0.3816,0.1371,0.0523,0.7896,0.3199,0.2329
169,213,10,veloc,0.099,0.0178,0.0018,0.7896,0.3199,0.2329
170,893,1,tube,0.1656,0.2259,0.0374,0.8255,0.5633,0.3653
170,893,1,pitot,0.2419,0.2639,0.0638,0.8255,0.5633,0.3653
170,893,1,calibr,0.2644,0.1442,0.0381,0.8255,0.5633,0.3653
170,893,1,static,0.1495,0.2038,0.0305,0.8255,0.5633,0.3653
170,238,2,tube,0.1656,0.1296,0.0215,0.8255,0.7341,0.3061
170,238,2,low,0.1226,0.2879,0.0353,0.8255,0.7341,0.3061
170,238,2,pitot,0.2419,0.1893,0.0458,0.8255,0.7341,0.3061
170,238,2,calibr,0.2644,0.2069,0.0547,0.8255,0.7341,0.3061
170,238,2,reynold,0.1084,0.0848,0.0092,0.8255,0.7341,0.3061
170,238,2,static,0.1495,0.117,0.0175,0.8255,0.7341,0.3061
170,238,2,number,0.0441,0.0345,0.0015,0.8255,0.7341,0.3061
170,239,3,tube,0.1656,0.2683,0.0444,0.8255,0.5221,0.3015
170,239,3,low,0.1226,0.0221,0.0027,0.8255,0.5221,0.3015
170,239,3,pitot,0.2419,0.0871,0.0211,0.8255,0.5221,0.3015
170,239,3,calibr,0.2644,0.0952,0.0252,0.8255,0.5221,0.3015
170,239,3,static,0.1495,0.2421,0.0362,0.8255,0.5221,0.3015
170,239,3,number,0.0441,0.0079,0.0004,0.8255,0.5221,0.3015
170,905,4,tube,0.1656,0.2056,0.0341,0.8255,0.5575,0.2677
170,905,4,pitot,0.2419,0.2252,0.0545,0.8255,0.5575,0.2677
170,905,4,static,0.1495,0.2319,0.0347,0.8255,0.5575,0.2677
170,904,5,tube,0.1656,0.0537,0.0089,0.8255,0.4923,0.2492
170,904,5,low,0.1226,0.0199,0.0024,0.8255,0.4923,0.2492
170,904,5,pitot,0.2419,0.1569,0.038,0.8255,0.4923,0.2492
170,904,5,calibr,0.2644,0.0858,0.0227,0.8255,0.4923,0.2492
170,904,5,static,0.1495,0.1939,0.029,0.8255,0.4923,0.2492
170,904,5,number,0.0441,0.0072,0.0003,0.8255,0.4923,0.2492
170,139,6,tube,0.1656,0.1529,0.0253,0.8255,0.4032,0.2424
170,139,6,low,0.1226,0.0566,0.0069,0.8255,0.4032,0.2424
170,139,6,pitot,0.2419,0.1116,0.027,0.8255,0.4032,0.2424
170,139,6,reynold,0.1084,0.1251,0.0136,0.8255,0.4032,0.2424
170,139,6,static,0.1495,0.0345,0.0052,0.8255,0.4032,0.2424
170,139,6,number,0.0441,0.0611,0.0027,0.8255,0.4032,0.2424
170,140,7,tube,0.1656,0.1205,0.02,0.8255,0.3627,0.226
170,140,7,differ,0.1104,0.01,0.0011,0.8255,0.3627,0.226
170,140,7,pitot,0.2419,0.1759,0.0425,0.8255,0.3627,0.226
170,140,7,appear,0.1495,0.0136,0.002,0.8255,0.3627,0.226
170,140,7,static,0.1495,0.0136,0.002,0.8255,0.3627,0.226
170,1082,8,tube,0.1656,0.1549,0.0257,0.8255,0.3708,0.2221
170,1082,8,differ,0.1104,0.0129,0.0014,0.8255,0.3708,0.2221
170,1082,8,variabl,0.1556,0.0182,0.0028,0.8255,0.3708,0.2221
170,1082,8,low,0.1226,0.0287,0.0035,0.8255,0.3708,0.2221
170,1082,8,pitot,0.2419,0.0848,0.0205,0.8255,0.3708,0.2221
170,1082,8,reynold,0.1084,0.0887,0.0096,0.8255,0.3708,0.2221
170,1082,8,static,0.1495,0.0175,0.0026,0.8255,0.3708,0.2221
170,1082,8,number,0.0441,0.0412,0.0018,0.8255,0.3708,0.2221
170,175,9,tube,0.1656,0.2556,0.0423,0.8255,0.5158,0.185
170,175,9,variabl,0.1556,0.08,0.0125,0.8255,0.5158,0.185
170,175,9,static,0.1495,0.1537,0.023,0.8255,0.5158,0.185
170,175,9,number,0.0441,0.0227,0.001,0.8255,0.5158,0.185
170,906,10,tube,0.1656,0.1863,0.0309,0.8255,0.6699,0.1749
170,906,10,pitot,0.2419,0.2721,0.0658,0.8255,0.6699,0.1749
171,516,1,flight,0.1376,0.0659,0.0091,0.6247,0.3974,0.4779
171,516,1,free,0.2188,0.0524,0.0115,0.6247,0.3974,0.4779
171,516,1,model,0.1217,0.0583,0.0071,0.6247,0.3974,0.4779
171,516,1,made,0.1624,0.0194,0.0032,0.6247,0.3974,0.4779
171,516,1,low,0.1298,0.0311,0.004,0.6247,0.3974,0.4779
171,516,1,comparison,0.1354,0.0324,0.0044,0.6247,0.3974,0.4779
171,516,1,blockag,0.3038,0.0727,0.0221,0.6247,0.3974,0.4779
171,516,1,tunnel,0.1207,0.1156,0.0139,0.6247,0.3974,0.4779
171,516,1,measur,0.2017,0.0483,0.0097,0.6247,0.3974,0.4779
171,516,1,wind,0.1412,0.1014,0.0143,0.6247,0.3974,0.4779
171,516,1,interfer,0.2009,0.0962,0.0193,0.6247,0.3974,0.4779
171,431,2,flight,0.1376,0.0441,0.0061,0.6247,0.3686,0.4056
171,431,2,free,0.2188,0.0351,0.0077,0.6247,0.3686,0.4056
171,431,2,model,0.1217,0.0976,0.0119,0.6247,0.3686,0.4056
171,431,2,made,0.1624,0.013,0.0021,0.6247,0.3686,0.4056
171,431,2,drag,0.1363,0.0874,0.0119,0.6247,0.3686,0.4056
171,431,2,tunnel,0.1207,0.0968,0.0117,0.6247,0.3686,0.4056
171,431,2,measur,0.2017,0.0647,0.0131,0.6247,0.3686,0.4056
171,431,2,wind,0.1412,0.0679,0.0096,0.6247,0.3686,0.4056
171,431,2,interfer,0.2009,0.0967,0.0194,0.6247,0.3686,0.4056
171,672,3,use,0.0591,0.0209,0.0012,0.6247,0.4382,0.3855
171,672,3,blockag,0.3038,0.2152,0.0654,0.6247,0.4382,0.3855
171,672,3,tunnel,0.1207,0.0855,0.0103,0.6247,0.4382,0.3855
171,672,3,interfer,0.2009,0.1423,0.0286,0.6247,0.4382,0.3855
171,714,4,model,0.1217,0.0339,0.0041,0.6247,0.4444,0.3575
171,714,4,comparison,0.1354,0.0377,0.0051,0.6247,0.4444,0.3575
171,714,4,blockag,0.3038,0.1693,0.0514,0.6247,0.4444,0.3575
171,714,4,tunnel,0.1207,0.1345,0.0162,0.6247,0.4444,0.3575
171,714,4,measur,0.2017,0.0281,0.0057,0.6247,0.4444,0.3575
171,714,4,wind,0.1412,0.118,0.0167,0.6247,0.4444,0.3575
171,252,5,model,0.1217,0.0431,0.0052,0.6247,0.3631,0.3396
171,252,5,made,0.1624,0.0096,0.0016,0.6247,0.3631,0.3396
171,252,5,low,0.1298,0.0153,0.002,0.6247,0.3631,0.3396
171,252,5,blockag,0.3038,0.0717,0.0218,0.6247,0.3631,0.3396
171,252,5,tunnel,0.1207,0.114,0.0138,0.6247,0.3631,0.3396
171,252,5,measur,0.2017,0.0238,0.0048,0.6247,0.3631,0.3396
171,252,5,interfer,0.2009,0.1186,0.0238,0.6247,0.3631,0.3396
171,252,5,similar,0.131,0.0309,0.0041,0.6247,0.3631,0.3396
171,800,6,model,0.1217,0.1182,0.0144,0.6247,0.3351,0.3065
171,800,6,made,0.1624,0.0131,0.0021,0.6247,0.3351,0.3065
171,800,6,blockag,0.3038,0.0984,0.0299,0.6247,0.3351,0.3065
171,800,6,tunnel,0.1207,0.0391,0.0047,0.6247,0.3351,0.3065
171,800,6,measur,0.2017,0.0163,0.0033,0.6247,0.3351,0.3065
171,800,6,wind,0.1412,0.0229,0.0032,0.6247,0.3351,0.3065
171,800,6,interfer,0.2009,0.0325,0.0065,0.6247,0.3351,0.3065
171,799,7,model,0.1217,0.044,0.0054,0.6247,0.322,0.2851
171,799,7,use,0.0591,0.0142,0.0008,0.6247,0.322,0.2851
171,799,7,blockag,0.3038,0.0733,0.0223,0.6247,0.322,0.2851
171,799,7,tunnel,0.1207,0.0582,0.007,0.6247,0.322,0.2851
171,799,7,wind,0.1412,0.017,0.0024,0.6247,0.322,0.2851
171,799,7,interfer,0.2009,0.0969,0.0195,0.6247,0.322,0.2851
171,141,8,flight,0.1376,0.0371,0.0051,0.6247,0.4295,0.2667
171,141,8,free,0.2188,0.059,0.0129,0.6247,0.4295,0.2667
171,141,8,model,0.1217,0.0328,0.004,0.6247,0.4295,0.2667
171,141,8,drag,0.1363,0.0368,0.005,0.6247,0.4295,0.2667
171,141,8,tunnel,0.1207,0.0977,0.0118,0.6247,0.4295,0.2667
171,141,8,measur,0.2017,0.0817,0.0165,0.6247,0.4295,0.2667
171,141,8,wind,0.1412,0.0381,0.0054,0.6247,0.4295,0.2667
171,141,8,interfer,0.2009,0.0542,0.0109,0.6247,0.4295,0.2667
171,1153,9,free,0.2188,0.0418,0.0091,0.6247,0.3768,0.2591
171,1153,9,model,0.1217,0.0232,0.0028,0.6247,0.3768,0.2591
171,1153,9,use,0.0591,0.0113,0.0007,0.6247,0.3768,0.2591
171,1153,9,tunnel,0.1207,0.1152,0.0139,0.6247,0.3768,0.2591
171,1153,9,wind,0.1412,0.1348,0.019,0.6247,0.3768,0.2591
171,1153,9,interfer,0.2009,0.0768,0.0154,0.6247,0.3768,0.2591
171,594,10,made,0.1624,0.0384,0.0062,0.6247,0.5645,0.238
171,594,10,tunnel,0.1207,0.1709,0.0206,0.6247,0.5645,0.238
171,594,10,measur,0.2017,0.1429,0.0288,0.6247,0.5645,0.238
171,594,10,wind,0.1412,0.2,0.0282,0.6247,0.5645,0.238
172,527,1,solut,0.1765,0.0199,0.0035,0.7934,0.3534,0.7116
172,527,1,three,0.2113,0.0716,0.0151,0.7934,0.3534,0.7116
172,527,1,blasius,0.648,0.2195,0.1422,0.7934,0.3534,0.7116
172,527,1,point,0.1541,0.0522,0.008,0.7934,0.3534,0.7116
172,527,1,boundari,0.1559,0.0704,0.011,0.7934,0.3534,0.7116
172,527,1,condit,0.2043,0.0231,0.0047,0.7934,0.3534,0.7116
172,527,1,problem,0.2095,0.071,0.0149,0.7934,0.3534,0.7116
172,320,2,solut,0.1765,0.1544,0.0273,0.7934,0.7136,0.5444
172,320,2,three,0.2113,0.0924,0.0195,0.7934,0.7136,0.5444
172,320,2,blasius,0.648,0.2835,0.1837,0.7934,0.7136,0.5444
172,320,2,point,0.1541,0.0674,0.0104,0.7934,0.7136,0.5444
172,320,2,boundari,0.1559,0.0682,0.0106,0.7934,0.7136,0.5444
172,320,2,condit,0.2043,0.0894,0.0183,0.7934,0.7136,0.5444
172,320,2,problem,0.2095,0.1833,0.0384,0.7934,0.7136,0.5444
172,321,3,solut,0.1765,0.0199,0.0035,0.7934,0.3898,0.4167
172,321,3,three,0.2113,0.0239,0.005,0.7934,0.3898,0.4167
172,321,3,blasius,0.648,0.1463,0.0948,0.7934,0.3898,0.4167
172,321,3,point,0.1541,0.0348,0.0054,0.7934,0.3898,0.4167
172,321,3,boundari,0.1559,0.0352,0.0055,0.7934,0.3898,0.4167
172,321,3,condit,0.2043,0.0231,0.0047,0.7934,0.3898,0.4167
172,321,3,problem,0.2095,0.0473,0.0099,0.7934,0.3898,0.4167
172,322,4,solut,0.1765,0.0412,0.0073,0.7934,0.4825,0.3985
172,322,4,three,0.2113,0.0493,0.0104,0.7934,0.4825,0.3985
172,322,4,blasius,0.648,0.1512,0.098,0.7934,0.4825,0.3985
172,322,4,point,0.1541,0.036,0.0055,0.7934,0.4825,0.3985
172,322,4,boundari,0.1559,0.0728,0.0113,0.7934,0.4825,0.3985
172,322,4,condit,0.2043,0.0477,0.0097,0.7934,0.4825,0.3985
172,322,4,problem,0.2095,0.0489,0.0102,0.7934,0.4825,0.3985
172,1370,5,solut,0.1765,0.0882,0.0156,0.7934,0.316,0.3029
172,1370,5,three,0.2113,0.0117,0.0025,0.7934,0.316,0.3029
172,1370,5,blasius,0.648,0.072,0.0467,0.7934,0.316,0.3029
172,1370,5,point,0.1541,0.0086,0.0013,0.7934,0.316,0.3029
172,1370,5,boundari,0.1559,0.0173,0.0027,0.7934,0.316,0.3029
172,1370,5,condit,0.2043,0.0114,0.0023,0.7934,0.316,0.3029
172,1370,5,problem,0.2095,0.0233,0.0049,0.7934,0.316,0.3029
172,476,6,solut,0.1765,0.009,0.0016,0.7934,0.4893,0.2781
172,476,6,three,0.2113,0.0432,0.0091,0.7934,0.4893,0.2781
172,476,6,blasius,0.648,0.1324,0.0858,0.7934,0.4893,0.2781
172,476,6,point,0.1541,0.0157,0.0024,0.7934,0.4893,0.2781
172,476,6,boundari,0.1559,0.0159,0.0025,0.7934,0.4893,0.2781
172,476,6,condit,0.2043,0.0209,0.0043,0.7934,0.4893,0.2781
172,476,6,problem,0.2095,0.0107,0.0022,0.7934,0.4893,0.2781
172,1235,7,solut,0.1765,0.0152,0.0027,0.7934,0.3266,0.2687
172,1235,7,blasius,0.648,0.0835,0.0541,0.7934,0.3266,0.2687
172,1235,7,point,0.1541,0.0066,0.001,0.7934,0.3266,0.2687
172,1235,7,boundari,0.1559,0.0402,0.0063,0.7934,0.3266,0.2687
172,1235,7,condit,0.2043,0.0088,0.0018,0.7934,0.3266,0.2687
172,1235,7,problem,0.2095,0.018,0.0038,0.7934,0.3266,0.2687
172,107,8,solut,0.1765,0.0229,0.004,0.7934,0.4988,0.2487
172,107,8,blasius,0.648,0.084,0.0544,0.7934,0.4988,0.2487
172,107,8,boundari,0.1559,0.0809,0.0126,0.7934,0.4988,0.2487
172,107,8,condit,0.2043,0.1059,0.0216,0.7934,0.4988,0.2487
172,107,8,problem,0.2095,0.0272,0.0057,0.7934,0.4988,0.2487
172,478,9,solut,0.1765,0.057,0.0101,0.7934,0.5496,0.2285
172,478,9,three,0.2113,0.0455,0.0096,0.7934,0.5496,0.2285
172,478,9,blasius,0.648,0.0698,0.0452,0.7934,0.5496,0.2285
172,478,9,point,0.1541,0.1162,0.0179,0.7934,0.5496,0.2285
172,478,9,boundari,0.1559,0.0504,0.0079,0.7934,0.5496,0.2285
172,478,9,condit,0.2043,0.044,0.009,0.7934,0.5496,0.2285
172,1251,10,solut,0.1765,0.0115,0.002,0.7934,0.381,0.2119
172,1251,10,blasius,0.648,0.0848,0.0549,0.7934,0.381,0.2119
172,1251,10,boundari,0.1559,0.0102,0.0016,0.7934,0.381,0.2119
172,1251,10,condit,0.2043,0.0267,0.0055,0.7934,0.381,0.2119
173,532,1,stabil,0.273,0.2457,0.0671,1.0563,0.9502,0.5512
173,532,1,method,0.1249,0.0749,0.0094,1.0563,0.9502,0.5512
173,532,1,lyapunov,0.7279,0.6551,0.4769,1.0563,0.9502,0.5512
173,367,2,linear,0.2389,0.0694,0.0166,1.0563,0.6115,0.328
173,367,2,equat,0.1386,0.0403,0.0056,1.0563,0.6115,0.328
173,367,2,differenti,0.2878,0.0418,0.012,1.0563,0.6115,0.328
173,367,2,stabil,0.273,0.0792,0.0216,1.0563,0.6115,0.328
173,367,2,method,0.1249,0.0181,0.0023,1.0563,0.6115,0.328
173,367,2,lyapunov,0.7279,0.2113,0.1538,1.0563,0.6115,0.328
173,451,3,coeffici,0.2036,0.0894,0.0182,1.0563,0.7471,0.1831
173,451,3,linear,0.2389,0.1574,0.0376,1.0563,0.7471,0.1831
173,451,3,equat,0.1386,0.0609,0.0084,1.0563,0.7471,0.1831
173,451,3,period,0.4308,0.0946,0.0407,1.0563,0.7471,0.1831
173,451,3,stabil,0.273,0.1198,0.0327,1.0563,0.7471,0.1831
173,451,3,method,0.1249,0.0548,0.0068,1.0563,0.7471,0.1831
173,917,4,linear,0.2389,0.0127,0.003,1.0563,0.2803,0.1553
173,917,4,equat,0.1386,0.0148,0.002,1.0563,0.2803,0.1553
173,917,4,period,0.4308,0.0688,0.0296,1.0563,0.2803,0.1553
173,917,4,stabil,0.273,0.0291,0.0079,1.0563,0.2803,0.1553
173,917,4,method,0.1249,0.0266,0.0033,1.0563,0.2803,0.1553
173,934,5,equat,0.1386,0.0103,0.0014,1.0563,0.3714,0.1546
173,934,5,differenti,0.2878,0.0214,0.0062,1.0563,0.3714,0.1546
173,934,5,stabil,0.273,0.0406,0.0111,1.0563,0.3714,0.1546
173,934,5,refer,0.3313,0.1232,0.0408,1.0563,0.3714,0.1546
173,934,5,method,0.1249,0.0093,0.0012,1.0563,0.3714,0.1546
173,251,6,linear,0.2389,0.0458,0.0109,1.0563,0.4891,0.1452
173,251,6,period,0.4308,0.0825,0.0355,1.0563,0.4891,0.1452
173,251,6,stabil,0.273,0.1045,0.0285,1.0563,0.4891,0.1452
173,1073,7,equat,0.1386,0.1248,0.0173,1.0563,0.5472,0.1321
173,1073,7,differenti,0.2878,0.1727,0.0497,1.0563,0.5472,0.1321
173,1073,7,method,0.1249,0.0749,0.0094,1.0563,0.5472,0.1321
173,777,8,linear,0.2389,0.0945,0.0226,1.0563,0.3841,0.1168
173,777,8,equat,0.1386,0.0274,0.0038,1.0563,0.3841,0.1168
173,777,8,differenti,0.2878,0.0569,0.0164,1.0563,0.3841,0.1168
173,777,8,method,0.1249,0.0371,0.0046,1.0563,0.3841,0.1168
173,470,9,coeffici,0.2036,0.0316,0.0064,1.0563,0.372,0.1148
173,470,9,linear,0.2389,0.1112,0.0266,1.0563,0.372,0.1148
173,470,9,method,0.1249,0.0969,0.0121,1.0563,0.372,0.1148
173,538,10,equat,0.1386,0.063,0.0087,1.0563,0.367,0.107
173,538,10,refer,0.3313,0.0904,0.0299,1.0563,0.367,0.107
173,538,10,method,0.1249,0.0227,0.0028,1.0563,0.367,0.107
174,483,1,shock,0.2204,0.189,0.0417,0.9071,0.674,0.5456
174,483,1,detach,0.4935,0.423,0.2088,0.9071,0.674,0.5456
174,483,1,distanc,0.3113,0.2669,0.0831,0.9071,0.674,0.5456
174,1274,2,shock,0.2204,0.1126,0.0248,0.9071,0.3039,0.3504
174,1274,2,detach,0.4935,0.112,0.0553,0.9071,0.3039,0.3504
174,1274,2,distanc,0.3113,0.053,0.0165,0.9071,0.3039,0.3504
174,1319,3,obtain,0.138,0.0076,0.001,0.9071,0.3033,0.3429
174,1319,3,shock,0.2204,0.1087,0.024,0.9071,0.3033,0.3429
174,1319,3,detach,0.4935,0.1082,0.0534,0.9071,0.3033,0.3429
174,1319,3,distanc,0.3113,0.0512,0.0159,0.9071,0.3033,0.3429
174,411,4,obtain,0.138,0.0201,0.0028,0.9071,0.462,0.3355
174,411,4,data,0.233,0.1356,0.0316,0.9071,0.462,0.3355
174,411,4,shock,0.2204,0.1603,0.0353,0.9071,0.462,0.3355
174,411,4,detach,0.4935,0.1436,0.0709,0.9071,0.462,0.3355
174,1157,5,obtain,0.138,0.0184,0.0025,0.9071,0.3291,0.3039
174,1157,5,shock,0.2204,0.1176,0.0259,0.9071,0.3291,0.3039
174,1157,5,detach,0.4935,0.0987,0.0487,0.9071,0.3291,0.3039
174,1157,5,distanc,0.3113,0.0208,0.0065,0.9071,0.3291,0.3039
174,1157,5,report,0.3262,0.0217,0.0071,0.9071,0.3291,0.3039
174,523,6,shock,0.2204,0.126,0.0278,0.9071,0.513,0.3031
174,523,6,paper,0.2432,0.0463,0.0113,0.9071,0.513,0.3031
174,523,6,detach,0.4935,0.188,0.0928,0.9071,0.513,0.3031
174,523,6,distanc,0.3113,0.0296,0.0092,0.9071,0.513,0.3031
174,501,7,data,0.233,0.0565,0.0132,0.9071,0.6925,0.2839
174,501,7,shock,0.2204,0.1069,0.0236,0.9071,0.6925,0.2839
174,501,7,detach,0.4935,0.2393,0.1181,0.9071,0.6925,0.2839
174,501,7,distanc,0.3113,0.0755,0.0235,0.9071,0.6925,0.2839
174,1390,8,obtain,0.138,0.0115,0.0016,0.9071,0.3621,0.2656
174,1390,8,data,0.233,0.0194,0.0045,0.9071,0.3621,0.2656
174,1390,8,shock,0.2204,0.0551,0.0121,0.9071,0.3621,0.2656
174,1390,8,detach,0.4935,0.1234,0.0609,0.9071,0.3621,0.2656
174,1390,8,distanc,0.3113,0.0259,0.0081,0.9071,0.3621,0.2656
174,35,9,data,0.233,0.0217,0.0051,0.9071,0.3563,0.2426
174,35,9,shock,0.2204,0.0205,0.0045,0.9071,0.3563,0.2426
174,35,9,paper,0.2432,0.0226,0.0055,0.9071,0.3563,0.2426
174,35,9,detach,0.4935,0.0918,0.0453,0.9071,0.3563,0.2426
174,35,9,distanc,0.3113,0.0579,0.018,0.9071,0.3563,0.2426
174,482,10,shock,0.2204,0.0928,0.0205,0.9071,0.5642,0.2404
174,482,10,detach,0.4935,0.2078,0.1026,0.9071,0.5642,0.2404
175,941,1,channel,0.7352,0.4411,0.3243,0.9934,0.5614,0.6162
175,941,1,flow,0.1085,0.0651,0.0071,0.9934,0.5614,0.6162
175,941,1,reynold,0.3252,0.0325,0.0106,0.9934,0.5614,0.6162
175,941,1,number,0.1323,0.0132,0.0018,0.9934,0.5614,0.6162
175,1221,2,channel,0.7352,0.2206,0.1621,0.9934,0.4891,0.3893
175,1221,2,flow,0.1085,0.0217,0.0024,0.9934,0.4891,0.3893
175,1221,2,reynold,0.3252,0.065,0.0211,0.9934,0.4891,0.3893
175,1221,2,number,0.1323,0.0265,0.0035,0.9934,0.4891,0.3893
175,270,3,channel,0.7352,0.1975,0.1452,0.9934,0.442,0.3421
175,270,3,flow,0.1085,0.0389,0.0042,0.9934,0.442,0.3421
175,270,3,number,0.1323,0.0059,0.0008,0.9934,0.442,0.3421
175,112,4,channel,0.7352,0.1575,0.1158,0.9934,0.4524,0.2614
175,112,4,flow,0.1085,0.0155,0.0017,0.9934,0.4524,0.2614
175,34,5,work,0.4195,0.0227,0.0095,0.9934,0.4168,0.2439
175,34,5,channel,0.7352,0.1192,0.0876,0.9934,0.4168,0.2439
175,34,5,flow,0.1085,0.0352,0.0038,0.9934,0.4168,0.2439
175,966,6,channel,0.7352,0.0939,0.069,0.9934,0.3037,0.237
175,966,6,flow,0.1085,0.0231,0.0025,0.9934,0.3037,0.237
175,1222,7,channel,0.7352,0.0735,0.054,0.9934,0.2776,0.2354
175,1222,7,flow,0.1085,0.0434,0.0047,0.9934,0.2776,0.2354
175,1222,7,reynold,0.3252,0.0163,0.0053,0.9934,0.2776,0.2354
175,1222,7,number,0.1323,0.0066,0.0009,0.9934,0.2776,0.2354
175,491,8,channel,0.7352,0.1357,0.0998,0.9934,0.5118,0.2325
175,491,8,flow,0.1085,0.0501,0.0054,0.9934,0.5118,0.2325
175,491,8,reynold,0.3252,0.03,0.0098,0.9934,0.5118,0.2325
175,491,8,number,0.1323,0.0244,0.0032,0.9934,0.5118,0.2325
175,139,9,work,0.4195,0.0323,0.0135,0.9934,0.4032,0.2075
175,139,9,low,0.3679,0.0566,0.0208,0.9934,0.4032,0.2075
175,139,9,reynold,0.3252,0.1251,0.0407,0.9934,0.4032,0.2075
175,139,9,number,0.1323,0.0611,0.0081,0.9934,0.4032,0.2075
175,668,10,low,0.3679,0.034,0.0125,0.9934,0.3703,0.1915
175,668,10,flow,0.1085,0.01,0.0011,0.9934,0.3703,0.1915
175,668,10,reynold,0.3252,0.1501,0.0488,0.9934,0.3703,0.1915
175,668,10,number,0.1323,0.0611,0.0081,0.9934,0.3703,0.1915
176,963,1,solut,0.1373,0.0363,0.005,0.8704,0.5017,0.4663
176,963,1,principl,0.4164,0.2205,0.0918,0.8704,0.5017,0.4663
176,963,1,biot,0.5887,0.1558,0.0917,0.8704,0.5017,0.4663
176,963,1,heat,0.169,0.0894,0.0151,0.8704,0.5017,0.4663
176,542,2,principl,0.4164,0.1536,0.064,0.8704,0.3964,0.3986
176,542,2,biot,0.5887,0.0869,0.0511,0.8704,0.3964,0.3986
176,542,2,conduct,0.2424,0.0358,0.0087,0.8704,0.3964,0.3986
176,542,2,heat,0.169,0.0748,0.0126,0.8704,0.3964,0.3986
176,542,2,method,0.1249,0.0092,0.0012,0.8704,0.3964,0.3986
176,5,3,solut,0.1373,0.0334,0.0046,0.8704,0.5642,0.1931
176,5,3,analyt,0.2868,0.0698,0.02,0.8704,0.5642,0.1931
176,5,3,conduct,0.2424,0.1179,0.0286,0.8704,0.5642,0.1931
176,5,3,heat,0.169,0.2466,0.0417,0.8704,0.5642,0.1931
176,869,4,solut,0.1373,0.0199,0.0027,0.8704,0.3696,0.1929
176,869,4,use,0.1116,0.0108,0.0012,0.8704,0.3696,0.1929
176,869,4,biot,0.5887,0.0855,0.0503,0.8704,0.3696,0.1929
176,869,4,heat,0.169,0.0327,0.0055,0.8704,0.3696,0.1929
176,869,4,method,0.1249,0.0181,0.0023,0.8704,0.3696,0.1929
176,497,5,approxim,0.1455,0.0135,0.002,0.8704,0.3424,0.1668
176,497,5,analyt,0.2868,0.0266,0.0076,0.8704,0.3424,0.1668
176,497,5,biot,0.5887,0.0546,0.0322,0.8704,0.3424,0.1668
176,497,5,heat,0.169,0.047,0.0079,0.8704,0.3424,0.1668
176,153,6,principl,0.4164,0.2342,0.0975,0.8704,0.6724,0.1667
176,581,7,approxim,0.1455,0.0257,0.0037,0.8704,0.5167,0.1492
176,581,7,use,0.1116,0.0197,0.0022,0.8704,0.5167,0.1492
176,581,7,biot,0.5887,0.1039,0.0612,0.8704,0.5167,0.1492
176,872,8,solut,0.1373,0.0113,0.0016,0.8704,0.3083,0.1479
176,872,8,approxim,0.1455,0.012,0.0017,0.8704,0.3083,0.1479
176,872,8,principl,0.4164,0.0344,0.0143,0.8704,0.3083,0.1479
176,872,8,use,0.1116,0.0276,0.0031,0.8704,0.3083,0.1479
176,872,8,conduct,0.2424,0.02,0.0049,0.8704,0.3083,0.1479
176,872,8,heat,0.169,0.0837,0.0141,0.8704,0.3083,0.1479
176,1073,9,solut,0.1373,0.0824,0.0113,0.8704,0.5472,0.1477
176,1073,9,approxim,0.1455,0.0436,0.0063,0.8704,0.5472,0.1477
176,1073,9,conduct,0.2424,0.0727,0.0176,0.8704,0.5472,0.1477
176,1073,9,heat,0.169,0.1521,0.0257,0.8704,0.5472,0.1477
176,1073,9,method,0.1249,0.0749,0.0094,0.8704,0.5472,0.1477
176,30,10,biot,0.5887,0.0779,0.0459,0.8704,0.4517,0.1461
176,30,10,conduct,0.2424,0.0321,0.0078,0.8704,0.4517,0.1461
176,30,10,heat,0.169,0.0224,0.0038,0.8704,0.4517,0.1461
177,589,1,stage,0.6644,0.1708,0.1135,1.5004,0.6483,0.672
177,589,1,stall,0.7352,0.3466,0.2548,1.5004,0.6483,0.672
177,589,1,axial,0.3756,0.0161,0.006,1.5004,0.6483,0.672
177,589,1,compressor,0.7081,0.3945,0.2793,1.5004,0.6483,0.672
177,588,2,stage,0.6644,0.3066,0.2037,1.5004,0.4989,0.6296
177,588,2,stall,0.7352,0.1939,0.1425,1.5004,0.4989,0.6296
177,588,2,axial,0.3756,0.0248,0.0093,1.5004,0.4989,0.6296
177,588,2,compressor,0.7081,0.1634,0.1157,1.5004,0.4989,0.6296
177,576,3,stage,0.6644,0.1934,0.1285,1.5004,0.3264,0.5087
177,576,3,stall,0.7352,0.0988,0.0726,1.5004,0.3264,0.5087
177,576,3,axial,0.3756,0.0084,0.0032,1.5004,0.3264,0.5087
177,576,3,compressor,0.7081,0.0634,0.0449,1.5004,0.3264,0.5087
177,590,4,stage,0.6644,0.2847,0.1892,1.5004,0.5548,0.4478
177,590,4,axial,0.3756,0.1073,0.0403,1.5004,0.5548,0.4478
177,590,4,compressor,0.7081,0.2023,0.1433,1.5004,0.5548,0.4478
177,543,5,stage,0.6644,0.3392,0.2254,1.5004,0.8707,0.4313
177,543,5,axial,0.3756,0.048,0.018,1.5004,0.8707,0.4313
177,543,5,compressor,0.7081,0.452,0.32,1.5004,0.8707,0.4313
177,216,6,stage,0.6644,0.0772,0.0513,1.5004,0.3974,0.4064
177,216,6,axial,0.3756,0.0436,0.0164,1.5004,0.3974,0.4064
177,216,6,compressor,0.7081,0.2467,0.1747,1.5004,0.3974,0.4064
177,578,7,stage,0.6644,0.0752,0.05,1.5004,0.5619,0.3391
177,578,7,stall,0.7352,0.1665,0.1224,1.5004,0.5619,0.3391
177,578,7,compressor,0.7081,0.1603,0.1135,1.5004,0.5619,0.3391
177,592,8,stage,0.6644,0.083,0.0552,1.5004,0.457,0.3147
177,592,8,axial,0.3756,0.0939,0.0353,1.5004,0.457,0.3147
177,592,8,compressor,0.7081,0.177,0.1253,1.5004,0.457,0.3147
177,138,9,stage,0.6644,0.0324,0.0215,1.5004,0.4474,0.2967
177,138,9,axial,0.3756,0.0366,0.0138,1.5004,0.4474,0.2967
177,138,9,compressor,0.7081,0.2072,0.1467,1.5004,0.4474,0.2967
177,138,9,expect,0.5926,0.0289,0.0171,1.5004,0.4474,0.2967
177,591,10,compressor,0.7081,0.3749,0.2654,1.5004,0.6873,0.2574
178,591,1,choke,0.6923,0.2851,0.1974,1.329,0.6873,0.5461
178,591,1,compressor,0.6069,0.3749,0.2275,1.329,0.6873,0.5461
178,591,1,line,0.4239,0.1746,0.074,1.329,0.6873,0.5461
178,216,2,axial,0.322,0.0436,0.014,1.329,0.3974,0.3101
178,216,2,compressor,0.6069,0.2467,0.1497,1.329,0.3974,0.3101
178,589,3,axial,0.322,0.0161,0.0052,1.329,0.6483,0.2839
178,589,3,compressor,0.6069,0.3945,0.2394,1.329,0.6483,0.2839
178,543,4,axial,0.322,0.048,0.0154,1.329,0.8707,0.2504
178,543,4,compressor,0.6069,0.452,0.2743,1.329,0.8707,0.2504
178,138,5,axial,0.322,0.0366,0.0118,1.329,0.4474,0.2314
178,138,5,compressor,0.6069,0.2072,0.1258,1.329,0.4474,0.2314
178,592,6,axial,0.322,0.0939,0.0302,1.329,0.457,0.2267
178,592,6,compressor,0.6069,0.177,0.1074,1.329,0.457,0.2267
178,1153,7,choke,0.6923,0.1634,0.1131,1.329,0.3768,0.2258
178,590,8,axial,0.322,0.1073,0.0346,1.329,0.5548,0.2134
178,590,8,compressor,0.6069,0.2023,0.1228,1.329,0.5548,0.2134
178,214,9,axial,0.322,0.0327,0.0105,1.329,0.5746,0.2095
178,214,9,compressor,0.6069,0.2463,0.1495,1.329,0.5746,0.2095
178,1155,10,determin,0.2205,0.0221,0.0049,1.329,0.3877,0.1955
178,1155,10,choke,0.6923,0.1385,0.0959,1.329,0.3877,0.1955
179,633,1,ordin,0.2193,0.188,0.0412,0.727,0.5253,0.314
179,633,1,superson,0.0784,0.0336,0.0026,0.727,0.5253,0.314
179,633,1,conic,0.1455,0.2494,0.0363,0.727,0.5253,0.314
179,633,1,flow,0.031,0.0532,0.0016,0.727,0.5253,0.314
179,633,1,lift,0.1036,0.0444,0.0046,0.727,0.5253,0.314
179,633,1,upwash,0.2683,0.115,0.0309,0.727,0.5253,0.314
179,633,1,develop,0.0794,0.034,0.0027,0.727,0.5253,0.314
179,224,2,surfac,0.0688,0.1482,0.0102,0.727,0.5565,0.2189
179,224,2,distribut,0.0645,0.0348,0.0022,0.727,0.5565,0.2189
179,224,2,theori,0.1068,0.0288,0.0031,0.727,0.5565,0.2189
179,224,2,superson,0.0784,0.0422,0.0033,0.727,0.5565,0.2189
179,224,2,flow,0.031,0.0167,0.0005,0.727,0.5565,0.2189
179,224,2,linearis,0.216,0.1163,0.0251,0.727,0.5565,0.2189
179,224,2,quasi,0.2023,0.2179,0.0441,0.727,0.5565,0.2189
179,227,3,theori,0.1068,0.0378,0.004,0.727,0.4889,0.2073
179,227,3,superson,0.0784,0.037,0.0029,0.727,0.4889,0.2073
179,227,3,flow,0.031,0.022,0.0007,0.727,0.4889,0.2073
179,227,3,linearis,0.216,0.3058,0.0661,0.727,0.4889,0.2073
179,680,4,surfac,0.0688,0.0185,0.0013,0.727,0.3315,0.2059
179,680,4,distribut,0.0645,0.0521,0.0034,0.727,0.3315,0.2059
179,680,4,theori,0.1068,0.0575,0.0061,0.727,0.3315,0.2059
179,680,4,general,0.0746,0.0402,0.003,0.727,0.3315,0.2059
179,680,4,superson,0.0784,0.0422,0.0033,0.727,0.3315,0.2059
179,680,4,conic,0.1455,0.0783,0.0114,0.727,0.3315,0.2059
179,680,4,flow,0.031,0.0167,0.0005,0.727,0.3315,0.2059
179,680,4,lift,0.1036,0.0558,0.0058,0.727,0.3315,0.2059
179,680,4,quasi,0.2023,0.0545,0.011,0.727,0.3315,0.2059
179,680,4,form,0.0842,0.0453,0.0038,0.727,0.3315,0.2059
179,428,5,surfac,0.0688,0.0143,0.001,0.727,0.387,0.2031
179,428,5,distribut,0.0645,0.0134,0.0009,0.727,0.387,0.2031
179,428,5,theori,0.1068,0.0111,0.0012,0.727,0.387,0.2031
179,428,5,general,0.0746,0.0155,0.0012,0.727,0.387,0.2031
179,428,5,superson,0.0784,0.0326,0.0026,0.727,0.387,0.2031
179,428,5,permit,0.1705,0.0355,0.006,0.727,0.387,0.2031
179,428,5,flow,0.031,0.0193,0.0006,0.727,0.387,0.2031
179,428,5,linearis,0.216,0.0449,0.0097,0.727,0.387,0.2031
179,428,5,quasi,0.2023,0.1683,0.034,0.727,0.387,0.2031
179,753,6,surfac,0.0688,0.0095,0.0007,0.727,0.4485,0.1841
179,753,6,theori,0.1068,0.0221,0.0024,0.727,0.4485,0.1841
179,753,6,superson,0.0784,0.0108,0.0008,0.727,0.4485,0.1841
179,753,6,lift,0.1036,0.0143,0.0015,0.727,0.4485,0.1841
179,753,6,function,0.1912,0.0396,0.0076,0.727,0.4485,0.1841
179,753,6,quasi,0.2023,0.2236,0.0452,0.727,0.4485,0.1841
179,753,6,form,0.0842,0.0116,0.001,0.727,0.4485,0.1841
179,753,6,develop,0.0794,0.011,0.0009,0.727,0.4485,0.1841
179,682,7,ordin,0.2193,0.1328,0.0291,0.727,0.4504,0.1647
179,682,7,distribut,0.0645,0.013,0.0008,0.727,0.4504,0.1647
179,682,7,theori,0.1068,0.0108,0.0012,0.727,0.4504,0.1647
179,682,7,superson,0.0784,0.0158,0.0012,0.727,0.4504,0.1647
179,682,7,homogen,0.2403,0.0485,0.0117,0.727,0.4504,0.1647
179,682,7,conic,0.1455,0.0294,0.0043,0.727,0.4504,0.1647
179,682,7,flow,0.031,0.0188,0.0006,0.727,0.4504,0.1647
179,682,7,lift,0.1036,0.0209,0.0022,0.727,0.4504,0.1647
179,682,7,form,0.0842,0.034,0.0029,0.727,0.4504,0.1647
179,512,8,surfac,0.0688,0.1445,0.0099,0.727,0.5587,0.1598
179,512,8,distribut,0.0645,0.1355,0.0087,0.727,0.5587,0.1598
179,512,8,superson,0.0784,0.0411,0.0032,0.727,0.5587,0.1598
179,512,8,quasi,0.2023,0.2124,0.043,0.727,0.5587,0.1598
179,854,9,theori,0.1068,0.0431,0.0046,0.727,0.5254,0.1492
179,854,9,homogen,0.2403,0.1941,0.0467,0.727,0.5254,0.1492
179,854,9,form,0.0842,0.068,0.0057,0.727,0.5254,0.1492
179,918,10,ordin,0.2193,0.0743,0.0163,0.727,0.4261,0.1484
179,918,10,distribut,0.0645,0.0219,0.0014,0.727,0.4261,0.1484
179,918,10,theori,0.1068,0.0181,0.0019,0.727,0.4261,0.1484
179,918,10,superson,0.0784,0.0796,0.0062,0.727,0.4261,0.1484
179,918,10,flow,0.031,0.021,0.0007,0.727,0.4261,0.1484
179,918,10,lift,0.1036,0.0351,0.0036,0.727,0.4261,0.1484
179,918,10,linearis,0.216,0.0732,0.0158,0.727,0.4261,0.1484
180,548,1,vari,0.4549,0.0693,0.0315,1.417,0.4222,0.4277
180,548,1,height,0.7436,0.1814,0.1349,1.417,0.4222,0.4277
180,548,1,atmospher,0.5801,0.0354,0.0205,1.417,0.4222,0.4277
180,548,1,scale,0.6625,0.0606,0.0401,1.417,0.4222,0.4277
180,548,1,altitud,0.6875,0.0419,0.0288,1.417,0.4222,0.4277
180,622,2,vari,0.4549,0.0151,0.0069,1.417,0.4307,0.3354
180,622,2,height,0.7436,0.197,0.1465,1.417,0.4307,0.3354
180,622,2,atmospher,0.5801,0.0384,0.0223,1.417,0.4307,0.3354
180,622,2,scale,0.6625,0.0439,0.0291,1.417,0.4307,0.3354
180,314,3,height,0.7436,0.2479,0.1843,1.417,0.4667,0.2787
180,616,4,vari,0.4549,0.0245,0.0111,1.417,0.4567,0.2753
180,616,4,height,0.7436,0.1199,0.0892,1.417,0.4567,0.2753
180,616,4,atmospher,0.5801,0.0936,0.0543,1.417,0.4567,0.2753
180,616,4,scale,0.6625,0.0356,0.0236,1.417,0.4567,0.2753
180,1103,5,atmospher,0.5801,0.232,0.1346,1.417,0.5729,0.224
180,1103,5,altitud,0.6875,0.0688,0.0473,1.417,0.5729,0.224
180,218,6,vari,0.4549,0.0443,0.0202,1.417,0.4262,0.1986
180,218,6,scale,0.6625,0.1506,0.0997,1.417,0.4262,0.1986
180,617,7,height,0.7436,0.063,0.0469,1.417,0.5715,0.1885
180,617,7,atmospher,0.5801,0.0492,0.0285,1.417,0.5715,0.1885
180,617,7,scale,0.6625,0.0561,0.0372,1.417,0.5715,0.1885
180,617,7,altitud,0.6875,0.0583,0.0401,1.417,0.5715,0.1885
180,874,8,scale,0.6625,0.1656,0.1097,1.417,0.4357,0.1777
180,1324,9,height,0.7436,0.0736,0.0547,1.417,0.4069,0.1732
180,1324,9,scale,0.6625,0.0328,0.0217,1.417,0.4069,0.1732
180,1324,9,altitud,0.6875,0.034,0.0234,1.417,0.4069,0.1732
180,880,10,scale,0.6625,0.179,0.1186,1.417,0.4944,0.1693
181,997,1,superson,0.2743,0.0415,0.0114,0.8968,0.4814,0.4913
181,997,1,theoret,0.2974,0.045,0.0134,0.8968,0.4814,0.4913
181,997,1,jet,0.4466,0.3828,0.171,0.8968,0.4814,0.4913
181,997,1,interfer,0.5693,0.0287,0.0163,0.8968,0.4814,0.4913
181,610,2,theoret,0.2974,0.042,0.0125,0.8968,0.4063,0.4806
181,610,2,flow,0.1085,0.023,0.0025,0.8968,0.4063,0.4806
181,610,2,interfer,0.5693,0.2813,0.1601,0.8968,0.4063,0.4806
181,993,3,superson,0.2743,0.0488,0.0134,0.8968,0.3787,0.3884
181,993,3,jet,0.4466,0.1985,0.0887,0.8968,0.3787,0.3884
181,993,3,flow,0.1085,0.0096,0.001,0.8968,0.3787,0.3884
181,993,3,interfer,0.5693,0.0506,0.0288,0.8968,0.3787,0.3884
181,176,4,superson,0.2743,0.047,0.0129,0.8968,0.4664,0.3819
181,176,4,jet,0.4466,0.3063,0.1368,0.8968,0.4664,0.3819
181,176,4,paper,0.3243,0.0278,0.009,0.8968,0.4664,0.3819
181,176,4,flow,0.1085,0.0093,0.001,0.8968,0.4664,0.3819
181,695,5,jet,0.4466,0.2727,0.1218,0.8968,0.422,0.3673
181,695,5,interfer,0.5693,0.0302,0.0172,0.8968,0.422,0.3673
181,1195,6,superson,0.2743,0.0102,0.0028,0.8968,0.4093,0.3641
181,1195,6,jet,0.4466,0.2812,0.1256,0.8968,0.4093,0.3641
181,1195,6,flow,0.1085,0.0482,0.0052,0.8968,0.4093,0.3641
181,1062,7,theoret,0.2974,0.0824,0.0245,0.8968,0.3662,0.3479
181,1062,7,interfer,0.5693,0.1576,0.0897,0.8968,0.3662,0.3479
181,519,8,superson,0.2743,0.0329,0.009,0.8968,0.4047,0.3217
181,519,8,jet,0.4466,0.2412,0.1077,0.8968,0.4047,0.3217
181,177,9,superson,0.2743,0.0127,0.0035,0.8968,0.3776,0.3109
181,177,9,jet,0.4466,0.2268,0.1013,0.8968,0.3776,0.3109
181,177,9,flow,0.1085,0.005,0.0005,0.8968,0.3776,0.3109
181,1349,10,jet,0.4466,0.18,0.0804,0.8968,0.3445,0.3106
181,1349,10,flow,0.1085,0.0097,0.0011,0.8968,0.3445,0.3106
181,1349,10,interfer,0.5693,0.0255,0.0145,0.8968,0.3445,0.3106
182,634,1,characterist,0.1194,0.0441,0.0053,0.6508,0.3755,0.6853
182,634,1,effect,0.056,0.0207,0.0012,0.6508,0.3755,0.6853
182,634,1,planform,0.2417,0.0893,0.0216,0.6508,0.3755,0.6853
182,634,1,wedg,0.2063,0.0762,0.0157,0.6508,0.3755,0.6853
182,634,1,blunt,0.1354,0.0751,0.0102,0.6508,0.3755,0.6853
182,634,1,four,0.113,0.0418,0.0047,0.6508,0.3755,0.6853
182,634,1,fifteen,0.2091,0.0773,0.0162,0.6508,0.3755,0.6853
182,634,1,flutter,0.1893,0.14,0.0265,0.6508,0.3755,0.6853
182,634,1,airfoil,0.1797,0.0664,0.0119,0.6508,0.3755,0.6853
182,634,1,doubl,0.2392,0.0884,0.0211,0.6508,0.3755,0.6853
182,634,1,mach,0.0755,0.0279,0.0021,0.6508,0.3755,0.6853
182,634,1,lead,0.1227,0.068,0.0083,0.6508,0.3755,0.6853
182,634,1,point,0.0635,0.0117,0.0007,0.6508,0.3755,0.6853
182,634,1,squar,0.1904,0.0704,0.0134,0.6508,0.3755,0.6853
182,634,1,edg,0.1181,0.0655,0.0077,0.6508,0.3755,0.6853
182,634,1,number,0.0467,0.0173,0.0008,0.6508,0.3755,0.6853
182,685,2,characterist,0.1194,0.0196,0.0023,0.6508,0.3112,0.5387
182,685,2,effect,0.056,0.0184,0.001,0.6508,0.3112,0.5387
182,685,2,planform,0.2417,0.0794,0.0192,0.6508,0.3112,0.5387
182,685,2,wedg,0.2063,0.0847,0.0175,0.6508,0.3112,0.5387
182,685,2,blunt,0.1354,0.0222,0.003,0.6508,0.3112,0.5387
182,685,2,four,0.113,0.0186,0.0021,0.6508,0.3112,0.5387
182,685,2,flutter,0.1893,0.0778,0.0147,0.6508,0.3112,0.5387
182,685,2,airfoil,0.1797,0.1033,0.0186,0.6508,0.3112,0.5387
182,685,2,doubl,0.2392,0.0589,0.0141,0.6508,0.3112,0.5387
182,685,2,mach,0.0755,0.0372,0.0028,0.6508,0.3112,0.5387
182,685,2,lead,0.1227,0.0201,0.0025,0.6508,0.3112,0.5387
182,685,2,point,0.0635,0.0313,0.002,0.6508,0.3112,0.5387
182,685,2,squar,0.1904,0.0313,0.006,0.6508,0.3112,0.5387
182,685,2,edg,0.1181,0.0194,0.0023,0.6508,0.3112,0.5387
182,685,2,number,0.0467,0.023,0.0011,0.6508,0.3112,0.5387
182,686,3,effect,0.056,0.0134,0.0008,0.6508,0.3396,0.3463
182,686,3,wedg,0.2063,0.0494,0.0102,0.6508,0.3396,0.3463
182,686,3,blunt,0.1354,0.0162,0.0022,0.6508,0.3396,0.3463
182,686,3,fifteen,0.2091,0.025,0.0052,0.6508,0.3396,0.3463
182,686,3,flutter,0.1893,0.136,0.0258,0.6508,0.3396,0.3463
182,686,3,airfoil,0.1797,0.043,0.0077,0.6508,0.3396,0.3463
182,686,3,doubl,0.2392,0.0573,0.0137,0.6508,0.3396,0.3463
182,686,3,mach,0.0755,0.0271,0.002,0.6508,0.3396,0.3463
182,686,3,lead,0.1227,0.0294,0.0036,0.6508,0.3396,0.3463
182,686,3,point,0.0635,0.0152,0.001,0.6508,0.3396,0.3463
182,686,3,edg,0.1181,0.0283,0.0033,0.6508,0.3396,0.3463
182,686,3,number,0.0467,0.0224,0.001,0.6508,0.3396,0.3463
182,593,4,effect,0.056,0.0166,0.0009,0.6508,0.3408,0.3033
182,593,4,wedg,0.2063,0.0305,0.0063,0.6508,0.3408,0.3033
182,593,4,blunt,0.1354,0.02,0.0027,0.6508,0.3408,0.3033
182,593,4,flutter,0.1893,0.1959,0.0371,0.6508,0.3408,0.3033
182,593,4,airfoil,0.1797,0.0531,0.0095,0.6508,0.3408,0.3033
182,593,4,mach,0.0755,0.0558,0.0042,0.6508,0.3408,0.3033
182,593,4,lead,0.1227,0.0181,0.0022,0.6508,0.3408,0.3033
182,593,4,point,0.0635,0.0094,0.0006,0.6508,0.3408,0.3033
182,593,4,edg,0.1181,0.0175,0.0021,0.6508,0.3408,0.3033
182,593,4,number,0.0467,0.0345,0.0016,0.6508,0.3408,0.3033
182,211,5,effect,0.056,0.0084,0.0005,0.6508,0.3819,0.2544
182,211,5,wedg,0.2063,0.031,0.0064,0.6508,0.3819,0.2544
182,211,5,blunt,0.1354,0.163,0.0221,0.6508,0.3819,0.2544
182,211,5,doubl,0.2392,0.036,0.0086,0.6508,0.3819,0.2544
182,211,5,lead,0.1227,0.0554,0.0068,0.6508,0.3819,0.2544
182,211,5,edg,0.1181,0.1599,0.0189,0.6508,0.3819,0.2544
182,712,6,characterist,0.1194,0.0526,0.0063,0.6508,0.3586,0.2415
182,712,6,effect,0.056,0.0099,0.0006,0.6508,0.3586,0.2415
182,712,6,planform,0.2417,0.149,0.036,0.6508,0.3586,0.2415
182,712,6,lead,0.1227,0.054,0.0066,0.6508,0.3586,0.2415
182,712,6,point,0.0635,0.0056,0.0004,0.6508,0.3586,0.2415
182,712,6,edg,0.1181,0.052,0.0061,0.6508,0.3586,0.2415
182,712,6,number,0.0467,0.0082,0.0004,0.6508,0.3586,0.2415
182,1290,7,characterist,0.1194,0.0307,0.0037,0.6508,0.4408,0.2349
182,1290,7,planform,0.2417,0.0934,0.0226,0.6508,0.4408,0.2349
182,1290,7,four,0.113,0.0146,0.0016,0.6508,0.4408,0.2349
182,1290,7,flutter,0.1893,0.1951,0.0369,0.6508,0.4408,0.2349
182,1290,7,mach,0.0755,0.0194,0.0015,0.6508,0.4408,0.2349
182,1290,7,point,0.0635,0.0082,0.0005,0.6508,0.4408,0.2349
182,1290,7,number,0.0467,0.012,0.0006,0.6508,0.4408,0.2349
182,1300,8,effect,0.056,0.0055,0.0003,0.6508,0.3354,0.2311
182,1300,8,wedg,0.2063,0.0605,0.0125,0.6508,0.3354,0.2311
182,1300,8,blunt,0.1354,0.0926,0.0125,0.6508,0.3354,0.2311
182,1300,8,mach,0.0755,0.059,0.0045,0.6508,0.3354,0.2311
182,1300,8,lead,0.1227,0.0719,0.0088,0.6508,0.3354,0.2311
182,1300,8,point,0.0635,0.0062,0.0004,0.6508,0.3354,0.2311
182,1300,8,edg,0.1181,0.0808,0.0095,0.6508,0.3354,0.2311
182,1300,8,number,0.0467,0.0411,0.0019,0.6508,0.3354,0.2311
182,70,9,characterist,0.1194,0.0487,0.0058,0.6508,0.4192,0.2147
182,70,9,airfoil,0.1797,0.2444,0.0439,0.6508,0.4192,0.2147
182,70,9,mach,0.0755,0.0821,0.0062,0.6508,0.4192,0.2147
182,70,9,number,0.0467,0.0572,0.0027,0.6508,0.4192,0.2147
182,597,10,effect,0.056,0.0149,0.0008,0.6508,0.4115,0.214
182,597,10,wedg,0.2063,0.1096,0.0226,0.6508,0.4115,0.214
182,597,10,blunt,0.1354,0.1079,0.0146,0.6508,0.4115,0.214
182,597,10,four,0.113,0.03,0.0034,0.6508,0.4115,0.214
182,597,10,mach,0.0755,0.0401,0.003,0.6508,0.4115,0.214
182,597,10,less,0.1669,0.0443,0.0074,0.6508,0.4115,0.214
182,597,10,point,0.0635,0.0674,0.0043,0.6508,0.4115,0.214
182,597,10,number,0.0467,0.0248,0.0012,0.6508,0.4115,0.214
183,1247,1,boom,0.6799,0.3038,0.2065,1.2951,0.51,0.3127
183,804,2,sonic,0.4624,0.0981,0.0454,1.2951,0.449,0.3029
183,804,2,boom,0.6799,0.1923,0.1307,1.2951,0.449,0.3029
183,758,3,sonic,0.4624,0.1229,0.0568,1.2951,0.4789,0.2898
183,758,3,boom,0.6799,0.1807,0.1229,1.2951,0.4789,0.2898
183,808,4,sonic,0.4624,0.0578,0.0267,1.2951,0.3032,0.2888
183,808,4,boom,0.6799,0.1275,0.0867,1.2951,0.3032,0.2888
183,1243,5,boom,0.6799,0.2303,0.1566,1.2951,0.4983,0.2719
183,1243,5,factor,0.4089,0.0462,0.0189,1.2951,0.4983,0.2719
183,809,6,sonic,0.4624,0.0819,0.0379,1.2951,0.399,0.2561
183,809,6,influenc,0.3756,0.0333,0.0125,1.2951,0.399,0.2561
183,809,6,boom,0.6799,0.1205,0.0819,1.2951,0.399,0.2561
183,810,7,boom,0.6799,0.1848,0.1257,1.2951,0.4634,0.2094
183,806,8,sonic,0.4624,0.0405,0.0187,1.2951,0.4463,0.1762
183,806,8,boom,0.6799,0.119,0.0809,1.2951,0.4463,0.1762
183,806,8,shown,0.2274,0.0099,0.0023,1.2951,0.4463,0.1762
183,39,9,sonic,0.4624,0.1506,0.0696,1.2951,0.4407,0.1532
183,39,9,shown,0.2274,0.0185,0.0042,1.2951,0.4407,0.1532
183,39,9,factor,0.4089,0.0333,0.0136,1.2951,0.4407,0.1532
183,805,10,boom,0.6799,0.1027,0.0698,1.2951,0.4054,0.1491
183,805,10,factor,0.4089,0.0206,0.0084,1.2951,0.4054,0.1491
184,207,1,oscil,0.6368,0.1891,0.1204,1.2373,0.3729,0.3534
184,207,1,work,0.5034,0.0249,0.0125,1.2373,0.3729,0.3534
184,207,1,small,0.3536,0.0175,0.0062,1.2373,0.3729,0.3534
184,207,1,motion,0.4913,0.0486,0.0239,1.2373,0.3729,0.3534
184,1348,2,entri,0.7111,0.2177,0.1548,1.2373,0.5314,0.2354
184,687,3,oscil,0.6368,0.1737,0.1106,1.2373,0.3915,0.2283
184,554,4,entri,0.7111,0.1466,0.1043,1.2373,0.3938,0.2139
184,944,5,entri,0.7111,0.1546,0.1099,1.2373,0.4168,0.2131
184,982,6,entri,0.7111,0.1563,0.1111,1.2373,0.4324,0.2077
184,164,7,entri,0.7111,0.0977,0.0695,1.2373,0.3418,0.2037
184,164,7,small,0.3536,0.0097,0.0034,1.2373,0.3418,0.2037
184,164,7,motion,0.4913,0.027,0.0133,1.2373,0.3418,0.2037
184,1115,8,oscil,0.6368,0.1349,0.0859,1.2373,0.4003,0.1941
184,1115,8,motion,0.4913,0.0208,0.0102,1.2373,0.4003,0.1941
184,715,9,oscil,0.6368,0.0497,0.0317,1.2373,0.6538,0.1933
184,715,9,entri,0.7111,0.0556,0.0395,1.2373,0.6538,0.1933
184,715,9,small,0.3536,0.0276,0.0098,1.2373,0.6538,0.1933
184,715,9,motion,0.4913,0.1535,0.0754,1.2373,0.6538,0.1933
184,895,10,oscil,0.6368,0.2123,0.1352,1.2373,0.6228,0.1889
184,895,10,small,0.3536,0.0295,0.0104,1.2373,0.6228,0.1889
185,856,1,flutter,0.8047,0.2235,0.1799,1.3066,0.5052,0.7875
185,856,1,studi,0.4419,0.0491,0.0217,1.3066,0.5052,0.7875
185,856,1,panel,0.8594,0.3581,0.3077,1.3066,0.5052,0.7875
185,856,1,experiment,0.3546,0.0295,0.0105,1.3066,0.5052,0.7875
185,1008,2,flutter,0.8047,0.2525,0.2032,1.3066,0.6077,0.706
185,1008,2,panel,0.8594,0.4044,0.3476,1.3066,0.6077,0.706
185,1008,2,experiment,0.3546,0.0278,0.0099,1.3066,0.6077,0.706
185,766,3,flutter,0.8047,0.1799,0.1448,1.3066,0.4305,0.6981
185,766,3,panel,0.8594,0.2776,0.2385,1.3066,0.4305,0.6981
185,766,3,experiment,0.3546,0.0264,0.0094,1.3066,0.4305,0.6981
185,857,4,flutter,0.8047,0.136,0.1094,1.3066,0.4762,0.6642
185,857,4,studi,0.4419,0.0124,0.0055,1.3066,0.4762,0.6642
185,857,4,panel,0.8594,0.3389,0.2913,1.3066,0.4762,0.6642
185,857,4,experiment,0.3546,0.02,0.0071,1.3066,0.4762,0.6642
185,391,5,flutter,0.8047,0.2445,0.1967,1.3066,0.4448,0.6602
185,391,5,panel,0.8594,0.2176,0.187,1.3066,0.4448,0.6602
185,859,6,flutter,0.8047,0.162,0.1303,1.3066,0.4891,0.6401
185,859,6,panel,0.8594,0.3243,0.2787,1.3066,0.4891,0.6401
185,948,7,flutter,0.8047,0.1679,0.1351,1.3066,0.4871,0.616
185,948,7,panel,0.8594,0.2989,0.2569,1.3066,0.4871,0.616
185,858,8,flutter,0.8047,0.1665,0.134,1.3066,0.4987,0.6097
185,858,8,panel,0.8594,0.2963,0.2547,1.3066,0.4987,0.6097
185,858,8,experiment,0.3546,0.0245,0.0087,1.3066,0.4987,0.6097
185,658,9,flutter,0.8047,0.094,0.0756,1.3066,0.414,0.5851
185,658,9,panel,0.8594,0.276,0.2372,1.3066,0.414,0.5851
185,658,9,experiment,0.3546,0.0104,0.0037,1.3066,0.414,0.5851
185,864,10,flutter,0.8047,0.222,0.1786,1.3066,0.8073,0.5557
185,864,10,panel,0.8594,0.4741,0.4075,1.3066,0.8073,0.5557
186,1062,1,effect,0.1191,0.0147,0.0017,0.9105,0.3662,0.3595
186,1062,1,bodi,0.1955,0.0962,0.0188,0.9105,0.3662,0.3595
186,1062,1,interfer,0.4269,0.1576,0.0673,0.9105,0.3662,0.3595
186,1062,1,wing,0.228,0.1403,0.032,0.9105,0.3662,0.3595
186,610,2,effect,0.1191,0.0448,0.0053,0.9105,0.4063,0.3441
186,610,2,interfer,0.4269,0.2813,0.1201,0.9105,0.4063,0.3441
186,610,2,flow,0.0814,0.023,0.0019,0.9105,0.4063,0.3441
186,1075,3,effect,0.1191,0.0151,0.0018,0.9105,0.3622,0.3178
186,1075,3,bodi,0.1955,0.0621,0.0121,0.9105,0.3622,0.3178
186,1075,3,interfer,0.4269,0.1355,0.0579,0.9105,0.3622,0.3178
186,1075,3,wing,0.228,0.1447,0.033,0.9105,0.3622,0.3178
186,1074,4,effect,0.1191,0.0097,0.0012,0.9105,0.3118,0.2992
186,1074,4,bodi,0.1955,0.0638,0.0125,0.9105,0.3118,0.2992
186,1074,4,interfer,0.4269,0.1046,0.0446,0.9105,0.3118,0.2992
186,1074,4,approxim,0.1637,0.0267,0.0044,0.9105,0.3118,0.2992
186,1074,4,flow,0.0814,0.0133,0.0011,0.9105,0.3118,0.2992
186,1074,4,wing,0.228,0.093,0.0212,0.9105,0.3118,0.2992
186,1243,5,effect,0.1191,0.0154,0.0018,0.9105,0.4983,0.2816
186,1243,5,bodi,0.1955,0.1514,0.0296,0.9105,0.4983,0.2816
186,1243,5,interfer,0.4269,0.1102,0.047,0.9105,0.4983,0.2816
186,1243,5,field,0.265,0.0342,0.0091,0.9105,0.4983,0.2816
186,1243,5,wing,0.228,0.1765,0.0402,0.9105,0.4983,0.2816
186,1239,6,effect,0.1191,0.004,0.0005,0.9105,0.2761,0.2599
186,1239,6,bodi,0.1955,0.1254,0.0245,0.9105,0.2761,0.2599
186,1239,6,interfer,0.4269,0.0288,0.0123,0.9105,0.2761,0.2599
186,1239,6,approxim,0.1637,0.0055,0.0009,0.9105,0.2761,0.2599
186,1239,6,field,0.265,0.0179,0.0047,0.9105,0.2761,0.2599
186,1239,6,flow,0.0814,0.0165,0.0013,0.9105,0.2761,0.2599
186,1239,6,wing,0.228,0.0923,0.021,0.9105,0.2761,0.2599
186,924,7,effect,0.1191,0.0151,0.0018,0.9105,0.4135,0.2344
186,924,7,bodi,0.1955,0.0621,0.0121,0.9105,0.4135,0.2344
186,924,7,interfer,0.4269,0.0813,0.0347,0.9105,0.4135,0.2344
186,924,7,wing,0.228,0.1737,0.0396,0.9105,0.4135,0.2344
186,923,8,effect,0.1191,0.0307,0.0037,0.9105,0.3914,0.2289
186,923,8,bodi,0.1955,0.1009,0.0197,0.9105,0.3914,0.2289
186,923,8,interfer,0.4269,0.0735,0.0314,0.9105,0.3914,0.2289
186,923,8,wing,0.228,0.1177,0.0268,0.9105,0.3914,0.2289
186,803,9,effect,0.1191,0.0138,0.0016,0.9105,0.4526,0.2276
186,803,9,bodi,0.1955,0.1587,0.031,0.9105,0.4526,0.2276
186,803,9,interfer,0.4269,0.0495,0.0211,0.9105,0.4526,0.2276
186,803,9,flow,0.0814,0.0472,0.0038,0.9105,0.4526,0.2276
186,803,9,wing,0.228,0.1586,0.0362,0.9105,0.4526,0.2276
186,252,10,effect,0.1191,0.0529,0.0063,0.9105,0.3631,0.2091
186,252,10,bodi,0.1955,0.0109,0.0021,0.9105,0.3631,0.2091
186,252,10,interfer,0.4269,0.1186,0.0506,0.9105,0.3631,0.2091
186,252,10,field,0.265,0.0147,0.0039,0.9105,0.3631,0.2091
186,252,10,flow,0.0814,0.0045,0.0004,0.9105,0.3631,0.2091
186,252,10,wing,0.228,0.0253,0.0058,0.9105,0.3631,0.2091
187,763,1,effect,0.0794,0.034,0.0027,0.6351,0.443,0.5328
187,763,1,investig,0.1129,0.0242,0.0027,0.6351,0.443,0.5328
187,763,1,bend,0.2508,0.1613,0.0405,0.6351,0.443,0.5328
187,763,1,circular,0.1925,0.0412,0.0079,0.6351,0.443,0.5328
187,763,1,pressur,0.0776,0.0665,0.0052,0.6351,0.443,0.5328
187,763,1,buckl,0.2,0.0857,0.0171,0.6351,0.443,0.5328
187,763,1,intern,0.2883,0.1854,0.0534,0.6351,0.443,0.5328
187,763,1,cylindr,0.2208,0.0473,0.0104,0.6351,0.443,0.5328
187,763,1,shell,0.2151,0.0461,0.0099,0.6351,0.443,0.5328
187,841,2,investig,0.1129,0.0733,0.0083,0.6351,0.6447,0.4287
187,841,2,bend,0.2508,0.3254,0.0816,0.6351,0.6447,0.4287
187,841,2,circular,0.1925,0.1249,0.024,0.6351,0.6447,0.4287
187,841,2,cylindr,0.2208,0.1432,0.0316,0.6351,0.6447,0.4287
187,841,2,shell,0.2151,0.1395,0.03,0.6351,0.6447,0.4287
187,1068,3,investig,0.1129,0.0167,0.0019,0.6351,0.3988,0.3809
187,1068,3,bend,0.2508,0.0743,0.0186,0.6351,0.3988,0.3809
187,1068,3,circular,0.1925,0.0285,0.0055,0.6351,0.3988,0.3809
187,1068,3,pressur,0.0776,0.0345,0.0027,0.6351,0.3988,0.3809
187,1068,3,buckl,0.2,0.0593,0.0119,0.6351,0.3988,0.3809
187,1068,3,cylindr,0.2208,0.0981,0.0217,0.6351,0.3988,0.3809
187,1068,3,shell,0.2151,0.1593,0.0343,0.6351,0.3988,0.3809
187,887,4,effect,0.0794,0.0151,0.0012,0.6351,0.4786,0.3581
187,887,4,investig,0.1129,0.043,0.0049,0.6351,0.4786,0.3581
187,887,4,experiment,0.1182,0.0225,0.0027,0.6351,0.4786,0.3581
187,887,4,circular,0.1925,0.0367,0.0071,0.6351,0.4786,0.3581
187,887,4,buckl,0.2,0.1524,0.0305,0.6351,0.4786,0.3581
187,887,4,cylindr,0.2208,0.0841,0.0186,0.6351,0.4786,0.3581
187,887,4,shell,0.2151,0.2048,0.0441,0.6351,0.4786,0.3581
187,897,5,effect,0.0794,0.0318,0.0025,0.6351,0.4746,0.3567
187,897,5,circular,0.1925,0.077,0.0148,0.6351,0.4746,0.3567
187,897,5,pressur,0.0776,0.0155,0.0012,0.6351,0.4746,0.3567
187,897,5,buckl,0.2,0.16,0.032,0.6351,0.4746,0.3567
187,897,5,cylindr,0.2208,0.1325,0.0292,0.6351,0.4746,0.3567
187,897,5,shell,0.2151,0.129,0.0278,0.6351,0.4746,0.3567
187,1126,6,effect,0.0794,0.018,0.0014,0.6351,0.4833,0.3455
187,1126,6,bend,0.2508,0.0568,0.0142,0.6351,0.4833,0.3455
187,1126,6,pressur,0.0776,0.0176,0.0014,0.6351,0.4833,0.3455
187,1126,6,buckl,0.2,0.1359,0.0272,0.6351,0.4833,0.3455
187,1126,6,intern,0.2883,0.0653,0.0188,0.6351,0.4833,0.3455
187,1126,6,cylindr,0.2208,0.1,0.0221,0.6351,0.4833,0.3455
187,1126,6,shell,0.2151,0.0974,0.0209,0.6351,0.4833,0.3455
187,838,7,effect,0.0794,0.0187,0.0015,0.6351,0.4695,0.341
187,838,7,investig,0.1129,0.0266,0.003,0.6351,0.4695,0.341
187,838,7,bend,0.2508,0.1771,0.0444,0.6351,0.4695,0.341
187,838,7,pressur,0.0776,0.0547,0.0042,0.6351,0.4695,0.341
187,838,7,buckl,0.2,0.0471,0.0094,0.6351,0.4695,0.341
187,838,7,intern,0.2883,0.1357,0.0391,0.6351,0.4695,0.341
187,739,8,investig,0.1129,0.0081,0.0009,0.6351,0.3548,0.3302
187,739,8,experiment,0.1182,0.0085,0.001,0.6351,0.3548,0.3302
187,739,8,buckl,0.2,0.1437,0.0287,0.6351,0.3548,0.3302
187,739,8,cylindr,0.2208,0.0476,0.0105,0.6351,0.3548,0.3302
187,739,8,shell,0.2151,0.1545,0.0332,0.6351,0.3548,0.3302
187,848,9,effect,0.0794,0.0227,0.0018,0.6351,0.5166,0.3291
187,848,9,pressur,0.0776,0.0222,0.0017,0.6351,0.5166,0.3291
187,848,9,intern,0.2883,0.0824,0.0238,0.6351,0.5166,0.3291
187,848,9,cylindr,0.2208,0.1261,0.0278,0.6351,0.5166,0.3291
187,848,9,shell,0.2151,0.2458,0.0529,0.6351,0.5166,0.3291
187,743,10,investig,0.1129,0.0181,0.002,0.6351,0.4859,0.3256
187,743,10,experiment,0.1182,0.0189,0.0022,0.6351,0.4859,0.3256
187,743,10,pressur,0.0776,0.0248,0.0019,0.6351,0.4859,0.3256
187,743,10,buckl,0.2,0.064,0.0128,0.6351,0.4859,0.3256
187,743,10,intern,0.2883,0.0461,0.0133,0.6351,0.4859,0.3256
187,743,10,cylindr,0.2208,0.1413,0.0312,0.6351,0.4859,0.3256
187,743,10,shell,0.2151,0.1721,0.037,0.6351,0.4859,0.3256
188,725,1,theoret,0.1785,0.0275,0.0049,1.1253,0.5056,0.3617
188,725,1,respons,0.4109,0.1264,0.0519,1.1253,0.5056,0.3617
188,725,1,nois,0.3877,0.1789,0.0694,1.1253,0.5056,0.3617
188,725,1,experiment,0.1418,0.0218,0.0031,1.1253,0.5056,0.3617
188,725,1,structur,0.2571,0.1187,0.0305,1.1253,0.5056,0.3617
188,725,1,excit,0.4109,0.0632,0.026,1.1253,0.5056,0.3617
188,725,1,typic,0.3607,0.0555,0.02,1.1253,0.5056,0.3617
188,909,2,nois,0.3877,0.3231,0.1253,1.1253,0.6685,0.2777
188,909,2,structur,0.2571,0.1429,0.0367,1.1253,0.6685,0.2777
188,909,2,excit,0.4109,0.1141,0.0469,1.1253,0.6685,0.2777
188,722,3,respons,0.4109,0.0447,0.0183,1.1253,0.5262,0.2553
188,722,3,nois,0.3877,0.1264,0.049,1.1253,0.5262,0.2553
188,722,3,structur,0.2571,0.1118,0.0287,1.1253,0.5262,0.2553
188,722,3,excit,0.4109,0.134,0.055,1.1253,0.5262,0.2553
188,640,4,environ,0.5047,0.027,0.0136,1.1253,0.3826,0.2427
188,640,4,theoret,0.1785,0.0286,0.0051,1.1253,0.3826,0.2427
188,640,4,work,0.2517,0.0135,0.0034,1.1253,0.3826,0.2427
188,640,4,nois,0.3877,0.1037,0.0402,1.1253,0.3826,0.2427
188,640,4,structur,0.2571,0.11,0.0283,1.1253,0.3826,0.2427
188,640,4,typic,0.3607,0.0386,0.0139,1.1253,0.3826,0.2427
188,781,5,respons,0.4109,0.1911,0.0785,1.1253,0.358,0.2153
188,781,5,experiment,0.1418,0.022,0.0031,1.1253,0.358,0.2153
188,781,5,structur,0.2571,0.0199,0.0051,1.1253,0.358,0.2153
188,1331,6,respons,0.4109,0.2834,0.1164,1.1253,0.5021,0.2061
188,209,7,nois,0.3877,0.2169,0.0841,1.1253,0.4706,0.2034
188,209,7,excit,0.4109,0.0575,0.0236,1.1253,0.4706,0.2034
188,1279,8,environ,0.5047,0.1646,0.0831,1.1253,0.4647,0.194
188,1279,8,respons,0.4109,0.0447,0.0183,1.1253,0.4647,0.194
188,720,9,environ,0.5047,0.0926,0.0467,1.1253,0.4906,0.1929
188,720,9,theoret,0.1785,0.0164,0.0029,1.1253,0.4906,0.1929
188,720,9,work,0.2517,0.0231,0.0058,1.1253,0.4906,0.1929
188,720,9,experiment,0.1418,0.013,0.0018,1.1253,0.4906,0.1929
188,720,9,structur,0.2571,0.0708,0.0182,1.1253,0.4906,0.1929
188,720,9,excit,0.4109,0.0754,0.031,1.1253,0.4906,0.1929
188,137,10,nois,0.3877,0.3371,0.1307,1.1253,0.6633,0.1868
188,137,10,experiment,0.1418,0.0617,0.0087,1.1253,0.6633,0.1868
189,767,1,thermal,0.2287,0.1256,0.0287,1.0661,0.3986,0.4591
189,767,1,fatigu,0.3461,0.1357,0.047,1.0661,0.3986,0.4591
189,767,1,various,0.1797,0.0141,0.0025,1.0661,0.3986,0.4591
189,767,1,endur,0.6037,0.1894,0.1143,1.0661,0.3986,0.4591
189,767,1,calcul,0.1209,0.0095,0.0011,1.0661,0.3986,0.4591
189,767,1,method,0.0937,0.0147,0.0014,1.0661,0.3986,0.4591
189,768,2,fatigu,0.3461,0.4829,0.1671,1.0661,0.8087,0.1967
189,768,2,method,0.0937,0.0261,0.0024,1.0661,0.8087,0.1967
189,726,3,fatigu,0.3461,0.2637,0.0913,1.0661,0.522,0.1871
189,726,3,compon,0.2598,0.0495,0.0129,1.0661,0.522,0.1871
189,883,4,fatigu,0.3461,0.2816,0.0975,1.0661,0.6004,0.1754
189,883,4,type,0.1678,0.0341,0.0057,1.0661,0.6004,0.1754
189,883,4,design,0.1895,0.0385,0.0073,1.0661,0.6004,0.1754
189,883,4,method,0.0937,0.019,0.0018,1.0661,0.6004,0.1754
189,865,5,thermal,0.2287,0.1444,0.033,1.0661,0.5858,0.174
189,865,5,fatigu,0.3461,0.2186,0.0757,1.0661,0.5858,0.174
189,75,6,fatigu,0.3461,0.201,0.0696,1.0661,0.5236,0.1441
189,75,6,type,0.1678,0.0649,0.0109,1.0661,0.5236,0.1441
189,909,7,fatigu,0.3461,0.2307,0.0799,1.0661,0.6685,0.1436
189,909,7,compon,0.2598,0.0866,0.0225,1.0661,0.6685,0.1436
189,640,8,fatigu,0.3461,0.0888,0.0307,1.0661,0.3826,0.14
189,640,8,various,0.1797,0.0115,0.0021,1.0661,0.3826,0.14
189,640,8,type,0.1678,0.0108,0.0018,1.0661,0.3826,0.14
189,640,8,design,0.1895,0.073,0.0138,1.0661,0.3826,0.14
189,640,8,compon,0.2598,0.0333,0.0087,1.0661,0.3826,0.14
189,884,9,fatigu,0.3461,0.3195,0.1106,1.0661,0.8087,0.1314
189,884,9,method,0.0937,0.0288,0.0027,1.0661,0.8087,0.1314
189,881,10,fatigu,0.3461,0.1432,0.0496,1.0661,0.5125,0.1141
189,881,10,various,0.1797,0.0496,0.0089,1.0661,0.5125,0.1141
189,881,10,type,0.1678,0.0231,0.0039,1.0661,0.5125,0.1141
190,856,1,panel,0.2292,0.3581,0.0821,0.8667,0.5052,0.3403
190,856,1,flutter,0.2146,0.2235,0.048,0.8667,0.5052,0.3403
190,856,1,mode,0.42,0.0437,0.0184,0.8667,0.5052,0.3403
190,856,1,number,0.0529,0.011,0.0006,0.8667,0.5052,0.3403
190,627,2,panel,0.2292,0.2455,0.0563,0.8667,0.4239,0.3173
190,627,2,flutter,0.2146,0.115,0.0247,0.8667,0.4239,0.3173
190,627,2,analysi,0.1078,0.0385,0.0041,0.8667,0.4239,0.3173
190,627,2,mode,0.42,0.075,0.0315,0.8667,0.4239,0.3173
190,766,3,panel,0.2292,0.2776,0.0636,0.8667,0.4305,0.2974
190,766,3,flutter,0.2146,0.1799,0.0386,0.8667,0.4305,0.2974
190,766,3,mode,0.42,0.0196,0.0082,0.8667,0.4305,0.2974
190,766,3,number,0.0529,0.0099,0.0005,0.8667,0.4305,0.2974
190,1008,4,panel,0.2292,0.4044,0.0927,0.8667,0.6077,0.2943
190,1008,4,flutter,0.2146,0.2525,0.0542,0.8667,0.6077,0.2943
190,1008,4,analysi,0.1078,0.0317,0.0034,0.8667,0.6077,0.2943
190,1008,4,consid,0.1151,0.0339,0.0039,0.8667,0.6077,0.2943
190,1008,4,number,0.0529,0.0156,0.0008,0.8667,0.6077,0.2943
190,391,5,panel,0.2292,0.2176,0.0499,0.8667,0.4448,0.2927
190,391,5,flutter,0.2146,0.2445,0.0525,0.8667,0.4448,0.2927
190,391,5,satisfactori,0.2235,0.0424,0.0095,0.8667,0.4448,0.2927
190,391,5,number,0.0529,0.0201,0.0011,0.8667,0.4448,0.2927
190,390,6,deform,0.2263,0.0453,0.0102,0.8667,0.4787,0.2858
190,390,6,panel,0.2292,0.1833,0.042,0.8667,0.4787,0.2858
190,390,6,assum,0.1454,0.0291,0.0042,0.8667,0.4787,0.2858
190,390,6,flutter,0.2146,0.1717,0.0368,0.8667,0.4787,0.2858
190,390,6,analysi,0.1078,0.0216,0.0023,0.8667,0.4787,0.2858
190,390,6,mode,0.42,0.042,0.0176,0.8667,0.4787,0.2858
190,390,6,consid,0.1151,0.046,0.0053,0.8667,0.4787,0.2858
190,948,7,panel,0.2292,0.2989,0.0685,0.8667,0.4871,0.266
190,948,7,flutter,0.2146,0.1679,0.036,0.8667,0.4871,0.266
190,948,7,minimum,0.2322,0.0303,0.007,0.8667,0.4871,0.266
190,948,7,number,0.0529,0.0138,0.0007,0.8667,0.4871,0.266
190,857,8,panel,0.2292,0.3389,0.0777,0.8667,0.4762,0.2603
190,857,8,flutter,0.2146,0.136,0.0292,0.8667,0.4762,0.2603
190,857,8,number,0.0529,0.0112,0.0006,0.8667,0.4762,0.2603
190,859,9,panel,0.2292,0.3243,0.0743,0.8667,0.4891,0.2579
190,859,9,flutter,0.2146,0.162,0.0348,0.8667,0.4891,0.2579
190,859,9,number,0.0529,0.005,0.0003,0.8667,0.4891,0.2579
190,858,10,panel,0.2292,0.2963,0.0679,0.8667,0.4987,0.2414
190,858,10,flutter,0.2146,0.1665,0.0357,0.8667,0.4987,0.2414
190,858,10,number,0.0529,0.0137,0.0007,0.8667,0.4987,0.2414
191,766,1,panel,0.3125,0.2776,0.0867,1.1941,0.4305,0.3125
191,766,1,flutter,0.2926,0.1799,0.0527,1.1941,0.4305,0.3125
191,766,1,amplitud,0.3776,0.0516,0.0195,1.1941,0.4305,0.3125
191,766,1,small,0.1607,0.011,0.0018,1.1941,0.4305,0.3125
191,856,2,panel,0.3125,0.3581,0.1119,1.1941,0.5052,0.2939
191,856,2,flutter,0.2926,0.2235,0.0654,1.1941,0.5052,0.2939
191,1008,3,panel,0.3125,0.4044,0.1264,1.1941,0.6077,0.276
191,1008,3,flutter,0.2926,0.2525,0.0739,1.1941,0.6077,0.276
191,391,4,panel,0.3125,0.2176,0.068,1.1941,0.4448,0.2627
191,391,4,flutter,0.2926,0.2445,0.0715,1.1941,0.4448,0.2627
191,857,5,panel,0.3125,0.3389,0.1059,1.1941,0.4762,0.2562
191,857,5,flutter,0.2926,0.136,0.0398,1.1941,0.4762,0.2562
191,859,6,panel,0.3125,0.3243,0.1013,1.1941,0.4891,0.2547
191,859,6,flutter,0.2926,0.162,0.0474,1.1941,0.4891,0.2547
191,627,7,panel,0.3125,0.2455,0.0767,1.1941,0.4239,0.2469
191,627,7,flutter,0.2926,0.115,0.0336,1.1941,0.4239,0.2469
191,627,7,small,0.1607,0.021,0.0034,1.1941,0.4239,0.2469
191,627,7,vibrat,0.2926,0.0383,0.0112,1.1941,0.4239,0.2469
191,948,8,panel,0.3125,0.2989,0.0934,1.1941,0.4871,0.2451
191,948,8,flutter,0.2926,0.1679,0.0491,1.1941,0.4871,0.2451
191,658,9,panel,0.3125,0.276,0.0863,1.1941,0.414,0.244
191,658,9,flutter,0.2926,0.094,0.0275,1.1941,0.414,0.244
191,658,9,vibrat,0.2926,0.0235,0.0069,1.1941,0.414,0.244
191,858,10,panel,0.3125,0.2963,0.0926,1.1941,0.4987,0.2373
191,858,10,flutter,0.2926,0.1665,0.0487,1.1941,0.4987,0.2373
192,641,1,load,0.3892,0.0533,0.0207,1.6027,0.4733,0.3366
192,641,1,uniform,0.4494,0.0616,0.0277,1.6027,0.4733,0.3366
192,641,1,sector,1.2291,0.1684,0.207,1.6027,0.4733,0.3366
192,734,2,load,0.3892,0.0556,0.0216,1.6027,0.3717,0.3262
192,734,2,uniform,0.4494,0.0642,0.0289,1.6027,0.3717,0.3262
192,734,2,sector,1.2291,0.1171,0.1439,1.6027,0.3717,0.3262
192,733,3,paper,0.3892,0.0187,0.0073,1.6027,0.3922,0.3122
192,733,3,load,0.3892,0.0374,0.0146,1.6027,0.3922,0.3122
192,733,3,uniform,0.4494,0.0648,0.0291,1.6027,0.3922,0.3122
192,733,3,sector,1.2291,0.1182,0.1453,1.6027,0.3922,0.3122
192,925,4,deal,0.7436,0.1005,0.0747,1.6027,0.4848,0.2279
192,925,4,paper,0.3892,0.1052,0.0409,1.6027,0.4848,0.2279
192,925,4,load,0.3892,0.1578,0.0614,1.6027,0.4848,0.2279
192,735,5,paper,0.3892,0.0628,0.0244,1.6027,0.7732,0.1577
192,735,5,load,0.3892,0.1883,0.0733,1.6027,0.7732,0.1577
192,735,5,uniform,0.4494,0.2175,0.0977,1.6027,0.7732,0.1577
192,1084,6,deal,0.7436,0.1282,0.0953,1.6027,0.5417,0.1399
192,1084,6,paper,0.3892,0.0671,0.0261,1.6027,0.5417,0.1399
192,1173,7,deal,0.7436,0.04,0.0297,1.6027,0.3311,0.1378
192,1173,7,load,0.3892,0.0837,0.0326,1.6027,0.3311,0.1378
192,1173,7,uniform,0.4494,0.0242,0.0109,1.6027,0.3311,0.1378
192,875,8,deal,0.7436,0.143,0.1063,1.6027,0.7694,0.1335
192,875,8,paper,0.3892,0.1497,0.0583,1.6027,0.7694,0.1335
192,1170,9,deal,0.7436,0.0471,0.035,1.6027,0.5526,0.1261
192,1170,9,load,0.3892,0.1971,0.0767,1.6027,0.5526,0.1261
192,1175,10,load,0.3892,0.1816,0.0707,1.6027,0.4606,0.1231
192,1175,10,uniform,0.4494,0.0449,0.0202,1.6027,0.4606,0.1231
193,730,1,clamp,0.635,0.1155,0.0733,0.9391,0.3766,0.4147
193,730,1,solv,0.4729,0.0215,0.0102,0.9391,0.3766,0.4147
193,730,1,plate,0.3032,0.0965,0.0293,0.9391,0.3766,0.4147
193,730,1,problem,0.2444,0.1,0.0244,0.9391,0.3766,0.4147
193,730,1,method,0.1873,0.0341,0.0064,0.9391,0.3766,0.4147
193,730,1,general,0.2612,0.0119,0.0031,0.9391,0.3766,0.4147
193,735,2,clamp,0.635,0.3687,0.2342,0.9391,0.7732,0.4054
193,735,2,plate,0.3032,0.1761,0.0534,0.9391,0.7732,0.4054
193,735,2,method,0.1873,0.0363,0.0068,0.9391,0.7732,0.4054
193,733,3,clamp,0.635,0.1099,0.0698,0.9391,0.3922,0.379
193,733,3,solv,0.4729,0.0273,0.0129,0.9391,0.3922,0.379
193,733,3,plate,0.3032,0.1225,0.0371,0.9391,0.3922,0.379
193,733,3,problem,0.2444,0.0564,0.0138,0.9391,0.3922,0.379
193,733,3,method,0.1873,0.0108,0.002,0.9391,0.3922,0.379
193,733,3,general,0.2612,0.0151,0.0039,0.9391,0.3922,0.379
193,641,4,clamp,0.635,0.1566,0.0994,0.9391,0.4733,0.365
193,641,4,plate,0.3032,0.0748,0.0227,0.9391,0.4733,0.365
193,641,4,problem,0.2444,0.1406,0.0344,0.9391,0.4733,0.365
193,641,4,method,0.1873,0.0308,0.0058,0.9391,0.4733,0.365
193,736,5,clamp,0.635,0.0778,0.0494,0.9391,0.4592,0.2914
193,736,5,plate,0.3032,0.1856,0.0563,0.9391,0.4592,0.2914
193,736,5,problem,0.2444,0.0299,0.0073,0.9391,0.4592,0.2914
193,736,5,method,0.1873,0.0229,0.0043,0.9391,0.4592,0.2914
193,736,5,general,0.2612,0.032,0.0084,0.9391,0.4592,0.2914
193,648,6,clamp,0.635,0.1361,0.0864,0.9391,0.4925,0.2872
193,648,6,plate,0.3032,0.065,0.0197,0.9391,0.4925,0.2872
193,648,6,problem,0.2444,0.0786,0.0192,0.9391,0.4925,0.2872
193,648,6,method,0.1873,0.0401,0.0075,0.9391,0.4925,0.2872
193,400,7,clamp,0.635,0.1859,0.118,0.9391,0.562,0.2844
193,400,7,plate,0.3032,0.0887,0.0269,0.9391,0.562,0.2844
193,400,7,method,0.1873,0.0274,0.0051,0.9391,0.562,0.2844
193,422,8,clamp,0.635,0.0552,0.0351,0.9391,0.3952,0.271
193,422,8,solv,0.4729,0.0822,0.0389,0.9391,0.3952,0.271
193,422,8,plate,0.3032,0.0264,0.008,0.9391,0.3952,0.271
193,422,8,problem,0.2444,0.0638,0.0156,0.9391,0.3952,0.271
193,422,8,method,0.1873,0.0163,0.0031,0.9391,0.3952,0.271
193,734,9,clamp,0.635,0.0726,0.0461,0.9391,0.3717,0.2507
193,734,9,solv,0.4729,0.027,0.0128,0.9391,0.3717,0.2507
193,734,9,plate,0.3032,0.0347,0.0105,0.9391,0.3717,0.2507
193,734,9,problem,0.2444,0.0419,0.0102,0.9391,0.3717,0.2507
193,734,9,method,0.1873,0.0214,0.004,0.9391,0.3717,0.2507
193,734,9,general,0.2612,0.0149,0.0039,0.9391,0.3717,0.2507
193,1387,10,clamp,0.635,0.1588,0.1008,0.9391,0.4687,0.2448
193,1387,10,method,0.1873,0.0187,0.0035,0.9391,0.4687,0.2448
193,1387,10,general,0.2612,0.0131,0.0034,0.9391,0.4687,0.2448
194,642,1,uniform,0.1605,0.0523,0.0084,0.744,0.5763,0.5358
194,642,1,circular,0.165,0.0537,0.0089,0.744,0.5763,0.5358
194,642,1,axial,0.161,0.1048,0.0169,0.744,0.5763,0.5358
194,642,1,cylind,0.1473,0.1439,0.0212,0.744,0.5763,0.5358
194,642,1,load,0.278,0.1358,0.0377,0.744,0.5763,0.5358
194,642,1,buckl,0.3429,0.2233,0.0765,0.744,0.5763,0.5358
194,642,1,compress,0.1394,0.0907,0.0126,0.744,0.5763,0.5358
194,642,1,strength,0.2204,0.2153,0.0474,0.744,0.5763,0.5358
194,888,2,uniform,0.1605,0.034,0.0055,0.744,0.4862,0.4386
194,888,2,axial,0.161,0.1366,0.022,0.744,0.4862,0.4386
194,888,2,cylind,0.1473,0.1875,0.0276,0.744,0.4862,0.4386
194,888,2,load,0.278,0.059,0.0164,0.744,0.4862,0.4386
194,888,2,buckl,0.3429,0.2182,0.0748,0.744,0.4862,0.4386
194,888,2,compress,0.1394,0.0887,0.0124,0.744,0.4862,0.4386
194,932,3,circular,0.165,0.2253,0.0372,0.744,0.5541,0.4335
194,932,3,axial,0.161,0.1099,0.0177,0.744,0.5541,0.4335
194,932,3,cylind,0.1473,0.0503,0.0074,0.744,0.5541,0.4335
194,932,3,load,0.278,0.0949,0.0264,0.744,0.5541,0.4335
194,932,3,buckl,0.3429,0.1756,0.0602,0.744,0.5541,0.4335
194,932,3,compress,0.1394,0.0952,0.0133,0.744,0.5541,0.4335
194,932,3,strength,0.2204,0.0753,0.0166,0.744,0.5541,0.4335
194,957,4,uniform,0.1605,0.0394,0.0063,0.744,0.495,0.3336
194,957,4,lower,0.2081,0.0511,0.0106,0.744,0.495,0.3336
194,957,4,analyt,0.1843,0.0453,0.0083,0.744,0.495,0.3336
194,957,4,axial,0.161,0.0395,0.0064,0.744,0.495,0.3336
194,957,4,load,0.278,0.0683,0.019,0.744,0.495,0.3336
194,957,4,buckl,0.3429,0.2105,0.0722,0.744,0.495,0.3336
194,1177,5,cylind,0.1473,0.0998,0.0147,0.744,0.5331,0.3143
194,1177,5,load,0.278,0.1255,0.0349,0.744,0.5331,0.3143
194,1177,5,buckl,0.3429,0.1548,0.0531,0.744,0.5331,0.3143
194,1177,5,strength,0.2204,0.0995,0.0219,0.744,0.5331,0.3143
194,1173,6,uniform,0.1605,0.0242,0.0039,0.744,0.3311,0.3125
194,1173,6,circular,0.165,0.0248,0.0041,0.744,0.3311,0.3125
194,1173,6,axial,0.161,0.0242,0.0039,0.744,0.3311,0.3125
194,1173,6,cylind,0.1473,0.0444,0.0065,0.744,0.3311,0.3125
194,1173,6,load,0.278,0.0837,0.0233,0.744,0.3311,0.3125
194,1173,6,buckl,0.3429,0.0774,0.0265,0.744,0.3311,0.3125
194,1173,6,compress,0.1394,0.0629,0.0088,0.744,0.3311,0.3125
194,1126,7,solut,0.0882,0.0233,0.0021,0.744,0.4833,0.3026
194,1126,7,axial,0.161,0.1276,0.0205,0.744,0.4833,0.3026
194,1126,7,cylind,0.1473,0.0778,0.0115,0.744,0.4833,0.3026
194,1126,7,load,0.278,0.0367,0.0102,0.744,0.4833,0.3026
194,1126,7,buckl,0.3429,0.1359,0.0466,0.744,0.4833,0.3026
194,1126,7,compress,0.1394,0.0368,0.0051,0.744,0.4833,0.3026
194,1126,7,strength,0.2204,0.0582,0.0128,0.744,0.4833,0.3026
194,744,8,uniform,0.1605,0.034,0.0055,0.744,0.495,0.2957
194,744,8,lower,0.2081,0.0441,0.0092,0.744,0.495,0.2957
194,744,8,circular,0.165,0.035,0.0058,0.744,0.495,0.2957
194,744,8,axial,0.161,0.0341,0.0055,0.744,0.495,0.2957
194,744,8,cylind,0.1473,0.0312,0.0046,0.744,0.495,0.2957
194,744,8,load,0.278,0.1474,0.041,0.744,0.495,0.2957
194,744,8,buckl,0.3429,0.1091,0.0374,0.744,0.495,0.2957
194,741,9,solut,0.0882,0.0238,0.0021,0.744,0.4923,0.2802
194,741,9,axial,0.161,0.13,0.0209,0.744,0.4923,0.2802
194,741,9,cylind,0.1473,0.0397,0.0058,0.744,0.4923,0.2802
194,741,9,buckl,0.3429,0.1846,0.0633,0.744,0.4923,0.2802
194,741,9,compress,0.1394,0.075,0.0105,0.744,0.4923,0.2802
194,1178,10,uniform,0.1605,0.0661,0.0106,0.744,0.5238,0.2757
194,1178,10,axial,0.161,0.0663,0.0107,0.744,0.5238,0.2757
194,1178,10,cylind,0.1473,0.1213,0.0179,0.744,0.5238,0.2757
194,1178,10,load,0.278,0.0572,0.0159,0.744,0.5238,0.2757
194,1178,10,buckl,0.3429,0.1412,0.0484,0.744,0.5238,0.2757
194,1178,10,compress,0.1394,0.0287,0.004,0.744,0.5238,0.2757
195,642,1,uniform,0.1404,0.0523,0.0073,0.6669,0.5763,0.4381
195,642,1,strength,0.1928,0.2153,0.0415,0.6669,0.5763,0.4381
195,642,1,circular,0.1444,0.0537,0.0078,0.6669,0.5763,0.4381
195,642,1,axial,0.1409,0.1048,0.0148,0.6669,0.5763,0.4381
195,642,1,cylind,0.1289,0.1439,0.0185,0.6669,0.5763,0.4381
195,642,1,load,0.1216,0.1358,0.0165,0.6669,0.5763,0.4381
195,642,1,improv,0.2163,0.0805,0.0174,0.6669,0.5763,0.4381
195,642,1,buckl,0.15,0.2233,0.0335,0.6669,0.5763,0.4381
195,642,1,compress,0.1219,0.0907,0.0111,0.6669,0.5763,0.4381
195,932,2,strength,0.1928,0.0753,0.0145,0.6669,0.5541,0.3206
195,932,2,circular,0.1444,0.2253,0.0325,0.6669,0.5541,0.3206
195,932,2,axial,0.1409,0.1099,0.0155,0.6669,0.5541,0.3206
195,932,2,cylind,0.1289,0.0503,0.0065,0.6669,0.5541,0.3206
195,932,2,load,0.1216,0.0949,0.0115,0.6669,0.5541,0.3206
195,932,2,buckl,0.15,0.1756,0.0263,0.6669,0.5541,0.3206
195,932,2,compress,0.1219,0.0952,0.0116,0.6669,0.5541,0.3206
195,1055,3,solut,0.0772,0.0343,0.0026,0.6669,0.3886,0.3086
195,1055,3,non,0.1938,0.1292,0.025,0.6669,0.3886,0.3086
195,1055,3,uniform,0.1404,0.0624,0.0088,0.6669,0.3886,0.3086
195,1055,3,linear,0.2688,0.0896,0.0241,0.6669,0.3886,0.3086
195,1055,3,circular,0.1444,0.0642,0.0093,0.6669,0.3886,0.3086
195,1055,3,load,0.1216,0.027,0.0033,0.6669,0.3886,0.3086
195,1055,3,buckl,0.15,0.0333,0.005,0.6669,0.3886,0.3086
195,1055,3,problem,0.0917,0.0204,0.0019,0.6669,0.3886,0.3086
195,888,4,uniform,0.1404,0.034,0.0048,0.6669,0.4862,0.305
195,888,4,axial,0.1409,0.1366,0.0192,0.6669,0.4862,0.305
195,888,4,cylind,0.1289,0.1875,0.0242,0.6669,0.4862,0.305
195,888,4,load,0.1216,0.059,0.0072,0.6669,0.4862,0.305
195,888,4,buckl,0.15,0.2182,0.0327,0.6669,0.4862,0.305
195,888,4,compress,0.1219,0.0887,0.0108,0.6669,0.4862,0.305
195,1173,5,uniform,0.1404,0.0242,0.0034,0.6669,0.3311,0.2859
195,1173,5,linear,0.2688,0.0462,0.0124,0.6669,0.3311,0.2859
195,1173,5,circular,0.1444,0.0248,0.0036,0.6669,0.3311,0.2859
195,1173,5,axial,0.1409,0.0242,0.0034,0.6669,0.3311,0.2859
195,1173,5,cylind,0.1289,0.0444,0.0057,0.6669,0.3311,0.2859
195,1173,5,load,0.1216,0.0837,0.0102,0.6669,0.3311,0.2859
195,1173,5,buckl,0.15,0.0774,0.0116,0.6669,0.3311,0.2859
195,1173,5,one,0.0572,0.0393,0.0022,0.6669,0.3311,0.2859
195,1173,5,compress,0.1219,0.0629,0.0077,0.6669,0.3311,0.2859
195,1173,5,problem,0.0917,0.0315,0.0029,0.6669,0.3311,0.2859
195,744,6,non,0.1938,0.094,0.0182,0.6669,0.495,0.2711
195,744,6,uniform,0.1404,0.034,0.0048,0.6669,0.495,0.2711
195,744,6,linear,0.2688,0.0652,0.0175,0.6669,0.495,0.2711
195,744,6,circular,0.1444,0.035,0.0051,0.6669,0.495,0.2711
195,744,6,axial,0.1409,0.0341,0.0048,0.6669,0.495,0.2711
195,744,6,cylind,0.1289,0.0312,0.004,0.6669,0.495,0.2711
195,744,6,load,0.1216,0.1474,0.0179,0.6669,0.495,0.2711
195,744,6,buckl,0.15,0.1091,0.0164,0.6669,0.495,0.2711
195,744,6,one,0.0572,0.0139,0.0008,0.6669,0.495,0.2711
195,739,7,non,0.1938,0.0557,0.0108,0.6669,0.3548,0.242
195,739,7,uniform,0.1404,0.0135,0.0019,0.6669,0.3548,0.242
195,739,7,linear,0.2688,0.0386,0.0104,0.6669,0.3548,0.242
195,739,7,axial,0.1409,0.027,0.0038,0.6669,0.3548,0.242
195,739,7,load,0.1216,0.0466,0.0057,0.6669,0.3548,0.242
195,739,7,buckl,0.15,0.1437,0.0216,0.6669,0.3548,0.242
195,739,7,one,0.0572,0.0055,0.0003,0.6669,0.3548,0.242
195,739,7,compress,0.1219,0.0234,0.0028,0.6669,0.3548,0.242
195,831,8,solut,0.0772,0.0475,0.0037,0.6669,0.5302,0.2384
195,831,8,uniform,0.1404,0.0432,0.0061,0.6669,0.5302,0.2384
195,831,8,linear,0.2688,0.1241,0.0334,0.6669,0.5302,0.2384
195,831,8,load,0.1216,0.0748,0.0091,0.6669,0.5302,0.2384
195,831,8,buckl,0.15,0.1385,0.0208,0.6669,0.5302,0.2384
195,831,8,one,0.0572,0.0176,0.001,0.6669,0.5302,0.2384
195,831,8,problem,0.0917,0.1128,0.0103,0.6669,0.5302,0.2384
195,777,9,solut,0.0772,0.0407,0.0031,0.6669,0.3841,0.2354
195,777,9,non,0.1938,0.1022,0.0198,0.6669,0.3841,0.2354
195,777,9,uniform,0.1404,0.0494,0.0069,0.6669,0.3841,0.2354
195,777,9,linear,0.2688,0.0945,0.0254,0.6669,0.3841,0.2354
195,777,9,one,0.0572,0.01,0.0006,0.6669,0.3841,0.2354
195,777,9,problem,0.0917,0.0483,0.0044,0.6669,0.3841,0.2354
195,457,10,solut,0.0772,0.0494,0.0038,0.6669,0.4226,0.2313
195,457,10,non,0.1938,0.0827,0.016,0.6669,0.4226,0.2313
195,457,10,help,0.3228,0.0689,0.0222,0.6669,0.4226,0.2313
195,457,10,linear,0.2688,0.086,0.0231,0.6669,0.4226,0.2313
196,746,1,aeroelast,0.4354,0.1765,0.0768,0.8177,0.4325,0.2729
196,746,1,effect,0.1905,0.0257,0.0049,0.8177,0.4325,0.2729
196,746,1,heat,0.1521,0.0205,0.0031,0.8177,0.4325,0.2729
196,746,1,problem,0.1467,0.0793,0.0116,0.8177,0.4325,0.2729
196,184,2,aeroelast,0.4354,0.1574,0.0685,0.8177,0.4387,0.2546
196,184,2,effect,0.1905,0.0115,0.0022,0.8177,0.4387,0.2546
196,184,2,investig,0.1355,0.0163,0.0022,0.8177,0.4387,0.2546
196,184,2,flow,0.0651,0.0078,0.0005,0.8177,0.4387,0.2546
196,184,2,similar,0.2227,0.0805,0.0179,0.8177,0.4387,0.2546
196,1237,3,effect,0.1905,0.0136,0.0026,0.8177,0.4383,0.1673
196,1237,3,absenc,0.5047,0.0721,0.0364,0.8177,0.4383,0.1673
196,1237,3,repres,0.267,0.0763,0.0204,0.8177,0.4383,0.1673
196,1237,3,flow,0.0651,0.0093,0.0006,0.8177,0.4383,0.1673
196,12,4,aeroelast,0.4354,0.1193,0.0519,0.8177,0.4741,0.1497
196,12,4,heat,0.1521,0.0208,0.0032,0.8177,0.4741,0.1497
196,12,4,problem,0.1467,0.0201,0.0029,0.8177,0.4741,0.1497
196,14,5,aeroelast,0.4354,0.0586,0.0255,0.8177,0.272,0.1457
196,14,5,effect,0.1905,0.0043,0.0008,0.8177,0.272,0.1457
196,14,5,repres,0.267,0.012,0.0032,0.8177,0.272,0.1457
196,14,5,problem,0.1467,0.0197,0.0029,0.8177,0.272,0.1457
196,875,6,aeroelast,0.4354,0.1675,0.0729,0.8177,0.7694,0.1382
196,875,6,effect,0.1905,0.0366,0.007,0.8177,0.7694,0.1382
196,875,6,investig,0.1355,0.0521,0.0071,0.8177,0.7694,0.1382
196,435,7,effect,0.1905,0.0082,0.0016,0.8177,0.2809,0.1378
196,435,7,flow,0.0651,0.0112,0.0007,0.8177,0.2809,0.1378
196,435,7,heat,0.1521,0.0524,0.008,0.8177,0.2809,0.1378
196,435,7,similar,0.2227,0.096,0.0214,0.8177,0.2809,0.1378
196,540,8,investig,0.1355,0.0236,0.0032,0.8177,0.2768,0.1233
196,540,8,flow,0.0651,0.0283,0.0018,0.8177,0.2768,0.1233
196,540,8,problem,0.1467,0.0383,0.0056,0.8177,0.2768,0.1233
196,540,8,similar,0.2227,0.0775,0.0172,0.8177,0.2768,0.1233
196,499,9,absenc,0.5047,0.0531,0.0268,0.8177,0.3213,0.1193
196,499,9,problem,0.1467,0.0309,0.0045,0.8177,0.3213,0.1193
196,1281,10,effect,0.1905,0.0073,0.0014,0.8177,0.2808,0.1178
196,1281,10,absenc,0.5047,0.0388,0.0196,0.8177,0.2808,0.1178
196,1281,10,flow,0.0651,0.015,0.001,0.8177,0.2808,0.1178
196,1281,10,heat,0.1521,0.0117,0.0018,0.8177,0.2808,0.1178
196,1281,10,problem,0.1467,0.0226,0.0033,0.8177,0.2808,0.1178
197,884,1,damag,0.6309,0.3882,0.2449,1.1578,0.8087,0.4924
197,884,1,fatigu,0.5191,0.3195,0.1659,1.1578,0.8087,0.4924
197,884,1,use,0.1255,0.0257,0.0032,1.1578,0.8087,0.4924
197,884,1,estim,0.3238,0.1328,0.043,1.1578,0.8087,0.4924
197,884,1,method,0.1405,0.0288,0.004,1.1578,0.8087,0.4924
197,881,2,damag,0.6309,0.232,0.1464,1.1578,0.5125,0.3793
197,881,2,fatigu,0.5191,0.1432,0.0743,1.1578,0.5125,0.3793
197,881,2,use,0.1255,0.0346,0.0043,1.1578,0.5125,0.3793
197,726,3,damag,0.6309,0.0801,0.0505,1.1578,0.522,0.3134
197,726,3,fatigu,0.5191,0.2637,0.1369,1.1578,0.522,0.3134
197,726,3,use,0.1255,0.0159,0.002,1.1578,0.522,0.3134
197,768,4,fatigu,0.5191,0.4829,0.2507,1.1578,0.8087,0.2988
197,768,4,use,0.1255,0.0467,0.0059,1.1578,0.8087,0.2988
197,768,4,estim,0.3238,0.0602,0.0195,1.1578,0.8087,0.2988
197,768,4,method,0.1405,0.0261,0.0037,1.1578,0.8087,0.2988
197,1168,5,damag,0.6309,0.3365,0.2123,1.1578,0.7427,0.2468
197,865,6,damag,0.6309,0.0664,0.0419,1.1578,0.5858,0.2315
197,865,6,fatigu,0.5191,0.2186,0.1135,1.1578,0.5858,0.2315
197,865,6,use,0.1255,0.0132,0.0017,1.1578,0.5858,0.2315
197,723,7,damag,0.6309,0.0691,0.0436,1.1578,0.4993,0.2203
197,723,7,normal,0.2981,0.0327,0.0097,1.1578,0.4993,0.2203
197,723,7,fatigu,0.5191,0.1138,0.0591,1.1578,0.4993,0.2203
197,723,7,use,0.1255,0.0275,0.0035,1.1578,0.4993,0.2203
197,723,7,estim,0.3238,0.0355,0.0115,1.1578,0.4993,0.2203
197,909,8,fatigu,0.5191,0.2307,0.1198,1.1578,0.6685,0.215
197,909,8,estim,0.3238,0.1439,0.0466,1.1578,0.6685,0.215
197,746,9,damag,0.6309,0.0682,0.043,1.1578,0.4325,0.2149
197,746,9,hand,0.5375,0.1162,0.0625,1.1578,0.4325,0.2149
197,746,9,method,0.1405,0.0152,0.0021,1.1578,0.4325,0.2149
197,883,10,fatigu,0.5191,0.2816,0.1462,1.1578,0.6004,0.2141
197,883,10,method,0.1405,0.019,0.0027,1.1578,0.6004,0.2141
198,889,1,various,0.2157,0.0134,0.0029,0.7424,0.302,0.3544
198,889,1,buckl,0.24,0.0447,0.0107,0.7424,0.302,0.3544
198,889,1,condit,0.143,0.0355,0.0051,0.7424,0.302,0.3544
198,889,1,cylindr,0.2649,0.0823,0.0218,0.7424,0.302,0.3544
198,889,1,shell,0.2581,0.1122,0.029,0.7424,0.302,0.3544
198,889,1,edg,0.2008,0.0499,0.01,0.7424,0.302,0.3544
198,739,2,differ,0.1987,0.0238,0.0047,0.7424,0.3548,0.3482
198,739,2,buckl,0.24,0.1437,0.0345,0.7424,0.3548,0.3482
198,739,2,cylindr,0.2649,0.0476,0.0126,0.7424,0.3548,0.3482
198,739,2,shell,0.2581,0.1545,0.0399,0.7424,0.3548,0.3482
198,887,3,effect,0.0953,0.0151,0.0014,0.7424,0.4786,0.3365
198,887,3,buckl,0.24,0.1524,0.0366,0.7424,0.4786,0.3365
198,887,3,cylindr,0.2649,0.0841,0.0223,0.7424,0.4786,0.3365
198,887,3,shell,0.2581,0.2048,0.0529,0.7424,0.4786,0.3365
198,887,3,edg,0.2008,0.0319,0.0064,0.7424,0.4786,0.3365
198,897,4,effect,0.0953,0.0318,0.003,0.7424,0.4746,0.3117
198,897,4,buckl,0.24,0.16,0.0384,0.7424,0.4746,0.3117
198,897,4,cylindr,0.2649,0.1325,0.0351,0.7424,0.4746,0.3117
198,897,4,shell,0.2581,0.129,0.0333,0.7424,0.4746,0.3117
198,1068,5,differ,0.1987,0.0245,0.0049,0.7424,0.3988,0.3105
198,1068,5,various,0.2157,0.0266,0.0057,0.7424,0.3988,0.3105
198,1068,5,buckl,0.24,0.0593,0.0142,0.7424,0.3988,0.3105
198,1068,5,cylindr,0.2649,0.0981,0.026,0.7424,0.3988,0.3105
198,1068,5,shell,0.2581,0.1593,0.0411,0.7424,0.3988,0.3105
198,886,6,buckl,0.24,0.1171,0.0281,0.7424,0.6479,0.3037
198,886,6,cylindr,0.2649,0.0646,0.0171,0.7424,0.6479,0.3037
198,886,6,shell,0.2581,0.3147,0.0812,0.7424,0.6479,0.3037
198,886,6,edg,0.2008,0.0979,0.0197,0.7424,0.6479,0.3037
198,740,7,differ,0.1987,0.0153,0.003,0.7424,0.3587,0.298
198,740,7,buckl,0.24,0.0923,0.0222,0.7424,0.3587,0.298
198,740,7,condit,0.143,0.011,0.0016,0.7424,0.3587,0.298
198,740,7,cylindr,0.2649,0.1019,0.027,0.7424,0.3587,0.298
198,740,7,shell,0.2581,0.0993,0.0256,0.7424,0.3587,0.298
198,743,8,differ,0.1987,0.0265,0.0053,0.7424,0.4859,0.2916
198,743,8,buckl,0.24,0.064,0.0154,0.7424,0.4859,0.2916
198,743,8,condit,0.143,0.0191,0.0027,0.7424,0.4859,0.2916
198,743,8,cylindr,0.2649,0.1413,0.0374,0.7424,0.4859,0.2916
198,743,8,shell,0.2581,0.1721,0.0444,0.7424,0.4859,0.2916
198,890,9,buckl,0.24,0.0658,0.0158,0.7424,0.5463,0.2799
198,890,9,cylindr,0.2649,0.0726,0.0192,0.7424,0.5463,0.2799
198,890,9,shell,0.2581,0.2828,0.073,0.7424,0.5463,0.2799
198,890,9,edg,0.2008,0.0275,0.0055,0.7424,0.5463,0.2799
198,741,10,buckl,0.24,0.1846,0.0443,0.7424,0.4923,0.2652
198,741,10,cylindr,0.2649,0.1019,0.027,0.7424,0.4923,0.2652
198,741,10,shell,0.2581,0.0993,0.0256,0.7424,0.4923,0.2652
199,930,1,deflect,0.3087,0.1142,0.0352,0.8892,0.4485,0.3903
199,930,1,larg,0.2103,0.0518,0.0109,0.8892,0.4485,0.3903
199,930,1,conic,0.3394,0.0837,0.0284,0.8892,0.4485,0.3903
199,930,1,shell,0.2868,0.2828,0.0811,0.8892,0.4485,0.3903
199,1070,2,conic,0.3394,0.2735,0.0928,0.8892,0.6255,0.3472
199,1070,2,shell,0.2868,0.2696,0.0773,0.8892,0.6255,0.3472
199,1070,2,analys,0.4131,0.0555,0.0229,0.8892,0.6255,0.3472
199,739,3,non,0.3446,0.0557,0.0192,0.8892,0.3548,0.2707
199,739,3,deflect,0.3087,0.0333,0.0103,0.8892,0.3548,0.2707
199,739,3,larg,0.2103,0.0113,0.0024,0.8892,0.3548,0.2707
199,739,3,linear,0.2389,0.0386,0.0092,0.8892,0.3548,0.2707
199,739,3,shell,0.2868,0.1545,0.0443,0.8892,0.3548,0.2707
199,1058,4,deflect,0.3087,0.109,0.0336,0.8892,0.5581,0.2609
199,1058,4,conic,0.3394,0.2396,0.0813,0.8892,0.5581,0.2609
199,1058,4,shell,0.2868,0.0506,0.0145,0.8892,0.5581,0.2609
199,1055,5,non,0.3446,0.1292,0.0445,0.8892,0.3886,0.2253
199,1055,5,deflect,0.3087,0.0386,0.0119,0.8892,0.3886,0.2253
199,1055,5,linear,0.2389,0.0896,0.0214,0.8892,0.3886,0.2253
199,1294,6,non,0.3446,0.0869,0.03,0.8892,0.3733,0.217
199,1294,6,linear,0.2389,0.0603,0.0144,0.8892,0.3733,0.217
199,1294,6,shell,0.2868,0.0965,0.0277,0.8892,0.3733,0.217
199,1044,7,deflect,0.3087,0.0731,0.0226,0.8892,0.4705,0.2169
199,1044,7,shell,0.2868,0.2377,0.0682,0.8892,0.4705,0.2169
199,1059,8,larg,0.2103,0.0155,0.0033,0.8892,0.4153,0.2126
199,1059,8,conic,0.3394,0.1502,0.051,0.8892,0.4153,0.2126
199,1059,8,shell,0.2868,0.0846,0.0243,0.8892,0.4153,0.2126
199,898,9,conic,0.3394,0.1971,0.0669,0.8892,0.6167,0.209
199,898,9,shell,0.2868,0.1665,0.0477,0.8892,0.6167,0.209
199,931,10,deflect,0.3087,0.0631,0.0195,0.8892,0.6104,0.1938
199,931,10,linear,0.2389,0.0489,0.0117,0.8892,0.6104,0.1938
199,931,10,conic,0.3394,0.0694,0.0236,0.8892,0.6104,0.1938
199,931,10,shell,0.2868,0.176,0.0505,0.8892,0.6104,0.1938
200,1071,1,asymptot,0.2505,0.0575,0.0144,0.9993,0.4857,0.3527
200,1071,1,stress,0.1577,0.0724,0.0114,0.9993,0.4857,0.3527
200,1071,1,numer,0.139,0.0319,0.0044,0.9993,0.4857,0.3527
200,1071,1,buckl,0.1714,0.0787,0.0135,0.9993,0.4857,0.3527
200,1071,1,torispher,0.439,0.2015,0.0885,0.9993,0.4857,0.3527
200,1071,1,shell,0.1843,0.2115,0.039,0.9993,0.4857,0.3527
200,1134,2,determin,0.1103,0.0101,0.0011,0.9993,0.5402,0.2127
200,1134,2,stress,0.1577,0.0577,0.0091,0.9993,0.5402,0.2127
200,1134,2,torispher,0.439,0.2008,0.0882,0.9993,0.5402,0.2127
200,1134,2,shell,0.1843,0.0675,0.0124,0.9993,0.5402,0.2127
200,1134,2,accur,0.2091,0.0191,0.004,0.9993,0.5402,0.2127
200,885,3,determin,0.1103,0.0315,0.0035,0.9993,0.5761,0.1721
200,885,3,stress,0.1577,0.2703,0.0426,0.9993,0.5761,0.1721
200,885,3,buckl,0.1714,0.1959,0.0336,0.9993,0.5761,0.1721
200,885,3,shell,0.1843,0.1053,0.0194,0.9993,0.5761,0.1721
200,940,4,asymptot,0.2505,0.0638,0.016,0.9993,0.4216,0.1702
200,940,4,pre,0.4679,0.1191,0.0557,0.9993,0.4216,0.1702
200,887,5,stress,0.1577,0.1051,0.0166,0.9993,0.4786,0.1682
200,887,5,buckl,0.1714,0.1524,0.0261,0.9993,0.4786,0.1682
200,887,5,shell,0.1843,0.2048,0.0378,0.9993,0.4786,0.1682
200,890,6,stress,0.1577,0.1209,0.0191,0.9993,0.5463,0.1511
200,890,6,buckl,0.1714,0.0658,0.0113,0.9993,0.5463,0.1511
200,890,6,shell,0.1843,0.2828,0.0521,0.9993,0.5463,0.1511
200,739,7,buckl,0.1714,0.1437,0.0246,0.9993,0.3548,0.1499
200,739,7,shell,0.1843,0.1545,0.0285,0.9993,0.3548,0.1499
200,889,8,determin,0.1103,0.0192,0.0021,0.9993,0.302,0.1479
200,889,8,stress,0.1577,0.0685,0.0108,0.9993,0.302,0.1479
200,889,8,buckl,0.1714,0.0447,0.0077,0.9993,0.302,0.1479
200,889,8,shell,0.1843,0.1122,0.0207,0.9993,0.302,0.1479
200,889,8,method,0.1606,0.0209,0.0034,0.9993,0.302,0.1479
200,1053,9,asymptot,0.2505,0.0365,0.0091,0.9993,0.4129,0.1449
200,1053,9,determin,0.1103,0.0161,0.0018,0.9993,0.4129,0.1449
200,1053,9,stress,0.1577,0.023,0.0036,0.9993,0.4129,0.1449
200,1053,9,numer,0.139,0.0405,0.0056,0.9993,0.4129,0.1449
200,1053,9,buckl,0.1714,0.125,0.0214,0.9993,0.4129,0.1449
200,1053,9,shell,0.1843,0.0538,0.0099,0.9993,0.4129,0.1449
200,1053,9,accur,0.2091,0.0305,0.0064,0.9993,0.4129,0.1449
200,1053,9,method,0.1606,0.0117,0.0019,0.9993,0.4129,0.1449
200,897,10,determin,0.1103,0.0257,0.0028,0.9993,0.4746,0.1384
200,897,10,stress,0.1577,0.0736,0.0116,0.9993,0.4746,0.1384
200,897,10,buckl,0.1714,0.16,0.0274,0.9993,0.4746,0.1384
200,897,10,shell,0.1843,0.129,0.0238,0.9993,0.4746,0.1384
201,625,1,shock,0.1764,0.0092,0.0016,1.1435,0.2811,0.2451
201,625,1,chemic,0.3581,0.0186,0.0067,1.1435,0.2811,0.2451
201,625,1,blunt,0.2303,0.024,0.0055,1.1435,0.2811,0.2451
201,625,1,entri,0.3555,0.0185,0.0066,1.1435,0.2811,0.2451
201,625,1,viscous,0.244,0.0381,0.0093,1.1435,0.2811,0.2451
201,625,1,constitu,0.6551,0.0341,0.0224,1.1435,0.2811,0.2451
201,625,1,vehicl,0.307,0.016,0.0049,1.1435,0.2811,0.2451
201,625,1,nonequilibrium,0.4411,0.0459,0.0203,1.1435,0.2811,0.2451
201,625,1,layer,0.1218,0.0127,0.0015,1.1435,0.2811,0.2451
201,1295,2,chemic,0.3581,0.0407,0.0146,1.1435,0.4344,0.2074
201,1295,2,nonequilibrium,0.4411,0.2005,0.0884,1.1435,0.4344,0.2074
201,541,3,shock,0.1764,0.014,0.0025,1.1435,0.3972,0.2058
201,541,3,blunt,0.2303,0.0548,0.0126,1.1435,0.3972,0.2058
201,541,3,nonequilibrium,0.4411,0.175,0.0772,1.1435,0.3972,0.2058
201,541,3,layer,0.1218,0.0097,0.0012,1.1435,0.3972,0.2058
201,1348,4,entri,0.3555,0.2177,0.0774,1.1435,0.5314,0.1907
201,1348,4,vehicl,0.307,0.1253,0.0385,1.1435,0.5314,0.1907
201,24,5,chemic,0.3581,0.0244,0.0087,1.1435,0.3523,0.1756
201,24,5,nonequilibrium,0.4411,0.12,0.0529,1.1435,0.3523,0.1756
201,24,5,layer,0.1218,0.0746,0.0091,1.1435,0.3523,0.1756
201,410,6,shock,0.1764,0.0622,0.011,1.1435,0.3651,0.1729
201,410,6,chemic,0.3581,0.1264,0.0453,1.1435,0.3651,0.1729
201,410,6,blunt,0.2303,0.0542,0.0125,1.1435,0.3651,0.1729
201,410,6,layer,0.1218,0.0287,0.0035,1.1435,0.3651,0.1729
201,1245,7,shock,0.1764,0.0371,0.0065,1.1435,0.3596,0.1692
201,1245,7,nonequilibrium,0.4411,0.1393,0.0614,1.1435,0.3596,0.1692
201,1245,7,layer,0.1218,0.0128,0.0016,1.1435,0.3596,0.1692
201,401,8,shock,0.1764,0.0443,0.0078,1.1435,0.3373,0.1552
201,401,8,chemic,0.3581,0.036,0.0129,1.1435,0.3373,0.1552
201,401,8,blunt,0.2303,0.0231,0.0053,1.1435,0.3373,0.1552
201,401,8,viscous,0.244,0.0123,0.003,1.1435,0.3373,0.1552
201,401,8,nonequilibrium,0.4411,0.0665,0.0293,1.1435,0.3373,0.1552
201,401,8,layer,0.1218,0.0122,0.0015,1.1435,0.3373,0.1552
201,164,9,entri,0.3555,0.0977,0.0347,1.1435,0.3418,0.1551
201,164,9,vehicl,0.307,0.0843,0.0259,1.1435,0.3418,0.1551
201,982,10,entri,0.3555,0.1563,0.0556,1.1435,0.4324,0.1543
201,982,10,vehicl,0.307,0.0675,0.0207,1.1435,0.4324,0.1543
202,1285,1,incid,0.2879,0.1583,0.0456,0.6746,0.4504,0.3785
202,1285,1,analyt,0.2346,0.0645,0.0151,0.6746,0.4504,0.3785
202,1285,1,pressur,0.0846,0.0465,0.0039,0.6746,0.4504,0.3785
202,1285,1,speed,0.1425,0.0392,0.0056,0.6746,0.4504,0.3785
202,1285,1,theori,0.102,0.028,0.0029,0.6746,0.4504,0.3785
202,1285,1,cone,0.2241,0.1233,0.0276,0.6746,0.4504,0.3785
202,1285,1,distribut,0.1232,0.0339,0.0042,0.6746,0.4504,0.3785
202,1285,1,hyperson,0.1917,0.0527,0.0101,0.6746,0.4504,0.3785
202,232,2,pressur,0.0846,0.0302,0.0026,0.6746,0.3067,0.243
202,232,2,accur,0.2661,0.057,0.0152,0.6746,0.3067,0.243
202,232,2,theori,0.102,0.0801,0.0082,0.6746,0.3067,0.243
202,232,2,cone,0.2241,0.064,0.0143,0.6746,0.3067,0.243
202,232,2,distribut,0.1232,0.0176,0.0022,0.6746,0.3067,0.243
202,232,2,hyperson,0.1917,0.0411,0.0079,0.6746,0.3067,0.243
202,1310,3,exist,0.2256,0.015,0.0034,0.6746,0.2796,0.2424
202,1310,3,pressur,0.0846,0.0224,0.0019,0.6746,0.2796,0.2424
202,1310,3,speed,0.1425,0.0189,0.0027,0.6746,0.2796,0.2424
202,1310,3,estim,0.2355,0.0312,0.0073,0.6746,0.2796,0.2424
202,1310,3,accur,0.2661,0.0176,0.0047,0.6746,0.2796,0.2424
202,1310,3,theori,0.102,0.0338,0.0034,0.6746,0.2796,0.2424
202,1310,3,cone,0.2241,0.0297,0.0067,0.6746,0.2796,0.2424
202,1310,3,distribut,0.1232,0.0082,0.001,0.6746,0.2796,0.2424
202,1310,3,hyperson,0.1917,0.0762,0.0146,0.6746,0.2796,0.2424
202,605,4,incid,0.2879,0.0979,0.0282,0.6746,0.4184,0.2424
202,605,4,pressur,0.0846,0.0576,0.0049,0.6746,0.4184,0.2424
202,605,4,theori,0.102,0.0116,0.0012,0.6746,0.4184,0.2424
202,605,4,cone,0.2241,0.1525,0.0342,0.6746,0.4184,0.2424
202,1378,5,pressur,0.0846,0.0295,0.0025,0.6746,0.3827,0.2158
202,1378,5,cone,0.2241,0.1565,0.0351,0.6746,0.3827,0.2158
202,1378,5,distribut,0.1232,0.043,0.0053,0.6746,0.3827,0.2158
202,1378,5,hyperson,0.1917,0.0669,0.0128,0.6746,0.3827,0.2158
202,186,6,exist,0.2256,0.0236,0.0053,0.6746,0.3183,0.2141
202,186,6,analyt,0.2346,0.0492,0.0115,0.6746,0.3183,0.2141
202,186,6,pressur,0.0846,0.0443,0.0037,0.6746,0.3183,0.2141
202,186,6,accur,0.2661,0.0557,0.0148,0.6746,0.3183,0.2141
202,186,6,cone,0.2241,0.047,0.0105,0.6746,0.3183,0.2141
202,122,7,incid,0.2879,0.0238,0.0069,0.6746,0.3288,0.2116
202,122,7,exist,0.2256,0.0187,0.0042,0.6746,0.3288,0.2116
202,122,7,pressur,0.0846,0.014,0.0012,0.6746,0.3288,0.2116
202,122,7,theori,0.102,0.0253,0.0026,0.6746,0.3288,0.2116
202,122,7,cone,0.2241,0.1297,0.0291,0.6746,0.3288,0.2116
202,122,7,hyperson,0.1917,0.0159,0.003,0.6746,0.3288,0.2116
202,1303,8,pressur,0.0846,0.0252,0.0021,0.6746,0.3584,0.209
202,1303,8,speed,0.1425,0.0424,0.006,0.6746,0.3584,0.209
202,1303,8,theori,0.102,0.0101,0.001,0.6746,0.3584,0.209
202,1303,8,cone,0.2241,0.1777,0.0398,0.6746,0.3584,0.209
202,1303,8,distribut,0.1232,0.0122,0.0015,0.6746,0.3584,0.209
202,1311,9,pressur,0.0846,0.062,0.0052,0.6746,0.3495,0.202
202,1311,9,estim,0.2355,0.0576,0.0136,0.6746,0.3495,0.202
202,1311,9,accur,0.2661,0.065,0.0173,0.6746,0.3495,0.202
202,1311,9,theori,0.102,0.0249,0.0025,0.6746,0.3495,0.202
202,1311,9,hyperson,0.1917,0.0469,0.009,0.6746,0.3495,0.202
202,19,10,pressur,0.0846,0.0227,0.0019,0.6746,0.4029,0.2005
202,19,10,speed,0.1425,0.0382,0.0054,0.6746,0.4029,0.2005
202,19,10,cone,0.2241,0.0601,0.0135,0.6746,0.4029,0.2005
202,19,10,distribut,0.1232,0.0331,0.0041,0.6746,0.4029,0.2005
202,19,10,hyperson,0.1917,0.1543,0.0296,0.6746,0.4029,0.2005
203,38,1,empir,0.4763,0.2381,0.1134,0.7541,0.4764,0.3612
203,38,1,pressur,0.1163,0.0582,0.0068,0.7541,0.4764,0.3612
203,38,1,distribut,0.1694,0.0565,0.0096,0.7541,0.4764,0.3612
203,1285,2,empir,0.4763,0.0953,0.0454,0.7541,0.4504,0.2782
203,1285,2,pressur,0.1163,0.0465,0.0054,0.7541,0.4504,0.2782
203,1285,2,distribut,0.1694,0.0339,0.0057,0.7541,0.4504,0.2782
203,1285,2,cone,0.3081,0.1233,0.038,0.7541,0.4504,0.2782
203,362,3,empir,0.4763,0.1814,0.0864,0.7541,0.4913,0.248
203,362,3,distribut,0.1694,0.0323,0.0055,0.7541,0.4913,0.248
203,48,4,use,0.1255,0.0152,0.0019,0.7541,0.4235,0.2406
203,48,4,method,0.1405,0.017,0.0024,0.7541,0.4235,0.2406
203,48,4,distribut,0.1694,0.0205,0.0035,0.7541,0.4235,0.2406
203,48,4,cone,0.3081,0.2241,0.0691,0.7541,0.4235,0.2406
203,58,5,empir,0.4763,0.0343,0.0163,0.7541,0.3415,0.2382
203,58,5,pressur,0.1163,0.0503,0.0059,0.7541,0.3415,0.2382
203,58,5,method,0.1405,0.0203,0.0028,0.7541,0.3415,0.2382
203,58,5,distribut,0.1694,0.0122,0.0021,0.7541,0.3415,0.2382
203,58,5,cone,0.3081,0.111,0.0342,0.7541,0.3415,0.2382
203,225,6,use,0.1255,0.0084,0.0011,0.7541,0.3163,0.228
203,225,6,simpl,0.2537,0.0085,0.0022,0.7541,0.3163,0.228
203,225,6,pressur,0.1163,0.0117,0.0014,0.7541,0.3163,0.228
203,225,6,distribut,0.1694,0.0114,0.0019,0.7541,0.3163,0.228
203,225,6,cone,0.3081,0.1554,0.0479,0.7541,0.3163,0.228
203,122,7,simpl,0.2537,0.0153,0.0039,0.7541,0.3288,0.2217
203,122,7,pressur,0.1163,0.014,0.0016,0.7541,0.3288,0.2217
203,122,7,method,0.1405,0.0676,0.0095,0.7541,0.3288,0.2217
203,122,7,cone,0.3081,0.1297,0.04,0.7541,0.3288,0.2217
203,1303,8,pressur,0.1163,0.0252,0.0029,0.7541,0.3584,0.2211
203,1303,8,distribut,0.1694,0.0122,0.0021,0.7541,0.3584,0.2211
203,1303,8,cone,0.3081,0.1777,0.0547,0.7541,0.3584,0.2211
203,1308,9,use,0.1255,0.0228,0.0029,0.7541,0.5841,0.2177
203,1308,9,empir,0.4763,0.0866,0.0412,0.7541,0.5841,0.2177
203,1308,9,cone,0.3081,0.1681,0.0518,0.7541,0.5841,0.2177
203,1378,10,pressur,0.1163,0.0295,0.0034,0.7541,0.3827,0.2043
203,1378,10,distribut,0.1694,0.043,0.0073,0.7541,0.3827,0.2043
203,1378,10,cone,0.3081,0.1565,0.0482,0.7541,0.3827,0.2043
204,147,1,effect,0.1588,0.0094,0.0015,1.0862,0.3553,0.18
204,147,1,serious,0.8236,0.0489,0.0403,1.0862,0.3553,0.18
204,147,1,viscous,0.4067,0.0242,0.0098,1.0862,0.3553,0.18
204,147,1,pressur,0.1551,0.0369,0.0057,1.0862,0.3553,0.18
204,147,1,distribut,0.2259,0.0537,0.0121,1.0862,0.3553,0.18
204,1311,2,effect,0.1588,0.0423,0.0067,1.0862,0.3495,0.1592
204,1311,2,viscous,0.4067,0.1085,0.0441,1.0862,0.3495,0.1592
204,1311,2,pressur,0.1551,0.062,0.0096,1.0862,0.3495,0.1592
204,310,3,viscous,0.4067,0.1232,0.0501,1.0862,0.3458,0.1572
204,310,3,pressur,0.1551,0.0376,0.0058,1.0862,0.3458,0.1572
204,310,3,distribut,0.2259,0.0137,0.0031,1.0862,0.3458,0.1572
204,305,4,viscous,0.4067,0.1312,0.0534,1.0862,0.3329,0.1561
204,305,4,pressur,0.1551,0.02,0.0031,1.0862,0.3329,0.1561
204,1253,5,viscous,0.4067,0.1241,0.0505,1.0862,0.3849,0.1331
204,1253,5,distribut,0.2259,0.023,0.0052,1.0862,0.3849,0.1331
204,63,6,viscous,0.4067,0.0996,0.0405,1.0862,0.3228,0.1281
204,63,6,pressur,0.1551,0.0285,0.0044,1.0862,0.3228,0.1281
204,1080,7,modifi,0.4856,0.0428,0.0208,1.0862,0.3779,0.1243
204,1080,7,viscous,0.4067,0.0359,0.0146,1.0862,0.3779,0.1243
204,1080,7,pressur,0.1551,0.0137,0.0021,1.0862,0.3779,0.1243
204,1080,7,distribut,0.2259,0.0598,0.0135,1.0862,0.3779,0.1243
204,1261,8,serious,0.8236,0.0309,0.0254,1.0862,0.2887,0.1235
204,1261,8,pressur,0.1551,0.0116,0.0018,1.0862,0.2887,0.1235
204,1261,8,distribut,0.2259,0.0508,0.0115,1.0862,0.2887,0.1235
204,443,9,effect,0.1588,0.0213,0.0034,1.0862,0.3374,0.1232
204,443,9,modifi,0.4856,0.0652,0.0317,1.0862,0.3374,0.1232
204,443,9,pressur,0.1551,0.0208,0.0032,1.0862,0.3374,0.1232
204,443,9,distribut,0.2259,0.0303,0.0069,1.0862,0.3374,0.1232
204,540,10,viscous,0.4067,0.0849,0.0345,1.0862,0.2768,0.119
204,540,10,pressur,0.1551,0.0081,0.0013,1.0862,0.2768,0.119
205,1287,1,stabil,0.2457,0.0464,0.0114,0.7676,0.5198,0.3331
205,1287,1,laminar,0.1789,0.0675,0.0121,0.7676,0.5198,0.3331
205,1287,1,surfac,0.1445,0.0818,0.0118,0.7676,0.5198,0.3331
205,1287,1,flexibl,0.4153,0.2351,0.0976,0.7676,0.5198,0.3331
205,1321,2,theoret,0.1785,0.0114,0.002,0.7676,0.496,0.2844
205,1321,2,stabil,0.2457,0.0626,0.0154,0.7676,0.496,0.2844
205,1321,2,laminar,0.1789,0.0228,0.0041,0.7676,0.496,0.2844
205,1321,2,boundari,0.1091,0.0417,0.0046,0.7676,0.496,0.2844
205,1321,2,surfac,0.1445,0.0368,0.0053,0.7676,0.496,0.2844
205,1321,2,flexibl,0.4153,0.1852,0.0769,0.7676,0.496,0.2844
205,1197,3,flexibl,0.4153,0.1826,0.0758,0.7676,0.4263,0.2317
205,55,4,theoret,0.1785,0.022,0.0039,0.7676,0.3178,0.2131
205,55,4,stabil,0.2457,0.091,0.0224,0.7676,0.3178,0.2131
205,55,4,laminar,0.1789,0.0883,0.0158,0.7676,0.3178,0.2131
205,55,4,boundari,0.1091,0.0404,0.0044,0.7676,0.3178,0.2131
205,55,4,layer,0.1218,0.0451,0.0055,0.7676,0.3178,0.2131
205,78,5,theoret,0.1785,0.03,0.0054,0.7676,0.3993,0.2064
205,78,5,investig,0.1355,0.0114,0.0015,0.7676,0.3993,0.2064
205,78,5,stabil,0.2457,0.1032,0.0254,0.7676,0.3993,0.2064
205,78,5,boundari,0.1091,0.0183,0.002,0.7676,0.3993,0.2064
205,78,5,flexibl,0.4153,0.0698,0.029,0.7676,0.3993,0.2064
205,1323,6,investig,0.1355,0.0452,0.0061,0.7676,0.5609,0.1676
205,1323,6,whether,0.4759,0.0793,0.0378,0.7676,0.5609,0.1676
205,1323,6,laminar,0.1789,0.1193,0.0213,0.7676,0.5609,0.1676
205,1323,6,boundari,0.1091,0.0182,0.002,0.7676,0.5609,0.1676
205,1323,6,layer,0.1218,0.0406,0.0049,0.7676,0.5609,0.1676
205,1322,7,stabil,0.2457,0.0558,0.0137,0.7676,0.3561,0.1558
205,1322,7,boundari,0.1091,0.0413,0.0045,0.7676,0.3561,0.1558
205,1322,7,surfac,0.1445,0.0547,0.0079,0.7676,0.3561,0.1558
205,1322,7,flexibl,0.4153,0.0315,0.0131,0.7676,0.3561,0.1558
205,1322,7,layer,0.1218,0.0277,0.0034,0.7676,0.3561,0.1558
205,236,8,whether,0.4759,0.1013,0.0482,0.7676,0.4427,0.1418
205,337,9,stabil,0.2457,0.0455,0.0112,0.7676,0.4318,0.1377
205,337,9,laminar,0.1789,0.0663,0.0119,0.7676,0.4318,0.1377
205,337,9,boundari,0.1091,0.0606,0.0066,0.7676,0.4318,0.1377
205,337,9,surfac,0.1445,0.0535,0.0077,0.7676,0.4318,0.1377
205,337,9,layer,0.1218,0.0677,0.0082,0.7676,0.4318,0.1377
205,959,10,theoret,0.1785,0.0139,0.0025,0.7676,0.2844,0.1374
205,959,10,investig,0.1355,0.0212,0.0029,0.7676,0.2844,0.1374
205,959,10,laminar,0.1789,0.0559,0.01,0.7676,0.2844,0.1374
205,959,10,boundari,0.1091,0.0597,0.0065,0.7676,0.2844,0.1374
205,959,10,layer,0.1218,0.0666,0.0081,0.7676,0.2844,0.1374
206,1290,1,data,0.2486,0.0706,0.0176,0.7872,0.4408,0.4605
206,1290,1,obtain,0.0736,0.0167,0.0012,0.7872,0.4408,0.4605
206,1290,1,flutter,0.2146,0.1951,0.0419,0.7872,0.4408,0.4605
206,1290,1,compar,0.1157,0.0131,0.0015,0.7872,0.4408,0.4605
206,1290,1,transon,0.4135,0.1175,0.0486,0.7872,0.4408,0.4605
206,1290,1,subson,0.1678,0.0381,0.0064,0.7872,0.4408,0.4605
206,1290,1,dynam,0.1917,0.0436,0.0083,0.7872,0.4408,0.4605
206,1290,1,tunnel,0.1368,0.0311,0.0043,0.7872,0.4408,0.4605
206,1290,1,measur,0.1143,0.026,0.003,0.7872,0.4408,0.4605
206,1290,1,facil,0.307,0.0349,0.0107,0.7872,0.4408,0.4605
206,1290,1,langley,0.2684,0.061,0.0164,0.7872,0.4408,0.4605
206,879,2,flutter,0.2146,0.2575,0.0553,0.7872,0.6774,0.4021
206,879,2,transon,0.4135,0.2481,0.1026,0.7872,0.6774,0.4021
206,879,2,facil,0.307,0.1842,0.0566,0.7872,0.6774,0.4021
206,503,3,compar,0.1157,0.0284,0.0033,0.7872,0.4079,0.2721
206,503,3,transon,0.4135,0.2034,0.0841,0.7872,0.4079,0.2721
206,878,4,flutter,0.2146,0.4109,0.0882,0.7872,0.5824,0.258
206,878,4,facil,0.307,0.098,0.0301,0.7872,0.5824,0.258
206,468,5,new,0.1925,0.0458,0.0088,0.7872,0.4712,0.2433
206,468,5,transon,0.4135,0.1969,0.0814,0.7872,0.4712,0.2433
206,526,6,obtain,0.0736,0.0156,0.0011,0.7872,0.4441,0.2366
206,526,6,transon,0.4135,0.1747,0.0722,0.7872,0.4441,0.2366
206,526,6,similar,0.1485,0.0627,0.0093,0.7872,0.4441,0.2366
206,876,7,flutter,0.2146,0.14,0.03,0.7872,0.4113,0.2354
206,876,7,transon,0.4135,0.0674,0.0279,0.7872,0.4113,0.2354
206,876,7,tunnel,0.1368,0.1338,0.0183,0.7872,0.4113,0.2354
206,1338,8,data,0.2486,0.0133,0.0033,0.7872,0.4158,0.2293
206,1338,8,flutter,0.2146,0.1609,0.0345,0.7872,0.4158,0.2293
206,1338,8,transon,0.4135,0.0665,0.0275,0.7872,0.4158,0.2293
206,1338,8,tunnel,0.1368,0.0147,0.002,0.7872,0.4158,0.2293
206,1338,8,langley,0.2684,0.0288,0.0077,0.7872,0.4158,0.2293
206,801,9,compar,0.1157,0.014,0.0016,0.7872,0.3545,0.2281
206,801,9,transon,0.4135,0.1501,0.062,0.7872,0.3545,0.2281
206,469,10,obtain,0.0736,0.0201,0.0015,0.7872,0.4268,0.2234
206,469,10,compar,0.1157,0.0315,0.0036,0.7872,0.4268,0.2234
206,469,10,transon,0.4135,0.1692,0.0699,0.7872,0.4268,0.2234
207,1341,1,flutter,0.3219,0.1669,0.0537,0.8551,0.369,0.2894
207,1341,1,wing,0.1824,0.1081,0.0197,0.8551,0.369,0.2894
207,1341,1,ratio,0.1554,0.1151,0.0179,0.8551,0.369,0.2894
207,878,2,flutter,0.3219,0.4109,0.1323,0.8551,0.5824,0.2656
207,593,3,larg,0.1892,0.0165,0.0031,0.8551,0.3408,0.2592
207,593,3,flutter,0.3219,0.1959,0.0631,0.8551,0.3408,0.2592
207,593,3,new,0.2888,0.0251,0.0073,0.8551,0.3408,0.2592
207,593,3,ratio,0.1554,0.0135,0.0021,0.8551,0.3408,0.2592
207,1111,4,flutter,0.3219,0.3902,0.1256,0.8551,0.6288,0.2523
207,1111,4,wing,0.1824,0.0553,0.0101,0.8551,0.6288,0.2523
207,202,5,flutter,0.3219,0.2378,0.0765,0.8551,0.3875,0.2424
207,202,5,wing,0.1824,0.0207,0.0038,0.8551,0.3875,0.2424
207,1290,6,flutter,0.3219,0.1951,0.0628,0.8551,0.4408,0.2418
207,1290,6,mass,0.2982,0.0452,0.0135,0.8551,0.4408,0.2418
207,1290,6,wing,0.1824,0.0414,0.0076,0.8551,0.4408,0.2418
207,1290,6,ratio,0.1554,0.0471,0.0073,0.8551,0.4408,0.2418
207,747,7,flutter,0.3219,0.2267,0.073,0.8551,0.4977,0.2309
207,747,7,mass,0.2982,0.042,0.0125,0.8551,0.4977,0.2309
207,747,7,wing,0.1824,0.0514,0.0094,0.8551,0.4977,0.2309
207,747,7,ratio,0.1554,0.0219,0.0034,0.8551,0.4977,0.2309
207,391,8,flutter,0.3219,0.2445,0.0787,0.8551,0.4448,0.2189
207,391,8,boundari,0.1091,0.0138,0.0015,0.8551,0.4448,0.2189
207,391,8,ratio,0.1554,0.0197,0.0031,0.8551,0.4448,0.2189
207,1338,9,affect,0.3438,0.0246,0.0084,0.8551,0.4158,0.2138
207,1338,9,flutter,0.3219,0.1609,0.0518,0.8551,0.4158,0.2138
207,1338,9,wing,0.1824,0.0391,0.0071,0.8551,0.4158,0.2138
207,1338,9,ratio,0.1554,0.0555,0.0086,0.8551,0.4158,0.2138
207,753,10,flutter,0.3219,0.2118,0.0682,0.8551,0.4485,0.2073
207,753,10,quantit,0.4153,0.0273,0.0113,0.8551,0.4485,0.2073
208,1291,1,deceler,0.2721,0.1793,0.0488,0.7909,0.5044,0.6308
208,1291,1,reduct,0.2023,0.0571,0.0116,0.7909,0.5044,0.6308
208,1291,1,obtain,0.069,0.013,0.0009,0.7909,0.5044,0.6308
208,1291,1,polar,0.2975,0.168,0.05,0.7909,0.5044,0.6308
208,1291,1,entri,0.2222,0.0837,0.0186,0.7909,0.5044,0.6308
208,1291,1,spacecraft,0.3841,0.1085,0.0417,0.7909,0.5044,0.6308
208,1291,1,drag,0.1448,0.1908,0.0276,0.7909,0.5044,0.6308
208,1291,1,aerodynam,0.1286,0.0242,0.0031,0.7909,0.5044,0.6308
208,1291,1,shape,0.1238,0.0233,0.0029,0.7909,0.5044,0.6308
208,1291,1,lift,0.136,0.1024,0.0139,0.7909,0.5044,0.6308
208,1291,1,maximum,0.1562,0.1617,0.0253,0.7909,0.5044,0.6308
208,1291,1,coeffici,0.1145,0.0647,0.0074,0.7909,0.5044,0.6308
208,1344,2,deceler,0.2721,0.2292,0.0624,0.7909,0.4888,0.4124
208,1344,2,reduct,0.2023,0.0487,0.0098,0.7909,0.4888,0.4124
208,1344,2,polar,0.2975,0.0358,0.0106,0.7909,0.4888,0.4124
208,1344,2,entri,0.2222,0.0802,0.0178,0.7909,0.4888,0.4124
208,1344,2,drag,0.1448,0.1045,0.0151,0.7909,0.4888,0.4124
208,1344,2,lift,0.136,0.0818,0.0111,0.7909,0.4888,0.4124
208,1344,2,maximum,0.1562,0.1879,0.0294,0.7909,0.4888,0.4124
208,1344,2,coeffici,0.1145,0.0276,0.0032,0.7909,0.4888,0.4124
208,1345,3,deceler,0.2721,0.1281,0.0348,0.7909,0.5748,0.2208
208,1345,3,entri,0.2222,0.1569,0.0349,0.7909,0.5748,0.2208
208,1345,3,drag,0.1448,0.0681,0.0099,0.7909,0.5748,0.2208
208,1345,3,aerodynam,0.1286,0.0605,0.0078,0.7909,0.5748,0.2208
208,1345,3,lift,0.136,0.096,0.013,0.7909,0.5748,0.2208
208,163,4,deceler,0.2721,0.0544,0.0148,0.7909,0.4206,0.2203
208,163,4,effect,0.0595,0.004,0.0002,0.7909,0.4206,0.2203
208,163,4,reduct,0.2023,0.0135,0.0027,0.7909,0.4206,0.2203
208,163,4,entri,0.2222,0.1037,0.023,0.7909,0.4206,0.2203
208,163,4,spacecraft,0.3841,0.0256,0.0098,0.7909,0.4206,0.2203
208,163,4,drag,0.1448,0.0193,0.0028,0.7909,0.4206,0.2203
208,163,4,aerodynam,0.1286,0.0343,0.0044,0.7909,0.4206,0.2203
208,163,4,shape,0.1238,0.0083,0.001,0.7909,0.4206,0.2203
208,163,4,lift,0.136,0.0453,0.0062,0.7909,0.4206,0.2203
208,163,4,maximum,0.1562,0.0417,0.0065,0.7909,0.4206,0.2203
208,163,4,coeffici,0.1145,0.0153,0.0017,0.7909,0.4206,0.2203
208,566,5,effect,0.0595,0.0086,0.0005,0.7909,0.3489,0.1851
208,566,5,reduct,0.2023,0.0875,0.0177,0.7909,0.3489,0.1851
208,566,5,obtain,0.069,0.0099,0.0007,0.7909,0.3489,0.1851
208,566,5,drag,0.1448,0.0626,0.0091,0.7909,0.3489,0.1851
208,566,5,amount,0.2177,0.0628,0.0137,0.7909,0.3489,0.1851
208,566,5,coeffici,0.1145,0.0825,0.0095,0.7909,0.3489,0.1851
208,164,6,deceler,0.2721,0.0239,0.0065,0.7909,0.3418,0.1736
208,164,6,obtain,0.069,0.0061,0.0004,0.7909,0.3418,0.1736
208,164,6,entri,0.2222,0.0977,0.0217,0.7909,0.3418,0.1736
208,164,6,drag,0.1448,0.0509,0.0074,0.7909,0.3418,0.1736
208,164,6,aerodynam,0.1286,0.0113,0.0015,0.7909,0.3418,0.1736
208,164,6,shape,0.1238,0.0109,0.0013,0.7909,0.3418,0.1736
208,164,6,lift,0.136,0.0598,0.0081,0.7909,0.3418,0.1736
208,1380,7,effect,0.0595,0.0057,0.0003,0.7909,0.3584,0.1734
208,1380,7,obtain,0.069,0.0067,0.0005,0.7909,0.3584,0.1734
208,1380,7,drag,0.1448,0.1396,0.0202,0.7909,0.3584,0.1734
208,1380,7,aerodynam,0.1286,0.062,0.008,0.7909,0.3584,0.1734
208,1380,7,lift,0.136,0.131,0.0178,0.7909,0.3584,0.1734
208,1380,7,maximum,0.1562,0.0151,0.0024,0.7909,0.3584,0.1734
208,1348,8,vari,0.1422,0.0464,0.0066,0.7909,0.5314,0.1614
208,1348,8,entri,0.2222,0.2177,0.0484,0.7909,0.5314,0.1614
208,1348,8,drag,0.1448,0.0473,0.0068,0.7909,0.5314,0.1614
208,1348,8,lift,0.136,0.0444,0.006,0.7909,0.5314,0.1614
208,1347,9,entri,0.2222,0.093,0.0207,0.7909,0.512,0.1587
208,1347,9,drag,0.1448,0.0454,0.0066,0.7909,0.512,0.1587
208,1347,9,aerodynam,0.1286,0.0269,0.0035,0.7909,0.512,0.1587
208,1347,9,lift,0.136,0.0853,0.0116,0.7909,0.512,0.1587
208,1347,9,maximum,0.1562,0.1143,0.0179,0.7909,0.512,0.1587
208,1347,9,coeffici,0.1145,0.0359,0.0041,0.7909,0.512,0.1587
208,1346,10,effect,0.0595,0.0134,0.0008,0.7909,0.64,0.157
208,1346,10,reduct,0.2023,0.0456,0.0092,0.7909,0.64,0.157
208,1346,10,entri,0.2222,0.2003,0.0445,0.7909,0.64,0.157
208,1346,10,lift,0.136,0.0613,0.0083,0.7909,0.64,0.157
208,1346,10,amount,0.2177,0.0491,0.0107,0.7909,0.64,0.157
208,1346,10,coeffici,0.1145,0.0516,0.0059,0.7909,0.64,0.157
209,959,1,separ,0.2474,0.1218,0.0301,0.6805,0.2844,0.372
209,959,1,laminar,0.1988,0.0559,0.0111,0.6805,0.2844,0.372
209,959,1,flow,0.0724,0.0153,0.0011,0.6805,0.2844,0.372
209,959,1,boundari,0.1213,0.0597,0.0072,0.6805,0.2844,0.372
209,959,1,turbul,0.2519,0.0531,0.0134,0.6805,0.2844,0.372
209,959,1,layer,0.1354,0.0666,0.009,0.6805,0.2844,0.372
209,358,2,separ,0.2474,0.257,0.0636,0.6805,0.4631,0.347
209,358,2,flow,0.0724,0.0125,0.0009,0.6805,0.4631,0.347
209,358,2,boundari,0.1213,0.084,0.0102,0.6805,0.4631,0.347
209,358,2,turbul,0.2519,0.0872,0.022,0.6805,0.4631,0.347
209,358,2,layer,0.1354,0.0937,0.0127,0.6805,0.4631,0.347
209,996,3,separ,0.2474,0.1377,0.0341,0.6805,0.3149,0.308
209,996,3,laminar,0.1988,0.0461,0.0092,0.6805,0.3149,0.308
209,996,3,flow,0.0724,0.0067,0.0005,0.6805,0.3149,0.308
209,996,3,boundari,0.1213,0.0169,0.002,0.6805,0.3149,0.308
209,996,3,turbul,0.2519,0.0701,0.0177,0.6805,0.3149,0.308
209,996,3,layer,0.1354,0.0188,0.0026,0.6805,0.3149,0.308
209,798,4,characterist,0.2255,0.0119,0.0027,0.6805,0.2389,0.3076
209,798,4,separ,0.2474,0.0653,0.0162,0.6805,0.2389,0.3076
209,798,4,laminar,0.1988,0.021,0.0042,0.6805,0.2389,0.3076
209,798,4,flow,0.0724,0.0095,0.0007,0.6805,0.2389,0.3076
209,798,4,boundari,0.1213,0.0288,0.0035,0.6805,0.2389,0.3076
209,798,4,physic,0.3428,0.009,0.0031,0.6805,0.2389,0.3076
209,798,4,turbul,0.2519,0.0532,0.0134,0.6805,0.2389,0.3076
209,798,4,layer,0.1354,0.0464,0.0063,0.6805,0.2389,0.3076
209,240,5,separ,0.2474,0.1655,0.041,0.6805,0.3408,0.2951
209,240,5,laminar,0.1988,0.0363,0.0072,0.6805,0.3408,0.2951
209,240,5,flow,0.0724,0.0264,0.0019,0.6805,0.3408,0.2951
209,240,5,boundari,0.1213,0.0148,0.0018,0.6805,0.3408,0.2951
209,240,5,physic,0.3428,0.0208,0.0071,0.6805,0.3408,0.2951
209,240,5,turbul,0.2519,0.0153,0.0039,0.6805,0.3408,0.2951
209,240,5,layer,0.1354,0.0412,0.0056,0.6805,0.3408,0.2951
209,187,6,separ,0.2474,0.1237,0.0306,0.6805,0.268,0.2922
209,187,6,laminar,0.1988,0.0298,0.0059,0.6805,0.268,0.2922
209,187,6,signific,0.3037,0.0152,0.0046,0.6805,0.268,0.2922
209,187,6,flow,0.0724,0.0217,0.0016,0.6805,0.268,0.2922
209,187,6,boundari,0.1213,0.0121,0.0015,0.6805,0.268,0.2922
209,187,6,turbul,0.2519,0.0252,0.0063,0.6805,0.268,0.2922
209,187,6,layer,0.1354,0.0203,0.0027,0.6805,0.268,0.2922
209,55,7,characterist,0.2255,0.0251,0.0056,0.6805,0.3178,0.2553
209,55,7,separ,0.2474,0.0825,0.0204,0.6805,0.3178,0.2553
209,55,7,laminar,0.1988,0.0883,0.0176,0.6805,0.3178,0.2553
209,55,7,flow,0.0724,0.008,0.0006,0.6805,0.3178,0.2553
209,55,7,boundari,0.1213,0.0404,0.0049,0.6805,0.3178,0.2553
209,55,7,layer,0.1354,0.0451,0.0061,0.6805,0.3178,0.2553
209,455,8,separ,0.2474,0.1215,0.0301,0.6805,0.418,0.2453
209,455,8,laminar,0.1988,0.0325,0.0065,0.6805,0.418,0.2453
209,455,8,flow,0.0724,0.0237,0.0017,0.6805,0.418,0.2453
209,455,8,boundari,0.1213,0.0099,0.0012,0.6805,0.418,0.2453
209,455,8,physic,0.3428,0.0841,0.0288,0.6805,0.418,0.2453
209,455,8,layer,0.1354,0.0111,0.0015,0.6805,0.418,0.2453
209,1364,9,separ,0.2474,0.0596,0.0148,0.6805,0.3308,0.2387
209,1364,9,laminar,0.1988,0.016,0.0032,0.6805,0.3308,0.2387
209,1364,9,boundari,0.1213,0.078,0.0095,0.6805,0.3308,0.2387
209,1364,9,physic,0.3428,0.0275,0.0094,0.6805,0.3308,0.2387
209,1364,9,turbul,0.2519,0.0202,0.0051,0.6805,0.3308,0.2387
209,1364,9,layer,0.1354,0.087,0.0118,0.6805,0.3308,0.2387
209,1228,10,separ,0.2474,0.0891,0.022,0.6805,0.3623,0.2368
209,1228,10,laminar,0.1988,0.1193,0.0237,0.6805,0.3623,0.2368
209,1228,10,flow,0.0724,0.0347,0.0025,0.6805,0.3623,0.2368
209,1228,10,boundari,0.1213,0.0291,0.0035,0.6805,0.3623,0.2368
209,1228,10,layer,0.1354,0.0487,0.0066,0.6805,0.3623,0.2368
210,1172,1,investig,0.0797,0.0138,0.0011,0.6902,0.4907,0.5824
210,1172,1,uniform,0.1322,0.0229,0.003,0.6902,0.4907,0.5824
210,1172,1,strength,0.1815,0.0315,0.0057,0.6902,0.4907,0.5824
210,1172,1,soft,0.3315,0.115,0.0381,0.6902,0.4907,0.5824
210,1172,1,core,0.2368,0.2464,0.0584,0.6902,0.4907,0.5824
210,1172,1,pressur,0.0547,0.0095,0.0005,0.6902,0.4907,0.5824
210,1172,1,buckl,0.1412,0.1225,0.0173,0.6902,0.4907,0.5824
210,1172,1,cylindr,0.1558,0.0541,0.0084,0.6902,0.4907,0.5824
210,1172,1,stabil,0.1445,0.0752,0.0109,0.6902,0.4907,0.5824
210,1172,1,elast,0.1669,0.2027,0.0338,0.6902,0.4907,0.5824
210,1172,1,shell,0.1518,0.1317,0.02,0.6902,0.4907,0.5824
210,1145,2,subject,0.1564,0.0429,0.0067,0.6902,0.3864,0.4934
210,1145,2,extern,0.173,0.0474,0.0082,0.6902,0.3864,0.4934
210,1145,2,investig,0.0797,0.0219,0.0017,0.6902,0.3864,0.4934
210,1145,2,uniform,0.1322,0.0362,0.0048,0.6902,0.3864,0.4934
210,1145,2,soft,0.3315,0.0909,0.0301,0.6902,0.3864,0.4934
210,1145,2,core,0.2368,0.1298,0.0307,0.6902,0.3864,0.4934
210,1145,2,pressur,0.0547,0.0751,0.0041,0.6902,0.3864,0.4934
210,1145,2,buckl,0.1412,0.0387,0.0055,0.6902,0.3864,0.4934
210,1145,2,cylindr,0.1558,0.0427,0.0067,0.6902,0.3864,0.4934
210,1145,2,stabil,0.1445,0.0792,0.0115,0.6902,0.3864,0.4934
210,1145,2,elast,0.1669,0.0915,0.0153,0.6902,0.3864,0.4934
210,1145,2,shell,0.1518,0.0416,0.0063,0.6902,0.3864,0.4934
210,1171,3,investig,0.0797,0.0301,0.0024,0.6902,0.533,0.4625
210,1171,3,soft,0.3315,0.1252,0.0415,0.6902,0.533,0.4625
210,1171,3,core,0.2368,0.1789,0.0424,0.6902,0.533,0.4625
210,1171,3,pressur,0.0547,0.062,0.0034,0.6902,0.533,0.4625
210,1171,3,cylindr,0.1558,0.1177,0.0183,0.6902,0.533,0.4625
210,1171,3,stabil,0.1445,0.1638,0.0237,0.6902,0.533,0.4625
210,1171,3,elast,0.1669,0.1261,0.021,0.6902,0.533,0.4625
210,1171,3,shell,0.1518,0.1147,0.0174,0.6902,0.533,0.4625
210,1126,4,strength,0.1815,0.0582,0.0106,0.6902,0.4833,0.2906
210,1126,4,core,0.2368,0.076,0.018,0.6902,0.4833,0.2906
210,1126,4,pressur,0.0547,0.0176,0.001,0.6902,0.4833,0.2906
210,1126,4,buckl,0.1412,0.1359,0.0192,0.6902,0.4833,0.2906
210,1126,4,cylindr,0.1558,0.1,0.0156,0.6902,0.4833,0.2906
210,1126,4,elast,0.1669,0.1071,0.0179,0.6902,0.4833,0.2906
210,1126,4,shell,0.1518,0.0974,0.0148,0.6902,0.4833,0.2906
210,739,5,non,0.1824,0.0557,0.0102,0.6902,0.3548,0.2836
210,739,5,investig,0.0797,0.0081,0.0006,0.6902,0.3548,0.2836
210,739,5,uniform,0.1322,0.0135,0.0018,0.6902,0.3548,0.2836
210,739,5,buckl,0.1412,0.1437,0.0203,0.6902,0.3548,0.2836
210,739,5,cylindr,0.1558,0.0476,0.0074,0.6902,0.3548,0.2836
210,739,5,elast,0.1669,0.034,0.0057,0.6902,0.3548,0.2836
210,739,5,shell,0.1518,0.1545,0.0235,0.6902,0.3548,0.2836
210,938,6,subject,0.1564,0.14,0.0219,0.6902,0.5514,0.2522
210,938,6,extern,0.173,0.1547,0.0268,0.6902,0.5514,0.2522
210,938,6,uniform,0.1322,0.1183,0.0156,0.6902,0.5514,0.2522
210,938,6,pressur,0.0547,0.049,0.0027,0.6902,0.5514,0.2522
210,938,6,stabil,0.1445,0.1293,0.0187,0.6902,0.5514,0.2522
210,938,6,shell,0.1518,0.0679,0.0103,0.6902,0.5514,0.2522
210,956,7,extern,0.173,0.0392,0.0068,0.6902,0.4467,0.2446
210,956,7,core,0.2368,0.161,0.0381,0.6902,0.4467,0.2446
210,956,7,pressur,0.0547,0.0124,0.0007,0.6902,0.4467,0.2446
210,956,7,buckl,0.1412,0.096,0.0136,0.6902,0.4467,0.2446
210,956,7,stabil,0.1445,0.0328,0.0047,0.6902,0.4467,0.2446
210,956,7,elast,0.1669,0.0378,0.0063,0.6902,0.4467,0.2446
210,956,7,shell,0.1518,0.0344,0.0052,0.6902,0.4467,0.2446
210,1068,8,subject,0.1564,0.0328,0.0051,0.6902,0.3988,0.2437
210,1068,8,investig,0.0797,0.0167,0.0013,0.6902,0.3988,0.2437
210,1068,8,influenc,0.1547,0.0325,0.005,0.6902,0.3988,0.2437
210,1068,8,pressur,0.0547,0.0345,0.0019,0.6902,0.3988,0.2437
210,1068,8,buckl,0.1412,0.0593,0.0084,0.6902,0.3988,0.2437
210,1068,8,cylindr,0.1558,0.0981,0.0153,0.6902,0.3988,0.2437
210,1068,8,elast,0.1669,0.035,0.0058,0.6902,0.3988,0.2437
210,1068,8,shell,0.1518,0.1593,0.0242,0.6902,0.3988,0.2437
210,887,9,subject,0.1564,0.0422,0.0066,0.6902,0.4786,0.2436
210,887,9,investig,0.0797,0.043,0.0034,0.6902,0.4786,0.2436
210,887,9,uniform,0.1322,0.0357,0.0047,0.6902,0.4786,0.2436
210,887,9,buckl,0.1412,0.1524,0.0215,0.6902,0.4786,0.2436
210,887,9,cylindr,0.1558,0.0841,0.0131,0.6902,0.4786,0.2436
210,887,9,shell,0.1518,0.2048,0.0311,0.6902,0.4786,0.2436
210,1071,10,uniform,0.1322,0.0368,0.0049,0.6902,0.4857,0.232
210,1071,10,pressur,0.0547,0.0458,0.0025,0.6902,0.4857,0.232
210,1071,10,buckl,0.1412,0.0787,0.0111,0.6902,0.4857,0.232
210,1071,10,stabil,0.1445,0.0805,0.0116,0.6902,0.4857,0.232
210,1071,10,elast,0.1669,0.093,0.0155,0.6902,0.4857,0.232
210,1071,10,shell,0.1518,0.2115,0.0321,0.6902,0.4857,0.232
211,739,1,non,0.3446,0.0557,0.0192,0.7608,0.3548,0.4697
211,739,1,paper,0.2162,0.035,0.0076,0.7608,0.3548,0.4697
211,739,1,buckl,0.2667,0.1437,0.0383,0.7608,0.3548,0.4697
211,739,1,cylindr,0.2943,0.0476,0.014,0.7608,0.3548,0.4697
211,739,1,shell,0.2868,0.1545,0.0443,0.7608,0.3548,0.4697
211,739,1,uniform,0.2497,0.0135,0.0034,0.7608,0.3548,0.4697
211,887,2,buckl,0.2667,0.1524,0.0406,0.7608,0.4786,0.3654
211,887,2,cylindr,0.2943,0.0841,0.0248,0.7608,0.4786,0.3654
211,887,2,shell,0.2868,0.2048,0.0587,0.7608,0.4786,0.3654
211,887,2,uniform,0.2497,0.0357,0.0089,0.7608,0.4786,0.3654
211,897,3,paper,0.2162,0.0324,0.007,0.7608,0.4746,0.3525
211,897,3,pressur,0.1034,0.0155,0.0016,0.7608,0.4746,0.3525
211,897,3,buckl,0.2667,0.16,0.0427,0.7608,0.4746,0.3525
211,897,3,cylindr,0.2943,0.1325,0.039,0.7608,0.4746,0.3525
211,897,3,shell,0.2868,0.129,0.037,0.7608,0.4746,0.3525
211,740,4,paper,0.2162,0.015,0.0032,0.7608,0.3587,0.3163
211,740,4,buckl,0.2667,0.0923,0.0246,0.7608,0.3587,0.3163
211,740,4,cylindr,0.2943,0.1019,0.03,0.7608,0.3587,0.3163
211,740,4,shell,0.2868,0.0993,0.0285,0.7608,0.3587,0.3163
211,743,5,paper,0.2162,0.0259,0.0056,0.7608,0.4859,0.3142
211,743,5,pressur,0.1034,0.0248,0.0026,0.7608,0.4859,0.3142
211,743,5,buckl,0.2667,0.064,0.0171,0.7608,0.4859,0.3142
211,743,5,cylindr,0.2943,0.1413,0.0416,0.7608,0.4859,0.3142
211,743,5,shell,0.2868,0.1721,0.0493,0.7608,0.4859,0.3142
211,1068,6,pressur,0.1034,0.0345,0.0036,0.7608,0.3988,0.3096
211,1068,6,buckl,0.2667,0.0593,0.0158,0.7608,0.3988,0.3096
211,1068,6,cylindr,0.2943,0.0981,0.0289,0.7608,0.3988,0.3096
211,1068,6,shell,0.2868,0.1593,0.0457,0.7608,0.3988,0.3096
211,889,7,paper,0.2162,0.0121,0.0026,0.7608,0.302,0.3087
211,889,7,buckl,0.2667,0.0447,0.0119,0.7608,0.302,0.3087
211,889,7,cylindr,0.2943,0.0823,0.0242,0.7608,0.302,0.3087
211,889,7,shell,0.2868,0.1122,0.0322,0.7608,0.302,0.3087
211,953,8,cylindr,0.2943,0.1394,0.041,0.7608,0.6147,0.3074
211,953,8,shell,0.2868,0.2037,0.0584,0.7608,0.6147,0.3074
211,953,8,uniform,0.2497,0.1774,0.0443,0.7608,0.6147,0.3074
211,890,9,paper,0.2162,0.0267,0.0058,0.7608,0.5463,0.3026
211,890,9,buckl,0.2667,0.0658,0.0175,0.7608,0.5463,0.3026
211,890,9,cylindr,0.2943,0.0726,0.0214,0.7608,0.5463,0.3026
211,890,9,shell,0.2868,0.2828,0.0811,0.7608,0.5463,0.3026
211,741,10,buckl,0.2667,0.1846,0.0492,0.7608,0.4923,0.2876
211,741,10,cylindr,0.2943,0.1019,0.03,0.7608,0.4923,0.2876
211,741,10,shell,0.2868,0.0993,0.0285,0.7608,0.4923,0.2876
212,1178,1,thermal,0.3049,0.2018,0.0615,0.9169,0.5238,0.6812
212,1178,1,stiffen,0.4067,0.1615,0.0657,0.9169,0.5238,0.6812
212,1178,1,stress,0.2453,0.1623,0.0398,0.9169,0.5238,0.6812
212,1178,1,cylind,0.2292,0.1213,0.0278,0.9169,0.5238,0.6812
212,1178,1,ring,0.4721,0.1874,0.0885,0.9169,0.5238,0.6812
212,1178,1,buckl,0.2667,0.1412,0.0376,0.9169,0.5238,0.6812
212,1178,1,compress,0.2168,0.0287,0.0062,0.9169,0.5238,0.6812
212,888,2,thermal,0.3049,0.0416,0.0127,0.9169,0.4862,0.641
212,888,2,stiffen,0.4067,0.1109,0.0451,0.9169,0.4862,0.641
212,888,2,stress,0.2453,0.0669,0.0164,0.9169,0.4862,0.641
212,888,2,cylind,0.2292,0.1875,0.043,0.9169,0.4862,0.641
212,888,2,ring,0.4721,0.1931,0.0912,0.9169,0.4862,0.641
212,888,2,buckl,0.2667,0.2182,0.0582,0.9169,0.4862,0.641
212,888,2,compress,0.2168,0.0887,0.0192,0.9169,0.4862,0.641
212,1176,3,stiffen,0.4067,0.2615,0.1064,0.9169,0.7392,0.5824
212,1176,3,cylind,0.2292,0.221,0.0506,0.9169,0.7392,0.5824
212,1176,3,ring,0.4721,0.4552,0.2149,0.9169,0.7392,0.5824
212,1176,3,buckl,0.2667,0.0857,0.0229,0.9169,0.7392,0.5824
212,838,4,effect,0.1059,0.0187,0.002,0.9169,0.4695,0.4721
212,838,4,stiffen,0.4067,0.1436,0.0584,0.9169,0.4695,0.4721
212,838,4,cylind,0.2292,0.0809,0.0185,0.9169,0.4695,0.4721
212,838,4,ring,0.4721,0.1666,0.0786,0.9169,0.4695,0.4721
212,838,4,buckl,0.2667,0.0471,0.0125,0.9169,0.4695,0.4721
212,838,4,compress,0.2168,0.153,0.0332,0.9169,0.4695,0.4721
212,1177,5,thermal,0.3049,0.1328,0.0405,0.9169,0.5331,0.4628
212,1177,5,effect,0.1059,0.0461,0.0049,0.9169,0.5331,0.4628
212,1177,5,stiffen,0.4067,0.059,0.024,0.9169,0.5331,0.4628
212,1177,5,stress,0.2453,0.1068,0.0262,0.9169,0.5331,0.4628
212,1177,5,cylind,0.2292,0.0998,0.0229,0.9169,0.5331,0.4628
212,1177,5,ring,0.4721,0.0685,0.0323,0.9169,0.5331,0.4628
212,1177,5,buckl,0.2667,0.1548,0.0413,0.9169,0.5331,0.4628
212,1177,5,strength,0.3428,0.0995,0.0341,0.9169,0.5331,0.4628
212,1293,6,stiffen,0.4067,0.2288,0.0931,0.9169,0.6095,0.4379
212,1293,6,cylind,0.2292,0.1289,0.0295,0.9169,0.6095,0.4379
212,1293,6,ring,0.4721,0.1328,0.0627,0.9169,0.6095,0.4379
212,1293,6,compress,0.2168,0.1219,0.0264,0.9169,0.6095,0.4379
212,1293,6,strength,0.3428,0.0964,0.0331,0.9169,0.6095,0.4379
212,885,7,thermal,0.3049,0.168,0.0512,0.9169,0.5761,0.356
212,885,7,stress,0.2453,0.2703,0.0663,0.9169,0.5761,0.356
212,885,7,cylind,0.2292,0.0421,0.0096,0.9169,0.5761,0.356
212,885,7,buckl,0.2667,0.1959,0.0522,0.9169,0.5761,0.356
212,885,7,compress,0.2168,0.0398,0.0086,0.9169,0.5761,0.356
212,642,8,cylind,0.2292,0.1439,0.033,0.9169,0.5763,0.352
212,642,8,buckl,0.2667,0.2233,0.0595,0.9169,0.5763,0.352
212,642,8,compress,0.2168,0.0907,0.0197,0.9169,0.5763,0.352
212,642,8,strength,0.3428,0.2153,0.0738,0.9169,0.5763,0.352
212,1359,9,stiffen,0.4067,0.2337,0.095,0.9169,0.581,0.349
212,1359,9,cylind,0.2292,0.2194,0.0503,0.9169,0.581,0.349
212,1359,9,buckl,0.2667,0.0511,0.0136,0.9169,0.581,0.349
212,1359,9,compress,0.2168,0.1245,0.027,0.9169,0.581,0.349
212,1130,10,stiffen,0.4067,0.3051,0.1241,0.9169,0.5181,0.3474
212,1130,10,cylind,0.2292,0.1146,0.0263,0.9169,0.5181,0.3474
212,1130,10,strength,0.3428,0.0429,0.0147,0.9169,0.5181,0.3474
213,888,1,circumferenti,0.4429,0.0604,0.0267,0.8226,0.4862,0.4464
213,888,1,stress,0.2453,0.0669,0.0164,0.8226,0.4862,0.4464
213,888,1,axial,0.2504,0.1366,0.0342,0.8226,0.4862,0.4464
213,888,1,buckl,0.2667,0.2182,0.0582,0.8226,0.4862,0.4464
213,888,1,cylind,0.2292,0.1875,0.043,0.8226,0.4862,0.4464
213,1146,2,circumferenti,0.4429,0.1594,0.0706,0.8226,0.5813,0.4264
213,1146,2,stress,0.2453,0.0883,0.0217,0.8226,0.5813,0.4264
213,1146,2,axial,0.2504,0.0902,0.0226,0.8226,0.5813,0.4264
213,1146,2,buckl,0.2667,0.192,0.0512,0.8226,0.5813,0.4264
213,1146,2,cylind,0.2292,0.165,0.0378,0.8226,0.5813,0.4264
213,885,3,vari,0.2527,0.0928,0.0235,0.8226,0.5761,0.4161
213,885,3,stress,0.2453,0.2703,0.0663,0.8226,0.5761,0.4161
213,885,3,axial,0.2504,0.092,0.023,0.8226,0.5761,0.4161
213,885,3,buckl,0.2667,0.1959,0.0522,0.8226,0.5761,0.4161
213,885,3,direct,0.2474,0.0909,0.0225,0.8226,0.5761,0.4161
213,885,3,cylind,0.2292,0.0421,0.0096,0.8226,0.5761,0.4161
213,769,4,effect,0.1059,0.0176,0.0019,0.8226,0.5308,0.3802
213,769,4,vari,0.2527,0.0421,0.0106,0.8226,0.5308,0.3802
213,769,4,circumferenti,0.4429,0.1476,0.0654,0.8226,0.5308,0.3802
213,769,4,stress,0.2453,0.0818,0.02,0.8226,0.5308,0.3802
213,769,4,axial,0.2504,0.0417,0.0105,0.8226,0.5308,0.3802
213,769,4,buckl,0.2667,0.1778,0.0474,0.8226,0.5308,0.3802
213,769,4,direct,0.2474,0.0412,0.0102,0.8226,0.5308,0.3802
213,741,5,circumferenti,0.4429,0.0767,0.034,0.8226,0.4923,0.3597
213,741,5,stress,0.2453,0.0849,0.0208,0.8226,0.4923,0.3597
213,741,5,axial,0.2504,0.13,0.0326,0.8226,0.4923,0.3597
213,741,5,buckl,0.2667,0.1846,0.0492,0.8226,0.4923,0.3597
213,741,5,cylind,0.2292,0.0397,0.0091,0.8226,0.4923,0.3597
213,1173,6,effect,0.1059,0.0205,0.0022,0.8226,0.3311,0.3413
213,1173,6,vari,0.2527,0.0978,0.0247,0.8226,0.3311,0.3413
213,1173,6,stress,0.2453,0.0949,0.0233,0.8226,0.3311,0.3413
213,1173,6,axial,0.2504,0.0242,0.0061,0.8226,0.3311,0.3413
213,1173,6,buckl,0.2667,0.0774,0.0206,0.8226,0.3311,0.3413
213,1173,6,direct,0.2474,0.0239,0.0059,0.8226,0.3311,0.3413
213,1173,6,cylind,0.2292,0.0444,0.0102,0.8226,0.3311,0.3413
213,1116,7,circumferenti,0.4429,0.0886,0.0392,0.8226,0.4796,0.336
213,1116,7,stress,0.2453,0.0491,0.012,0.8226,0.4796,0.336
213,1116,7,axial,0.2504,0.1002,0.0251,0.8226,0.4796,0.336
213,1116,7,buckl,0.2667,0.0533,0.0142,0.8226,0.4796,0.336
213,1116,7,cylind,0.2292,0.1833,0.042,0.8226,0.4796,0.336
213,642,8,system,0.3126,0.0654,0.0205,0.8226,0.5763,0.2937
213,642,8,axial,0.2504,0.1048,0.0263,0.8226,0.5763,0.2937
213,642,8,buckl,0.2667,0.2233,0.0595,0.8226,0.5763,0.2937
213,642,8,cylind,0.2292,0.1439,0.033,0.8226,0.5763,0.2937
213,887,9,effect,0.1059,0.0151,0.0016,0.8226,0.4786,0.2894
213,887,9,circumferenti,0.4429,0.0633,0.028,0.8226,0.4786,0.2894
213,887,9,stress,0.2453,0.1051,0.0258,0.8226,0.4786,0.2894
213,887,9,axial,0.2504,0.0715,0.0179,0.8226,0.4786,0.2894
213,887,9,buckl,0.2667,0.1524,0.0406,0.8226,0.4786,0.2894
213,1178,10,stress,0.2453,0.1623,0.0398,0.8226,0.5238,0.2828
213,1178,10,axial,0.2504,0.0663,0.0166,0.8226,0.5238,0.2828
213,1178,10,buckl,0.2667,0.1412,0.0376,0.8226,0.5238,0.2828
213,1178,10,cylind,0.2292,0.1213,0.0278,0.8226,0.5238,0.2828
214,1294,1,non,0.3101,0.0869,0.027,0.9645,0.3733,0.5484
214,1294,1,use,0.1004,0.0375,0.0038,0.9645,0.3733,0.5484
214,1294,1,linear,0.215,0.0603,0.013,0.9645,0.3733,0.5484
214,1294,1,analysi,0.1617,0.0604,0.0098,0.9645,0.3733,0.5484
214,1294,1,shell,0.2581,0.0965,0.0249,0.9645,0.3733,0.5484
214,1294,1,shallow,0.4248,0.1191,0.0506,0.9645,0.3733,0.5484
214,1294,1,matrix,0.4942,0.1386,0.0685,0.9645,0.3733,0.5484
214,1362,2,non,0.3101,0.0738,0.0229,0.9645,0.4085,0.397
214,1362,2,linear,0.215,0.0512,0.011,0.9645,0.4085,0.397
214,1362,2,analysi,0.1617,0.0385,0.0062,0.9645,0.4085,0.397
214,1362,2,matrix,0.4942,0.2353,0.1163,0.9645,0.4085,0.397
214,828,3,non,0.3101,0.0261,0.0081,0.9645,0.4302,0.3825
214,828,3,use,0.1004,0.0084,0.0008,0.9645,0.4302,0.3825
214,828,3,analysi,0.1617,0.0272,0.0044,0.9645,0.4302,0.3825
214,828,3,shell,0.2581,0.1518,0.0392,0.9645,0.4302,0.3825
214,828,3,shallow,0.4248,0.2499,0.1062,0.9645,0.4302,0.3825
214,831,4,linear,0.215,0.1241,0.0267,0.9645,0.5302,0.3059
214,831,4,shell,0.2581,0.0993,0.0256,0.9645,0.5302,0.3059
214,831,4,shallow,0.4248,0.2451,0.1041,0.9645,0.5302,0.3059
214,756,5,analysi,0.1617,0.0174,0.0028,0.9645,0.5529,0.2515
214,756,5,matrix,0.4942,0.2657,0.1313,0.9645,0.5529,0.2515
214,930,6,use,0.1004,0.0138,0.0014,0.9645,0.4485,0.2469
214,930,6,shell,0.2581,0.2828,0.073,0.9645,0.4485,0.2469
214,930,6,shallow,0.4248,0.0582,0.0247,0.9645,0.4485,0.2469
214,930,6,reduc,0.2369,0.0325,0.0077,0.9645,0.4485,0.2469
214,47,7,linear,0.215,0.0178,0.0038,0.9645,0.3898,0.2421
214,47,7,analysi,0.1617,0.0401,0.0065,0.9645,0.3898,0.2421
214,47,7,matrix,0.4942,0.1634,0.0807,0.9645,0.3898,0.2421
214,848,8,use,0.1004,0.0239,0.0024,0.9645,0.5166,0.2184
214,848,8,shell,0.2581,0.2458,0.0634,0.9645,0.5166,0.2184
214,848,8,shallow,0.4248,0.1012,0.043,0.9645,0.5166,0.2184
214,1044,9,shell,0.2581,0.2377,0.0613,0.9645,0.4705,0.2038
214,1044,9,shallow,0.4248,0.0559,0.0237,0.9645,0.4705,0.2038
214,1044,9,reduc,0.2369,0.0312,0.0074,0.9645,0.4705,0.2038
214,739,10,non,0.3101,0.0557,0.0173,0.9645,0.3548,0.2029
214,739,10,use,0.1004,0.006,0.0006,0.9645,0.3548,0.2029
214,739,10,linear,0.215,0.0386,0.0083,0.9645,0.3548,0.2029
214,739,10,shell,0.2581,0.1545,0.0399,0.9645,0.3548,0.2029
214,739,10,reduc,0.2369,0.0142,0.0034,0.9645,0.3548,0.2029
215,535,1,simul,0.2838,0.0559,0.0159,0.7572,0.4773,0.464
215,535,1,region,0.1608,0.095,0.0153,0.7572,0.4773,0.464
215,535,1,nose,0.195,0.0384,0.0075,0.7572,0.4773,0.464
215,535,1,field,0.1631,0.0321,0.0052,0.7572,0.4773,0.464
215,535,1,flow,0.1002,0.0395,0.004,0.7572,0.4773,0.464
215,535,1,hyperson,0.1622,0.0639,0.0104,0.7572,0.4773,0.464
215,535,1,shroud,0.3728,0.2937,0.1095,0.7572,0.4773,0.464
215,1253,2,sphere,0.2754,0.1214,0.0334,0.7572,0.3849,0.2745
215,1253,2,region,0.1608,0.0354,0.0057,0.7572,0.3849,0.2745
215,1253,2,nose,0.195,0.043,0.0084,0.7572,0.3849,0.2745
215,1253,2,field,0.1631,0.1078,0.0176,0.7572,0.3849,0.2745
215,1253,2,flow,0.1002,0.0331,0.0033,0.7572,0.3849,0.2745
215,1253,2,hyperson,0.1622,0.0715,0.0116,0.7572,0.3849,0.2745
215,68,3,possibl,0.1698,0.034,0.0058,0.7572,0.4611,0.2311
215,68,3,simul,0.2838,0.227,0.0644,0.7572,0.4611,0.2311
215,68,3,hyperson,0.1622,0.0649,0.0105,0.7572,0.4611,0.2311
215,984,4,flow,0.1002,0.0633,0.0063,0.7572,0.6486,0.2173
215,984,4,shroud,0.3728,0.2692,0.1004,0.7572,0.6486,0.2173
215,1234,5,sphere,0.2754,0.0639,0.0176,0.7572,0.4402,0.2165
215,1234,5,nose,0.195,0.0905,0.0177,0.7572,0.4402,0.2165
215,1234,5,field,0.1631,0.0379,0.0062,0.7572,0.4402,0.2165
215,1234,5,flow,0.1002,0.0233,0.0023,0.7572,0.4402,0.2165
215,1234,5,shape,0.1524,0.1062,0.0162,0.7572,0.4402,0.2165
215,1234,5,hyperson,0.1622,0.0753,0.0122,0.7572,0.4402,0.2165
215,770,6,sphere,0.2754,0.2754,0.0759,0.7572,0.4773,0.2154
215,770,6,flow,0.1002,0.02,0.002,0.7572,0.4773,0.2154
215,25,7,possibl,0.1698,0.01,0.0017,0.7572,0.2617,0.2075
215,25,7,nose,0.195,0.1032,0.0201,0.7572,0.2617,0.2075
215,25,7,field,0.1631,0.0288,0.0047,0.7572,0.2617,0.2075
215,25,7,flow,0.1002,0.0177,0.0018,0.7572,0.2617,0.2075
215,25,7,shape,0.1524,0.0359,0.0055,0.7572,0.2617,0.2075
215,25,7,predict,0.1524,0.0179,0.0027,0.7572,0.2617,0.2075
215,25,7,hyperson,0.1622,0.0286,0.0046,0.7572,0.2617,0.2075
215,1204,8,sphere,0.2754,0.0904,0.0249,0.7572,0.3026,0.1978
215,1204,8,region,0.1608,0.0317,0.0051,0.7572,0.3026,0.1978
215,1204,8,flow,0.1002,0.0099,0.001,0.7572,0.3026,0.1978
215,1204,8,shape,0.1524,0.06,0.0092,0.7572,0.3026,0.1978
215,1204,8,hyperson,0.1622,0.0319,0.0052,0.7572,0.3026,0.1978
215,666,9,region,0.1608,0.0794,0.0128,0.7572,0.2881,0.1859
215,666,9,nose,0.195,0.0642,0.0125,0.7572,0.2881,0.1859
215,666,9,flow,0.1002,0.033,0.0033,0.7572,0.2881,0.1859
215,666,9,shape,0.1524,0.0502,0.0076,0.7572,0.2881,0.1859
215,666,9,hyperson,0.1622,0.0267,0.0043,0.7572,0.2881,0.1859
215,411,10,sphere,0.2754,0.1953,0.0538,0.7572,0.462,0.1852
215,411,10,shape,0.1524,0.0721,0.011,0.7572,0.462,0.1852
216,958,1,system,0.2813,0.0485,0.0136,0.8734,0.5756,0.2181
216,958,1,investig,0.1355,0.0234,0.0032,0.8734,0.5756,0.2181
216,958,1,surfac,0.1445,0.0249,0.0036,0.8734,0.5756,0.2181
216,958,1,liquid,0.4153,0.2148,0.0892,0.8734,0.5756,0.2181
216,764,2,liquid,0.4153,0.2569,0.1067,0.8734,0.5687,0.2148
216,407,3,made,0.1381,0.0373,0.0052,0.8734,0.6145,0.1926
216,407,3,liquid,0.4153,0.2245,0.0932,0.8734,0.6145,0.1926
216,407,3,distribut,0.1355,0.0366,0.005,0.8734,0.6145,0.1926
216,1225,4,creat,0.5635,0.0648,0.0365,0.8734,0.2925,0.1803
216,1225,4,wave,0.1897,0.0109,0.0021,0.8734,0.2925,0.1803
216,1225,4,investig,0.1355,0.0156,0.0021,0.8734,0.2925,0.1803
216,1225,4,surfac,0.1445,0.0166,0.0024,0.8734,0.2925,0.1803
216,1225,4,pressur,0.0931,0.0321,0.003,0.8734,0.2925,0.1803
216,1269,5,creat,0.5635,0.1281,0.0722,0.8734,0.6351,0.1743
216,1269,5,wave,0.1897,0.1293,0.0245,0.8734,0.6351,0.1743
216,974,6,wave,0.1897,0.0165,0.0031,0.8734,0.4362,0.172
216,974,6,made,0.1381,0.012,0.0017,0.8734,0.4362,0.172
216,974,6,pressur,0.0931,0.0081,0.0008,0.8734,0.4362,0.172
216,974,6,liquid,0.4153,0.1445,0.06,0.8734,0.4362,0.172
216,905,7,investig,0.1355,0.0467,0.0063,0.8734,0.5575,0.1642
216,905,7,made,0.1381,0.0476,0.0066,0.8734,0.5575,0.1642
216,905,7,pressur,0.0931,0.016,0.0015,0.8734,0.5575,0.1642
216,905,7,distribut,0.1355,0.0234,0.0032,0.8734,0.5575,0.1642
216,905,7,static,0.269,0.2319,0.0624,0.8734,0.5575,0.1642
216,1220,8,creat,0.5635,0.0451,0.0254,0.8734,0.342,0.158
216,1220,8,wave,0.1897,0.0911,0.0173,0.8734,0.342,0.158
216,1220,8,investig,0.1355,0.0108,0.0015,0.8734,0.342,0.158
216,1220,8,made,0.1381,0.0221,0.003,0.8734,0.342,0.158
216,175,9,wave,0.1897,0.0542,0.0103,0.8734,0.5158,0.156
216,175,9,investig,0.1355,0.0387,0.0052,0.8734,0.5158,0.156
216,175,9,made,0.1381,0.0789,0.0109,0.8734,0.5158,0.156
216,175,9,pressur,0.0931,0.0266,0.0025,0.8734,0.5158,0.156
216,175,9,static,0.269,0.1537,0.0414,0.8734,0.5158,0.156
216,904,10,made,0.1381,0.0373,0.0052,0.8734,0.4923,0.1519
216,904,10,pressur,0.0931,0.0503,0.0047,0.8734,0.4923,0.1519
216,904,10,distribut,0.1355,0.0244,0.0033,0.8734,0.4923,0.1519
216,904,10,static,0.269,0.1939,0.0522,0.8734,0.4923,0.1519
217,323,1,bodi,0.1564,0.0364,0.0057,0.6432,0.4966,0.316
217,323,1,blunt,0.2303,0.0535,0.0123,0.6432,0.4966,0.316
217,323,1,shock,0.1764,0.041,0.0072,0.6432,0.4966,0.316
217,323,1,vortic,0.3293,0.2297,0.0757,0.6432,0.4966,0.316
217,324,2,effect,0.0953,0.0697,0.0066,0.6432,0.5771,0.315
217,324,2,investig,0.1355,0.0331,0.0045,0.6432,0.5771,0.315
217,324,2,vortic,0.3293,0.3213,0.1058,0.6432,0.5771,0.315
217,1395,3,effect,0.0953,0.0149,0.0014,0.6432,0.3665,0.3008
217,1395,3,investig,0.1355,0.0212,0.0029,0.6432,0.3665,0.3008
217,1395,3,shock,0.1764,0.0276,0.0049,0.6432,0.3665,0.3008
217,1395,3,vortic,0.3293,0.1029,0.0339,0.6432,0.3665,0.3008
217,1395,3,heat,0.1521,0.0713,0.0108,0.6432,0.3665,0.3008
217,1395,3,transfer,0.1907,0.0894,0.017,0.6432,0.3665,0.3008
217,629,4,effect,0.0953,0.042,0.004,0.6432,0.379,0.292
217,629,4,vortic,0.3293,0.1937,0.0638,0.6432,0.379,0.292
217,629,4,heat,0.1521,0.0224,0.0034,0.6432,0.379,0.292
217,180,5,vortic,0.3293,0.2744,0.0904,0.6432,0.516,0.2723
217,559,6,effect,0.0953,0.0173,0.0017,0.6432,0.3583,0.2702
217,559,6,bodi,0.1564,0.0569,0.0089,0.6432,0.3583,0.2702
217,559,6,blunt,0.2303,0.0837,0.0193,0.6432,0.3583,0.2702
217,559,6,heat,0.1521,0.0829,0.0126,0.6432,0.3583,0.2702
217,559,6,transfer,0.1907,0.104,0.0198,0.6432,0.3583,0.2702
217,655,7,effect,0.0953,0.0318,0.003,0.6432,0.3523,0.2494
217,655,7,bodi,0.1564,0.0261,0.0041,0.6432,0.3523,0.2494
217,655,7,blunt,0.2303,0.1151,0.0265,0.6432,0.3523,0.2494
217,655,7,investig,0.1355,0.0226,0.0031,0.6432,0.3523,0.2494
217,655,7,heat,0.1521,0.0507,0.0077,0.6432,0.3523,0.2494
217,655,7,transfer,0.1907,0.0636,0.0121,0.6432,0.3523,0.2494
217,1107,8,effect,0.0953,0.0066,0.0006,0.6432,0.3122,0.2487
217,1107,8,blunt,0.2303,0.08,0.0184,0.6432,0.3122,0.2487
217,1107,8,shock,0.1764,0.049,0.0086,0.6432,0.3122,0.2487
217,1107,8,heat,0.1521,0.0634,0.0096,0.6432,0.3122,0.2487
217,1107,8,transfer,0.1907,0.0662,0.0126,0.6432,0.3122,0.2487
217,1393,9,bodi,0.1564,0.0823,0.0129,0.6432,0.3255,0.2383
217,1393,9,blunt,0.2303,0.0404,0.0093,0.6432,0.3255,0.2383
217,1393,9,investig,0.1355,0.0119,0.0016,0.6432,0.3255,0.2383
217,1393,9,heat,0.1521,0.0667,0.0101,0.6432,0.3255,0.2383
217,1393,9,transfer,0.1907,0.0836,0.0159,0.6432,0.3255,0.2383
217,666,10,effect,0.0953,0.0121,0.0011,0.6432,0.2881,0.2357
217,666,10,bodi,0.1564,0.0594,0.0093,0.6432,0.2881,0.2357
217,666,10,blunt,0.2303,0.0291,0.0067,0.6432,0.2881,0.2357
217,666,10,shock,0.1764,0.0223,0.0039,0.6432,0.2881,0.2357
217,666,10,heat,0.1521,0.0577,0.0088,0.6432,0.2881,0.2357
217,666,10,transfer,0.1907,0.0724,0.0138,0.6432,0.2881,0.2357
218,323,1,bodi,0.2607,0.0364,0.0095,1.1787,0.4966,0.2668
218,323,1,blunt,0.3838,0.0535,0.0205,1.1787,0.4966,0.2668
218,323,1,vortic,0.5488,0.2297,0.1261,1.1787,0.4966,0.2668
218,324,2,vortic,0.5488,0.3213,0.1763,1.1787,0.5771,0.2592
218,629,3,vortic,0.5488,0.1937,0.1063,1.1787,0.379,0.2507
218,629,3,heat,0.2534,0.0224,0.0057,1.1787,0.379,0.2507
218,180,4,vortic,0.5488,0.2744,0.1506,1.1787,0.516,0.2476
218,559,5,bodi,0.2607,0.0569,0.0148,1.1787,0.3583,0.2392
218,559,5,blunt,0.3838,0.0837,0.0321,1.1787,0.3583,0.2392
218,559,5,heat,0.2534,0.0829,0.021,1.1787,0.3583,0.2392
218,559,5,transfer,0.3178,0.104,0.033,1.1787,0.3583,0.2392
218,1395,6,vortic,0.5488,0.1029,0.0565,1.1787,0.3665,0.2383
218,1395,6,heat,0.2534,0.0713,0.0181,1.1787,0.3665,0.2383
218,1395,6,transfer,0.3178,0.0894,0.0284,1.1787,0.3665,0.2383
218,1393,7,bodi,0.2607,0.0823,0.0215,1.1787,0.3255,0.2097
218,1393,7,blunt,0.3838,0.0404,0.0155,1.1787,0.3255,0.2097
218,1393,7,heat,0.2534,0.0667,0.0169,1.1787,0.3255,0.2097
218,1393,7,transfer,0.3178,0.0836,0.0266,1.1787,0.3255,0.2097
218,655,8,bodi,0.2607,0.0261,0.0068,1.1787,0.3523,0.2024
218,655,8,blunt,0.3838,0.1151,0.0442,1.1787,0.3523,0.2024
218,655,8,heat,0.2534,0.0507,0.0128,1.1787,0.3523,0.2024
218,655,8,transfer,0.3178,0.0636,0.0202,1.1787,0.3523,0.2024
218,283,9,bodi,0.2607,0.053,0.0138,1.1787,0.3013,0.1994
218,283,9,blunt,0.3838,0.039,0.015,1.1787,0.3013,0.1994
218,283,9,heat,0.2534,0.0644,0.0163,1.1787,0.3013,0.1994
218,283,9,transfer,0.3178,0.0808,0.0257,1.1787,0.3013,0.1994
218,44,10,bodi,0.2607,0.0477,0.0124,1.1787,0.3,0.1931
218,44,10,blunt,0.3838,0.0983,0.0377,1.1787,0.3,0.1931
218,44,10,heat,0.2534,0.0278,0.007,1.1787,0.3,0.1931
218,44,10,transfer,0.3178,0.0349,0.0111,1.1787,0.3,0.1931
219,1222,1,field,0.3029,0.0883,0.0268,0.5687,0.2776,0.2942
219,1222,1,small,0.2525,0.0295,0.0074,0.5687,0.2776,0.2942
219,1222,1,flow,0.093,0.0434,0.004,0.5687,0.2776,0.2942
219,1222,1,reynold,0.2787,0.0163,0.0045,0.5687,0.2776,0.2942
219,1222,1,number,0.1134,0.0066,0.0008,0.5687,0.2776,0.2942
219,1222,1,general,0.2239,0.0131,0.0029,0.5687,0.2776,0.2942
219,1078,2,flow,0.093,0.0146,0.0014,0.5687,0.4269,0.2444
219,1078,2,reynold,0.2787,0.1754,0.0489,0.5687,0.4269,0.2444
219,1078,2,number,0.1134,0.0803,0.0091,0.5687,0.4269,0.2444
219,668,3,flow,0.093,0.01,0.0009,0.5687,0.3703,0.2359
219,668,3,reynold,0.2787,0.1501,0.0418,0.5687,0.3703,0.2359
219,668,3,number,0.1134,0.0611,0.0069,0.5687,0.3703,0.2359
219,267,4,effect,0.1361,0.0265,0.0036,0.5687,0.3824,0.2144
219,267,4,field,0.3029,0.1374,0.0416,0.5687,0.3824,0.2144
219,267,4,flow,0.093,0.006,0.0006,0.5687,0.3824,0.2144
219,267,4,number,0.1134,0.0074,0.0008,0.5687,0.3824,0.2144
219,579,5,field,0.3029,0.12,0.0364,0.5687,0.3859,0.2115
219,579,5,flow,0.093,0.0369,0.0034,0.5687,0.3859,0.2115
219,579,5,general,0.2239,0.0296,0.0066,0.5687,0.3859,0.2115
219,775,6,field,0.3029,0.1353,0.041,0.5687,0.433,0.2084
219,775,6,flow,0.093,0.1108,0.0103,0.5687,0.433,0.2084
219,1221,7,effect,0.1361,0.0318,0.0043,0.5687,0.4891,0.2025
219,1221,7,field,0.3029,0.0707,0.0214,0.5687,0.4891,0.2025
219,1221,7,small,0.2525,0.0295,0.0074,0.5687,0.4891,0.2025
219,1221,7,flow,0.093,0.0217,0.002,0.5687,0.4891,0.2025
219,1221,7,reynold,0.2787,0.065,0.0181,0.5687,0.4891,0.2025
219,1221,7,number,0.1134,0.0265,0.003,0.5687,0.4891,0.2025
219,1191,8,effect,0.1361,0.01,0.0014,0.5687,0.3033,0.1953
219,1191,8,small,0.2525,0.0186,0.0047,0.5687,0.3033,0.1953
219,1191,8,reynold,0.2787,0.0821,0.0229,0.5687,0.3033,0.1953
219,1191,8,number,0.1134,0.0418,0.0047,0.5687,0.3033,0.1953
219,268,9,field,0.3029,0.1395,0.0423,0.5687,0.4579,0.1937
219,268,9,flow,0.093,0.0257,0.0024,0.5687,0.4579,0.1937
219,268,9,number,0.1134,0.0104,0.0012,0.5687,0.4579,0.1937
219,268,9,general,0.2239,0.0206,0.0046,0.5687,0.4579,0.1937
219,139,10,effect,0.1361,0.0122,0.0017,0.5687,0.4032,0.1895
219,139,10,reynold,0.2787,0.1251,0.0349,0.5687,0.4032,0.1895
219,139,10,number,0.1134,0.0611,0.0069,0.5687,0.4032,0.1895
220,738,1,find,0.2498,0.3407,0.0851,0.5769,0.6264,0.2673
220,738,1,applic,0.1237,0.0241,0.003,0.5769,0.6264,0.2673
220,738,1,problem,0.0978,0.019,0.0019,0.5769,0.6264,0.2673
220,738,1,procedur,0.1845,0.0359,0.0066,0.5769,0.6264,0.2673
220,4,2,laminar,0.1193,0.0381,0.0045,0.5769,0.3448,0.2222
220,4,2,flow,0.0434,0.0416,0.0018,0.5769,0.3448,0.2222
220,4,2,incompress,0.1574,0.1005,0.0158,0.5769,0.3448,0.2222
220,4,2,boundari,0.0728,0.1161,0.0084,0.5769,0.3448,0.2222
220,4,2,problem,0.0978,0.0312,0.0031,0.5769,0.3448,0.2222
220,4,2,layer,0.0812,0.1296,0.0105,0.5769,0.3448,0.2222
220,382,3,comput,0.1616,0.1154,0.0187,0.5769,0.4872,0.2005
220,382,3,laminar,0.1193,0.0852,0.0102,0.5769,0.4872,0.2005
220,382,3,flow,0.0434,0.031,0.0013,0.5769,0.4872,0.2005
220,382,3,incompress,0.1574,0.1124,0.0177,0.5769,0.4872,0.2005
220,382,3,boundari,0.0728,0.052,0.0038,0.5769,0.4872,0.2005
220,382,3,layer,0.0812,0.058,0.0047,0.5769,0.4872,0.2005
220,242,4,find,0.2498,0.0914,0.0228,0.5769,0.4458,0.1861
220,242,4,flow,0.0434,0.0635,0.0028,0.5769,0.4458,0.1861
220,242,4,incompress,0.1574,0.0576,0.0091,0.5769,0.4458,0.1861
220,242,4,boundari,0.0728,0.0266,0.0019,0.5769,0.4458,0.1861
220,242,4,good,0.1554,0.0569,0.0088,0.5769,0.4458,0.1861
220,242,4,layer,0.0812,0.0297,0.0024,0.5769,0.4458,0.1861
220,292,5,laminar,0.1193,0.0247,0.0029,0.5769,0.306,0.1853
220,292,5,flow,0.0434,0.0135,0.0006,0.5769,0.306,0.1853
220,292,5,applic,0.1237,0.0128,0.0016,0.5769,0.306,0.1853
220,292,5,incompress,0.1574,0.0163,0.0026,0.5769,0.306,0.1853
220,292,5,boundari,0.0728,0.0226,0.0016,0.5769,0.306,0.1853
220,292,5,calcul,0.0967,0.03,0.0029,0.5769,0.306,0.1853
220,292,5,accuraci,0.1951,0.0404,0.0079,0.5769,0.306,0.1853
220,292,5,procedur,0.1845,0.0572,0.0106,0.5769,0.306,0.1853
220,292,5,layer,0.0812,0.0252,0.002,0.5769,0.306,0.1853
220,231,6,comput,0.1616,0.0782,0.0126,0.5769,0.3786,0.1833
220,231,6,flow,0.0434,0.021,0.0009,0.5769,0.3786,0.1833
220,231,6,calcul,0.0967,0.0936,0.0091,0.5769,0.3786,0.1833
220,231,6,accuraci,0.1951,0.0472,0.0092,0.5769,0.3786,0.1833
220,231,6,procedur,0.1845,0.0446,0.0082,0.5769,0.3786,0.1833
220,461,7,laminar,0.1193,0.0628,0.0075,0.5769,0.4203,0.1812
220,461,7,flow,0.0434,0.0114,0.0005,0.5769,0.4203,0.1812
220,461,7,incompress,0.1574,0.0414,0.0065,0.5769,0.4203,0.1812
220,461,7,boundari,0.0728,0.0574,0.0042,0.5769,0.4203,0.1812
220,461,7,accuraci,0.1951,0.1027,0.02,0.5769,0.4203,0.1812
220,461,7,layer,0.0812,0.0641,0.0052,0.5769,0.4203,0.1812
220,1192,8,find,0.2498,0.0506,0.0127,0.5769,0.3307,0.1754
220,1192,8,laminar,0.1193,0.0242,0.0029,0.5769,0.3307,0.1754
220,1192,8,boundari,0.0728,0.0442,0.0032,0.5769,0.3307,0.1754
220,1192,8,calcul,0.0967,0.0392,0.0038,0.5769,0.3307,0.1754
220,1192,8,procedur,0.1845,0.0374,0.0069,0.5769,0.3307,0.1754
220,1192,8,layer,0.0812,0.0494,0.004,0.5769,0.3307,0.1754
220,325,9,comput,0.1616,0.0797,0.0129,0.5769,0.2961,0.1741
220,325,9,laminar,0.1193,0.0118,0.0014,0.5769,0.2961,0.1741
220,325,9,flow,0.0434,0.0086,0.0004,0.5769,0.2961,0.1741
220,325,9,incompress,0.1574,0.0155,0.0024,0.5769,0.2961,0.1741
220,325,9,boundari,0.0728,0.0144,0.001,0.5769,0.2961,0.1741
220,325,9,calcul,0.0967,0.0286,0.0028,0.5769,0.2961,0.1741
220,325,9,accuraci,0.1951,0.0385,0.0075,0.5769,0.2961,0.1741
220,325,9,layer,0.0812,0.016,0.0013,0.5769,0.2961,0.1741
220,3,10,flow,0.0434,0.0724,0.0031,0.5769,0.4361,0.1733
220,3,10,incompress,0.1574,0.1312,0.0207,0.5769,0.4361,0.1733
220,3,10,boundari,0.0728,0.1213,0.0088,0.5769,0.4361,0.1733
220,3,10,layer,0.0812,0.1354,0.011,0.5769,0.4361,0.1733
221,1366,1,laminar,0.1626,0.0463,0.0075,0.5986,0.3052,0.2762
221,1366,1,applic,0.1687,0.016,0.0027,0.5986,0.3052,0.2762
221,1366,1,pressur,0.0846,0.0241,0.002,0.5986,0.3052,0.2762
221,1366,1,calcul,0.1319,0.0375,0.005,0.5986,0.3052,0.2762
221,1366,1,arbitrari,0.2526,0.0719,0.0181,0.5986,0.3052,0.2762
221,1366,1,gradient,0.2304,0.0656,0.0151,0.5986,0.3052,0.2762
221,3,2,flow,0.0592,0.0724,0.0043,0.5986,0.4361,0.2654
221,3,2,incompress,0.2147,0.1312,0.0282,0.5986,0.4361,0.2654
221,3,2,pressur,0.0846,0.0517,0.0044,0.5986,0.4361,0.2654
221,3,2,gradient,0.2304,0.1408,0.0324,0.5986,0.4361,0.2654
221,1386,3,laminar,0.1626,0.0398,0.0065,0.5986,0.2717,0.2578
221,1386,3,flow,0.0592,0.0145,0.0009,0.5986,0.2717,0.2578
221,1386,3,applic,0.1687,0.0137,0.0023,0.5986,0.2717,0.2578
221,1386,3,pressur,0.0846,0.0414,0.0035,0.5986,0.2717,0.2578
221,1386,3,calcul,0.1319,0.0215,0.0028,0.5986,0.2717,0.2578
221,1386,3,gradient,0.2304,0.1127,0.026,0.5986,0.2717,0.2578
221,1225,4,paper,0.1769,0.0112,0.002,0.5986,0.2925,0.2459
221,1225,4,flow,0.0592,0.0112,0.0007,0.5986,0.2925,0.2459
221,1225,4,pressur,0.0846,0.0321,0.0027,0.5986,0.2925,0.2459
221,1225,4,calcul,0.1319,0.0167,0.0022,0.5986,0.2925,0.2459
221,1225,4,procedur,0.2515,0.0477,0.012,0.5986,0.2925,0.2459
221,1225,4,gradient,0.2304,0.102,0.0235,0.5986,0.2925,0.2459
221,62,5,laminar,0.1626,0.0201,0.0033,0.5986,0.2863,0.2159
221,62,5,flow,0.0592,0.0037,0.0002,0.5986,0.2863,0.2159
221,62,5,pressur,0.0846,0.0314,0.0027,0.5986,0.2863,0.2159
221,62,5,arbitrari,0.2526,0.0312,0.0079,0.5986,0.2863,0.2159
221,62,5,gradient,0.2304,0.0997,0.023,0.5986,0.2863,0.2159
221,55,6,laminar,0.1626,0.0883,0.0144,0.5986,0.3178,0.2071
221,55,6,flow,0.0592,0.008,0.0005,0.5986,0.3178,0.2071
221,55,6,pressur,0.0846,0.0345,0.0029,0.5986,0.3178,0.2071
221,55,6,gradient,0.2304,0.0939,0.0216,0.5986,0.3178,0.2071
221,292,7,laminar,0.1626,0.0247,0.004,0.5986,0.306,0.1868
221,292,7,flow,0.0592,0.0135,0.0008,0.5986,0.306,0.1868
221,292,7,applic,0.1687,0.0128,0.0022,0.5986,0.306,0.1868
221,292,7,incompress,0.2147,0.0163,0.0035,0.5986,0.306,0.1868
221,292,7,pressur,0.0846,0.0064,0.0005,0.5986,0.306,0.1868
221,292,7,calcul,0.1319,0.03,0.004,0.5986,0.306,0.1868
221,292,7,arbitrari,0.2526,0.0192,0.0048,0.5986,0.306,0.1868
221,292,7,procedur,0.2515,0.0572,0.0144,0.5986,0.306,0.1868
221,435,8,laminar,0.1626,0.0308,0.005,0.5986,0.2809,0.1775
221,435,8,flow,0.0592,0.0112,0.0007,0.5986,0.2809,0.1775
221,435,8,applic,0.1687,0.016,0.0027,0.5986,0.2809,0.1775
221,435,8,pressur,0.0846,0.0241,0.002,0.5986,0.2809,0.1775
221,435,8,calcul,0.1319,0.025,0.0033,0.5986,0.2809,0.1775
221,435,8,arbitrari,0.2526,0.024,0.006,0.5986,0.2809,0.1775
221,435,8,gradient,0.2304,0.0437,0.0101,0.5986,0.2809,0.1775
221,378,9,laminar,0.1626,0.0416,0.0068,0.5986,0.476,0.1718
221,378,9,flow,0.0592,0.0151,0.0009,0.5986,0.476,0.1718
221,378,9,calcul,0.1319,0.0675,0.0089,0.5986,0.476,0.1718
221,378,9,procedur,0.2515,0.1287,0.0324,0.5986,0.476,0.1718
221,73,10,laminar,0.1626,0.0296,0.0048,0.5986,0.2612,0.1713
221,73,10,flow,0.0592,0.0108,0.0006,0.5986,0.2612,0.1713
221,73,10,incompress,0.2147,0.0391,0.0084,0.5986,0.2612,0.1713
221,73,10,problem,0.1333,0.0243,0.0032,0.5986,0.2612,0.1713
221,73,10,gradient,0.2304,0.042,0.0097,0.5986,0.2612,0.1713
222,1400,1,stiffen,0.6101,0.2952,0.1801,0.9328,0.5608,0.6188
222,1400,1,investig,0.2259,0.0219,0.0049,0.9328,0.5608,0.6188
222,1400,1,plate,0.3032,0.1174,0.0356,0.9328,0.5608,0.6188
222,1400,1,shear,0.4415,0.1282,0.0566,0.9328,0.5608,0.6188
222,1400,1,buckl,0.4,0.1161,0.0465,0.9328,0.5608,0.6188
222,1398,2,stiffen,0.6101,0.191,0.1165,0.9328,0.4501,0.5442
222,1398,2,plate,0.3032,0.174,0.0528,0.9328,0.4501,0.5442
222,1398,2,shear,0.4415,0.1152,0.0509,0.9328,0.4501,0.5442
222,1398,2,buckl,0.4,0.0209,0.0083,0.9328,0.4501,0.5442
222,1130,3,stiffen,0.6101,0.3051,0.1861,0.9328,0.5181,0.5334
222,1130,3,investig,0.2259,0.0376,0.0085,0.9328,0.5181,0.5334
222,1130,3,plate,0.3032,0.1011,0.0306,0.9328,0.5181,0.5334
222,1130,3,shear,0.4415,0.0736,0.0325,0.9328,0.5181,0.5334
222,419,4,stiffen,0.6101,0.3051,0.1861,0.9328,0.6463,0.4973
222,419,4,plate,0.3032,0.1263,0.0383,0.9328,0.6463,0.4973
222,419,4,shear,0.4415,0.1104,0.0487,0.9328,0.6463,0.4973
222,419,4,buckl,0.4,0.0667,0.0267,0.9328,0.6463,0.4973
222,1399,5,stiffen,0.6101,0.1464,0.0893,0.9328,0.4665,0.4772
222,1399,5,plate,0.3032,0.1092,0.0331,0.9328,0.4665,0.4772
222,1399,5,shear,0.4415,0.106,0.0468,0.9328,0.4665,0.4772
222,1399,5,buckl,0.4,0.096,0.0384,0.9328,0.4665,0.4772
222,1358,6,stiffen,0.6101,0.2929,0.1787,0.9328,0.7385,0.3792
222,1358,6,plate,0.3032,0.1455,0.0441,0.9328,0.7385,0.3792
222,1358,6,buckl,0.4,0.096,0.0384,0.9328,0.7385,0.3792
222,1357,7,stiffen,0.6101,0.2525,0.154,0.9328,0.6621,0.3646
222,1357,7,plate,0.3032,0.1255,0.038,0.9328,0.6621,0.3646
222,1357,7,buckl,0.4,0.0828,0.0331,0.9328,0.6621,0.3646
222,1397,8,stiffen,0.6101,0.1525,0.0931,0.9328,0.4887,0.3615
222,1397,8,plate,0.3032,0.0758,0.023,0.9328,0.4887,0.3615
222,1397,8,shear,0.4415,0.1104,0.0487,0.9328,0.4887,0.3615
222,888,9,stiffen,0.6101,0.1109,0.0677,0.9328,0.4862,0.3417
222,888,9,buckl,0.4,0.2182,0.0873,0.9328,0.4862,0.3417
222,400,10,plate,0.3032,0.0887,0.0269,0.9328,0.562,0.3388
222,400,10,shear,0.4415,0.1292,0.0571,0.9328,0.562,0.3388
222,400,10,buckl,0.4,0.2342,0.0937,0.9328,0.562,0.3388
223,400,1,rectangular,0.4624,0.1579,0.073,1.3027,0.562,0.3745
223,400,1,plate,0.2599,0.0887,0.0231,1.3027,0.562,0.3745
223,400,1,shear,0.7569,0.1292,0.0978,1.3027,0.562,0.3745
223,400,1,buckl,0.3429,0.2342,0.0803,1.3027,0.562,0.3745
223,1398,2,rectangular,0.4624,0.0844,0.039,1.3027,0.4501,0.3046
223,1398,2,plate,0.2599,0.174,0.0452,1.3027,0.4501,0.3046
223,1398,2,shear,0.7569,0.1152,0.0872,1.3027,0.4501,0.3046
223,1398,2,buckl,0.3429,0.0209,0.0072,1.3027,0.4501,0.3046
223,1399,3,rectangular,0.4624,0.0647,0.0299,1.3027,0.4665,0.2999
223,1399,3,paper,0.278,0.0389,0.0108,1.3027,0.4665,0.2999
223,1399,3,plate,0.2599,0.1092,0.0284,1.3027,0.4665,0.2999
223,1399,3,shear,0.7569,0.106,0.0802,1.3027,0.4665,0.2999
223,1399,3,buckl,0.3429,0.096,0.0329,1.3027,0.4665,0.2999
223,393,4,plate,0.2599,0.107,0.0278,1.3027,0.532,0.2954
223,393,4,shear,0.7569,0.2337,0.1769,1.3027,0.532,0.2954
223,3,5,plate,0.2599,0.1011,0.0263,1.3027,0.4361,0.2423
223,3,5,shear,0.7569,0.1472,0.1114,1.3027,0.4361,0.2423
223,1121,6,plate,0.2599,0.0233,0.0061,1.3027,0.3976,0.2421
223,1121,6,shear,0.7569,0.1019,0.0771,1.3027,0.3976,0.2421
223,1121,6,buckl,0.3429,0.1231,0.0422,1.3027,0.3976,0.2421
223,484,7,shear,0.7569,0.1656,0.1253,1.3027,0.4004,0.2403
223,659,8,shear,0.7569,0.1743,0.1319,1.3027,0.4249,0.2383
223,4,9,plate,0.2599,0.0774,0.0201,1.3027,0.3448,0.2348
223,4,9,shear,0.7569,0.1127,0.0853,1.3027,0.3448,0.2348
223,418,10,shear,0.7569,0.2091,0.1583,1.3027,0.5182,0.2345
224,1312,1,shock,0.126,0.1653,0.0208,0.7025,0.4703,0.426
224,1312,1,tube,0.213,0.1398,0.0298,0.7025,0.4703,0.426
224,1312,1,nitrogen,0.3194,0.0699,0.0223,0.7025,0.4703,0.426
224,1312,1,equilibrium,0.2027,0.133,0.027,0.7025,0.4703,0.426
224,1312,1,use,0.0717,0.0157,0.0011,0.7025,0.4703,0.426
224,1312,1,assumpt,0.183,0.04,0.0073,0.7025,0.4703,0.426
224,1312,1,thermodynam,0.2722,0.1191,0.0324,0.7025,0.4703,0.426
224,1286,2,shock,0.126,0.1102,0.0139,0.7025,0.4662,0.301
224,1286,2,tube,0.213,0.0932,0.0198,0.7025,0.4662,0.301
224,1286,2,nitrogen,0.3194,0.1397,0.0446,0.7025,0.4662,0.301
224,1286,2,equilibrium,0.2027,0.0887,0.018,0.7025,0.4662,0.301
224,1286,2,use,0.0717,0.0314,0.0022,0.7025,0.4662,0.301
224,236,3,equilibrium,0.2027,0.1811,0.0367,0.7025,0.4427,0.2735
224,236,3,use,0.0717,0.032,0.0023,0.7025,0.4427,0.2735
224,236,3,flow,0.0465,0.0416,0.0019,0.7025,0.4427,0.2735
224,236,3,thermodynam,0.2722,0.1621,0.0441,0.7025,0.4427,0.2735
224,317,4,non,0.2215,0.0716,0.0159,0.7025,0.3745,0.254
224,317,4,shock,0.126,0.0407,0.0051,0.7025,0.3745,0.254
224,317,4,equilibrium,0.2027,0.1091,0.0221,0.7025,0.3745,0.254
224,317,4,use,0.0717,0.0077,0.0006,0.7025,0.3745,0.254
224,317,4,assumpt,0.183,0.0197,0.0036,0.7025,0.3745,0.254
224,317,4,flow,0.0465,0.025,0.0012,0.7025,0.3745,0.254
224,317,4,thermodynam,0.2722,0.0586,0.016,0.7025,0.3745,0.254
224,317,4,hyperson,0.1506,0.0162,0.0024,0.7025,0.3745,0.254
224,1298,5,shock,0.126,0.0534,0.0067,0.7025,0.543,0.2446
224,1298,5,nitrogen,0.3194,0.271,0.0866,0.7025,0.543,0.2446
224,259,6,nitrogen,0.3194,0.0932,0.0298,0.7025,0.3774,0.2171
224,259,6,equilibrium,0.2027,0.0296,0.006,0.7025,0.3774,0.2171
224,259,6,flow,0.0465,0.0068,0.0003,0.7025,0.3774,0.2171
224,259,6,close,0.1914,0.0558,0.0107,0.7025,0.3774,0.2171
224,259,6,thermodynam,0.2722,0.0397,0.0108,0.7025,0.3774,0.2171
224,396,7,equilibrium,0.2027,0.0728,0.0147,0.7025,0.6227,0.216
224,396,7,thermodynam,0.2722,0.2931,0.0798,0.7025,0.6227,0.216
224,175,8,shock,0.126,0.0504,0.0063,0.7025,0.5158,0.2106
224,175,8,tube,0.213,0.2556,0.0544,0.7025,0.5158,0.2106
224,175,8,flow,0.0465,0.0186,0.0009,0.7025,0.5158,0.2106
224,175,8,close,0.1914,0.0766,0.0147,0.7025,0.5158,0.2106
224,110,9,shock,0.126,0.0782,0.0098,0.7025,0.2682,0.1972
224,110,9,equilibrium,0.2027,0.0559,0.0113,0.7025,0.2682,0.1972
224,110,9,use,0.0717,0.0049,0.0004,0.7025,0.2682,0.1972
224,110,9,flow,0.0465,0.0064,0.0003,0.7025,0.2682,0.1972
224,110,9,thermodynam,0.2722,0.0563,0.0153,0.7025,0.2682,0.1972
224,1314,10,shock,0.126,0.2051,0.0258,0.7025,0.5989,0.1929
224,1314,10,tube,0.213,0.1387,0.0295,0.7025,0.5989,0.1929
224,1314,10,use,0.0717,0.0233,0.0017,0.7025,0.5989,0.1929
224,1314,10,thermodynam,0.2722,0.0886,0.0241,0.7025,0.5989,0.1929
225,1380,1,control,0.3133,0.0189,0.0059,0.6479,0.3584,0.4336
225,1380,1,drag,0.2317,0.1396,0.0323,0.6479,0.3584,0.4336
225,1380,1,design,0.2274,0.0274,0.0062,0.6479,0.3584,0.4336
225,1380,1,number,0.0794,0.0048,0.0004,0.6479,0.3584,0.4336
225,1380,1,lift,0.2175,0.131,0.0285,0.6479,0.3584,0.4336
225,1380,1,ratio,0.1554,0.1123,0.0175,0.6479,0.3584,0.4336
225,1380,1,factor,0.2862,0.0345,0.0099,0.6479,0.3584,0.4336
225,1188,2,use,0.1004,0.0088,0.0009,0.6479,0.3365,0.3386
225,1188,2,drag,0.2317,0.0813,0.0188,0.6479,0.3365,0.3386
225,1188,2,mach,0.1283,0.0563,0.0072,0.6479,0.3365,0.3386
225,1188,2,design,0.2274,0.02,0.0045,0.6479,0.3365,0.3386
225,1188,2,five,0.1731,0.0455,0.0079,0.6479,0.3365,0.3386
225,1188,2,number,0.0794,0.0279,0.0022,0.6479,0.3365,0.3386
225,1188,2,lift,0.2175,0.0763,0.0166,0.6479,0.3365,0.3386
225,1188,2,ratio,0.1554,0.0545,0.0085,0.6479,0.3365,0.3386
225,1188,2,factor,0.2862,0.0251,0.0072,0.6479,0.3365,0.3386
225,1124,3,use,0.1004,0.0209,0.0021,0.6479,0.4729,0.3161
225,1124,3,drag,0.2317,0.1448,0.0336,0.6479,0.4729,0.3161
225,1124,3,design,0.2274,0.0948,0.0216,0.6479,0.4729,0.3161
225,1124,3,lift,0.2175,0.136,0.0296,0.6479,0.4729,0.3161
225,1124,3,ratio,0.1554,0.0647,0.0101,0.6479,0.4729,0.3161
225,638,4,control,0.3133,0.1729,0.0542,0.6479,0.4451,0.2923
225,638,4,use,0.1004,0.0138,0.0014,0.6479,0.4451,0.2923
225,638,4,drag,0.2317,0.032,0.0074,0.6479,0.4451,0.2923
225,638,4,lift,0.2175,0.075,0.0163,0.6479,0.4451,0.2923
225,638,4,ratio,0.1554,0.0321,0.005,0.6479,0.4451,0.2923
225,368,5,control,0.3133,0.2474,0.0775,0.6479,0.5019,0.2843
225,368,5,use,0.1004,0.0132,0.0013,0.6479,0.5019,0.2843
225,368,5,design,0.2274,0.0599,0.0136,0.6479,0.5019,0.2843
225,1291,6,use,0.1004,0.0059,0.0006,0.6479,0.5044,0.2605
225,1291,6,drag,0.2317,0.1908,0.0442,0.6479,0.5044,0.2605
225,1291,6,five,0.1731,0.0305,0.0053,0.6479,0.5044,0.2605
225,1291,6,lift,0.2175,0.1024,0.0223,0.6479,0.5044,0.2605
225,1291,6,ratio,0.1554,0.0823,0.0128,0.6479,0.5044,0.2605
225,279,7,use,0.1004,0.0154,0.0016,0.6479,0.481,0.2491
225,279,7,drag,0.2317,0.2495,0.0578,0.6479,0.481,0.2491
225,279,7,lift,0.2175,0.0669,0.0146,0.6479,0.481,0.2491
225,279,7,ratio,0.1554,0.0239,0.0037,0.6479,0.481,0.2491
225,226,8,drag,0.2317,0.113,0.0262,0.6479,0.384,0.244
225,226,8,mach,0.1283,0.0313,0.004,0.6479,0.384,0.244
225,226,8,number,0.0794,0.0194,0.0015,0.6479,0.384,0.244
225,226,8,lift,0.2175,0.1061,0.0231,0.6479,0.384,0.244
225,226,8,ratio,0.1554,0.0379,0.0059,0.6479,0.384,0.244
225,674,9,drag,0.2317,0.0579,0.0134,0.6479,0.3361,0.2367
225,674,9,mach,0.1283,0.016,0.0021,0.6479,0.3361,0.2367
225,674,9,design,0.2274,0.0569,0.0129,0.6479,0.3361,0.2367
225,674,9,five,0.1731,0.0433,0.0075,0.6479,0.3361,0.2367
225,674,9,number,0.0794,0.0099,0.0008,0.6479,0.3361,0.2367
225,674,9,lift,0.2175,0.0544,0.0118,0.6479,0.3361,0.2367
225,674,9,ratio,0.1554,0.0194,0.003,0.6479,0.3361,0.2367
225,1256,10,drag,0.2317,0.1782,0.0413,0.6479,0.5493,0.2319
225,1256,10,number,0.0794,0.0611,0.0048,0.6479,0.5493,0.2319
225,1256,10,lift,0.2175,0.1673,0.0364,0.6479,0.5493,0.2319
