Term,DF,IDF_BM25,Max_TF,Max_BM25_Score
plateau,1,6.8395,1,4.8443
bakanov,1,6.8395,1,7.6955
sixtwofebon,1,6.8395,1,8.8642
pole,1,6.8395,1,8.676
gorcum,1,6.8395,2,12.1953
lindsey,1,6.8395,1,6.3748
daley,1,6.8395,1,6.3748
humphrey,1,6.8395,1,6.3748
jetlik,1,6.8395,2,9.392
wakelik,1,6.8395,2,9.392
characteristi,1,6.8395,1,5.3171
heimenz,1,6.8395,1,6.1125
millikan,1,6.8395,1,6.1125
contempl,1,6.8395,1,5.3171
superfast,1,6.8395,1,7.284
nonalign,1,6.8395,1,7.284
boiloff,1,6.8395,1,6.7991
vent,1,6.8395,1,6.7991
deflagr,1,6.8395,1,6.7991
dorodnitzin,1,6.8395,1,6.7991
tomotika,1,6.8395,1,6.6067
unsepar,1,6.8395,1,8.1159
garabedian,1,6.8395,1,5.7471
rectangl,1,6.8395,2,8.7625
yuan,1,6.8395,1,5.5708
reaffirm,1,6.8395,1,5.3344
readi,1,6.8395,1,8.4082
usa,1,6.8395,1,8.4082
goodier,1,6.8395,1,8.4082
salmon,1,6.8395,1,8.4082
bleich,1,6.8395,1,8.4082
enskog,1,6.8395,1,7.6955
deryagin,1,6.8395,1,7.6955
translatori,1,6.8395,1,5.3344
synthes,1,6.8395,1,7.1564
weaker,1,6.8395,1,4.9922
pyramid,1,6.8395,1,4.9922
subarc,1,6.8395,1,3.6778
switch,1,6.8395,1,3.6778
weierstrass,1,6.8395,1,3.6778
erdmann,1,6.8395,1,3.6778
nonneg,1,6.8395,1,3.6778
centripet,1,6.8395,1,3.6778
denc,1,6.8395,1,5.7878
furnac,1,6.8395,1,7.9968
indetermin,1,6.8395,1,4.1652
acrothermoelast,1,6.8395,1,7.5533
aerelast,1,6.8395,1,7.5533
lennard,1,6.8395,1,5.6871
nbs,1,6.8395,1,5.6871
dilut,1,6.8395,1,5.6871
dalton,1,6.8395,1,5.6871
gibb,1,6.8395,1,5.6871
iodin,1,6.8395,1,5.6871
hirshfeld,1,6.8395,1,8.8642
hroma,1,6.8395,1,7.9968
jchemphystwenti,1,6.8395,1,8.8642
calib,1,6.8395,1,7.9968
underexpand,1,6.8395,1,5.3519
mccune,1,6.8395,1,6.9732
grad,1,6.8395,1,6.9732
hyperlipt,1,6.8395,1,6.9732
unperturb,1,6.8395,2,10.4089
locus,1,6.8395,1,7.1564
expound,1,6.8395,1,8.4082
unfil,1,6.8395,1,6.7709
neighbour,1,6.8395,1,5.441
liapunov,1,6.8395,3,14.2663
devreas,1,6.8395,1,6.2054
sixteenzero,1,6.8395,1,6.2054
millimet,1,6.8395,1,6.1355
routh,1,6.8395,1,8.8642
hurwitz,1,6.8395,1,8.8642
eulerian,1,6.8395,1,5.1822
quadruplet,1,6.8395,1,5.1822
cornel,1,6.8395,1,6.0897
morn,1,6.8395,1,7.8811
colloc,1,6.8395,3,11.6827
tempratur,1,6.8395,1,6.3254
fewer,1,6.8395,1,6.2769
reinvestig,1,6.8395,1,8.8642
claus,1,6.8395,3,14.2663
improp,1,6.8395,1,6.4503
capillari,1,6.8395,2,12.3801
lost,1,6.8395,1,4.1759
parabola,1,6.8395,1,5.6871
delimit,1,6.8395,1,5.6871
daytim,1,6.8395,1,4.1759
nocturn,1,6.8395,2,6.9394
dudx,1,6.8395,1,5.4959
errat,1,6.8395,2,8.2329
struck,1,6.8395,1,5.1495
intensifi,1,6.8395,1,5.1495
intensif,1,6.8395,1,5.1495
deeper,1,6.8395,1,5.1495
stronger,1,6.8395,1,5.1495
gortler,1,6.8395,1,8.1564
4th,1,6.8395,1,7.0031
jouguet,1,6.8395,2,11.0418
strengthen,1,6.8395,1,6.7709
periment,1,6.8395,1,7.8811
assort,1,6.8395,1,6.1125
midspan,1,6.8395,2,9.1552
undesir,1,6.8395,1,6.9435
rudimentari,1,6.8395,1,6.9435
accentu,1,6.8395,1,6.9435
hangl,1,6.8395,1,6.9435
threezerozero,1,6.8395,1,5.8921
chase,1,6.8395,1,7.4841
crush,1,6.8395,2,10.9677
macadam,1,6.8395,1,7.4841
taxi,1,6.8395,1,7.4841
inadvert,1,6.8395,1,7.4841
vtolstol,1,6.8395,1,7.4841
multipropel,1,6.8395,1,7.4841
superfici,1,6.8395,1,6.2769
dent,1,6.8395,1,6.2769
electrohydrodynam,1,6.8395,1,7.6595
vision,1,6.8395,1,6.2769
obliter,1,6.8395,1,6.2769
snow,1,6.8395,1,6.2769
threefour,1,6.8395,1,6.2769
spray,1,6.8395,1,6.1819
soak,1,6.8395,1,6.1819
dielectr,1,6.8395,1,7.7687
slower,1,6.8395,1,6.9435
upflow,1,6.8395,1,6.9435
inapplic,1,6.8395,1,7.1564
halfway,1,6.8395,1,5.707
oneeight,1,6.8395,1,7.0942
nonisentrop,1,6.8395,1,6.229
paint,1,6.8395,1,4.7875
x10,1,6.8395,1,4.7875
mirel,1,6.8395,1,7.2196
acrothermochemistri,1,6.8395,1,7.6595
flex,1,6.8395,2,6.4467
syng,1,6.8395,2,6.4467
ifer,1,6.8395,1,6.5276
dilat,1,6.8395,1,5.3171
outermost,1,6.8395,1,5.3171
merger,1,6.8395,1,5.3171
bolshakov,1,6.8395,1,5.3171
loitsianskii,1,6.8395,1,5.3171
rfive,1,6.8395,3,8.3572
coulomb,1,6.8395,1,8.7691
conductor,1,6.8395,2,12.287
rfour,1,6.8395,1,3.8241
mahoni,1,6.8395,1,4.4246
termwis,1,6.8395,1,5.441
nonplanar,1,6.8395,1,5.441
teeth,1,6.8395,1,4.1441
silenc,1,6.8395,1,4.1441
schemat,1,6.8395,1,4.1441
hitherto,1,6.8395,1,7.5883
reserv,1,6.8395,1,6.0003
fale,1,6.8395,1,6.0003
overshadow,1,6.8395,1,6.0003
instant,1,6.8395,1,6.0003
momentari,1,6.8395,2,9.2853
rung,1,6.8395,1,6.4249
integrand,1,6.8395,1,6.4249
integro,1,6.8395,1,6.4249
gyroscop,1,6.8395,7,14.6242
maxwel,1,6.8395,1,6.885
martin,1,6.8395,1,7.2196
hemi,1,6.8395,1,6.0897
fouron,1,6.8395,1,5.9566
cumbersom,1,6.8395,1,5.7878
lose,1,6.8395,1,5.441
age,1,6.8395,1,6.9435
aerotherm,1,6.8395,1,6.9435
seventwo,1,6.8395,1,3.8241
recov,1,6.8395,1,5.5899
unsteadili,1,6.8395,1,8.1159
six000degreek,1,6.8395,1,5.7471
complimentari,1,6.8395,1,7.1564
noncommun,1,6.8395,1,5.232
nonorthogon,1,6.8395,1,5.232
krasilshchikova,1,6.8395,1,5.232
evvard,1,6.8395,1,5.232
helic,1,6.8395,1,5.232
f8u,1,6.8395,1,7.1564
fivetwo,1,6.8395,1,3.8241
hypass,1,6.8395,1,7.1564
sugar,1,6.8395,1,7.1564
shortest,1,6.8395,1,7.0636
eniac,1,6.8395,1,7.0636
one700f,1,6.8395,1,4.6913
holder,1,6.8395,1,4.6913
nonslend,1,6.8395,1,5.1495
semidiamet,1,6.8395,1,7.6955
pseudo,1,6.8395,1,5.3872
cast,1,6.8395,1,5.3872
depict,1,6.8395,1,5.3872
unresolv,1,6.8395,1,7.8811
inhomogen,1,6.8395,1,6.6878
haack,1,6.8395,1,4.2966
scar,1,6.8395,1,4.2966
ask,1,6.8395,1,5.3695
implement,1,6.8395,1,4.2966
kelley,1,6.8395,1,7.2516
isofoam,1,6.8395,1,4.977
balsa,1,6.8395,1,4.977
overhang,1,6.8395,1,5.405
inadmiss,1,6.8395,1,6.6878
semiballist,1,6.8395,1,4.977
unconstrain,1,6.8395,1,7.6595
nullifi,1,6.8395,1,6.6878
eter,1,6.8395,1,7.2516
unrealist,1,6.8395,1,7.8811
oversimplifi,1,6.8395,1,7.8811
glycerin,1,6.8395,1,6.3748
hydroballist,1,6.8395,1,6.3748
elong,1,6.8395,1,6.3748
reshotko,1,6.8395,1,5.7471
aerothermodynam,1,6.8395,1,5.7471
veociti,1,6.8395,1,5.727
4ft,1,6.8395,1,9.0608
subsidiari,1,6.8395,1,5.5331
coher,1,6.8395,1,5.5331
motionless,1,6.8395,1,7.9578
consumpt,1,6.8395,1,6.6067
sesir,1,6.8395,1,6.6067
shockless,1,6.8395,1,6.6067
acrodynam,1,6.8395,2,9.9951
mhd,1,6.8395,1,7.3166
dust,1,6.8395,1,6.0897
utilz,1,6.8395,1,6.0897
dewpoint,1,6.8395,1,6.0897
lockhe,1,6.8395,1,5.9135
abbrevi,1,6.8395,1,5.9135
ribbon,1,6.8395,1,6.0897
hypersoul,1,6.8395,1,4.9922
ponderomot,1,6.8395,1,7.0031
murphi,1,6.8395,3,10.5287
bounari,1,6.8395,1,5.3344
liouvill,1,6.8395,1,7.8433
sturm,1,6.8395,1,7.8433
steamlin,1,6.8395,1,7.8433
undersid,1,6.8395,1,7.8433
curtain,1,6.8395,2,11.3485
tical,1,6.8395,1,5.3695
subtend,1,6.8395,1,5.7674
cosin,1,6.8395,1,4.9922
avov,1,6.8395,1,4.9922
summat,1,6.8395,1,4.9922
pli,1,6.8395,1,7.6955
electro,1,6.8395,1,5.405
termperatur,1,6.8395,1,5.7674
intract,1,6.8395,1,7.6955
annul,1,6.8395,1,5.7674
kuo,1,6.8395,1,5.7674
foredrag,1,6.8395,1,4.7596
poincar,1,6.8395,1,5.7674
spirit,1,6.8395,1,5.7674
circuit,1,6.8395,1,7.7687
portious,1,6.8395,1,5.7674
plk,1,6.8395,1,5.7674
maximuin,1,6.8395,1,7.8811
dipol,1,6.8395,1,6.2054
chap,1,6.8395,1,5.405
photoelast,1,6.8395,1,7.0636
r82,1,6.8395,1,6.9142
p43,1,6.8395,1,7.9193
l40,1,6.8395,1,7.7319
ultracentrifug,1,6.8395,1,7.9193
protein,1,6.8395,1,7.9193
isotop,1,6.8395,1,7.9193
sediment,1,6.8395,1,7.9193
aeroballist,1,6.8395,1,8.1973
havelock,1,6.8395,3,13.2629
ardc,1,6.8395,1,6.9435
75degre,1,6.8395,1,6.9435
65degre,1,6.8395,1,6.9435
quest,1,6.8395,1,7.7687
hise,1,6.8395,1,7.5185
chernyi,1,6.8395,1,7.5185
apoge,1,6.8395,1,8.9614
enorm,1,6.8395,1,4.4853
graze,1,6.8395,1,8.9614
decomposit,1,6.8395,1,4.4853
platinum,1,6.8395,1,6.4249
spreiter,1,6.8395,1,7.3166
hosokawa,1,6.8395,1,7.3166
blend,1,6.8395,1,4.4487
prebuckl,1,6.8395,1,7.9968
fpre,1,6.8395,2,7.312
frontal,1,6.8395,1,7.1879
aob,1,6.8395,2,10.6462
peng,1,6.8395,2,12.3334
pindroh,1,6.8395,2,12.3334
hansen,1,6.8395,1,8.8164
liabl,1,6.8395,1,7.6237
closest,1,6.8395,1,7.6237
redefinit,1,6.8395,1,6.1819
serbin,1,6.8395,1,9.2663
johnson,1,6.8395,1,5.2998
geiger,1,6.8395,1,9.2663
buzz,1,6.8395,2,11.1931
profound,1,6.8395,1,9.0109
constanc,1,6.8395,1,4.9024
con,1,6.8395,1,4.9024
coefstant,1,6.8395,1,4.9024
ficient,1,6.8395,1,4.9024
rod,1,6.8395,2,10.1819
spoken,1,6.8395,1,4.9024
communic,1,6.8395,1,4.9024
dirichlet,1,6.8395,1,6.229
newli,1,6.8395,1,6.229
laguerr,1,6.8395,1,4.9024
superscript,1,6.8395,1,6.229
practition,1,6.8395,1,7.5883
skill,1,6.8395,1,7.5883
nice,1,6.8395,1,4.9024
old,1,6.8395,1,8.7691
puzzl,1,6.8395,1,4.9024
mesh,1,6.8395,2,12.241
compet,1,6.8395,1,4.9024
afresh,1,6.8395,1,4.9024
hemispheroid,1,6.8395,1,5.4959
orlfic,1,6.8395,1,5.4959
joul,1,6.8395,4,14.4846
gravalo,1,6.8395,1,9.2663
goe,1,6.8395,1,7.8058
edelfelt,1,6.8395,1,9.2663
gordon,1,6.8395,1,9.2663
stokess,1,6.8395,1,7.7319
elliott,1,6.8395,1,7.3827
worst,1,6.8395,1,4.4487
packard,1,6.8395,1,4.4487
potentiomet,1,6.8395,1,4.9171
glassi,1,6.8395,2,10.1819
today,1,6.8395,1,6.7991
repli,1,6.8395,1,6.7709
detra,1,6.8395,1,6.7709
hidalgo,1,6.8395,1,6.7709
violat,1,6.8395,1,6.1586
feldman,1,6.8395,1,7.2516
laszlo,1,6.8395,1,8.4082
almen,1,6.8395,1,8.4082
ar,1,6.8395,1,7.2516
mountain,1,6.8395,4,12.9367
radon,1,6.8395,1,6.1355
versatil,1,6.8395,1,7.3166
cope,1,6.8395,1,6.2528
1x10,1,6.8395,1,5.3519
immov,1,6.8395,1,5.8291
reiss,1,6.8395,1,5.8291
keller,1,6.8395,1,5.8291
4x10,1,6.8395,1,5.3519
dropoff,1,6.8395,1,6.4249
grimming,1,6.8395,1,6.6878
kzero,1,6.8395,1,6.4503
ktwo,1,6.8395,1,6.4503
noninsul,1,6.8395,1,5.405
dashin,1,6.8395,1,4.1336
two000degreek,1,6.8395,1,4.1336
four000degreek,1,6.8395,1,4.1336
benser,1,6.8395,1,3.9728
inst,1,6.8395,1,8.4956
equilibr,1,6.8395,1,6.1125
minnesota,1,6.8395,1,8.8164
pursu,1,6.8395,1,8.8164
conpress,1,6.8395,1,6.743
reflex,1,6.8395,1,4.4487
hammerhead,1,6.8395,2,7.312
micromanomet,1,6.8395,1,4.9171
administr,1,6.8395,1,7.0332
manomet,1,6.8395,1,4.9171
distant,1,6.8395,1,7.5533
reimping,1,6.8395,1,7.5533
ussr,1,6.8395,1,9.4266
nonun,1,6.8395,1,8.6302
enc,1,6.8395,1,5.441
streak,1,6.8395,3,10.6661
drum,1,6.8395,2,8.6011
camera,1,6.8395,2,8.6011
dorod,1,6.8395,1,6.743
extra,1,6.8395,1,5.3171
nitzyn,1,6.8395,1,6.743
infit,1,6.8395,1,8.7691
gothic,1,6.8395,1,8.1159
8n,1,6.8395,2,8.3166
electroform,1,6.8395,1,7.0942
co2,1,6.8395,1,5.2153
o2,1,6.8395,1,5.2153
h2,1,6.8395,2,8.3166
h2o,1,6.8395,1,5.2153
nicolson,1,6.8395,1,5.2153
crank,1,6.8395,1,5.2153
caret,1,6.8395,2,11.1549
undersurfac,1,6.8395,2,11.1549
plast,1,6.8395,1,6.9142
slug,1,6.8395,1,5.2998
apropri,1,6.8395,1,9.3191
scan,1,6.8395,1,7.8433
wavelengthzero,1,6.8395,1,7.3495
bulg,1,6.8395,1,5.871
maeder,1,6.8395,1,7.9193
acet,1,6.8395,1,5.871
cellulos,1,6.8395,1,5.871
papreg,1,6.8395,1,5.871
groov,1,6.8395,1,5.871
foundat,1,6.8395,1,8.3226
sequel,1,6.8395,1,6.9142
repair,1,6.8395,1,6.9142
basin,1,6.8395,1,6.9142
perplex,1,6.8395,1,6.2528
keuneon,1,6.8395,1,8.2386
octahedr,1,6.8395,1,7.3827
secant,1,6.8395,2,11.9283
chester,1,6.8395,2,11.0792
u1,1,6.8395,2,9.079
u2u1,1,6.8395,1,5.8291
whisker,1,6.8395,1,7.2516
erfc,1,6.8395,6,14.4496
midchord,1,6.8395,1,6.2528
jmin,1,6.8395,2,9.079
recurr,1,6.8395,1,5.8291
centaur,1,6.8395,1,6.0224
dashn,1,6.8395,1,5.8291
windtunnel,1,6.8395,1,7.1564
dampomet,1,6.8395,1,7.1564
cathod,1,6.8395,1,7.1564
jmjn,1,6.8395,1,5.8291
crosscorrel,1,6.8395,3,13.335
handbook,1,6.8395,1,7.5883
firmer,1,6.8395,1,7.8433
dand,1,6.8395,1,7.8058
hysteret,1,6.8395,1,6.6606
castolit,1,6.8395,1,7.9193
lyon,1,6.8395,1,6.6606
randon,1,6.8395,1,6.6606
satelit,1,6.8395,1,8.1159
epoxi,1,6.8395,1,7.9193
hysol,1,6.8395,1,7.9193
beskin,1,6.8395,1,9.0608
dissert,1,6.8395,1,5.609
wissler,1,6.8395,1,5.609
transamermathsocthirti,1,6.8395,1,5.609
langer,1,6.8395,1,5.609
nonhomogen,1,6.8395,1,5.609
toriconic1a,1,6.8395,1,6.0671
toricon,1,6.8395,2,9.3651
unflang,1,6.8395,1,7.7319
ink,1,6.8395,1,6.3254
prism,1,6.8395,1,7.7319
interim,1,6.8395,1,5.5144
vapour,1,6.8395,5,13.7343
fog,1,6.8395,2,9.181
undergon,1,6.8395,1,5.5144
psi,1,6.8395,1,5.5144
edit,1,6.8395,1,5.5144
caution,1,6.8395,1,5.5144
latent,1,6.8395,1,5.9135
threshold,1,6.8395,1,8.1159
embryon,1,6.8395,1,8.1159
kendrick,1,6.8395,2,11.6312
keuleganon,1,6.8395,1,7.5533
subaudio,1,6.8395,1,7.1564
audio,1,6.8395,1,7.1564
sextic,1,6.8395,4,14.3573
30th,1,6.8395,1,6.8275
dismiss,1,6.8395,1,4.7184
annual,1,6.8395,1,6.8275
jan,1,6.8395,1,6.8275
eleg,1,6.8395,1,4.7184
unhappi,1,6.8395,1,7.3827
ber,1,6.8395,1,7.3827
lucid,1,6.8395,1,4.7184
brooklyn,1,6.8395,1,7.9968
polytechn,1,6.8395,1,7.9968
typographi,1,6.8395,1,7.3827
eq,1,6.8395,1,7.3827
unabl,1,6.8395,1,6.8275
rocketon,1,6.8395,1,5.707
haveg,1,6.8395,1,5.707
typograph,1,6.8395,1,7.3827
veiociti,1,6.8395,1,4.4246
unman,1,6.8395,1,5.707
lamin,1,6.8395,1,8.3226
melamin,1,6.8395,1,8.3226
polystyren,1,6.8395,1,8.3226
elevenzero,1,6.8395,2,11.8419
upward,1,6.8395,3,11.655
redirect,1,6.8395,2,10.1819
inappropri,1,6.8395,1,4.4246
entitl,1,6.8395,1,4.4246
buri,1,6.8395,4,14.7793
fivetwenti,1,6.8395,1,5.232
tractor,1,6.8395,1,5.232
ia,1,6.8395,1,6.8275
btulb,1,6.8395,1,7.4162
nonabl,1,6.8395,1,7.4162
aerothermoelast,1,6.8395,9,15.9952
locktwo,1,6.8395,1,7.5533
f40umer,1,6.8395,1,7.5533
quartic,1,6.8395,1,7.5533
choleski,1,6.8395,1,8.0758
fzero,1,6.8395,3,13.335
5d,1,6.8395,1,7.8433
cuss,1,6.8395,1,7.8433
sutton,1,6.8395,1,8.3652
laminari,1,6.8395,1,7.9968
admixtur,1,6.8395,1,7.9968
three8x10,1,6.8395,1,5.6871
reliev,1,6.8395,1,7.9968
unblunt,1,6.8395,1,7.0942
access,1,6.8395,1,7.8058
inconel,1,6.8395,1,7.4162
look,1,6.8395,1,5.7878
creas,1,6.8395,1,4.8877
facet,1,6.8395,1,5.7878
incom,1,6.8395,1,7.5883
backward,1,6.8395,1,7.5883
announc,1,6.8395,1,6.8275
nautic,1,6.8395,2,12.3801
boost,1,6.8395,1,8.8642
msvo,1,6.8395,1,6.8275
etal,1,6.8395,1,6.8275
three800degre,1,6.8395,1,8.1159
two400degre,1,6.8395,1,8.1159
polym,1,6.8395,1,8.1159
sigular,1,6.8395,1,5.7878
seventeenf,1,6.8395,1,6.7153
e56b03b,1,6.8395,1,8.3226
unintent,1,6.8395,1,7.6237
centroid,1,6.8395,1,5.7471
neater,1,6.8395,1,9.8233
curl,1,6.8395,1,8.1564
child,1,6.8395,1,5.4229
korst,1,6.8395,1,5.4229
haag,1,6.8395,1,9.7066
twelvezero,1,6.8395,1,7.3166
kingdom,1,6.8395,1,7.3166
einbind,1,6.8395,1,7.1879
sedov,1,6.8395,2,10.6462
heaslet,1,6.8395,1,7.8433
lomax,1,6.8395,1,7.8433
semicircular,1,6.8395,1,7.8433
hadamard,1,6.8395,1,7.4841
took,1,6.8395,1,5.5519
lunar,1,6.8395,1,7.4162
molten,1,6.8395,1,5.6478
weigh,1,6.8395,1,5.6478
pyrex,1,6.8395,1,3.6288
tao,1,6.8395,1,5.8921
ostrach,1,6.8395,1,5.8921
zhukhovitskii,1,6.8395,1,5.8921
gershuni,1,6.8395,1,5.8921
aerodynamieist,1,6.8395,1,7.45
edpm,1,6.8395,1,5.727
fredholm,1,6.8395,1,5.727
neumann,1,6.8395,2,8.9546
burger,1,6.8395,2,12.7669
degrad,1,6.8395,1,4.4246
coast,1,6.8395,1,7.6237
cant,1,6.8395,2,11.1169
supersed,1,6.8395,1,4.4246
coars,1,6.8395,1,5.6674
variant,1,6.8395,1,7.7319
thenewtoniantheori,1,6.8395,1,5.9784
theequilibriumparamet,1,6.8395,1,5.9784
processinclud,1,6.8395,1,5.9784
sevenfor,1,6.8395,1,5.9784
lighthillon,1,6.8395,1,5.9784
dissociatingga,1,6.8395,1,5.9784
anid,1,6.8395,1,5.9784
spurious,1,6.8395,1,3.9923
warn,1,6.8395,1,6.5276
hpyerson,1,6.8395,1,6.743
interanl,1,6.8395,1,6.743
thn,1,6.8395,1,6.743
multicellular,1,6.8395,1,9.8233
erickson,1,6.8395,1,5.3872
mol,1,6.8395,1,7.2516
fifteen000degre,1,6.8395,1,7.2516
500degre,1,6.8395,1,7.2516
partit,1,6.8395,1,7.2516
orgin,1,6.8395,1,5.441
magnetoacoust,1,6.8395,2,10.6116
echo,1,6.8395,1,5.871
electrostat,1,6.8395,1,5.871
unidirect,1,6.8395,2,9.1297
beta,1,6.8395,2,9.1297
persh,1,6.8395,1,7.9578
ninefold,1,6.8395,1,5.2998
advent,1,6.8395,1,7.2516
slide,1,6.8395,1,5.6674
till,1,6.8395,1,4.4246
declassifi,1,6.8395,1,4.4246
withdraw,1,6.8395,1,8.7223
bluish,1,6.8395,1,4.0316
staff,1,6.8395,1,4.0316
denser,1,6.8395,1,4.0316
societi,1,6.8395,1,4.0316
royal,1,6.8395,1,4.0316
asimplifi,1,6.8395,1,8.8642
transfn,1,6.8395,1,5.609
alminar,1,6.8395,2,8.8098
ie,1,6.8395,1,5.609
number2,1,6.8395,1,6.7153
number1,1,6.8395,1,6.7153
enquiri,1,6.8395,1,9.8233
endors,1,6.8395,1,7.3166
compressorsdash,1,6.8395,2,10.7867
radian,1,6.8395,1,4.638
mehtod,1,6.8395,1,4.638
noninclin,1,6.8395,2,7.5659
paraf,1,6.8395,1,6.1586
sideforc,1,6.8395,1,6.0224
aerotwo,1,6.8395,1,6.0224
maskel,1,6.8395,1,6.0224
owen,1,6.8395,1,6.0224
stagger,1,6.8395,1,6.0224
ridg,1,6.8395,1,7.0332
8x10,1,6.8395,1,4.2854
ampli,1,6.8395,1,7.284
astronaut,1,6.8395,1,7.284
sci,1,6.8395,1,7.9193
maslen,1,6.8395,1,7.9193
emerg,1,6.8395,1,6.1586
director,1,6.8395,1,4.0316
white,1,6.8395,2,6.7391
unaccompani,1,6.8395,1,4.4246
colour,1,6.8395,1,4.0316
fission,1,6.8395,1,4.4246
bomb,1,6.8395,4,10.7463
told,1,6.8395,1,4.4246
richmond,1,6.8395,1,6.8562
one8x10,1,6.8395,1,6.8562
realize,1,6.8395,1,9.1624
equilibria,1,6.8395,1,6.8275
slider,1,6.8395,2,12.4746
laufer,1,6.8395,1,6.3011
waist,1,6.8395,1,7.6955
glanc,1,6.8395,1,7.6955
dispos,1,6.8395,1,6.35
townsend,1,6.8395,2,9.6985
squareft,1,6.8395,1,7.0942
ara,1,6.8395,1,5.6871
vas,1,6.8395,1,4.4853
sakurai,1,6.8395,1,4.4853
lin,1,6.8395,1,4.4853
2n,1,6.8395,1,7.5185
ref,1,6.8395,1,6.5276
theta,1,6.8395,1,7.3827
trefitz,1,6.8395,1,7.3827
educ,1,6.8395,1,4.0316
bore,1,6.8395,1,4.0316
floccul,1,6.8395,1,4.0316
wax,1,6.8395,1,4.0316
smell,1,6.8395,1,4.0316
irrit,1,6.8395,1,4.0316
corros,1,6.8395,1,4.0316
undamp,1,6.8395,1,6.7991
meksyn,1,6.8395,1,9.4266
largeth,1,6.8395,1,8.8642
crabtre,1,6.8395,1,8.676
drift,1,6.8395,1,5.8084
tsion,1,6.8395,1,5.8084
blowout,1,6.8395,1,7.8811
zoom,1,6.8395,2,11.388
affirm,1,6.8395,1,4.932
zehnder,1,6.8395,1,6.8275
charter,1,6.8395,1,6.8275
bergdolt,1,6.8395,2,10.2458
gies,1,6.8395,2,10.2458
demarc,1,6.8395,1,6.8275
bertram,1,6.8395,2,10.2458
letter,1,6.8395,1,6.8275
companion,1,6.8395,1,7.9578
servo,1,6.8395,1,7.9578
relay,1,6.8395,1,7.9578
optimizationddesign,1,6.8395,1,7.9578
behaviorccontrol,1,6.8395,1,7.9578
systemsbestim,1,6.8395,1,7.9578
nonslationari,1,6.8395,1,7.9578
toa,1,6.8395,1,7.9578
methodof,1,6.8395,1,7.9578
thesecond,1,6.8395,1,7.9578
radom,1,6.8395,1,4.5732
spenc,1,6.8395,1,5.8084
pinkerton,1,6.8395,1,5.8084
london,1,6.8395,1,8.5849
roy,1,6.8395,1,8.5849
winni,1,6.8395,2,12.105
pierci,1,6.8395,2,12.105
rott,1,6.8395,1,8.676
illingworth,1,6.8395,2,10.7867
kemp,1,6.8395,1,8.8642
unspecifi,1,6.8395,1,7.3166
nonrigor,1,6.8395,1,6.0671
enthalp,1,6.8395,1,6.0671
enthalpyus,1,6.8395,1,6.0671
empiricalintermedi,1,6.8395,1,6.0671
dashthat,1,6.8395,1,6.0671
monoxid,1,6.8395,1,10.1276
promin,1,6.8395,1,7.9968
compression,1,6.8395,1,7.9968
interstellar,1,6.8395,1,7.9968
teller,1,6.8395,1,7.9968
hoffman,1,6.8395,1,7.9968
unrelativist,1,6.8395,1,7.9578
relativist,1,6.8395,1,7.9578
bimolecular,1,6.8395,2,7.7452
worthwhil,1,6.8395,1,9.1113
dana,1,6.8395,1,8.3652
nomenclatur,1,6.8395,1,8.3652
heavier,1,6.8395,1,8.3652
anyway,1,6.8395,1,6.6606
obscur,1,6.8395,1,6.6606
fifteenon,1,6.8395,1,6.6606
murray,1,6.8395,2,10.0566
semiinfinit,1,6.8395,1,6.6606
tacit,1,6.8395,1,9.0109
constantsthey,1,6.8395,1,7.7687
garrick,1,6.8395,1,7.8433
diagon,1,6.8395,1,7.8433
subsonicsuperson,1,6.8395,1,8.54
adjoint,1,6.8395,1,7.1252
corpuscular,1,6.8395,1,7.2516
unfamiliar,1,6.8395,1,7.3827
kopal,1,6.8395,1,8.0361
carter,1,6.8395,1,8.1564
excus,1,6.8395,1,4.3193
frustrat,1,6.8395,1,4.3193
seren,1,6.8395,1,4.3193
academ,1,6.8395,1,4.3193
threaten,1,6.8395,1,4.3193
usag,1,6.8395,1,4.3193
enjoy,1,6.8395,2,7.1364
terminolog,1,6.8395,1,4.3193
undetermin,1,6.8395,1,6.1819
nontrivi,1,6.8395,1,6.4249
mil,1,6.8395,1,6.885
howorth,1,6.8395,1,8.8642
competit,1,6.8395,1,7.9968
overst,1,6.8395,1,7.9968
tetrachlorid,1,6.8395,1,7.9968
methanol,1,6.8395,1,7.9968
provis,1,6.8395,1,5.441
electrod,1,6.8395,1,5.441
accru,1,6.8395,1,5.441
poiscuill,1,6.8395,1,5.441
seed,1,6.8395,2,8.6011
prospect,1,6.8395,1,5.441
oversimplif,1,6.8395,1,5.0075
zamm,1,6.8395,1,5.0075
homann,1,6.8395,1,5.0075
invok,1,6.8395,1,8.2386
forst,1,6.8395,1,9.2141
schuh,1,6.8395,2,8.7158
repetit,1,6.8395,1,5.5331
poetic,1,6.8395,1,4.3193
licens,1,6.8395,1,4.3193
aerothermochem,1,6.8395,1,4.3193
national,1,6.8395,1,4.3193
speric,1,6.8395,1,7.4162
eratur,1,6.8395,1,7.4162
dorodnitsyn,1,6.8395,1,6.1586
jefferi,1,6.8395,1,7.4841
jacobian,1,6.8395,1,7.4841
hamel,1,6.8395,2,10.9677
jeffrey,1,6.8395,1,7.4841
bluntnos,1,6.8395,1,5.8084
recurs,1,6.8395,1,5.8084
wilson,1,6.8395,1,7.4162
threefiv,1,6.8395,1,7.4162
bulent,1,6.8395,1,6.3748
stimulus,1,6.8395,1,7.1252
imprimeri,1,6.8395,1,4.3193
effus,1,6.8395,1,4.3193
annex,1,6.8395,1,4.3193
poudr,1,6.8395,1,4.3193
des,1,6.8395,1,4.3193
memori,1,6.8395,1,4.3193
pari,1,6.8395,2,7.1364
thesi,1,6.8395,1,4.3193
doctor,1,6.8395,1,4.3193
parietal,1,6.8395,1,4.3193
linject,1,6.8395,1,4.3193
letud,1,6.8395,1,4.3193
berger,1,6.8395,1,4.3193
overlook,1,6.8395,1,4.3193
overstat,1,6.8395,1,4.3193
quiet,1,6.8395,1,6.1586
fat,1,6.8395,1,6.1586
muffler,1,6.8395,3,11.5452
inop,1,6.8395,2,8.9546
billow,1,6.8395,4,14.2323
ludweig,1,6.8395,1,6.743
ludwieg,1,6.8395,1,6.743
deepest,1,6.8395,2,8.6926
price,1,6.8395,1,7.6237
10g,1,6.8395,1,5.9135
rectilinear,1,6.8395,1,5.6674
65a004,1,6.8395,1,5.7674
stipul,1,6.8395,1,7.284
sweptw,1,6.8395,1,8.1159
kussner,1,6.8395,2,9.0288
chu,1,6.8395,1,5.9566
hickstwo,1,6.8395,1,5.9566
atwo,1,6.8395,1,7.45
azeroon,1,6.8395,1,7.45
azeroonetwo,1,6.8395,1,7.45
injector,1,6.8395,2,10.1189
gascous,1,6.8395,1,6.7153
ejector,1,6.8395,1,6.7153
suck,1,6.8395,2,8.0109
ltd,1,6.8395,1,4.977
handley,1,6.8395,1,4.977
throttl,1,6.8395,2,8.0109
protuber,1,6.8395,1,6.6878
pimpl,1,6.8395,2,10.0877
clay,1,6.8395,1,6.6878
china,1,6.8395,1,6.6878
unfavour,1,6.8395,1,8.0361
altogeth,1,6.8395,1,5.9349
unitari,1,6.8395,1,4.586
ramp,1,6.8395,2,8.1305
unorthodox,1,6.8395,1,5.2827
thing,1,6.8395,1,5.0697
thermopropuls,1,6.8395,1,5.2827
unrestrict,1,6.8395,1,5.2827
exot,1,6.8395,1,5.2827
grand,1,6.8395,1,5.2827
peopl,1,6.8395,1,6.1355
think,1,6.8395,1,6.1355
fed,1,6.8395,2,9.4463
breguet,1,6.8395,1,7.9193
debat,1,6.8395,1,7.9193
ofr,1,6.8395,1,8.0361
carrier,1,6.8395,4,11.6878
warhead,1,6.8395,1,5.1495
superaerodynam,1,6.8395,1,5.1495
lengthen,1,6.8395,1,6.3254
czero,1,6.8395,1,6.0671
yzero,1,6.8395,1,6.0671
globul,1,6.8395,2,12.4746
oseenss,1,6.8395,1,8.9614
osoen,1,6.8395,1,8.3652
provok,1,6.8395,1,8.8642
agenc,1,6.8395,1,8.8642
interdepend,1,6.8395,1,6.3011
yeild,1,6.8395,1,6.3011
thwait,1,6.8395,2,9.6413
warp,1,6.8395,1,7.1879
rand,1,6.8395,1,7.8058
momentand,1,6.8395,1,7.8058
dispar,1,6.8395,1,8.5849
supplort,1,6.8395,1,9.4813
resili,1,6.8395,1,5.9349
sketchi,1,6.8395,1,5.441
sommerfeld,1,6.8395,1,5.441
orr,1,6.8395,1,5.441
reichardt,1,6.8395,1,4.9922
origint,1,6.8395,1,5.7878
climin,1,6.8395,1,8.7223
halstead,1,6.8395,1,9.4266
fort,1,6.8395,1,9.4266
spindl,1,6.8395,1,6.4249
bullet,1,6.8395,1,6.4249
wendt,1,6.8395,1,6.9142
hantzsch,1,6.8395,1,6.9142
hinder,1,6.8395,1,8.7223
world,1,6.8395,1,8.7223
decad,1,6.8395,1,8.9126
sheath,1,6.8395,1,7.1564
deionize,1,6.8395,1,7.1564
deplet,1,6.8395,1,6.0897
shuffl,1,6.8395,2,9.392
nitric,1,6.8395,4,12.8857
user,1,6.8395,1,6.5276
l57l10,1,6.8395,1,5.9349
impair,1,6.8395,1,5.441
monopol,1,6.8395,1,5.6284
doppler,1,6.8395,1,5.6284
octav,1,6.8395,1,5.6284
cyclessect,1,6.8395,1,5.6284
sobson,1,6.8395,1,5.5708
inconclus,1,6.8395,1,8.3226
emphasis,1,6.8395,1,5.441
shyperson,1,6.8395,1,7.8811
tubul,1,6.8395,1,7.0636
postpon,1,6.8395,1,5.441
bagley,1,6.8395,1,7.7687
unpublish,1,6.8395,1,7.7687
slr,1,6.8395,1,8.4956
coat,1,6.8395,1,5.441
inspir,1,6.8395,1,5.1334
tribut,1,6.8395,1,5.1334
finest,1,6.8395,1,5.1334
hopf,1,6.8395,1,5.1334
burgerss,1,6.8395,2,8.2122
geoffrey,1,6.8395,2,8.2122
sir,1,6.8395,2,8.2122
6000degreek,1,6.8395,1,5.6478
flash,1,6.8395,1,8.4956
reference6,1,6.8395,1,8.4956
3000degreek,1,6.8395,1,8.4956
1400degreek,1,6.8395,1,8.4956
3600degreek,1,6.8395,1,6.0003
sight,1,6.8395,1,3.1897
blue,1,6.8395,1,6.0003
indium,1,6.8395,1,6.0003
disequilibrium,1,6.8395,1,6.0003
20degreec,1,6.8395,1,6.0003
bright,1,6.8395,1,6.0003
interpos,1,6.8395,1,6.0003
mirror,1,6.8395,1,6.0003
spectrograph,1,6.8395,1,6.0003
oscillograph,1,6.8395,2,9.2853
6in,1,6.8395,1,6.885
roger,1,6.8395,1,7.7687
eighteen000k,1,6.8395,1,8.7691
industri,1,6.8395,1,7.7687
strang,1,6.8395,1,5.2827
outweight,1,6.8395,1,5.2827
easier,1,6.8395,1,5.4959
leess,1,6.8395,2,9.8743
suffix,1,6.8395,1,4.6249
ailcron,1,6.8395,1,4.6249
shank,1,6.8395,1,5.0854
lip,1,6.8395,1,5.0854
spinner,1,6.8395,13,16.6351
lotz,1,6.8395,1,6.9435
verfi,1,6.8395,1,4.3193
analytici,1,6.8395,1,4.3193
rearrang,1,6.8395,1,6.9435
thoma,1,6.8395,1,6.9435
numger,1,6.8395,1,5.8291
anh,1,6.8395,1,5.8291
incident,1,6.8395,1,5.054
tnis,1,6.8395,1,5.054
classificaiton,1,6.8395,1,5.054
sizeabl,1,6.8395,1,6.5801
inasmuch,1,6.8395,1,6.5801
concoct,1,6.8395,1,4.9171
xenon,1,6.8395,1,4.9171
krypton,1,6.8395,1,4.9171
nonflamm,1,6.8395,1,4.9171
nontox,1,6.8395,1,4.9171
toxic,1,6.8395,1,4.9171
utia,1,6.8395,1,7.1879
wheel,1,6.8395,2,11.388
e53h25,1,6.8395,1,5.054
interchang,1,6.8395,1,4.8731
enlighten,1,6.8395,1,5.8084
goal,1,6.8395,1,5.8084
libbi,1,6.8395,1,6.3011
tenon,1,6.8395,1,6.5016
shelter,1,6.8395,2,7.9524
md1,1,6.8395,1,6.5016
correlogram,1,6.8395,1,5.4959
mum,1,6.8395,1,5.4959
diam,1,6.8395,1,5.4959
ineffici,1,6.8395,1,5.4774
l5d20,1,6.8395,1,5.4774
acr,1,6.8395,1,5.4774
overrid,1,6.8395,1,5.2657
2x10,1,6.8395,1,6.9142
therefrom,1,6.8395,1,4.9024
lever,1,6.8395,1,4.9024
harri,1,6.8395,1,4.9024
studiesdash,1,6.8395,1,9.2141
provision,1,6.8395,1,5.707
underneath,1,6.8395,1,5.707
anisotropi,1,6.8395,1,7.6595
ohm,1,6.8395,1,7.6595
inboard,1,6.8395,1,4.9171
quarterchord,1,6.8395,1,4.9171
64a010,1,6.8395,1,4.9171
certainti,1,6.8395,1,6.3254
airload,1,6.8395,2,8.1916
monograph,1,6.8395,1,5.1173
airscrew,1,6.8395,1,5.1173
inerti,1,6.8395,1,5.1173
stratagem,1,6.8395,1,6.2769
actur,1,6.8395,1,6.2769
avalu,1,6.8395,1,6.7153
plung,1,6.8395,1,6.7153
hardwar,1,6.8395,1,6.5016
vital,1,6.8395,1,5.8084
afterflow,1,6.8395,2,9.1552
compani,1,6.8395,1,7.3495
hirschfeld,1,6.8395,1,5.6871
frictionless,1,6.8395,1,6.7153
occupi,1,6.8395,1,5.6284
blasiuss,1,6.8395,1,6.9732
steepest,1,6.8395,1,6.9732
spillag,1,6.8395,1,5.8921
100x10,1,6.8395,1,6.9142
nomograph,1,6.8395,1,7.6955
bang,1,6.8395,1,7.9193
airborn,1,6.8395,1,7.9193
wherev,1,6.8395,1,4.4608
aeroelastician,1,6.8395,1,4.4608
twothre,1,6.8395,1,8.4517
ing,1,6.8395,1,8.4517
fralich,1,6.8395,1,7.9968
recover,1,6.8395,1,7.0636
hoshizaki,1,6.8395,1,7.0636
intuit,1,6.8395,1,5.2998
determinant,1,6.8395,2,8.4238
aeolotrop,1,6.8395,1,5.2998
delin,1,6.8395,1,6.0671
reformul,1,6.8395,1,6.8275
cheski,1,6.8395,1,7.3827
hurd,1,6.8395,1,7.3827
y2,1,6.8395,2,10.931
y1,1,6.8395,1,7.45
regist,1,6.8395,1,8.4082
midway,1,6.8395,1,6.2054
financi,1,6.8395,1,6.6878
const,1,6.8395,1,6.8562
assert,1,6.8395,1,6.7153
superpos,1,6.8395,1,6.0224
ninth,1,6.8395,1,6.0224
egger,1,6.8395,1,5.0229
eucken,1,6.8395,2,8.9058
amongst,1,6.8395,1,6.6878
slighlti,1,6.8395,1,4.1652
inexpens,1,6.8395,1,4.1652
uncorrect,1,6.8395,1,4.1652
appraoch,1,6.8395,1,4.1652
univer,1,6.8395,1,4.1652
schoenherr,1,6.8395,2,6.9247
kempf,1,6.8395,1,4.1652
grunow,1,6.8395,1,4.1652
schultz,1,6.8395,1,4.1652
obtainec,1,6.8395,1,4.1652
sanger,1,6.8395,1,5.0229
allen,1,6.8395,1,5.0229
quotat,1,6.8395,1,5.8921
introdur,1,6.8395,1,5.0229
centric,1,6.8395,1,4.263
planeto,1,6.8395,1,4.263
heliocentr,1,6.8395,1,4.263
titan,1,6.8395,2,7.0593
supercircular,1,6.8395,3,9.0348
retroveloc,1,6.8395,1,6.1819
misalin,1,6.8395,3,11.5724
riolat,1,6.8395,1,4.5989
mone,1,6.8395,3,9.5263
valued,1,6.8395,1,6.0447
weitbrecht,1,6.8395,1,5.8921
trochoid,1,6.8395,1,5.8921
notion,1,6.8395,1,8.4956
grasshof,1,6.8395,1,9.0109
tradit,1,6.8395,1,7.7687
worsen,1,6.8395,1,4.082
chain,1,6.8395,1,5.9349
onem,1,6.8395,1,5.0384
numberschmidt,1,6.8395,1,4.8299
sign,1,6.8395,1,5.0384
preval,1,6.8395,1,6.8562
dictat,1,6.8395,1,6.8562
shorter,1,6.8395,1,6.0671
t3,1,6.8395,1,6.0671
throw,1,6.8395,1,7.9193
pod,1,6.8395,1,7.8433
airlin,1,6.8395,1,7.8433
assur,1,6.8395,1,7.1564
convict,1,6.8395,1,7.1564
poind,1,6.8395,1,6.9435
endeavour,1,6.8395,1,7.1564
wxi,1,6.8395,1,6.1819
schwarz,1,6.8395,1,6.1819
bent,1,6.8395,1,6.4249
transcendent,1,6.8395,1,7.4162
twoer,1,6.8395,1,7.8058
zero195etr,1,6.8395,1,8.3652
america,1,6.8395,1,5.9784
coundari,1,6.8395,1,8.1564
belief,1,6.8395,1,5.2657
unten,1,6.8395,1,5.2657
1103a,1,6.8395,1,7.4162
propound,1,6.8395,1,6.4249
muller,1,6.8395,1,7.4162
laplacian,1,6.8395,1,8.2386
bisector,1,6.8395,1,8.4956
connexion,1,6.8395,1,6.5801
weinstein,1,6.8395,1,6.5801
semicircl,1,6.8395,1,6.5801
eye,1,6.8395,1,7.1564
spacewis,1,6.8395,1,7.5533
loudspeak,1,6.8395,1,6.9435
accident,1,6.8395,1,7.8811
franc,1,6.8395,2,10.8225
ampl,1,6.8395,1,4.5604
rpm,1,6.8395,2,7.4622
40degre,1,6.8395,2,7.4622
12degre,1,6.8395,1,4.5604
unimport,1,6.8395,1,7.4841
unif,1,6.8395,1,7.9968
cosmonaut,1,6.8395,1,7.3495
nine5degre,1,6.8395,2,9.8743
untrim,1,6.8395,1,4.8587
unfold,1,6.8395,2,10.4089
100degre,1,6.8395,1,6.9732
sandpap,1,6.8395,1,5.441
49degre,1,6.8395,1,5.871
onera,1,6.8395,2,10.8225
forefront,1,6.8395,1,7.3495
strouhal,1,6.8395,1,3.6208
resourc,1,6.8395,1,7.3495
cps,1,6.8395,2,6.1554
marin,1,6.8395,2,11.0418
uni,1,6.8395,1,6.4758
massachusett,1,6.8395,1,6.7153
commenc,1,6.8395,1,6.7153
librat,1,6.8395,1,6.7153
mind,1,6.8395,1,7.3495
news,1,6.8395,1,7.3495
illustri,1,6.8395,1,7.3495
akin,1,6.8395,1,7.3495
circumlunar,1,6.8395,1,7.3495
abund,1,6.8395,1,7.3495
aerocosmonaut,1,6.8395,1,7.3495
denomin,1,6.8395,1,7.3495
michielsen,1,6.8395,1,7.8058
leggett,1,6.8395,1,7.8058
dvl,1,6.8395,1,7.4841
precess,1,6.8395,2,9.5568
buoyanc,1,6.8395,1,6.5537
tailless,1,6.8395,1,7.1879
63a4xx,1,6.8395,1,7.3166
63a2xx,1,6.8395,1,7.3166
bump,1,6.8395,2,10.7867
backup,1,6.8395,1,6.229
imaginari,1,6.8395,1,6.3254
linder,1,6.8395,1,6.5276
xsix,1,6.8395,1,9.1113
rlx,1,6.8395,1,9.1113
quantum,1,6.8395,1,9.1113
astrophys,1,6.8395,1,9.1113
longest,1,6.8395,1,6.9732
dodecagon,1,6.8395,2,12.3334
hasimoto,1,6.8395,1,7.284
onto,1,6.8395,1,7.0332
rube,1,6.8395,1,4.8731
kuchemann,1,6.8395,1,4.082
avro,1,6.8395,1,4.082
blown,1,6.8395,1,4.082
knee,1,6.8395,1,4.082
slew,1,6.8395,1,4.082
55degre,1,6.8395,1,4.082
wingbodi,1,6.8395,1,4.082
circuitri,1,6.8395,1,6.0897
twoeuler,1,6.8395,1,7.0332
15x10,1,6.8395,1,6.4758
finish,1,6.8395,1,6.4758
ovalu,1,6.8395,1,8.3226
entrant,1,6.8395,1,5.9135
atlarg,1,6.8395,1,5.9135
batchelor,1,6.8395,1,5.9135
noninject,1,6.8395,1,4.8731
nonperm,1,6.8395,1,4.8731
rsult,1,6.8395,1,7.4841
zero8a,1,6.8395,1,7.2516
pessimist,1,6.8395,1,6.9142
anov,1,6.8395,1,6.9142
klein,1,6.8395,3,12.3914
sophist,1,6.8395,1,5.5331
branchlin,1,6.8395,1,8.4517
powerpl,1,6.8395,1,7.9578
onefa,1,6.8395,1,7.2516
noteworthi,1,6.8395,1,4.9922
1fa,1,6.8395,1,7.2516
canard,1,6.8395,1,7.6237
gyrat,1,6.8395,1,7.6237
bodt,1,6.8395,1,7.6237
efflux,1,6.8395,1,7.5185
massbal,1,6.8395,1,7.5185
fournin,1,6.8395,1,6.885
unduli,1,6.8395,1,6.1819
micron,1,6.8395,1,4.8731
unpow,1,6.8395,2,7.6724
mag,1,6.8395,1,7.9968
philo,1,6.8395,1,7.9968
raleigh,1,6.8395,3,13.4817
janzen,1,6.8395,1,7.8433
offset,1,6.8395,1,4.7184
senior,1,6.8395,1,4.7184
cater,1,6.8395,1,5.5144
beyween,1,6.8395,1,6.6335
context,1,6.8395,1,5.5144
endur,1,6.8395,4,12.2118
riccati,1,6.8395,1,5.5144
yarymovych,1,6.8395,1,6.7991
beat,1,6.8395,1,6.7991
slosh,1,6.8395,1,6.7991
duce,1,6.8395,1,5.871
palt,1,6.8395,1,9.2141
99degre,1,6.8395,3,11.2023
uncertain,1,6.8395,1,4.9469
gather,1,6.8395,1,7.0942
antielast,1,6.8395,1,6.4758
gridwork,1,6.8395,1,6.4758
bernoulli,1,6.8395,1,6.4758
massbalanc,1,6.8395,1,7.3495
kempner,1,6.8395,1,8.7691
consier,1,6.8395,1,4.9469
polycrystallin,1,6.8395,1,7.8811
rib,1,6.8395,2,7.9718
deisgn,1,6.8395,1,4.9469
iron,1,6.8395,1,6.4758
board,1,6.8395,2,7.9718
dicsov,1,6.8395,1,4.9469
lectur,1,6.8395,2,7.9718
equicohes,1,6.8395,1,7.8811
prime,1,6.8395,1,7.0942
potter,1,6.8395,2,11.1549
saunder,1,6.8395,2,9.1552
convolut,1,6.8395,1,7.4162
person,1,6.8395,1,5.8921
n1,1,6.8395,2,9.1552
crook,1,6.8395,1,6.5276
roe,1,6.8395,2,9.1552
eab,1,6.8395,1,6.5276
75s,1,6.8395,1,6.5276
woven,1,6.8395,1,5.4959
craft,1,6.8395,2,9.1552
servic,1,6.8395,1,5.8921
maritim,1,6.8395,3,11.2279
equilater,1,6.8395,1,8.1973
prismat,1,6.8395,1,8.1973
align,1,6.8395,1,5.4959
tne,1,6.8395,1,4.9469
butler,1,6.8395,2,11.1549
rone,1,6.8395,1,7.6955
colder,1,6.8395,1,6.0224
underexpans,1,6.8395,1,6.7991
overexpans,1,6.8395,1,6.7991
mound,1,6.8395,2,8.8816
multicompon,1,6.8395,1,6.0224
dufour,1,6.8395,1,6.0224
soret,1,6.8395,1,6.0224
warmer,1,6.8395,1,6.0224
genuin,1,6.8395,1,6.7991
spontan,1,6.8395,1,6.0224
migrat,1,6.8395,1,6.0224
supposit,1,6.8395,1,5.5519
exampleat,1,6.8395,1,5.5519
declin,1,6.8395,1,5.5519
errorssdof,1,6.8395,1,5.5519
nongyroscop,1,6.8395,1,7.8811
influenti,1,6.8395,1,6.7991
transcend,1,6.8395,2,11.8849
koneth,1,6.8395,1,8.4956
painlev,1,6.8395,1,8.3652
arrest,1,6.8395,1,8.3652
extinct,1,6.8395,2,11.1549
premix,1,6.8395,1,7.6595
combut,1,6.8395,1,6.2769
heimel,1,6.8395,1,7.6595
wone,1,6.8395,1,6.7709
absent,1,6.8395,1,6.1125
yone,1,6.8395,1,6.7709
trefftz,1,6.8395,1,7.9193
przero,1,6.8395,1,6.7709
wzero,1,6.8395,1,6.7709
ramet,1,6.8395,1,6.7709
talbot,1,6.8395,1,6.7709
japan,1,6.8395,1,7.6955
imai,1,6.8395,1,7.6955
notabl,1,6.8395,1,8.3226
1degre,1,6.8395,1,5.4229
sibulkin,1,6.8395,1,5.232
wanlass,1,6.8395,1,5.232
stine,1,6.8395,1,5.232
zero14x10,1,6.8395,1,5.232
nonisotherm,1,6.8395,1,5.232
85degre,1,6.8395,1,5.4229
bevel,1,6.8395,1,5.727
investigaion,1,6.8395,1,7.5533
andabrespect,1,6.8395,1,9.3191
occurspast,1,6.8395,1,5.441
flowin,1,6.8395,1,5.441
anti,1,6.8395,2,9.9951
uxysgn,1,6.8395,1,6.6067
isochron,1,6.8395,1,5.727
capsul,1,6.8395,1,7.2196
librov,1,6.8395,1,7.3495
t4,1,6.8395,1,5.727
noncirculatori,1,6.8395,1,5.3171
som,1,6.8395,1,8.3226
nonsingular,1,6.8395,1,6.0003
allmov,1,6.8395,1,4.732
concret,1,6.8395,1,7.1564
birnbaum,1,6.8395,1,8.3652
acquisit,1,6.8395,1,5.3171
pitchingmo,1,6.8395,1,7.6595
hydrocarbon,1,6.8395,3,12.8459
divers,1,6.8395,1,6.0897
crest,1,6.8395,2,9.392
ensu,1,6.8395,1,5.609
sharpedg,1,6.8395,1,7.2196
200degre,1,6.8395,1,7.3495
compound,1,6.8395,1,7.3495
24s,1,6.8395,1,5.727
uxyi,1,6.8395,1,6.6067
rapidlyfreez,1,6.8395,1,6.0671
whitehead,1,6.8395,1,5.3872
ting,1,6.8395,1,7.8433
classifi,1,6.8395,1,5.6478
adjoin,1,6.8395,1,7.6595
foreknowledg,1,6.8395,1,4.1652
two3x10,1,6.8395,1,4.1652
zero6x10,1,6.8395,1,4.1652
oven,1,6.8395,1,8.6302
recur,1,6.8395,1,8.7223
2p,1,6.8395,1,7.45
unretard,1,6.8395,1,7.45
entireti,1,6.8395,1,5.8291
mtwo,1,6.8395,1,7.8811
interferogram,1,6.8395,1,7.8811
suddenfreezingof,1,6.8395,1,6.0671
caplan,1,6.8395,1,8.2804
one6x10,1,6.8395,1,7.3495
edgesto,1,6.8395,1,6.6067
chartsfigson,1,6.8395,1,5.5331
wingwith,1,6.8395,1,6.6067
most,1,6.8395,1,6.743
endplat,1,6.8395,2,11.7567
fivesect,1,6.8395,1,5.5331
proposit,1,6.8395,1,5.5331
sixit,1,6.8395,1,5.5331
predigest,1,6.8395,1,5.5331
three2x10,1,6.8395,1,7.3495
three9x10,1,6.8395,1,5.1013
one3x10,1,6.8395,1,5.1013
counteract,1,6.8395,1,4.263
parasol,1,6.8395,1,4.263
octagon,1,6.8395,1,8.54
centerbut,1,6.8395,1,7.3495
707a,1,6.8395,1,4.082
task,1,6.8395,1,4.082
airit,1,6.8395,1,5.5519
phugoid,1,6.8395,1,4.082
vlasov,1,6.8395,1,8.7223
occasion,1,6.8395,1,5.9349
unsymmetr,1,6.8395,1,7.0332
proposel,1,6.8395,1,4.3193
duralumin,1,6.8395,1,4.3193
mild,1,6.8395,1,4.3193
cylinder,1,6.8395,1,7.3166
a52b06,1,6.8395,1,6.0671
a51j04,1,6.8395,1,6.0671
unbank,1,6.8395,1,6.0671
psycholog,1,6.8395,1,5.9349
physiolog,1,6.8395,1,5.9349
a50f06,1,6.8395,1,6.9142
passeng,1,6.8395,1,5.9349
crew,1,6.8395,1,5.9349
prikl,1,6.8395,1,8.7223
meh,1,6.8395,1,8.7223
preponder,1,6.8395,1,5.9349
drosophila,1,6.8395,1,5.4774
asid,1,6.8395,1,8.0758
magnetoga,1,6.8395,1,8.0758
temp,1,6.8395,1,8.0758
synthesi,1,6.8395,1,7.7319
mistak,1,6.8395,1,6.1819
housefli,1,6.8395,1,5.4774
roughen,1,6.8395,2,8.6466
eighton,1,6.8395,1,8.7223
lap,1,6.8395,1,5.4774
rivet,1,6.8395,1,5.4774
unbalanc,1,6.8395,1,5.9349
mainten,1,6.8395,1,5.4774
insect,1,6.8395,2,8.6466
placement,1,6.8395,1,8.7223
tang,1,6.8395,1,6.9142
katzen,1,6.8395,1,6.9142
nielsen,1,6.8395,1,6.9142
dramat,1,6.8395,1,6.6335
caravell,1,6.8395,1,7.9193
stonecyph,1,6.8395,1,7.0031
confid,1,6.8395,1,9.1113
malfunct,1,6.8395,1,6.6335
spectacular,1,6.8395,1,6.6335
pose,1,6.8395,1,6.6335
firm,1,6.8395,1,6.6335
defi,1,6.8395,1,6.6878
hash,1,6.8395,1,6.6335
exagger,1,6.8395,1,6.6335
stochast,1,6.8395,1,6.6335
conicaldash,1,6.8395,1,6.0003
studieddash,1,6.8395,1,6.0003
request,1,6.8395,2,9.2853
bare,1,6.8395,1,6.743
tractabl,1,6.8395,1,6.6878
munk,1,6.8395,1,6.5537
easiest,1,6.8395,1,5.232
subroutin,1,6.8395,1,6.0447
organ,1,6.8395,1,6.0447
desk,1,6.8395,1,6.0447
urgent,1,6.8395,1,6.0447
recognis,1,6.8395,1,5.232
broke,1,6.8395,1,5.232
heav,1,6.8395,1,5.232
preclud,1,6.8395,2,10.0877
conidt,1,6.8395,1,8.3652
pin,1,6.8395,1,8.3652
forcibl,1,6.8395,1,8.3652
ban,1,6.8395,1,6.6878
beg,1,6.8395,1,6.6878
premis,1,6.8395,1,6.6878
tan,1,6.8395,1,8.0758
zeroth,1,6.8395,1,4.1759
kirk,1,6.8395,1,8.2386
copper,1,6.8395,1,6.9732
turbomachin,1,6.8395,1,5.6284
turbo,1,6.8395,1,5.6284
redesign,1,6.8395,1,4.5101
deffer,1,6.8395,1,8.3652
ft1eight,1,6.8395,1,8.3652
molybdenum,1,6.8395,1,6.9732
yeh,1,6.8395,1,7.7319
splitter,1,6.8395,7,15.4958
kay,1,6.8395,1,7.7319
diversifi,1,6.8395,1,6.229
ordnanc,1,6.8395,1,7.1252
inafinit,1,6.8395,1,8.8164
requenc,1,6.8395,1,4.0922
uhf,1,6.8395,1,4.0922
prewhirl,1,6.8395,1,8.2386
impart,1,6.8395,1,6.2769
swallow,1,6.8395,1,4.0922
prolat,1,6.8395,2,8.9792
retrorocket,1,6.8395,6,15.0946
retrocket,1,6.8395,1,6.5016
zero15x106,1,6.8395,1,5.871
180degre,1,6.8395,1,5.871
hous,1,6.8395,2,9.1297
gardless,1,6.8395,1,4.932
england,1,6.8395,1,5.3695
late,1,6.8395,1,5.3695
simmon,1,6.8395,1,5.3695
townend,1,6.8395,1,5.3695
fage,1,6.8395,1,5.3695
windstream,1,6.8395,1,5.3695
tri,1,6.8395,1,5.3695
friedman,1,6.8395,1,5.3695
spite,1,6.8395,1,4.0922
coalesc,1,6.8395,1,4.0922
transduc,1,6.8395,1,7.3827
herrmann,1,6.8395,1,9.0109
reanalyz,1,6.8395,1,5.7878
bellevill,1,6.8395,1,8.1564
wich,1,6.8395,1,7.4841
closur,1,6.8395,1,8.54
nonconcurr,1,6.8395,1,8.54
mismatch,1,6.8395,1,8.54
shesterikov,1,6.8395,1,8.1159
rogh,1,6.8395,1,5.7878
rabotnov,1,6.8395,1,8.1159
gerard,1,6.8395,2,11.6312
torda,1,6.8395,1,8.0361
hyper,1,6.8395,1,7.3166
two25x10,1,6.8395,1,4.7048
decompos,1,6.8395,1,7.3827
reanalysi,1,6.8395,1,5.7878
bornel,1,6.8395,1,6.7991
eightyzero,1,6.8395,1,4.0922
magnetogasdynam,1,6.8395,1,7.3166
planck,1,6.8395,1,6.5276
berthelot,1,6.8395,1,6.5276
arrow,1,6.8395,1,6.8275
bonus,1,6.8395,1,8.2386
sail,1,6.8395,1,6.6335
magnetofluidmechan,1,6.8395,1,7.3166
untest,1,6.8395,1,7.1252
kernal,1,6.8395,1,6.7991
tional,1,6.8395,1,7.1252
venturi,1,6.8395,1,7.1252
solidif,1,6.8395,1,4.4008
meteorit,1,6.8395,1,4.4008
stoni,1,6.8395,1,4.4008
mitig,1,6.8395,1,4.4008
undertook,1,6.8395,1,6.0003
iowa,1,6.8395,1,6.0003
council,1,6.8395,1,8.1159
contradict,1,6.8395,2,8.9301
over,1,6.8395,1,6.0224
impress,1,6.8395,1,6.0224
uneven,1,6.8395,1,6.1819
turbanc,1,6.8395,1,6.1819
engess,1,6.8395,1,8.676
allud,1,6.8395,1,5.707
legitim,1,6.8395,1,5.707
dome,1,6.8395,7,14.3852
polyaxi,1,6.8395,2,8.9301
nonexist,1,6.8395,1,5.707
hamper,1,6.8395,1,5.707
corollari,1,6.8395,1,4.7048
nondecompos,1,6.8395,1,4.7048
opaqu,1,6.8395,2,7.6545
unavoid,1,6.8395,1,6.0224
surpass,1,6.8395,1,5.1495
budianski,1,6.8395,1,8.1159
terrestri,1,6.8395,1,4.8731
wont,1,6.8395,1,9.5367
stoker,1,6.8395,1,6.5537
chien,1,6.8395,1,6.5537
be,1,6.8395,1,4.8731
juli,1,6.8395,1,4.8731
hazard,1,6.8395,1,4.8731
mev,1,6.8395,1,4.8731
twothreefour,1,6.8395,1,6.229
igc,1,6.8395,1,4.8731
igi,1,6.8395,1,4.8731
geophys,1,6.8395,2,7.8758
proton,1,6.8395,5,12.4952
ascrib,1,6.8395,1,6.9732
item,1,6.8395,1,6.9732
irbm,1,6.8395,3,9.6767
hencki,1,6.8395,1,7.8058
park,1,6.8395,1,9.1624
carborundum,1,6.8395,1,6.3997
granular,1,6.8395,1,4.977
roar,1,6.8395,1,3.3741
repercuss,1,6.8395,1,3.3741
aerfoil,1,6.8395,1,3.3741
hero,1,6.8395,1,3.3741
undroop,1,6.8395,1,4.7735
number500,1,6.8395,1,6.3997
spot,1,6.8395,1,4.977
number320,1,6.8395,1,6.3997
14in,1,6.8395,1,9.3726
18in,1,6.8395,1,9.3726
thicknesschord,1,6.8395,1,4.9922
warren,1,6.8395,1,4.9922
lateraldirect,1,6.8395,1,4.082
trigger,1,6.8395,1,4.977
widespread,1,6.8395,1,6.743
reuss,1,6.8395,1,7.8058
whichev,1,6.8395,1,5.1987
meant,1,6.8395,1,8.7223
prager,1,6.8395,1,8.7223
dissimilar,1,6.8395,1,5.5331
clamshel,1,6.8395,1,5.5331
onic,1,6.8395,1,5.5331
tran,1,6.8395,1,5.5331
bypass,1,6.8395,1,6.3997
wright,1,6.8395,1,6.743
cutoff,1,6.8395,2,8.5338
objection,1,6.8395,1,5.7878
tailwind,1,6.8395,1,5.7878
f1,1,6.8395,1,6.743
command,1,6.8395,1,6.743
edward,1,6.8395,1,6.743
trick,1,6.8395,1,9.5367
spragu,1,6.8395,1,9.1624
auspic,1,6.8395,1,8.1159
tubular,1,6.8395,1,8.8642
reli,1,6.8395,1,4.2519
protrus,1,6.8395,1,4.2519
depress,1,6.8395,2,7.0441
bulkhead,1,6.8395,1,7.9193
cooler,1,6.8395,1,7.9193
unrestrain,1,6.8395,1,8.8642
undoubt,1,6.8395,1,8.0758
pneumat,1,6.8395,1,6.5801
acceleromet,1,6.8395,1,9.3191
count,1,6.8395,1,9.3191
expend,1,6.8395,1,7.0942
volumetr,1,6.8395,1,7.1879
grashof,1,6.8395,1,7.1879
clearanc,1,6.8395,1,8.5849
zuk,1,6.8395,1,7.5533
encircl,1,6.8395,1,6.5801
proportion,1,6.8395,1,5.3872
phosphoresc,1,6.8395,1,4.6779
septemb,1,6.8395,1,6.4249
zbrozek,1,6.8395,1,6.229
grober,1,6.8395,1,8.0361
hasten,1,6.8395,1,4.6779
rake,1,6.8395,1,4.6779
lacquer,1,6.8395,1,4.6779
clockwis,1,6.8395,1,6.5276
laid,1,6.8395,1,8.54
manocuvr,1,6.8395,1,6.5276
hybrid,1,6.8395,1,8.3652
economi,1,6.8395,1,8.3652
airforc,1,6.8395,3,13.5189
ninetyzero,1,6.8395,1,6.1355
unexplain,1,6.8395,1,7.8058
envisag,1,6.8395,1,6.9435
mckinnon,1,6.8395,1,5.3872
huang,1,6.8395,1,9.1624
aural,1,6.8395,1,6.229
multibay,1,6.8395,1,5.405
magnesium,1,6.8395,1,5.6871
doubli,1,6.8395,1,6.8275
widen,1,6.8395,1,5.405
lineal,1,6.8395,1,8.3226
18degre,1,6.8395,1,7.2516
batdorf,1,6.8395,1,9.0608
aerial,1,6.8395,1,7.45
efficaci,1,6.8395,1,6.6606
onesix,1,6.8395,1,6.6606
inplan,1,6.8395,1,5.6284
multiaxi,1,6.8395,1,5.6284
coupon,1,6.8395,1,7.2516
lingitudin,1,6.8395,1,7.2516
unsupport,1,6.8395,1,5.405
unanticip,1,6.8395,1,7.8811
worthi,1,6.8395,1,5.3872
ngte,1,6.8395,1,8.7691
peclet,1,6.8395,1,6.4758
immobil,1,6.8395,1,9.3726
disloc,1,6.8395,3,14.6938
unreal,1,6.8395,1,7.4841
reactor,1,6.8395,1,7.4841
eigenvector,1,6.8395,1,4.9619
loop,1,6.8395,1,7.3166
driest,1,6.8395,2,11.0046
graham,1,6.8395,1,7.3166
nimon,1,6.8395,2,10.7867
intergranular,1,6.8395,1,7.45
intercrystallin,1,6.8395,1,7.45
bed,1,6.8395,1,7.45
fluidiz,1,6.8395,1,7.45
uncontrol,1,6.8395,1,6.3011
three300degr,1,6.8395,1,4.4246
indefinit,1,6.8395,1,4.6779
cambridg,1,6.8395,1,7.6955
fuse,1,6.8395,1,7.3166
fasten,1,6.8395,1,8.7223
instig,1,6.8395,1,5.7674
rememb,1,6.8395,1,8.0361
threeon,1,6.8395,1,6.1819
sensibl,1,6.8395,1,7.9578
sone,1,6.8395,1,7.4162
stwo,1,6.8395,1,7.4162
chemisorpt,1,6.8395,1,7.8058
grossman,1,6.8395,3,9.6387
hog,1,6.8395,1,6.1355
physcal,1,6.8395,1,5.2827
ceuler,1,6.8395,1,7.4162
theirworstvalu,1,6.8395,1,6.1819
picard,1,6.8395,1,5.6478
adsorpt,1,6.8395,1,7.8058
centrelin,1,6.8395,1,7.3166
stefan,1,6.8395,1,7.8058
volterra,1,6.8395,1,7.8058
wassermann,1,6.8395,2,11.7146
consolid,1,6.8395,1,5.2827
kopalfor,1,6.8395,1,6.7991
cure,1,6.8395,1,6.1355
inaccess,1,6.8395,1,4.6779
thedens,1,6.8395,1,5.5519
violet,1,6.8395,2,8.4022
kallmann,1,6.8395,1,5.2827
variationsh180,1,6.8395,1,5.2827
numbergwf,1,6.8395,1,6.1819
labour,1,6.8395,1,4.6779
handicap,1,6.8395,1,8.4082
silica,1,6.8395,1,7.3166
sevenc,1,6.8395,1,3.645
satellitessputnik,1,6.8395,1,5.2827
drape,1,6.8395,1,5.9349
scruton,1,6.8395,1,7.8811
specialis,1,6.8395,1,4.6779
vanguard,1,6.8395,1,5.2827
mseven,1,6.8395,1,7.3166
microwav,1,6.8395,1,6.1125
centigrad,1,6.8395,1,6.1355
oversw,1,6.8395,1,6.1125
meight,1,6.8395,1,6.1355
fivetwokmnumb,1,6.8395,1,7.5533
barrel,1,6.8395,1,6.1125
pdpdi,1,6.8395,1,5.5519
wiley,1,6.8395,1,7.6955
sevena,1,6.8395,1,3.645
viscid,1,6.8395,1,5.0854
smallless,1,6.8395,1,7.5533
becausewith,1,6.8395,1,5.5519
mnine,1,6.8395,1,6.1355
stepdown,1,6.8395,3,8.0684
typeonear,1,6.8395,1,7.6237
woodgat,1,6.8395,1,7.8811
attaindd,1,6.8395,1,4.6779
mth,1,6.8395,2,10.931
lyskov,1,6.8395,1,4.6779
itechn,1,6.8395,1,6.1819
nearer,1,6.8395,1,5.9349
hotter,1,6.8395,1,6.1355
heighth,1,6.8395,1,5.5519
rose,1,6.8395,1,6.7991
thesolar,1,6.8395,2,8.4022
gramsc,1,6.8395,1,6.9142
hundredforti,1,6.8395,2,10.343
showonehow,1,6.8395,1,7.6237
discover,1,6.8395,1,7.5533
tenth,1,6.8395,1,6.4249
dirac,1,6.8395,1,6.5537
equatori,1,6.8395,1,7.3827
heightto,1,6.8395,1,8.0758
sixfivezero,1,6.8395,1,6.9142
fibrous,1,6.8395,1,6.1355
geckel,1,6.8395,1,7.6955
meissner,1,6.8395,1,7.6955
holland,1,6.8395,1,7.7687
timeand,1,6.8395,1,8.1564
dashth,1,6.8395,1,7.3166
effectorigin,1,6.8395,1,5.2827
symposium,1,6.8395,2,11.2702
delft,1,6.8395,1,7.7687
cabin,1,6.8395,2,12.0603
bracket,1,6.8395,1,6.9142
profilethat,1,6.8395,1,8.0758
michael,1,6.8395,1,5.9784
isit,1,6.8395,1,8.0758
threeh,1,6.8395,1,6.9142
valv,1,6.8395,2,9.4463
thermomechan,1,6.8395,2,10.5432
atten,1,6.8395,1,7.7687
braunschweig,1,6.8395,1,7.1564
bimetal,1,6.8395,1,7.7687
shercliff,1,6.8395,1,9.6493
f2,1,6.8395,1,5.2827
internat,1,6.8395,1,7.6955
realis,1,6.8395,1,6.1355
preheat,1,6.8395,1,6.1355
effectmay,1,6.8395,1,5.2827
kilometr,1,6.8395,1,6.9142
xiii,1,6.8395,1,8.3226
russian,1,6.8395,1,4.6779
castigliano,1,6.8395,1,7.0942
andtwohow,1,6.8395,1,7.6237
norman,1,6.8395,1,5.9784
judici,1,6.8395,1,3.645
belt,1,6.8395,1,7.3827
crinolin,1,6.8395,1,5.9349
brown,1,6.8395,1,5.9784
anhedr,1,6.8395,1,6.5801
3ft,2,6.3287,1,8.3841
asymmetri,2,6.3287,1,6.9251
monoplan,2,6.3287,1,4.8412
someth,2,6.3287,1,6.2138
exposur,2,6.3287,1,6.8623
immers,2,6.3287,1,6.2138
heisenberg,2,6.3287,1,5.208
cowl,2,6.3287,12,15.1537
xzero,2,6.3287,1,8.4308
entrain,2,6.3287,8,14.1841
unconserv,2,6.3287,1,7.1545
cauchi,2,6.3287,2,10.1146
diurnal,2,6.3287,4,11.0318
fell,2,6.3287,1,4.4299
squir,2,6.3287,3,13.8032
bourn,2,6.3287,1,7.701
thermomet,2,6.3287,1,7.2925
davi,2,6.3287,1,7.701
womersley,2,6.3287,1,7.4726
droop,2,6.3287,4,10.4056
twin,2,6.3287,2,8.895
localis,2,6.3287,2,10.9179
utilis,2,6.3287,1,7.0543
shapiro,2,6.3287,1,6.8313
hydraul,2,6.3287,1,5.5522
quadrat,2,6.3287,1,6.3978
ward,2,6.3287,2,8.4715
inequ,2,6.3287,4,12.0181
grain,2,6.3287,2,9.0278
remot,2,6.3287,1,5.3555
born,2,6.3287,1,7.3278
prone,2,6.3287,1,5.2624
interplanetari,2,6.3287,3,11.8597
voyag,2,6.3287,2,11.8597
danger,2,6.3287,1,6.2652
advisori,2,6.3287,1,6.1883
isoenerget,2,6.3287,1,7.6619
submit,2,6.3287,1,7.5097
abstract,2,6.3287,1,7.4359
winglik,2,6.3287,1,5.9685
truli,2,6.3287,1,7.4359
lesser,2,6.3287,1,6.1381
multilay,2,6.3287,1,8.6726
proc,2,6.3287,1,7.9437
shadow,2,6.3287,1,5.5319
5th,2,6.3287,1,7.3278
supplementari,2,6.3287,1,7.0874
bridg,2,6.3287,1,6.0642
crack,2,6.3287,1,6.8936
instal,2,6.3287,3,10.295
interrel,2,6.3287,1,6.9891
stagnant,2,6.3287,1,7.6619
congress,2,6.3287,1,7.1208
concis,2,6.3287,1,7.2575
avenu,2,6.3287,1,6.9891
dispers,2,6.3287,1,8.3378
appl,2,6.3287,1,7.1208
arm,2,6.3287,1,6.651
marguerr,2,6.3287,1,7.1208
forecast,2,6.3287,2,7.2876
prohibit,2,6.3287,1,7.0216
seal,2,6.3287,3,10.1341
argument,2,6.3287,1,7.1208
kelvin,2,6.3287,2,10.3571
elaps,2,6.3287,1,8.5742
superimpos,2,6.3287,1,6.593
stroboscop,2,6.3287,1,6.4249
freeman,2,6.3287,2,10.2518
resler,2,6.3287,2,9.6315
psig,2,6.3287,1,5.6772
chiefli,2,6.3287,1,8.7732
arithmet,2,6.3287,1,8.7732
sharpli,2,6.3287,1,4.1503
fourzero,2,6.3287,1,6.48
heretofor,2,6.3287,1,6.5644
categori,2,6.3287,1,6.3978
sweat,2,6.3287,2,9.4215
sidewal,2,6.3287,1,6.0887
rewrit,2,6.3287,1,8.0709
decim,2,6.3287,1,8.4308
nonspher,2,6.3287,1,5.2624
jupit,2,6.3287,1,4.6478
broken,2,6.3287,1,4.4299
venus,2,6.3287,1,4.6478
wkb,2,6.3287,1,7.1208
zakkay,2,6.3287,1,7.2575
miss,2,6.3287,3,10.7081
polish,2,6.3287,3,10.608
trial,2,6.3287,1,6.6219
histor,2,6.3287,1,6.6219
octob,2,6.3287,1,5.945
want,2,6.3287,1,8.8244
ship,2,6.3287,1,6.1381
omiss,2,6.3287,1,6.7701
circumscrib,2,6.3287,1,5.5726
broaden,2,6.3287,1,7.5851
hit,2,6.3287,1,6.48
icbm,2,6.3287,1,6.2913
seidel,2,6.3287,3,10.7589
bottom,2,6.3287,1,6.2913
dryden,2,6.3287,1,6.593
ser,2,6.3287,1,7.9437
mech,2,6.3287,1,9.2002
sweptforward,2,6.3287,1,5.614
mzero,2,6.3287,1,7.0543
identif,2,6.3287,1,4.6194
essenc,2,6.3287,1,5.945
disregard,2,6.3287,3,9.3604
isobar,2,6.3287,3,11.2946
monatom,2,6.3287,2,7.3406
target,2,6.3287,1,7.2925
liner,2,6.3287,1,8.6726
perman,2,6.3287,2,8.843
rep,2,6.3287,1,5.945
transtabl,2,6.3287,3,11.2387
max,2,6.3287,2,7.4126
enforc,2,6.3287,1,8.2921
dens,2,6.3287,1,8.1142
inconveni,2,6.3287,1,8.0709
unsatisfactori,2,6.3287,1,8.0709
anomal,2,6.3287,1,7.8204
smallest,2,6.3287,2,7.9587
meteor,2,6.3287,1,7.8204
engag,2,6.3287,1,7.8204
filter,2,6.3287,2,8.5918
remaind,2,6.3287,1,4.75
90degre,2,6.3287,1,6.4524
truth,2,6.3287,1,5.945
insuffici,2,6.3287,1,6.48
hollow,2,6.3287,2,7.618
sure,2,6.3287,1,6.8313
feedback,2,6.3287,1,6.9891
adam,2,6.3287,1,8.2469
geodes,2,6.3287,1,5.3555
warrant,2,6.3287,1,7.4726
regardless,2,6.3287,1,4.6194
wingtip,2,6.3287,5,13.6738
ftsection,2,6.3287,1,8.2022
confus,2,6.3287,1,6.8313
crucial,2,6.3287,1,5.2807
somewher,2,6.3287,1,5.208
resolut,2,6.3287,1,5.5522
judg,2,6.3287,1,6.0887
deflexion,2,6.3287,2,9.2204
schmidt,2,6.3287,4,11.0519
sectori,2,6.3287,2,11.9064
redistribut,2,6.3287,1,7.7802
25degre,2,6.3287,1,7.8204
usabl,2,6.3287,1,7.6233
diaphragm,2,6.3287,3,6.7544
claim,2,6.3287,1,7.3635
spheroid,2,6.3287,2,8.3086
ago,2,6.3287,1,8.2469
vibrate,2,6.3287,1,7.2228
residu,2,6.3287,1,6.9251
microphon,2,6.3287,2,8.7916
magnetoaerodynam,2,6.3287,1,6.6219
calcualt,2,6.3287,1,8.1142
meter,2,6.3287,2,11.3693
scoop,2,6.3287,1,7.5097
capacit,2,6.3287,1,7.5097
legendr,2,6.3287,3,10.2717
resort,2,6.3287,1,6.2138
disadvantag,2,6.3287,2,7.0994
highspe,2,6.3287,1,6.4524
nonvanish,2,6.3287,1,6.6219
modal,2,6.3287,1,6.3441
priori,2,6.3287,2,8.6163
burst,2,6.3287,2,8.8689
opportun,2,6.3287,1,5.5932
respond,2,6.3287,1,7.5097
occas,2,6.3287,1,8.0709
solubl,2,6.3287,1,8.0709
acquir,2,6.3287,1,6.651
inhibit,2,6.3287,1,7.701
deby,2,6.3287,3,12.1735
photomultipli,2,6.3287,2,8.5918
streamtub,2,6.3287,1,6.3441
floor,2,6.3287,1,6.6804
siren,2,6.3287,1,6.6219
redund,2,6.3287,3,10.5586
payload,2,6.3287,2,8.6163
latitud,2,6.3287,3,12.0763
left,2,6.3287,1,7.2925
plume,2,6.3287,4,10.6436
unmodul,2,6.3287,2,8.4953
feel,2,6.3287,1,7.9856
mutual,2,6.3287,1,5.208
deficit,2,6.3287,1,7.4726
telemet,2,6.3287,2,10.7625
quadrupol,2,6.3287,3,10.089
suppress,2,6.3287,1,7.3635
ezero,2,6.3287,1,7.0543
duplic,2,6.3287,1,6.1883
decrement,2,6.3287,2,9.8191
reexamin,2,6.3287,1,8.3378
bell,2,6.3287,2,10.8396
revert,2,6.3287,1,6.016
11in,2,6.3287,1,6.593
seventeenzero,2,6.3287,1,5.0346
auxiliari,2,6.3287,2,10.6864
deep,2,6.3287,2,8.4715
cole,2,6.3287,1,4.75
overshoot,2,6.3287,2,8.0434
staticpressur,2,6.3287,3,8.5814
soon,2,6.3287,1,6.5644
pibal,2,6.3287,1,6.8623
moon,2,6.3287,1,7.1545
modest,2,6.3287,1,7.1545
lock,2,6.3287,1,7.2575
mph,2,6.3287,1,6.1883
suffer,2,6.3287,1,6.2913
regain,2,6.3287,1,7.2925
nearest,2,6.3287,1,7.7802
search,2,6.3287,1,5.4521
withstand,2,6.3287,1,6.71
concur,2,6.3287,1,7.2925
valueless,2,6.3287,1,7.2925
thicker,2,6.3287,1,5.7202
inconsist,2,6.3287,1,9.0353
moor,2,6.3287,1,5.945
ingeni,2,6.3287,1,7.3278
stepwis,2,6.3287,1,7.4359
pai,2,6.3287,2,8.2469
swirl,2,6.3287,10,15.5066
cloud,2,6.3287,1,8.2921
thenc,2,6.3287,1,8.2921
unfavor,2,6.3287,1,7.2925
anomali,2,6.3287,1,6.8313
plain,2,6.3287,1,8.0709
snap,2,6.3287,1,7.5472
bifurc,2,6.3287,1,7.5472
salt,2,6.3287,1,7.701
chlorid,2,6.3287,1,7.701
blunter,2,6.3287,1,7.2228
cell,2,6.3287,2,7.4126
risk,2,6.3287,1,5.3179
kink,2,6.3287,1,5.808
drill,2,6.3287,2,10.5375
halv,2,6.3287,1,6.1883
phenol,2,6.3287,1,7.701
incomplet,2,6.3287,1,7.5851
possio,2,6.3287,1,7.7404
chemistri,2,6.3287,1,6.3176
expens,2,6.3287,1,5.4917
coverag,2,6.3287,1,7.9022
nondissip,2,6.3287,1,5.4917
tietjen,2,6.3287,1,5.0346
ammonium,2,6.3287,1,7.701
inorgan,2,6.3287,1,7.701
unnecessari,2,6.3287,1,7.5472
cancel,2,6.3287,6,13.1381
layout,2,6.3287,2,8.1081
horsesho,2,6.3287,2,8.1081
assign,2,6.3287,1,7.2575
untwist,2,6.3287,1,6.7399
corrobor,2,6.3287,1,5.7638
atm,2,6.3287,2,6.7357
telegraph,2,6.3287,1,7.2575
hankel,2,6.3287,1,5.3555
wagner,2,6.3287,5,12.5816
pre,2,6.3287,1,7.6233
index,2,6.3287,2,10.4646
disagre,2,6.3287,1,6.3978
nonmagnet,2,6.3287,2,9.6622
lucit,2,6.3287,1,7.701
prototyp,2,6.3287,1,4.5774
minus,2,6.3287,1,5.3179
restor,2,6.3287,1,6.9251
deton,2,6.3287,8,15.6319
corpor,2,6.3287,1,7.2228
cutout,2,6.3287,2,6.518
eas,2,6.3287,1,5.2992
exposit,2,6.3287,1,7.3635
circulatori,2,6.3287,1,5.2992
permeabl,2,6.3287,2,9.8191
nonpor,2,6.3287,2,8.3776
pears,2,6.3287,2,9.8191
defenc,2,6.3287,1,5.4521
zurich,2,6.3287,1,5.1901
jastrow,2,6.3287,2,9.8191
william,2,6.3287,1,6.8006
quench,2,6.3287,2,7.0662
subtract,2,6.3287,1,6.8006
barrier,2,6.3287,1,7.4359
sole,2,6.3287,1,7.7404
buoyant,2,6.3287,1,6.8936
monocoqu,2,6.3287,1,7.8611
mat,2,6.3287,1,8.9286
spark,2,6.3287,1,6.4249
microinch,2,6.3287,1,5.9922
ambigu,2,6.3287,1,6.9891
quartz,2,6.3287,4,11.4494
lyapunov,2,6.3287,3,13.6372
realli,2,6.3287,1,8.8244
sixth,2,6.3287,1,5.5117
unpressur,2,6.3287,4,12.6462
detriment,2,6.3287,1,5.5522
mid,2,6.3287,1,6.8623
honeycomb,2,6.3287,2,11.499
mathieu,2,6.3287,3,12.5092
outcom,2,6.3287,1,6.7701
home,2,6.3287,1,6.8936
nth,2,6.3287,1,7.3635
fictiti,2,6.3287,1,5.3746
nickel,2,6.3287,3,11.9806
guarante,2,6.3287,1,5.4917
deuc,2,6.3287,1,8.6726
traction,2,6.3287,2,9.0548
rhombic,2,6.3287,2,11.8597
disclos,2,6.3287,1,7.3995
oneseven,2,6.3287,1,4.2198
bogdonoff,2,6.3287,1,5.2992
helicopt,2,6.3287,2,9.6009
destal,2,6.3287,3,11.8865
heater,2,6.3287,7,14.2229
hammitt,2,6.3287,1,5.2992
fractur,2,6.3287,1,6.9251
punctur,2,6.3287,1,6.9251
thwaitess,2,6.3287,1,7.5472
drew,2,6.3287,1,6.48
boltzmann,2,6.3287,1,7.2228
walkden,2,6.3287,1,6.5644
succeed,2,6.3287,1,7.3995
civil,2,6.3287,1,6.5644
dirt,2,6.3287,2,8.7916
lay,2,6.3287,1,7.0543
cost,2,6.3287,1,6.5644
summaris,2,6.3287,1,8.5259
undeform,2,6.3287,1,6.8936
intent,2,6.3287,1,7.0543
scarc,2,6.3287,1,6.0642
poiseuill,2,6.3287,3,8.9212
gravit,2,6.3287,1,8.9286
intermolecular,2,6.3287,1,6.3176
cartesian,2,6.3287,1,6.8936
affin,2,6.3287,1,6.3176
armenaka,2,6.3287,1,8.3378
inquir,2,6.3287,1,6.651
expenditur,2,6.3287,2,8.2921
unload,2,6.3287,1,5.4325
bean,2,6.3287,1,7.2575
unsolv,2,6.3287,1,5.0346
trapezoid,2,6.3287,1,6.3978
cos,2,6.3287,1,6.71
insur,2,6.3287,1,7.701
thereaft,2,6.3287,1,7.9437
breadth,2,6.3287,1,6.0642
edgewis,2,6.3287,1,5.5726
nonparallel,2,6.3287,1,6.9251
radiant,2,6.3287,1,4.366
paraplex,2,6.3287,1,7.3278
shockwav,2,6.3287,1,5.9685
thereof,2,6.3287,1,5.8757
shaft,2,6.3287,1,6.4249
press,2,6.3287,1,5.4521
tuft,2,6.3287,1,5.2807
cellular,2,6.3287,1,5.4325
naval,2,6.3287,1,6.593
whatev,2,6.3287,1,6.3708
adequaci,2,6.3287,1,7.8611
pore,2,6.3287,1,6.3708
mthree,2,6.3287,1,8.7226
word,2,6.3287,1,6.9891
levi,2,6.3287,1,7.3278
rippl,2,6.3287,6,13.2532
paragraph,2,6.3287,1,5.945
n2,2,6.3287,1,8.3378
influx,2,6.3287,1,5.614
grid,2,6.3287,6,14.1856
inflow,2,6.3287,2,7.3228
thrown,2,6.3287,1,5.9218
skirt,2,6.3287,4,11.3208
satisfact,2,6.3287,1,5.3937
radic,2,6.3287,1,7.6233
soc,2,6.3287,1,7.9437
unbound,2,6.3287,1,6.5079
tap,2,6.3287,1,6.593
recours,2,6.3287,1,5.2441
misalign,2,6.3287,3,12.3727
magnus,2,6.3287,8,14.4725
skew,2,6.3287,2,8.4478
thermocoupl,2,6.3287,1,6.2394
methan,2,6.3287,3,10.8102
forum,2,6.3287,1,7.5851
flowmet,2,6.3287,2,9.7873
arisen,2,6.3287,1,8.7732
furnish,2,6.3287,1,7.5097
mercuri,2,6.3287,1,8.6231
feed,2,6.3287,3,8.1791
alfven,2,6.3287,2,8.4478
standoff,2,6.3287,2,11.8597
happen,2,6.3287,1,6.8313
specular,2,6.3287,3,11.1833
sensor,2,6.3287,2,10.7625
tungsten,2,6.3287,1,6.4524
transpar,2,6.3287,1,6.71
nagamatsu,2,6.3287,1,6.3176
conceptu,2,6.3287,1,7.701
enhanc,2,6.3287,1,5.6349
azimuth,2,6.3287,1,8.3841
sixtyzero,2,6.3287,3,9.8055
smith,2,6.3287,1,6.0887
popular,2,6.3287,1,8.7226
lightweight,2,6.3287,2,9.8511
lubric,2,6.3287,7,14.5754
secur,2,6.3287,1,4.3285
martian,2,6.3287,2,6.9049
admiss,2,6.3287,1,6.8006
network,2,6.3287,2,12.0487
decis,2,6.3287,1,6.7399
slice,2,6.3287,2,8.7661
confluent,2,6.3287,3,12.4066
controversi,2,6.3287,1,8.4308
inaccur,2,6.3287,1,5.656
aec,2,6.3287,1,7.0216
powel,2,6.3287,1,6.3441
advoc,2,6.3287,1,7.9022
unexpect,2,6.3287,1,6.7399
aero,2,6.3287,1,7.3278
bandwidth,2,6.3287,1,6.7399
pressuris,2,6.3287,1,8.1579
code,2,6.3287,8,14.1675
american,2,6.3287,1,5.4521
booster,2,6.3287,2,10.9973
outstand,2,6.3287,1,6.2138
tamada,2,6.3287,1,7.6619
exploit,2,6.3287,1,5.6349
unfir,2,6.3287,1,5.614
reactiv,2,6.3287,2,10.0474
nonreact,2,6.3287,1,7.4726
heterogen,2,6.3287,1,6.2913
torus,2,6.3287,2,8.0434
rheolog,2,6.3287,3,12.0124
spike,2,6.3287,5,13.5028
viewpoint,2,6.3287,1,6.3441
unequ,2,6.3287,1,6.8313
union,2,6.3287,1,7.1885
reject,2,6.3287,1,6.1381
nonstationari,2,6.3287,2,10.9574
weapon,2,6.3287,2,10.9973
weaken,2,6.3287,2,10.5375
centerlin,2,6.3287,3,9.9343
mask,2,6.3287,2,10.5009
stator,2,6.3287,5,13.7234
enlarg,2,6.3287,1,7.8611
magnifi,2,6.3287,1,5.8987
autocorrel,2,6.3287,1,7.2575
violent,2,6.3287,1,5.1901
unbuckl,2,6.3287,2,9.4805
emmon,2,6.3287,1,8.5742
phys,2,6.3287,1,7.8611
stratiform,2,6.3287,1,8.6726
poisson,2,6.3287,1,7.5472
passiv,2,6.3287,1,8.028
sake,2,6.3287,1,6.3441
met,2,6.3287,2,7.9022
favour,2,6.3287,2,7.1545
german,2,6.3287,1,6.1883
anisotrop,2,6.3287,1,7.0874
discern,2,6.3287,1,7.5851
tensor,2,6.3287,1,7.0874
wash,2,6.3287,1,5.2807
protrud,2,6.3287,1,6.2652
nonzero,2,6.3287,1,5.7202
manufactur,2,6.3287,1,5.8987
scientist,2,6.3287,1,7.1885
steam,2,6.3287,2,9.3712
begun,2,6.3287,1,5.614
antisymmetr,2,6.3287,1,8.2022
onsag,2,6.3287,1,8.2921
build,2,6.3287,1,7.9437
nash,2,6.3287,1,7.7802
ultra,2,6.3287,2,7.7746
quart,2,6.3287,1,6.1133
artific,2,6.3287,1,6.5079
erod,2,6.3287,1,5.808
stone,2,6.3287,2,10.1486
app,2,6.3287,1,5.1901
troubl,2,6.3287,1,4.9848
ame,2,6.3287,1,6.7701
vice,2,6.3287,1,6.4249
hexagon,2,6.3287,1,7.5851
oswatitsch,2,6.3287,1,7.6233
append,2,6.3287,1,8.1142
versa,2,6.3287,1,6.4249
knuckl,2,6.3287,3,10.5832
misess,2,6.3287,2,6.7059
psf,2,6.3287,2,8.9476
troublesom,2,6.3287,1,5.5726
phenomenolog,2,6.3287,1,7.2925
despit,2,6.3287,1,7.5097
chapter,2,6.3287,1,7.701
book,2,6.3287,1,7.7802
hovercraft,2,6.3287,6,13.4298
scalar,2,6.3287,1,6.0642
triangl,2,6.3287,1,7.5851
precaut,2,6.3287,1,6.593
ministri,2,6.3287,1,4.0941
airfram,2,6.3287,2,10.0142
20degre,2,6.3287,2,9.1368
languag,2,6.3287,1,6.1381
dri,2,6.3287,1,4.5092
media,2,6.3287,1,6.8936
airspe,2,6.3287,2,8.843
freeli,2,6.3287,4,11.8765
signal,2,6.3287,4,13.5226
30degre,2,6.3287,1,6.4249
gupta,2,6.3287,1,7.1885
evolv,2,6.3287,1,6.7399
safe,2,6.3287,1,5.1026
wet,2,6.3287,5,9.9102
collabor,2,6.3287,1,6.7701
degener,2,6.3287,2,9.8511
appendic,2,6.3287,1,6.7701
circumfer,2,6.3287,1,7.1545
unstress,2,6.3287,1,5.853
august,2,6.3287,1,7.1885
tion,2,6.3287,1,8.3378
safeti,2,6.3287,1,8.8244
evidenc,2,6.3287,1,7.1885
catalyt,2,6.3287,2,8.1738
constitu,2,6.3287,1,5.5726
exercis,2,6.3287,1,6.2138
lobe,2,6.3287,1,7.5097
oneon,2,6.3287,1,6.04
arrhenius,3,5.9922,1,4.5692
optim,3,5.9922,1,8.1647
foil,3,5.9922,1,5.4782
pump,3,5.9922,2,10.3002
countri,3,5.9922,2,9.4817
onetwo,3,5.9922,2,8.9765
tain,3,5.9922,1,6.7106
irrespect,3,5.9922,1,6.1619
unless,3,5.9922,2,8.0273
bubbl,3,5.9922,1,7.0061
entail,3,5.9922,1,6.5569
oxid,3,5.9922,4,11.2894
unfortun,3,5.9922,1,5.8117
log,3,5.9922,1,7.0753
next,3,5.9922,1,7.2915
hysteresi,3,5.9922,2,8.8653
tripl,3,5.9922,1,6.4974
typifi,3,5.9922,1,7.7661
box,3,5.9922,1,6.6175
paramount,3,5.9922,1,6.2698
mager,3,5.9922,1,8.4539
uncamb,3,5.9922,2,9.8401
built,3,5.9922,1,7.8513
semiapex,3,5.9922,3,10.2845
tangenc,3,5.9922,1,6.972
becam,3,5.9922,2,9.0905
manoeuvr,3,5.9922,1,7.8513
nonrot,3,5.9922,1,5.416
thermo,3,5.9922,3,11.1378
peripher,3,5.9922,2,9.5769
worth,3,5.9922,1,5.8834
window,3,5.9922,1,5.0708
fourfiv,3,5.9922,1,6.2698
shortcom,3,5.9922,1,8.2115
environment,3,5.9922,1,7.0406
refractori,3,5.9922,3,11.0234
memorandum,3,5.9922,1,6.8388
spacecraft,3,5.9922,3,9.0878
sublim,3,5.9922,2,11.1418
never,3,5.9922,1,6.2698
submerg,3,5.9922,1,6.8388
oge,3,5.9922,2,10.1541
descend,3,5.9922,3,10.7476
gauss,3,5.9922,3,10.1869
sidewash,3,5.9922,2,8.7302
tailplan,3,5.9922,4,11.3566
nodal,3,5.9922,1,7.2915
4degre,3,5.9922,1,6.3533
realist,3,5.9922,1,7.1818
noncircular,3,5.9922,1,7.0406
mar,3,5.9922,2,6.1848
strut,3,5.9922,2,8.8653
thermochem,3,5.9922,1,7.8946
noncatalyt,3,5.9922,1,4.9311
sin,3,5.9922,1,5.6961
bank,3,5.9922,3,9.6818
hodograph,3,5.9922,4,11.2451
dihedr,3,5.9922,3,10.8838
insert,3,5.9922,1,5.9321
brass,3,5.9922,1,5.9077
pronounc,3,5.9922,1,5.1622
scientif,3,5.9922,1,6.4974
prematur,3,5.9922,2,8.7302
grade,3,5.9922,2,9.2371
cushion,3,5.9922,1,7.8513
gaussian,3,5.9922,1,6.6175
biconvex,3,5.9922,1,5.8593
bessel,3,5.9922,1,7.6418
sort,3,5.9922,1,5.629
track,3,5.9922,2,7.9103
focus,3,5.9922,1,6.8063
crop,3,5.9922,3,8.8653
sutherland,3,5.9922,1,6.3816
lengthwis,3,5.9922,1,7.4431
omit,3,5.9922,1,8.4539
british,3,5.9922,1,6.8063
raeon,3,5.9922,1,7.4431
accumul,3,5.9922,2,11.0986
contamin,3,5.9922,3,10.8017
inter,3,5.9922,1,5.8117
whirl,3,5.9922,2,7.4571
deduct,3,5.9922,1,8.2115
southwel,3,5.9922,2,10.6845
lattic,3,5.9922,18,15.5595
boat,3,5.9922,2,7.7661
princeton,3,5.9922,1,5.9321
began,3,5.9922,1,5.0175
bomber,3,5.9922,2,9.7397
annulus,3,5.9922,3,10.9711
photographi,3,5.9922,1,5.2377
hypergeometr,3,5.9922,3,11.7469
compact,3,5.9922,1,7.7661
addendum,3,5.9922,1,8.4539
polyatom,3,5.9922,2,8.5734
inert,3,5.9922,4,10.8819
subscript,3,5.9922,1,8.2588
abil,3,5.9922,1,6.4974
ethylen,3,5.9922,2,9.4817
mfour,3,5.9922,1,7.146
belong,3,5.9922,1,8.1647
radar,3,5.9922,1,5.1437
puls,3,5.9922,1,6.5569
photothermoelast,3,5.9922,3,11.7469
seek,3,5.9922,1,6.527
onezero,3,5.9922,1,6.4102
theodorsen,3,5.9922,4,10.9862
overlap,3,5.9922,1,5.7189
nylon,3,5.9922,1,7.2915
drastic,3,5.9922,1,5.1997
page,3,5.9922,1,6.1355
perfor,3,5.9922,5,11.0657
overpressur,3,5.9922,2,7.4766
sea,3,5.9922,1,5.8593
eckert,3,5.9922,2,8.8928
resin,3,5.9922,2,10.3749
smoke,3,5.9922,19,14.7927
visualis,3,5.9922,3,7.6071
excresc,3,5.9922,2,8.838
speak,3,5.9922,1,7.0753
cut,3,5.9922,3,10.0912
graphit,3,5.9922,2,7.8238
sought,3,5.9922,1,5.629
oblat,3,5.9922,3,10.1388
brake,3,5.9922,2,10.9292
underestim,3,5.9922,1,5.4782
stein,3,5.9922,1,7.0061
shoulder,3,5.9922,2,6.4062
incipi,3,5.9922,5,8.5232
stol,3,5.9922,1,6.5569
turbulen,3,5.9922,1,7.146
spar,3,5.9922,2,8.3484
farnborough,3,5.9922,1,6.4681
cooper,3,5.9922,1,6.8063
inflect,3,5.9922,1,5.9568
seventh,3,5.9922,1,6.8716
intrins,3,5.9922,2,8.9484
intak,3,5.9922,2,8.0211
nuclear,3,5.9922,1,6.5569
torispher,3,5.9922,5,11.6415
fore,3,5.9922,1,7.218
touch,3,5.9922,1,7.9383
paid,3,5.9922,1,7.6828
breath,3,5.9922,2,8.9484
attract,3,5.9922,2,7.5356
mission,3,5.9922,1,6.439
dive,3,5.9922,2,8.3974
overcom,3,5.9922,1,6.5569
evapor,3,5.9922,3,9.5739
inward,3,5.9922,1,7.1818
fortyzero,3,5.9922,1,7.7242
bay,3,5.9922,3,10.2599
hoop,3,5.9922,10,14.4306
compens,3,5.9922,1,8.0726
filament,3,5.9922,1,6.0068
bibliographi,3,5.9922,2,10.4506
notch,3,5.9922,4,9.1885
night,3,5.9922,3,11.4343
get,3,5.9922,1,8.3552
sear,3,5.9922,1,6.1093
gamma,3,5.9922,1,5.6736
constrain,3,5.9922,1,6.7106
terrain,3,5.9922,1,6.8063
sand,3,5.9922,2,8.3242
thorough,3,5.9922,1,6.972
andor,3,5.9922,2,8.7837
sector,3,5.9922,2,9.6739
visibl,3,5.9922,2,8.4221
apart,3,5.9922,1,6.6175
ruptur,3,5.9922,2,7.7393
embed,3,5.9922,3,8.918
assembl,3,5.9922,1,6.8063
deposit,3,5.9922,4,8.889
mayer,3,5.9922,1,6.9047
ray,3,5.9922,2,6.2698
viz,3,5.9922,1,8.4539
interconnect,3,5.9922,1,6.2154
15degre,3,5.9922,2,7.4046
season,3,5.9922,1,8.5549
event,3,5.9922,5,10.9473
concurr,3,5.9922,1,5.6069
chief,3,5.9922,1,5.8593
argu,3,5.9922,1,6.7106
elabor,3,5.9922,1,7.2915
journal,3,5.9922,1,7.7242
hour,3,5.9922,1,6.9047
june,3,5.9922,1,6.9382
doublet,3,5.9922,1,6.9047
riddel,3,5.9922,1,6.9047
asm,3,5.9922,2,7.6158
philosophi,3,5.9922,1,8.6063
harden,3,5.9922,1,8.0726
unusu,3,5.9922,1,6.1619
referenc,3,5.9922,1,4.308
navi,3,5.9922,1,7.1818
fps,3,5.9922,1,5.9568
fay,3,5.9922,1,6.9047
said,3,5.9922,1,6.0321
liter,3,5.9922,1,6.2698
humid,3,5.9922,2,8.0436
newton,3,5.9922,2,7.0061
plug,3,5.9922,3,11.9762
spectral,3,5.9922,2,8.1582
vertex,3,5.9922,3,8.8263
persist,3,5.9922,1,6.2154
quick,3,5.9922,2,8.276
benefit,3,5.9922,3,8.7544
ninezero,3,5.9922,1,7.5213
nonconserv,3,5.9922,1,7.3666
threezero,3,5.9922,1,6.6793
biharmon,3,5.9922,1,6.7422
inevit,3,5.9922,1,6.4681
maxwellian,3,5.9922,2,9.8741
stretch,3,5.9922,2,7.3666
cavit,3,5.9922,3,11.0803
tech,3,5.9922,1,7.4431
curvilinear,3,5.9922,3,11.0803
paradox,3,5.9922,2,8.1582
insofar,3,5.9922,1,6.972
discoveri,3,5.9922,1,6.7106
clarifi,3,5.9922,1,7.3666
msix,3,5.9922,1,5.3754
eventu,3,5.9922,1,5.3353
nonsimilar,3,5.9922,2,8.5734
t6,3,5.9922,1,6.9047
multiweb,3,5.9922,2,9.8401
apprais,3,5.9922,1,5.3155
stainless,3,5.9922,2,7.4962
diamond,3,5.9922,1,6.9047
counter,3,5.9922,1,5.7189
art,3,5.9922,1,8.2115
demand,3,5.9922,1,6.6175
matter,3,5.9922,1,8.3068
shanley,3,5.9922,1,7.3666
fruit,3,5.9922,1,7.6012
belotserkovskii,3,5.9922,2,10.2633
ture,3,5.9922,1,8.5041
ellips,3,5.9922,3,7.0457
schubauer,3,5.9922,2,9.1194
salient,3,5.9922,1,5.5634
tailor,3,5.9922,2,10.4889
helmholtz,3,5.9922,1,7.0061
classif,3,5.9922,1,7.6418
mere,3,5.9922,1,6.0834
lundquist,3,5.9922,1,6.1093
recompress,3,5.9922,4,9.1885
wrinkl,3,5.9922,5,13.9563
cheng,3,5.9922,1,6.9047
precipit,3,5.9922,2,8.3242
psia,3,5.9922,2,8.625
usaf,3,5.9922,1,8.1647
goldstein,3,5.9922,2,7.6158
sponsor,3,5.9922,1,8.1647
vacuum,3,5.9922,1,6.4681
sine,3,5.9922,2,7.9987
neighbourhood,3,5.9922,1,7.0753
hopeless,3,5.9922,1,7.7242
inadequaci,3,5.9922,1,6.8388
revis,3,5.9922,1,6.9047
cusp,3,5.9922,2,9.4504
key,3,5.9922,1,6.4681
thirtyzero,3,5.9922,2,9.7397
indirect,3,5.9922,1,7.1105
piec,3,5.9922,1,6.4974
bedford,3,5.9922,1,7.9383
infer,3,5.9922,1,7.0406
gravel,3,5.9922,4,11.3737
stimul,3,5.9922,1,6.5569
supercrit,3,5.9922,2,8.2285
complementari,3,5.9922,3,9.5314
inspect,3,5.9922,1,7.1818
timoshenko,3,5.9922,1,7.2915
inaccuraci,3,5.9922,1,7.1818
complement,3,5.9922,1,5.9817
stratford,3,5.9922,1,7.7661
recircul,3,5.9922,1,5.4993
ensur,3,5.9922,1,6.439
room,4,5.7409,1,6.0868
45degre,4,5.7409,2,8.2882
preston,4,5.7409,3,11.803
maccol,4,5.7409,4,9.4229
conceiv,4,5.7409,1,7.0576
sodium,4,5.7409,2,10.0859
60degre,4,5.7409,2,6.8586
split,4,5.7409,4,10.4057
hypothet,4,5.7409,1,5.2285
explor,4,5.7409,1,5.9807
none,4,5.7409,1,6.8806
lend,4,5.7409,1,7.6478
customari,4,5.7409,1,5.929
tensil,4,5.7409,1,6.7786
fire,4,5.7409,2,8.4412
divis,4,5.7409,3,9.8062
aeroplan,4,5.7409,1,6.2533
forego,4,5.7409,1,7.4404
stanton,4,5.7409,2,11.1518
benefici,4,5.7409,1,6.6796
render,4,5.7409,1,5.9035
node,4,5.7409,2,10.1231
seban,4,5.7409,1,6.9857
beneath,4,5.7409,3,8.3532
monoton,4,5.7409,1,5.707
weissing,4,5.7409,2,8.9653
via,4,5.7409,1,7.9125
explos,4,5.7409,7,11.3335
econom,4,5.7409,1,8.0048
conjectur,4,5.7409,1,6.1689
coaxial,4,5.7409,1,7.3213
surpris,4,5.7409,1,7.4404
let,4,5.7409,1,6.1968
multistag,4,5.7409,3,8.4911
sizabl,4,5.7409,2,9.3312
uncertainti,4,5.7409,1,7.0576
justif,4,5.7409,1,6.2819
incorrect,4,5.7409,1,8.0993
labor,4,5.7409,1,6.3694
rarefact,4,5.7409,1,6.34
green,4,5.7409,2,9.3951
aforement,4,5.7409,1,6.0333
schlicht,4,5.7409,7,12.3382
display,4,5.7409,1,6.0333
comprehens,4,5.7409,1,6.9857
heavi,4,5.7409,5,10.5365
kirchhoff,4,5.7409,1,6.5834
surg,4,5.7409,4,10.5053
cite,4,5.7409,1,7.0576
tab,4,5.7409,8,12.0475
irrevers,4,5.7409,2,8.4673
downward,4,5.7409,2,8.5464
status,4,5.7409,2,10.8863
subcrit,4,5.7409,1,7.4002
caviti,4,5.7409,7,11.1363
fring,4,5.7409,1,6.6472
fifth,4,5.7409,1,7.2059
hall,4,5.7409,2,9.6939
encompass,4,5.7409,2,6.2636
peculiar,4,5.7409,1,6.552
embrac,4,5.7409,1,6.1689
interferometr,4,5.7409,1,7.5635
hartmann,4,5.7409,2,8.9071
kelli,4,5.7409,1,6.9857
skip,4,5.7409,3,8.1384
isovel,4,5.7409,2,7.089
spiral,4,5.7409,2,7.3947
quot,4,5.7409,1,8.0048
standpoint,4,5.7409,2,7.089
link,4,5.7409,1,7.1682
undissoci,4,5.7409,2,7.7717
laplac,4,5.7409,1,6.6796
fighter,4,5.7409,2,7.163
undertaken,4,5.7409,1,6.1689
nonaxisymmetr,4,5.7409,2,7.8834
insignific,4,5.7409,1,6.1689
univac,4,5.7409,1,6.6796
young,4,5.7409,1,7.0215
junctur,4,5.7409,2,6.2923
wood,4,5.7409,5,9.4741
projectil,4,5.7409,3,10.3748
50degre,4,5.7409,1,4.9279
viscoelast,4,5.7409,1,6.2819
draw,4,5.7409,2,7.6478
block,4,5.7409,2,7.0707
laval,4,5.7409,1,7.734
landahl,4,5.7409,1,6.5834
ascertain,4,5.7409,1,6.9503
ackeret,4,5.7409,1,7.3605
thicken,4,5.7409,2,9.3631
treatis,4,5.7409,1,7.0576
shed,4,5.7409,4,10.9454
friedrich,4,5.7409,1,6.8463
oncom,4,5.7409,1,7.3605
transmit,4,5.7409,2,7.7279
invert,4,5.7409,2,9.7978
oppos,4,5.7409,1,6.4291
nacell,4,5.7409,10,13.3284
notat,4,5.7409,1,7.6907
content,4,5.7409,1,6.9857
fulfil,4,5.7409,1,6.9503
vibratori,4,5.7409,2,7.7279
hydromagnet,4,5.7409,1,6.7786
chamber,4,5.7409,1,6.0069
likewis,4,5.7409,1,6.5208
onef,4,5.7409,1,6.2249
shield,4,5.7409,11,13.1917
drive,4,5.7409,5,11.7052
dual,4,5.7409,2,8.7092
sevenzero,4,5.7409,1,6.2249
instruct,4,5.7409,1,7.3605
plant,4,5.7409,4,10.6687
interferomet,4,5.7409,1,7.0215
mit,4,5.7409,1,7.3213
ceas,4,5.7409,1,6.2819
cal,4,5.7409,1,6.6472
add,4,5.7409,1,5.707
largest,4,5.7409,1,5.1889
fold,4,5.7409,5,11.4896
write,4,5.7409,1,5.8282
knudsen,4,5.7409,3,10.3915
scienc,4,5.7409,1,7.3213
preserv,4,5.7409,1,6.4291
intim,4,5.7409,1,7.4002
hard,4,5.7409,2,9.3951
hugoniot,4,5.7409,3,9.1724
love,4,5.7409,1,6.4594
amplifi,4,5.7409,1,6.7123
incur,4,5.7409,2,9.206
gaug,4,5.7409,1,6.6152
flown,4,5.7409,1,6.6152
undershoot,4,5.7409,2,7.2964
eightzero,4,5.7409,1,6.6152
york,4,5.7409,1,6.4594
closer,4,5.7409,1,6.8463
math,4,5.7409,1,8.3457
merg,4,5.7409,10,11.0787
aluminium,4,5.7409,1,6.7786
inde,4,5.7409,1,5.9035
logic,4,5.7409,1,6.8806
entranc,4,5.7409,3,10.5072
ignit,4,5.7409,7,11.6215
fiber,4,5.7409,1,6.9857
steadili,4,5.7409,1,6.3108
screen,4,5.7409,5,11.5282
untap,4,5.7409,1,6.9153
bureau,4,5.7409,1,7.6054
permiss,4,5.7409,2,8.4673
extension,4,5.7409,5,11.9708
encourag,4,5.7409,1,5.8282
wavi,4,5.7409,1,7.3605
distinguish,4,5.7409,1,7.3213
leeward,4,5.7409,1,4.9279
pilot,4,5.7409,3,7.3532
fig,4,5.7409,1,7.0941
hypothes,4,5.7409,3,11.4103
necessit,4,5.7409,1,6.0868
novel,4,5.7409,1,7.3605
hoff,4,5.7409,2,10.6331
frustum,4,5.7409,4,12.6338
stack,4,5.7409,2,10.1606
escap,4,5.7409,1,6.49
cumul,4,5.7409,3,10.5611
repeat,4,5.7409,2,7.6206
onethre,4,5.7409,1,4.3224
come,4,5.7409,1,6.2819
defect,4,5.7409,1,7.5635
labori,4,5.7409,1,5.8531
augment,4,5.7409,3,7.4329
afford,4,5.7409,1,5.8531
gun,4,5.7409,4,11.7023
movabl,4,5.7409,1,5.4142
wise,4,5.7409,1,7.5635
answer,4,5.7409,1,5.0551
float,4,5.7409,3,7.4598
dioxid,4,5.7409,1,8.5008
refract,4,5.7409,2,8.7092
afterburn,4,5.7409,4,7.9487
conflict,4,5.7409,2,7.5785
super,4,5.7409,2,8.4153
valuabl,4,5.7409,1,5.6833
commerci,4,5.7409,2,7.6847
cubic,4,5.7409,1,6.0069
gage,5,5.5402,2,8.7376
discov,5,5.5402,2,8.1713
invalid,5,5.5402,1,7.8162
twice,5,5.5402,2,6.6024
ascend,5,5.5402,2,9.9156
planar,5,5.5402,3,8.992
imposs,5,5.5402,1,6.4776
bleed,5,5.5402,1,7.1803
enclos,5,5.5402,5,8.6756
polygon,5,5.5402,3,8.7158
save,5,5.5402,1,6.5741
imag,5,5.5402,2,5.6485
deterior,5,5.5402,1,4.9146
obey,5,5.5402,1,6.2336
soft,5,5.5402,2,8.2477
loos,5,5.5402,3,9.4634
kept,5,5.5402,1,6.8817
attend,5,5.5402,2,7.6518
choos,5,5.5402,1,6.2044
thinner,5,5.5402,1,6.3839
probe,5,5.5402,4,11.3556
committe,5,5.5402,2,8.7376
understood,5,5.5402,1,7.2195
depart,5,5.5402,1,6.0624
rankin,5,5.5402,3,8.8517
twentyzero,5,5.5402,1,6.1755
rms,5,5.5402,1,6.1184
magneto,5,5.5402,5,10.6938
npl,5,5.5402,1,7.5921
toroid,5,5.5402,2,10.1825
shorten,5,5.5402,1,6.5417
obstacl,5,5.5402,4,10.9789
calor,5,5.5402,1,5.8224
eros,5,5.5402,5,11.3542
amplif,5,5.5402,1,6.3229
electromagnet,5,5.5402,2,9.2894
post,5,5.5402,1,6.5417
midplan,5,5.5402,1,7.6802
unlimit,5,5.5402,1,7.5488
proof,5,5.5402,4,11.3313
storag,5,5.5402,1,6.8109
resolv,5,5.5402,1,6.6736
reissner,5,5.5402,1,7.3395
neither,5,5.5402,1,5.8741
hay,5,5.5402,3,10.2182
meridian,5,5.5402,1,7.3395
millisecond,5,5.5402,2,8.5958
driver,5,5.5402,2,8.3517
cyclic,5,5.5402,3,8.1272
upwash,5,5.5402,3,8.9113
store,5,5.5402,2,8.6238
easi,5,5.5402,1,6.6736
tedious,5,5.5402,1,6.8109
mise,5,5.5402,2,6.6189
spatial,5,5.5402,1,6.8817
nevertheless,5,5.5402,1,5.3734
stem,5,5.5402,2,6.9126
admit,5,5.5402,2,7.6078
project,5,5.5402,2,7.2734
breakdown,5,5.5402,2,7.6078
promot,5,5.5402,2,7.2337
overexpand,5,5.5402,3,10.5718
whenev,5,5.5402,1,6.0624
text,5,5.5402,1,6.7415
uncool,5,5.5402,1,6.4149
amr,5,5.5402,1,6.607
confin,5,5.5402,2,7.3953
photo,5,5.5402,2,8.1713
decid,5,5.5402,2,8.7089
mangler,5,5.5402,3,7.2121
plausibl,5,5.5402,1,6.6401
10degre,5,5.5402,2,8.6803
imperm,5,5.5402,2,8.3517
contrari,5,5.5402,1,7.3395
oval,5,5.5402,4,10.2958
lag,5,5.5402,2,7.0601
overestim,5,5.5402,1,5.3953
tumbl,5,5.5402,3,11.1977
public,5,5.5402,1,6.8109
planet,5,5.5402,4,10.3822
suit,5,5.5402,1,5.9002
possess,5,5.5402,2,6.4776
uniaxi,5,5.5402,3,8.832
insensit,5,5.5402,1,6.3839
howarth,5,5.5402,2,7.0226
median,5,5.5402,1,6.3229
inher,5,5.5402,1,5.7969
sequenc,5,5.5402,1,5.3734
trip,5,5.5402,3,10.6856
human,5,5.5402,1,6.8461
orthogon,5,5.5402,1,6.776
induct,5,5.5402,2,9.1927
formal,5,5.5402,1,6.5095
faster,5,5.5402,1,6.0347
collis,5,5.5402,1,6.3229
perimet,5,5.5402,1,6.8817
counterpart,5,5.5402,1,6.0624
amen,5,5.5402,1,5.9802
quarter,5,5.5402,2,8.0228
fan,5,5.5402,4,11.9717
manifest,5,5.5402,1,6.1184
unchang,5,5.5402,1,6.5417
probstein,5,5.5402,2,8.5129
compil,5,5.5402,2,9.4216
outlet,5,5.5402,2,7.6518
btu,5,5.5402,3,9.9619
modul,5,5.5402,5,12.4194
glider,5,5.5402,2,7.9985
defici,5,5.5402,1,6.8461
lifetim,5,5.5402,5,12.2811
hundredzero,5,5.5402,5,9.2193
corridor,5,5.5402,10,12.0324
margin,5,5.5402,2,6.5371
meridion,5,5.5402,4,10.5
unstiffen,5,5.5402,1,7.6802
mainstream,5,5.5402,2,7.8561
guidanc,5,5.5402,3,10.4604
titl,5,5.5402,1,6.776
indici,5,5.5402,5,11.5524
twozero,5,5.5402,1,6.954
supplement,5,5.5402,1,6.5095
blowdown,5,5.5402,1,5.4396
uncoupl,5,5.5402,3,7.7923
wavelength,5,5.5402,2,7.5643
glass,5,5.5402,8,11.7034
galcit,5,5.5402,2,9.1608
strict,5,5.5402,1,5.9002
return,5,5.5402,1,6.2631
hope,5,5.5402,1,6.954
steep,5,5.5402,2,9.0051
insight,5,5.5402,1,6.954
attitud,5,5.5402,3,7.6719
forth,5,5.5402,1,7.1033
creat,5,5.5402,2,7.0653
rais,5,5.5402,1,7.6802
whitham,5,5.5402,2,6.7196
paraboloid,5,5.5402,3,10.3784
sustain,5,5.5402,2,8.8842
fashion,5,5.5402,1,5.6971
know,5,5.5402,1,5.2044
notic,5,5.5402,1,5.5075
tabular,5,5.5402,1,5.7969
torqu,5,5.5402,2,8.4315
fuller,5,5.5402,1,6.5417
impli,5,5.5402,1,6.0624
recogn,5,5.5402,1,6.1184
unheat,5,5.5402,2,8.9442
rotari,5,5.5402,1,5.3301
exchang,5,5.5402,2,8.825
assist,5,5.5402,1,7.3805
precis,5,5.5402,1,6.7415
reproduc,5,5.5402,1,6.9177
inertia,5,5.5402,4,7.7494
thermoelast,5,5.5402,2,8.1713
lumin,5,5.5402,2,7.3395
date,5,5.5402,1,6.2336
whilst,5,5.5402,1,6.7415
pivot,5,5.5402,3,11.1038
tendenc,5,5.5402,1,5.4847
branch,6,5.3731,3,9.4714
compat,6,5.3731,2,7.6192
unlik,6,5.3731,1,7.1579
sub,6,5.3731,2,7.7108
analogu,6,5.3731,4,12.0748
flugg,6,5.3731,1,7.4921
reader,6,5.3731,1,6.9262
trigonometr,6,5.3731,1,6.8523
superior,6,5.3731,2,6.0275
sixzero,6,5.3731,1,6.1914
accommod,6,5.3731,3,9.3112
minimis,6,5.3731,2,8.4463
rev,6,5.3731,1,6.4077
invari,6,5.3731,1,5.7999
circumst,6,5.3731,1,5.0475
corrug,6,5.3731,2,9.6166
condens,6,5.3731,2,7.2386
exclud,6,5.3731,1,6.0743
postul,6,5.3731,1,6.5717
sting,6,5.3731,3,9.4251
busemann,6,5.3731,2,6.2823
superposit,6,5.3731,1,7.3632
flame,6,5.3731,5,10.3355
eighth,6,5.3731,2,6.9262
irrot,6,5.3731,1,6.1323
california,6,5.3731,1,6.0457
attenu,6,5.3731,3,9.0487
lewi,6,5.3731,1,5.8262
thought,6,5.3731,2,6.6867
kernel,6,5.3731,9,12.7041
climb,6,5.3731,2,10.1088
melt,6,5.3731,4,11.9068
everywher,6,5.3731,2,7.5967
grow,6,5.3731,1,6.1323
worker,6,5.3731,1,7.5805
facilit,6,5.3731,1,6.0457
angular,6,5.3731,4,10.5386
flang,6,5.3731,2,8.8236
meet,6,5.3731,1,6.1031
prevail,6,5.3731,1,5.2326
broad,6,5.3731,1,6.7091
bar,6,5.3731,2,9.203
plus,6,5.3731,1,5.9615
absorpt,6,5.3731,2,7.8763
background,6,5.3731,5,10.8628
penalti,6,5.3731,2,7.6647
versus,6,5.3731,2,7.5743
prefer,6,5.3731,2,7.2386
output,6,5.3731,2,5.4172
bond,6,5.3731,4,10.4528
descent,6,5.3731,2,7.8763
reinforc,6,5.3731,1,6.6397
envelop,6,5.3731,3,9.9872
offer,6,5.3731,1,5.9893
eigenvalu,6,5.3731,3,10.145
vane,6,5.3731,6,11.6964
constitut,6,5.3731,2,7.8045
stewartson,6,5.3731,2,8.4741
issu,6,5.3731,2,7.7573
departur,6,5.3731,2,7.0348
reson,6,5.3731,2,8.9778
glide,6,5.3731,4,8.9778
film,6,5.3731,2,6.2214
diatom,6,5.3731,2,7.7808
nonsteadi,6,5.3731,1,6.6742
alreadi,6,5.3731,1,5.4318
reservoir,6,5.3731,6,11.8402
emit,6,5.3731,2,6.7217
boattail,6,5.3731,3,7.0202
jone,6,5.3731,2,7.8045
restrain,6,5.3731,2,9.3369
solar,6,5.3731,7,11.4159
react,6,5.3731,2,8.0491
ionospher,6,5.3731,2,8.6745
bulk,6,5.3731,1,6.5717
strike,6,5.3731,1,7.4486
statement,6,5.3731,1,6.9262
releas,6,5.3731,5,10.8908
tank,6,5.3731,2,6.2323
elev,6,5.3731,2,7.734
occurr,6,5.3731,2,6.6397
freez,6,5.3731,4,10.1231
abrupt,6,5.3731,1,5.0081
transmiss,6,5.3731,1,5.6221
mile,6,5.3731,2,9.7259
undergo,6,5.3731,1,7.1579
elsewher,6,5.3731,1,7.4056
vapor,6,5.3731,3,9.7594
hartre,6,5.3731,1,6.3444
interpol,6,5.3731,1,7.1579
semispan,6,5.3731,1,5.7223
spring,6,5.3731,7,12.8159
burn,6,5.3731,2,9.3369
farther,6,5.3731,2,6.9397
disappear,6,5.3731,1,5.9339
spin,6,5.3731,2,6.9024
compromis,6,5.3731,2,7.0402
fifteenzero,6,5.3731,1,7.1182
joukowski,6,5.3731,3,8.1146
kutta,6,5.3731,2,7.1127
driven,6,5.3731,2,7.486
lagrang,6,5.3731,1,6.6055
resembl,6,5.3731,2,6.3089
web,6,5.3731,5,12.0223
aft,7,5.23,2,7.1613
rearward,7,5.23,2,6.8662
tollmien,7,5.23,7,11.2404
perhap,7,5.23,1,5.6454
0degre,7,5.23,3,9.4995
gain,7,5.23,2,5.8298
domain,7,5.23,2,7.0403
gap,7,5.23,3,8.5592
tangenti,7,5.23,3,8.2824
modern,7,5.23,1,6.8527
quadratur,7,5.23,2,6.7916
necess,7,5.23,1,6.0265
dead,7,5.23,2,8.648
asymmetr,7,5.23,2,8.8942
flare,7,5.23,7,10.4291
recommend,7,5.23,1,7.1671
ration,7,5.23,2,6.6648
matric,7,5.23,3,10.8775
exterior,7,5.23,1,5.6454
concav,7,5.23,3,8.0511
convex,7,5.23,3,8.0511
stringer,7,5.23,2,9.2565
articl,7,5.23,4,8.9695
freon,7,5.23,9,12.531
among,7,5.23,1,7.4225
postbuckl,7,5.23,2,8.8313
day,7,5.23,1,7.4668
dealt,7,5.23,1,6.0557
preced,7,5.23,1,6.5647
wherein,7,5.23,2,8.8002
suscept,7,5.23,1,5.6969
list,7,5.23,1,7.3786
hub,7,5.23,4,11.003
gaseous,7,5.23,2,8.4435
teflon,7,5.23,4,9.5723
poor,7,5.23,2,9.0553
biot,7,5.23,3,7.6722
launch,7,5.23,2,8.2758
convert,7,5.23,2,7.2654
gradual,7,5.23,1,5.7759
version,7,5.23,2,9.0882
scatter,7,5.23,1,6.7056
fabric,7,5.23,1,6.8153
spectra,7,5.23,3,8.2098
brought,7,5.23,1,6.4296
adopt,7,5.23,1,6.3319
neighborhood,7,5.23,1,5.671
nonconduct,7,5.23,1,6.5647
familiar,7,5.23,1,5.8027
passag,7,5.23,5,9.0433
tenzero,7,5.23,1,5.5949
kind,7,5.23,3,9.0413
calculus,7,5.23,1,6.9673
speci,7,5.23,3,7.9319
fill,7,5.23,2,7.8103
percentag,7,5.23,1,5.4249
compris,7,5.23,2,6.4965
last,7,5.23,1,6.3967
insid,7,5.23,2,9.0226
exert,7,5.23,2,8.7694
disagr,7,5.23,1,5.6454
narrow,7,5.23,2,8.0622
ritz,7,5.23,1,6.115
programm,7,5.23,3,10.973
ellipsoid,7,5.23,3,9.0196
meyer,7,5.23,1,5.4964
cruis,7,5.23,3,8.2758
felt,7,5.23,1,7.0858
lagrangian,7,5.23,2,8.8313
outboard,7,5.23,2,7.4163
under,7,5.23,1,6.2684
rubesin,7,5.23,1,6.0557
circl,7,5.23,2,9.0882
obvious,7,5.23,1,6.3
rotate,7,5.23,3,8.8912
ignor,7,5.23,1,6.6698
deg,7,5.23,3,9.7974
nonlift,7,5.23,2,6.4965
outward,7,5.23,2,6.8101
discharg,7,5.23,4,10.722
implicit,7,5.23,1,6.7418
simplest,7,5.23,2,7.3786
denot,7,5.23,3,9.4278
man,7,5.23,2,6.4965
retard,7,5.23,2,8.9259
multi,7,5.23,2,9.4669
translat,7,5.23,2,7.0009
binari,7,5.23,2,9.0553
planetari,7,5.23,3,9.4669
disc,7,5.23,3,8.8942
regular,7,5.23,4,7.3156
unaffect,7,5.23,1,6.3
jump,7,5.23,2,8.7083
protect,7,5.23,2,8.141
ferri,7,5.23,1,5.9976
allevi,7,5.23,1,5.9125
ibm,8,5.1049,1,6.0276
galerkin,8,5.1049,6,9.7896
million,8,5.1049,8,10.273
plasma,8,5.1049,3,10.5865
help,8,5.1049,1,6.0576
institut,8,5.1049,1,5.9687
instantan,8,5.1049,2,8.6813
proxim,8,5.1049,2,7.5996
orific,8,5.1049,5,9.9016
writer,8,5.1049,1,5.4366
dyke,8,5.1049,2,6.9557
longer,8,5.1049,2,6.1183
detect,8,5.1049,2,8.4703
hing,8,5.1049,5,8.6885
inclus,8,5.1049,1,5.5353
pound,8,5.1049,2,9.2403
hypothesi,8,5.1049,3,8.441
blow,8,5.1049,3,8.8386
motor,8,5.1049,1,5.998
inadequ,8,5.1049,1,6.5102
coincid,8,5.1049,1,5.4125
restraint,8,5.1049,4,10.8834
shift,8,5.1049,1,5.8823
individu,8,5.1049,2,6.4076
nasa,8,5.1049,1,5.5353
implic,8,5.1049,1,6.0878
sum,8,5.1049,2,8.0511
nineteen,8,5.1049,1,6.3082
crossflow,8,5.1049,2,7.5293
substitut,8,5.1049,1,6.0878
multipli,8,5.1049,3,9.5132
ion,8,5.1049,4,10.8592
prepar,8,5.1049,1,6.7628
tsien,8,5.1049,2,6.9108
irregular,8,5.1049,1,6.1492
arriv,8,5.1049,7,8.6226
seventeen,8,5.1049,2,5.9792
cruciform,8,5.1049,7,11.2017
glauert,8,5.1049,2,9.4187
land,8,5.1049,3,9.3911
right,8,5.1049,3,9.2403
impel,8,5.1049,13,12.03
relev,8,5.1049,2,8.0511
cap,8,5.1049,3,10.0903
trim,8,5.1049,5,10.0484
impuls,8,5.1049,2,9.3108
virtual,8,5.1049,3,8.7826
shadowgraph,8,5.1049,1,6.7628
hyperveloc,8,5.1049,2,9.3825
termin,8,5.1049,2,7.4374
contract,8,5.1049,2,8.2975
aim,8,5.1049,1,6.6887
oil,8,5.1049,4,10.5538
realiz,8,5.1049,2,6.6291
destabil,8,5.1049,1,5.4125
ioniz,8,5.1049,4,10.7872
truncat,8,5.1049,3,9.8725
vessel,8,5.1049,5,9.9177
bring,8,5.1049,1,6.9557
technolog,8,5.1049,1,5.7438
euler,8,5.1049,1,6.0878
forebodi,8,5.1049,7,10.0816
pipe,8,5.1049,3,9.5629
prior,8,5.1049,1,6.0878
top,8,5.1049,2,7.2388
falkner,8,5.1049,2,7.7938
hole,8,5.1049,9,11.3698
anemomet,8,5.1049,1,7.3319
fiftyzero,8,5.1049,2,8.2975
carbon,8,5.1049,2,10.1221
steel,8,5.1049,3,7.9265
discret,8,5.1049,4,9.5988
tension,8,5.1049,2,9.035
fast,8,5.1049,1,5.8823
maneuv,8,5.1049,2,8.4999
semivertex,8,5.1049,3,9.3432
join,8,5.1049,2,7.576
member,8,5.1049,3,8.6375
blockag,8,5.1049,2,9.0016
frame,8,5.1049,2,8.441
unstabl,8,5.1049,2,8.441
skan,8,5.1049,2,7.7938
exploratori,8,5.1049,2,7.5996
frequent,8,5.1049,1,6.0276
turbojet,8,5.1049,2,8.4999
windward,8,5.1049,2,6.7019
airflow,8,5.1049,3,7.2945
unyaw,8,5.1049,2,8.62
gross,8,5.1049,2,8.1045
visual,8,5.1049,2,8.1045
wherebi,8,5.1049,1,6.4756
fit,9,4.9936,1,6.1707
airstream,9,4.9936,1,6.6897
generalis,9,4.9936,2,8.7731
routin,9,4.9936,2,7.8756
shall,9,4.9936,3,9.9252
ionize,9,4.9936,3,9.2339
logarithm,9,4.9936,2,7.7478
buffet,9,4.9936,2,7.9017
effort,9,4.9936,1,5.8102
keep,9,4.9936,2,7.8756
read,9,4.9936,3,8.6535
homogen,9,4.9936,1,7.0451
rarefi,9,4.9936,2,8.4922
emiss,9,4.9936,2,7.32
sideslip,9,4.9936,3,9.9252
instead,9,4.9936,1,5.8102
absorb,9,4.9936,1,5.248
abl,9,4.9936,2,6.7987
argon,9,4.9936,3,7.7876
topic,9,4.9936,1,7.0451
foreign,9,4.9936,2,8.1444
orient,9,4.9936,1,6.2028
joint,9,4.9936,3,8.6745
retain,9,4.9936,1,6.6524
absenc,9,4.9936,2,5.8673
middl,9,4.9936,4,8.673
nusselt,9,4.9936,1,5.6453
fuel,9,4.9936,3,9.3791
reciproc,9,4.9936,4,10.1699
explan,9,4.9936,2,7.0451
toler,9,4.9936,2,6.2307
handl,9,4.9936,2,6.8181
sometim,9,4.9936,1,5.248
adapt,9,4.9936,1,5.6187
qualiti,9,4.9936,1,6.6155
net,9,4.9936,1,6.7274
nonvisc,9,4.9936,2,8.5838
devic,9,4.9936,1,6.4371
break,9,4.9936,1,5.4147
leav,9,4.9936,1,5.4643
verif,9,4.9936,1,6.2028
delay,9,4.9936,2,7.1022
statist,9,4.9936,2,6.7794
receiv,9,4.9936,1,6.8826
domin,9,4.9936,3,7.5574
scheme,9,4.9936,2,7.1447
everi,9,4.9936,2,6.8969
depth,9,4.9936,5,10.0109
durat,9,4.9936,4,6.8041
convers,9,4.9936,1,5.782
pertain,9,4.9936,1,5.8102
aileron,9,4.9936,9,11.0287
promis,9,4.9936,1,4.9436
therebi,9,4.9936,1,5.6721
imping,9,4.9936,4,8.9328
moreov,9,4.9936,1,5.9256
reentri,9,4.9936,3,9.0932
damag,9,4.9936,5,11.1108
cascad,9,4.9936,6,11.2364
apex,9,4.9936,3,7.9963
lowest,9,4.9936,4,9.4829
interfac,9,4.9936,2,8.741
devot,9,4.9936,1,6.8041
led,9,4.9936,1,7.0451
environ,9,4.9936,3,9.0701
theorem,9,4.9936,5,10.8878
hydrogen,9,4.9936,3,8.4096
similitud,9,4.9936,6,11.1583
minut,9,4.9936,2,6.5429
rigor,10,4.8936,2,8.8578
seen,10,4.8936,2,7.285
tool,10,4.8936,2,6.2076
couett,10,4.8936,3,9.863
away,10,4.8936,1,5.4043
freestream,10,4.8936,3,9.6993
action,10,4.8936,5,8.28
dash,10,4.8936,2,6.2076
devis,10,4.8936,1,5.585
optic,10,4.8936,2,8.1765
sublay,10,4.8936,3,9.5152
stand,10,4.8936,2,5.7599
collect,10,4.8936,2,8.661
gasdynam,10,4.8936,3,8.4801
matrix,10,4.8936,5,10.535
greatest,10,4.8936,2,9.1704
arbitrarili,10,4.8936,1,6.9449
perige,10,4.8936,6,10.5984
ultim,10,4.8936,1,5.7781
uniqu,10,4.8936,2,6.1058
attain,10,4.8936,2,7.7433
remov,10,4.8936,1,6.2076
nation,10,4.8936,2,7.2176
specimen,10,4.8936,3,9.0024
centrifug,10,4.8936,2,7.3538
expon,10,4.8936,2,6.706
behav,10,4.8936,2,5.098
identifi,10,4.8936,1,5.9852
sink,10,4.8936,3,8.3989
serious,10,4.8936,2,6.0471
true,10,4.8936,1,6.3423
oseen,10,4.8936,4,9.5838
lack,10,4.8936,1,5.2585
elementari,10,4.8936,1,6.706
see,10,4.8936,1,5.7497
fivezero,10,4.8936,4,8.972
isol,10,4.8936,2,7.2176
contrast,10,4.8936,1,5.9852
kinemat,10,4.8936,1,5.4803
diagram,10,4.8936,2,7.7178
collaps,10,4.8936,3,9.4384
merit,10,4.8936,1,6.7447
group,10,4.8936,3,9.4384
membran,10,4.8936,5,11.3975
hover,10,4.8936,4,9.861
eccentr,10,4.8936,4,10.6466
slow,10,4.8936,1,4.7462
graph,10,4.8936,3,8.7772
pertin,10,4.8936,3,7.7495
proceed,10,4.8936,2,8.4727
axe,10,4.8936,2,7.5679
suppli,10,4.8936,2,8.9254
lee,10,4.8936,4,9.3486
input,10,4.8936,2,8.3816
predomin,10,4.8936,2,6.3203
bluff,10,4.8936,3,8.3589
sweepback,10,4.8936,5,10.748
inelast,10,4.8936,3,8.6473
doubt,10,4.8936,1,6.7838
eighteen,10,4.8936,2,6.2742
feet,10,4.8936,4,8.6246
tentat,10,4.8936,1,5.8068
unifi,10,4.8936,2,8.5346
continuum,11,4.8026,2,6.6193
rotor,11,4.8026,8,11.5346
choke,11,4.8026,3,8.9299
incorpor,11,4.8026,2,6.9336
van,11,4.8026,2,8.5634
ad,11,4.8026,1,6.7756
map,11,4.8026,2,7.3558
other,11,4.8026,2,8.5634
annular,11,4.8026,5,10.2104
wider,11,4.8026,1,6.2926
adjust,11,4.8026,2,6.3273
expos,11,4.8026,3,9.4928
otherwis,11,4.8026,1,6.4337
serv,11,4.8026,2,6.8714
comment,11,4.8026,1,7.2007
tilt,11,4.8026,3,9.1158
fin,11,4.8026,9,12.0296
instanc,11,4.8026,2,6.6331
distinct,11,4.8026,2,6.79
band,11,4.8026,6,10.5344
say,11,4.8026,1,5.1376
pair,11,4.8026,3,7.3615
conform,11,4.8026,2,7.6246
travers,11,4.8026,2,8.5955
hyperbol,11,4.8026,2,7.2171
framework,11,4.8026,1,5.844
infinitesim,11,4.8026,1,6.2926
algebra,11,4.8026,2,6.8714
accomplish,11,4.8026,2,5.844
piston,11,4.8026,7,10.7788
constraint,11,4.8026,4,10.1484
suppos,11,4.8026,1,5.534
shroud,11,4.8026,4,10.239
trace,11,4.8026,1,5.9347
eddi,11,4.8026,4,9.4584
intersect,11,4.8026,3,7.0741
penetr,11,4.8026,2,7.5001
satisfactorili,11,4.8026,1,5.5074
isotrop,11,4.8026,3,9.1158
justifi,11,4.8026,1,5.4037
junction,11,4.8026,3,9.8176
absolut,11,4.8026,2,7.3323
isotherm,12,4.7192,3,7.7497
format,12,4.7192,3,7.322
onset,12,4.7192,2,7.9407
arrang,12,4.7192,4,8.6523
owe,12,4.7192,1,5.8016
care,12,4.7192,2,6.0139
univers,12,4.7192,2,6.0833
fall,12,4.7192,2,5.3099
intend,12,4.7192,1,6.5421
simplic,12,4.7192,1,6.2868
capabl,12,4.7192,1,5.2604
reliabl,12,4.7192,2,6.9177
sixteen,12,4.7192,2,7.997
play,12,4.7192,1,5.9235
feasibl,12,4.7192,1,6.1496
vector,12,4.7192,4,9.0155
gust,12,4.7192,6,10.8868
compos,12,4.7192,1,6.1496
orthotrop,12,4.7192,4,10.3855
instrument,12,4.7192,4,9.3714
polar,12,4.7192,6,9.5078
experienc,12,4.7192,2,7.6188
former,12,4.7192,1,6.0184
contact,12,4.7192,7,7.9712
extrapol,12,4.7192,2,5.9037
boom,12,4.7192,6,10.6446
apparatus,12,4.7192,4,9.6521
technic,12,4.7192,1,5.7719
capac,12,4.7192,9,11.0007
twist,12,4.7192,3,9.5653
recombin,12,4.7192,5,9.2587
calibr,12,4.7192,3,7.8033
literatur,12,4.7192,2,6.2644
row,12,4.7192,4,7.9508
radii,12,4.7192,1,6.2175
conveni,12,4.7192,2,6.4302
undisturb,12,4.7192,3,7.9407
drop,12,4.7192,2,6.2127
flexur,12,4.7192,5,9.9975
interv,12,4.7192,2,6.2868
activ,12,4.7192,2,7.8033
automat,12,4.7192,3,9.3538
complic,12,4.7192,1,6.467
highest,12,4.7192,2,5.8016
oxygen,12,4.7192,2,7.0695
semiempir,12,4.7192,2,7.5172
sens,12,4.7192,1,5.3604
chapman,12,4.7192,2,7.6188
surround,12,4.7192,2,7.9688
bear,12,4.7192,2,8.6074
whether,12,4.7192,2,7.1141
put,12,4.7192,1,6.3937
necessarili,13,4.6423,1,5.7965
centr,13,4.6423,3,8.2849
remark,13,4.6423,1,5.952
emphasi,13,4.6423,1,5.9841
criteria,13,4.6423,4,9.3153
metal,13,4.6423,3,8.0837
interior,13,4.6423,2,6.6619
cycl,13,4.6423,3,9.8552
excess,13,4.6423,2,6.254
segment,13,4.6423,2,6.4866
isentrop,13,4.6423,3,8.0252
accompani,13,4.6423,1,4.8573
throat,13,4.6423,3,9.436
pictur,13,4.6423,2,5.1833
held,13,4.6423,1,5.248
slowli,13,4.6423,1,6.1161
duct,13,4.6423,4,10.3351
artifici,13,4.6423,3,5.8689
charg,13,4.6423,4,9.745
hydrostat,13,4.6423,3,9.0021
role,13,4.6423,2,5.7772
circul,13,4.6423,3,7.5517
frozen,13,4.6423,4,9.3546
sampl,13,4.6423,2,8.5322
slot,13,4.6423,4,9.1759
hold,13,4.6423,1,5.952
vtol,13,4.6423,4,8.8156
unswept,13,4.6423,2,7.2974
reveal,13,4.6423,1,5.6778
zone,13,4.6423,3,9.3828
primari,13,4.6423,4,5.9057
sandwich,13,4.6423,6,10.2296
transpir,13,4.6423,3,9.1006
reattach,14,4.5708,6,9.9954
turbin,14,4.5708,5,10.7294
diminish,14,4.5708,1,5.3442
lighthil,14,4.5708,3,7.4294
prevent,14,4.5708,3,7.506
cold,14,4.5708,6,8.537
assess,14,4.5708,2,8.2114
inlet,14,4.5708,3,7.0917
disk,14,4.5708,3,8.8396
readili,14,4.5708,2,7.2087
singular,14,4.5708,4,9.2301
entropi,14,4.5708,4,8.2536
life,14,4.5708,4,9.4789
water,14,4.5708,10,10.9854
modulus,14,4.5708,5,10.7718
earli,14,4.5708,1,5.2669
central,14,4.5708,2,7.7731
graviti,14,4.5708,6,9.6141
polynomi,14,4.5708,4,9.595
begin,14,4.5708,2,6.1184
written,14,4.5708,2,6.2279
movement,14,4.5708,4,7.853
scope,14,4.5708,1,4.5819
facil,14,4.5708,1,6.4869
strip,14,4.5708,5,9.1609
slab,14,4.5708,4,10.1288
done,14,4.5708,2,7.5579
ogiv,14,4.5708,3,8.4989
spectrum,14,4.5708,2,7.3792
cours,14,4.5708,1,5.6776
ordin,14,4.5708,3,8.0571
round,15,4.5041,4,9.3118
blasius,15,4.5041,4,8.854
trajectori,15,4.5041,2,7.8841
perpendicular,15,4.5041,2,6.9656
acoust,15,4.5041,12,10.667
refin,15,4.5041,2,7.5258
self,15,4.5041,2,7.2227
neutral,15,4.5041,4,6.4609
particl,15,4.5041,8,10.5066
slipstream,15,4.5041,9,10.1473
gave,15,4.5041,2,8.1528
represent,15,4.5041,2,5.8375
ambient,15,4.5041,2,6.1673
ablat,15,4.5041,7,10.4742
linearis,15,4.5041,6,10.24
multipl,15,4.5041,1,5.7748
minor,15,4.5041,2,6.9656
lie,15,4.5041,2,5.9015
futur,15,4.5041,2,6.3922
travel,15,4.5041,2,5.6535
sweptback,15,4.5041,2,7.9131
run,15,4.5041,4,9.3118
summari,15,4.5041,2,6.4691
combust,15,4.5041,8,9.8047
inclin,15,4.5041,4,7.2804
excel,15,4.5041,1,6.0679
emphas,15,4.5041,1,5.934
rae,15,4.5041,4,8.7267
etc,15,4.5041,2,6.1673
horizont,15,4.5041,5,8.9693
might,15,4.5041,3,6.6073
coolant,15,4.5041,3,8.0584
match,15,4.5041,2,8.1221
blast,15,4.5041,3,8.8783
famili,15,4.5041,2,6.9882
harmon,15,4.5041,2,6.9882
drawn,15,4.5041,2,6.7532
aeronaut,16,4.4416,4,9.2024
exponenti,16,4.4416,4,7.4699
definit,16,4.4416,1,6.0519
nitrogen,16,4.4416,4,9.4693
discrep,16,4.4416,4,6.877
sensit,16,4.4416,1,6.2663
opposit,16,4.4416,3,7.0493
furthermor,16,4.4416,2,5.4424
alon,16,4.4416,3,6.8521
atom,16,4.4416,2,7.6075
taylor,16,4.4416,4,7.2903
though,16,4.4416,2,5.6152
equip,16,4.4416,1,5.575
bound,16,4.4416,4,8.3422
rule,16,4.4416,3,8.9019
summar,16,4.4416,1,6.0866
molecular,16,4.4416,6,9.0118
balanc,16,4.4416,3,5.7715
yet,16,4.4416,2,6.0519
often,16,4.4416,3,7.2194
aluminum,16,4.4416,3,6.8966
arc,16,4.4416,3,7.5868
fli,16,4.4416,2,7.244
difficult,16,4.4416,1,5.1931
verifi,16,4.4416,2,5.9454
confirm,16,4.4416,1,5.6643
best,16,4.4416,1,5.2705
mark,16,4.4416,1,5.2187
sinusoid,16,4.4416,6,9.698
crocco,16,4.4416,4,8.7836
fourier,16,4.4416,2,5.8633
easili,16,4.4416,1,6.0519
spread,16,4.4416,3,7.3589
secondari,16,4.4416,3,7.0515
fail,16,4.4416,2,7.0281
prove,16,4.4416,1,5.7879
enabl,16,4.4416,2,7.075
systemat,16,4.4416,2,6.0299
inner,17,4.3827,2,6.9122
nonequilibrium,17,4.3827,5,8.9068
accept,17,4.3827,1,5.8062
primarili,17,4.3827,1,5.9717
choic,17,4.3827,1,5.3331
rayleigh,17,4.3827,2,7.2721
orbit,17,4.3827,5,9.9426
corner,17,4.3827,5,8.3651
contour,17,4.3827,4,7.9204
obliqu,17,4.3827,3,8.1252
progress,17,4.3827,2,6.67
impos,17,4.3827,3,8.1252
simplif,17,4.3827,2,7.8735
stall,17,4.3827,11,10.6678
cantilev,17,4.3827,4,8.3895
hydrodynam,17,4.3827,2,5.8667
proper,17,4.3827,2,7.5609
altern,17,4.3827,2,8.1492
simpler,17,4.3827,2,6.124
nomin,17,4.3827,2,7.247
decay,17,4.3827,4,9.1003
year,17,4.3827,2,5.2007
guid,17,4.3827,1,5.5893
sheet,17,4.3827,3,8.0627
slip,17,4.3827,4,9.4068
elimin,17,4.3827,2,5.388
beam,17,4.3827,5,9.428
idea,17,4.3827,1,6.006
flux,17,4.3827,5,9.351
increment,17,4.3827,4,8.2087
sudden,17,4.3827,2,7.0046
infin,17,4.3827,1,5.2528
channel,17,4.3827,6,10.4444
understand,17,4.3827,2,7.844
propag,17,4.3827,5,9.013
graphic,18,4.3272,1,6.1049
alloy,18,4.3272,3,8.1917
aeroelast,18,4.3272,3,8.2352
flap,18,4.3272,27,11.375
dimensionless,18,4.3272,2,5.6039
appendix,18,4.3272,4,8.0887
mention,18,4.3272,1,5.5779
herein,18,4.3272,2,5.0069
immedi,18,4.3272,2,5.6039
vanish,18,4.3272,3,7.3216
nonuniform,18,4.3272,5,8.8987
fourth,18,4.3272,3,8.9737
ident,18,4.3272,2,6.1911
name,18,4.3272,2,5.2617
back,18,4.3272,2,5.6192
stabl,18,4.3272,3,7.6844
impact,18,4.3272,3,9.3244
fourteen,18,4.3272,2,6.4419
enough,18,4.3272,2,6.1543
call,18,4.3272,2,6.3822
deceler,18,4.3272,7,9.5958
rest,18,4.3272,2,7.8624
pitot,18,4.3272,8,9.2254
random,19,4.2745,7,9.8717
clear,19,4.2745,2,5.8243
medium,19,4.2745,6,9.749
hand,19,4.2745,2,6.8777
donnel,19,4.2745,3,9.0477
fraction,19,4.2745,1,5.1232
navier,19,4.2745,4,7.6504
exhibit,19,4.2745,2,6.6106
thirteen,19,4.2745,2,6.547
tangent,19,4.2745,4,8.8135
triangular,19,4.2745,3,7.7443
conjunct,19,4.2745,1,5.6944
advanc,19,4.2745,3,7.8435
dissip,19,4.2745,4,7.8672
chordwis,19,4.2745,3,7.2952
electron,19,4.2745,3,7.0437
rear,19,4.2745,5,7.906
record,19,4.2745,2,5.8243
propuls,19,4.2745,7,9.8717
open,19,4.2745,3,7.2692
wire,20,4.2245,2,5.3589
conserv,20,4.2245,5,9.5961
deduc,20,4.2245,2,5.4751
attribut,20,4.2245,2,5.5614
specifi,20,4.2245,3,7.0481
phase,20,4.2245,3,7.4651
compressor,20,4.2245,13,10.59
sweep,20,4.2245,5,8.4771
alway,20,4.2245,3,6.967
mount,20,4.2245,6,8.6202
distort,20,4.2245,3,7.1989
quasi,20,4.2245,8,9.4682
adequ,20,4.2245,2,5.8347
pass,20,4.2245,2,5.7891
like,20,4.2245,2,5.2749
minim,20,4.2245,3,6.6189
shallow,20,4.2245,7,9.5454
expand,20,4.2245,2,6.5545
believ,20,4.2245,2,6.0443
nondimension,20,4.2245,2,6.0807
head,20,4.2245,5,8.8089
ring,20,4.2245,4,9.1582
wherea,20,4.2245,2,4.8679
charact,20,4.2245,1,5.96
character,20,4.2245,2,5.2848
digit,20,4.2245,2,7.4769
whole,20,4.2245,2,5.6708
especi,20,4.2245,1,5.7561
machin,20,4.2245,5,7.8204
suction,20,4.2245,8,9.2277
downwash,20,4.2245,4,7.7454
streamwis,21,4.1769,3,6.8123
ahead,21,4.1769,4,7.9477
difficulti,21,4.1769,2,5.7239
criterion,21,4.1769,6,8.3682
taper,21,4.1769,3,6.1416
question,21,4.1769,1,5.7903
discontinu,21,4.1769,4,8.1217
photograph,21,4.1769,3,6.6
aid,21,4.1769,2,5.6912
select,21,4.1769,2,5.6271
fuselag,21,4.1769,3,7.0673
toward,21,4.1769,2,5.6867
peak,21,4.1769,6,9.19
standard,21,4.1769,3,7.2382
divid,21,4.1769,1,5.2154
fine,21,4.1769,5,8.4874
introduct,21,4.1769,1,5.1883
parabol,21,4.1769,6,7.8731
seem,21,4.1769,2,6.9066
earth,21,4.1769,4,8.0778
oscillatori,21,4.1769,4,9.2345
coupl,21,4.1769,6,8.943
adiabat,21,4.1769,2,7.1541
quantit,22,4.1314,2,5.9288
mixtur,22,4.1314,5,7.5826
intermedi,22,4.1314,3,7.9046
root,22,4.1314,6,9.5749
subsequ,22,4.1314,2,5.079
figur,22,4.1314,2,6.9031
consequ,22,4.1314,1,5.4132
varieti,22,4.1314,2,6.5158
almost,22,4.1314,1,5.6293
maintain,22,4.1314,3,6.073
liquid,22,4.1314,6,9.2751
fatigu,22,4.1314,5,9.7749
overal,22,4.1314,4,9.1979
situat,22,4.1314,2,5.8239
camber,22,4.1314,4,7.3219
ballist,22,4.1314,6,7.9547
weak,22,4.1314,2,7.2583
amplitud,22,4.1314,3,6.2876
width,22,4.1314,5,8.1727
earlier,22,4.1314,2,7.3121
freedom,22,4.1314,4,7.9884
outlin,22,4.1314,2,6.4309
flexibl,22,4.1314,7,8.8792
molecul,23,4.0879,4,8.8737
transport,23,4.0879,5,8.1952
planform,23,4.0879,7,8.3974
still,23,4.0879,2,6.9768
composit,23,4.0879,5,8.8968
somewhat,23,4.0879,1,5.1312
explain,23,4.0879,3,6.2394
probabl,23,4.0879,3,5.6609
loss,23,4.0879,4,8.602
program,23,4.0879,5,8.9786
revers,23,4.0879,6,9.3383
advers,23,4.0879,4,7.0234
unit,23,4.0879,4,8.1347
act,23,4.0879,2,7.456
unknown,23,4.0879,4,7.3401
third,23,4.0879,3,8.2161
chosen,23,4.0879,2,6.7595
stiff,23,4.0879,6,8.7544
better,23,4.0879,3,6.5754
alter,23,4.0879,1,5.1312
vicin,23,4.0879,2,6.0857
histori,23,4.0879,2,5.7121
respons,23,4.0879,6,8.8737
excit,23,4.0879,3,7.4251
tail,23,4.0879,10,9.8846
pohlhausen,23,4.0879,3,6.6956
common,24,4.0463,2,6.7845
dimens,24,4.0463,2,7.2418
check,24,4.0463,2,5.3604
schlieren,24,4.0463,3,6.3936
station,24,4.0463,2,6.3605
princip,24,4.0463,2,5.8115
bow,24,4.0463,2,6.0997
invers,24,4.0463,4,8.1365
adjac,24,4.0463,2,7.2148
insul,24,4.0463,4,7.7624
volum,24,4.0463,6,9.2231
doubl,24,4.0463,3,6.1384
anoth,24,4.0463,1,5.4511
imperfect,24,4.0463,5,8.9251
favor,24,4.0463,3,6.0345
stoke,24,4.0463,5,7.9385
perturb,24,4.0463,5,8.3211
plot,24,4.0463,3,6.7823
fluctuat,24,4.0463,7,9.0328
product,25,4.0063,7,9.0767
langley,25,4.0063,2,6.1957
henc,25,4.0063,2,6.9364
complex,25,4.0063,3,6.684
spanwis,25,4.0063,4,7.6079
trend,25,4.0063,2,5.6475
smaller,25,4.0063,2,5.2166
avoid,25,4.0063,3,6.2478
iter,25,4.0063,6,9.4473
foot,25,4.0063,4,7.3138
object,25,4.0063,3,8.0071
magnetohydrodynam,25,4.0063,2,7.6885
advantag,25,4.0063,2,5.1366
kinet,25,4.0063,2,6.534
resist,25,4.0063,7,8.8724
extrem,25,4.0063,6,8.0263
core,25,4.0063,7,9.1636
growth,25,4.0063,5,9.1525
prescrib,25,4.0063,4,8.4055
tabul,26,3.9678,3,7.7361
seventi,26,3.9678,2,5.7284
deviat,26,3.9678,4,7.4607
effici,26,3.9678,6,8.4574
symmetri,26,3.9678,2,6.3414
circumferenti,26,3.9678,3,7.5713
beyond,26,3.9678,2,6.1562
littl,26,3.9678,2,4.662
stage,26,3.9678,14,9.754
extent,26,3.9678,3,5.5158
roll,26,3.9678,6,8.8283
tip,26,3.9678,6,9.035
recoveri,26,3.9678,3,7.2094
geometr,26,3.9678,2,7.2369
start,26,3.9678,4,7.5348
face,27,3.9308,5,7.8669
hot,27,3.9308,5,6.8263
behaviour,27,3.9308,3,7.791
contribut,27,3.9308,3,6.3226
replac,27,3.9308,3,6.0381
detach,27,3.9308,4,8.5214
desir,27,3.9308,2,5.9632
relax,27,3.9308,5,7.75
relationship,27,3.9308,3,8.1516
throughout,28,3.895,2,6.1633
plan,28,3.895,5,7.0088
stationari,28,3.895,3,7.1588
laboratori,28,3.895,2,7.0238
explicit,28,3.895,2,5.5278
smooth,28,3.895,3,5.5397
tend,28,3.895,2,6.3744
intens,28,3.895,5,8.0701
optimum,28,3.895,4,7.6149
naca,28,3.895,6,7.7601
class,28,3.895,6,6.0725
element,28,3.895,9,9.1091
light,28,3.895,2,5.4952
turn,28,3.895,3,6.0043
afterbodi,29,3.8606,11,8.6057
view,29,3.8606,2,7.1229
exhaust,29,3.8606,7,8.036
nois,29,3.8606,8,8.7527
negat,29,3.8606,5,8.1785
von,29,3.8606,2,5.7472
acceler,29,3.8606,4,7.9813
encount,29,3.8606,1,4.9764
phenomenon,29,3.8606,2,5.2602
period,29,3.8606,3,6.5887
porous,29,3.8606,8,8.8922
plastic,30,3.8272,9,8.9118
least,30,3.8272,2,7.1721
exit,30,3.8272,8,8.7313
aerofoil,30,3.8272,7,8.5314
chart,30,3.8272,6,8.7566
brief,30,3.8272,1,5.2447
enter,30,3.8272,2,6.6505
regim,30,3.8272,8,7.7769
quit,30,3.8272,2,5.6102
airplan,30,3.8272,7,7.8445
nineti,30,3.8272,3,6.1787
eleven,30,3.8272,2,5.0245
fulli,30,3.8272,2,6.2634
exceed,30,3.8272,3,6.7965
knowledg,30,3.8272,2,5.2447
thermodynam,31,3.795,4,7.9621
fact,31,3.795,2,5.4297
reaction,31,3.795,5,8.8216
concentr,31,3.795,3,6.6185
inch,31,3.795,2,6.7416
pure,31,3.795,4,7.3527
empir,31,3.795,3,7.7578
hemispher,31,3.795,8,7.8312
straight,31,3.795,4,7.8969
outsid,31,3.795,2,6.1894
full,31,3.795,8,8.4264
path,31,3.795,3,7.8473
fundament,31,3.795,3,5.8798
clamp,31,3.795,5,8.153
missil,32,3.7637,6,8.8081
phenomena,32,3.7637,4,7.5051
ground,32,3.7637,7,8.5493
current,32,3.7637,2,6.6613
satellit,32,3.7637,5,8.2637
twelv,32,3.7637,9,9.0177
streamlin,32,3.7637,3,6.4696
step,32,3.7637,5,7.6003
torsion,32,3.7637,4,7.9884
publish,33,3.7334,3,6.152
principl,33,3.7334,5,7.6382
real,33,3.7334,3,6.7323
preliminari,33,3.7334,2,5.7182
blade,33,3.7334,10,8.8554
place,33,3.7334,2,4.9735
connect,33,3.7334,1,5.0869
thrust,33,3.7334,9,8.9667
front,33,3.7334,3,6.4875
swept,33,3.7334,3,7.4826
vortex,33,3.7334,12,8.4192
find,33,3.7334,7,8.9431
error,33,3.7334,3,6.4853
attach,33,3.7334,4,7.1622
evid,34,3.704,1,4.7236
rather,34,3.704,2,5.8805
descript,34,3.704,2,5.8417
space,34,3.704,2,6.5556
rocket,34,3.704,10,8.8075
side,34,3.704,9,8.2072
height,34,3.704,8,8.5305
failur,34,3.704,4,6.9647
satisfi,34,3.704,4,7.2648
deal,34,3.704,2,5.2257
appar,34,3.704,3,5.861
rigid,34,3.704,4,8.4228
regard,34,3.704,2,6.2106
analys,34,3.704,2,5.0429
uniti,35,3.6754,4,6.2504
reflect,35,3.6754,15,8.0945
need,35,3.6754,2,5.3224
delta,35,3.6754,3,6.8876
semi,35,3.6754,2,6.1627
interpret,35,3.6754,2,6.505
creep,35,3.6754,9,8.8854
eighti,35,3.6754,3,5.9337
modif,35,3.6754,2,5.7211
radiat,35,3.6754,6,7.8358
achiev,35,3.6754,2,5.7025
enthalpi,35,3.6754,6,7.87
transient,35,3.6754,6,8.0991
simul,35,3.6754,4,7.8534
sourc,35,3.6754,8,8.0765
propel,35,3.6754,12,8.7133
tabl,36,3.6476,3,7.5426
perfect,36,3.6476,3,6.7624
column,36,3.6476,11,8.8621
way,36,3.6476,2,5.2076
coordin,36,3.6476,4,7.1396
fair,36,3.6476,2,5.0379
util,36,3.6476,3,5.8409
stiffen,36,3.6476,6,8.5226
simultan,36,3.6476,3,6.1718
neglig,36,3.6476,2,5.8888
attent,36,3.6476,2,5.469
attempt,36,3.6476,2,5.2389
reach,36,3.6476,2,6.4798
major,36,3.6476,2,5.7151
engin,36,3.6476,7,7.7994
rough,36,3.6476,18,9.483
qualit,37,3.6206,1,4.6924
ideal,37,3.6206,4,7.3268
therefor,37,3.6206,1,4.451
quantiti,37,3.6206,3,5.8452
ellipt,37,3.6206,8,7.3714
radial,37,3.6206,7,7.852
convent,37,3.6206,2,5.4926
yaw,37,3.6206,10,8.6409
sound,37,3.6206,10,7.8827
spheric,37,3.6206,5,6.5346
upstream,38,3.5943,4,6.4658
instabl,38,3.5943,4,7.7493
gase,38,3.5943,3,6.7508
slope,38,3.5943,4,7.0933
karman,38,3.5943,2,5.3508
diverg,38,3.5943,6,7.1411
typic,38,3.5943,2,4.7094
magnet,39,3.5686,6,8.0148
briefli,39,3.5686,2,4.9185
ordinari,39,3.5686,4,6.023
larger,39,3.5686,2,4.7904
chemic,39,3.5686,4,6.8645
allow,39,3.5686,3,6.3061
weight,39,3.5686,6,7.2406
helium,39,3.5686,6,7.6866
moder,39,3.5686,3,6.2142
end,39,3.5686,7,8.2127
center,39,3.5686,6,7.5062
simpli,39,3.5686,4,6.8763
permit,39,3.5686,2,4.9005
sphere,39,3.5686,6,8.0909
strain,39,3.5686,6,8.7367
appreci,39,3.5686,2,6.2238
proport,39,3.5686,2,6.411
short,40,3.5436,3,6.8007
expect,40,3.5436,2,4.9953
far,40,3.5436,2,5.7993
dissoci,40,3.5436,7,7.6099
togeth,40,3.5436,2,6.3423
partial,40,3.5436,2,6.6932
diffus,40,3.5436,7,7.9002
entri,40,3.5436,7,7.4716
survey,40,3.5436,3,6.6668
aris,40,3.5436,3,6.2718
fifteen,40,3.5436,3,5.3857
mathemat,40,3.5436,2,6.3661
latter,41,3.5192,2,5.0202
mani,41,3.5192,3,4.768
actual,41,3.5192,2,4.4642
substanti,41,3.5192,2,5.143
treatment,41,3.5192,2,5.4602
contain,41,3.5192,2,5.5687
size,41,3.5192,5,6.826
upper,41,3.5192,3,6.6272
construct,41,3.5192,2,5.8597
basic,41,3.5192,7,7.5345
solid,41,3.5192,4,7.5365
classic,41,3.5192,3,6.328
demonstr,41,3.5192,2,4.7145
great,41,3.5192,2,5.7792
averag,41,3.5192,3,6.1154
cent,41,3.5192,2,4.5209
chord,42,3.4954,14,8.2416
wedg,42,3.4954,5,7.2109
fix,42,3.4954,12,7.7967
whose,42,3.4954,2,6.0085
span,42,3.4954,8,7.681
outer,42,3.4954,4,6.7314
success,42,3.4954,2,5.5865
asymptot,42,3.4954,4,6.5248
level,43,3.4722,4,6.5905
rise,43,3.4722,5,6.3825
minimum,43,3.4722,3,6.3817
amount,43,3.4722,4,5.8838
inject,43,3.4722,9,8.3378
restrict,43,3.4722,2,4.8517
nonlinear,43,3.4722,4,7.7846
damp,43,3.4722,10,7.7256
vertic,43,3.4722,5,7.3063
entir,44,3.4495,2,5.3869
improv,44,3.4495,4,7.3705
electr,44,3.4495,5,7.4127
newtonian,44,3.4495,7,7.2306
appropri,44,3.4495,3,5.2425
accord,44,3.4495,2,5.6068
intern,44,3.4495,8,8.0227
inform,44,3.4495,3,6.1051
panel,45,3.4272,15,8.7589
sixti,45,3.4272,3,6.1625
suitabl,45,3.4272,3,5.6088
affect,45,3.4272,3,4.8744
trail,45,3.4272,12,8.3386
equival,45,3.4272,4,6.4697
neglect,45,3.4272,4,6.3538
across,45,3.4272,2,4.3707
altitud,45,3.4272,7,7.3375
convect,45,3.4272,6,7.6344
rotat,45,3.4272,6,7.5406
govern,45,3.4272,2,6.3234
strong,46,3.4055,3,6.7128
interfer,46,3.4055,7,8.0652
unsteadi,46,3.4055,7,7.8216
later,46,3.4055,3,7.0217
conclud,46,3.4055,2,4.5367
mechan,46,3.4055,9,7.4309
propos,46,3.4055,4,6.0353
wake,46,3.4055,10,7.744
forward,47,3.3842,7,6.7689
suffici,47,3.3842,2,5.0069
converg,47,3.3842,4,7.9804
deform,47,3.3842,6,7.0871
even,48,3.3634,2,5.6002
defin,48,3.3634,3,5.7402
curvatur,48,3.3634,5,7.3601
origin,48,3.3634,3,5.8445
featur,49,3.343,2,5.0236
sinc,49,3.343,2,5.0079
satisfactori,49,3.343,2,4.9922
must,49,3.343,3,6.2788
make,50,3.323,2,4.4481
establish,50,3.323,3,6.5682
axi,50,3.323,4,6.654
geometri,50,3.323,2,5.5137
remain,50,3.323,2,4.6028
half,50,3.323,7,7.1693
longitudin,50,3.323,5,6.4776
generat,51,3.3034,5,5.8808
radius,51,3.3034,4,7.0742
scale,51,3.3034,8,7.3349
pattern,51,3.3034,3,6.1904
wide,51,3.3034,2,4.7981
concept,52,3.2841,3,6.9106
formul,52,3.2841,3,4.9981
review,52,3.2841,4,6.894
vortic,52,3.2841,7,7.4151
slight,52,3.2841,3,5.6637
becom,52,3.2841,2,4.9352
conclus,53,3.2653,2,5.8006
law,53,3.2653,6,7.3207
axisymmetr,53,3.2653,4,6.7715
sharp,53,3.2653,4,6.3009
analog,53,3.2653,4,6.9459
mix,54,3.2467,8,7.8547
degre,54,3.2467,6,7.1217
squar,55,3.2286,3,5.8219
rectangular,55,3.2286,4,6.1555
sonic,55,3.2286,4,6.6175
around,55,3.2286,3,5.7763
cover,55,3.2286,2,5.1773
natur,55,3.2286,2,6.1466
reduct,55,3.2286,4,5.8967
independ,55,3.2286,2,4.7766
momentum,56,3.2107,3,5.5371
flutter,56,3.2107,13,7.8214
frequenc,56,3.2107,11,7.7647
continu,56,3.2107,5,6.1126
equal,56,3.2107,2,4.7065
vibrat,56,3.2107,9,7.8146
portion,56,3.2107,5,6.3992
oscil,58,3.1759,6,7.0856
research,58,3.1759,5,5.8289
potenti,58,3.1759,5,6.8004
area,59,3.159,10,7.0808
move,59,3.159,4,6.1205
agre,59,3.159,3,4.4694
necessari,59,3.159,2,4.9657
incid,59,3.159,5,6.3656
taken,59,3.159,2,4.9821
simplifi,59,3.159,2,5.851
disturb,59,3.159,6,6.7049
manner,59,3.159,2,4.6306
long,60,3.1423,3,6.177
essenti,60,3.1423,2,4.5094
forti,60,3.1423,7,7.4
mode,60,3.1423,8,6.7901
control,61,3.1259,8,7.2563
behavior,61,3.1259,3,5.2413
final,61,3.1259,3,5.2642
transvers,61,3.1259,7,6.4529
compon,62,3.1098,3,5.7952
although,62,3.1098,2,4.358
singl,62,3.1098,2,5.629
could,62,3.1098,2,4.6151
analyz,62,3.1098,2,5.0719
examin,63,3.0939,2,4.8003
transon,63,3.0939,6,6.6705
specif,63,3.0939,4,5.5772
usual,63,3.0939,1,4.2398
non,63,3.0939,3,5.9195
viscos,63,3.0939,4,6.0932
transform,63,3.0939,6,7.1588
downstream,63,3.0939,4,6.2357
prandtl,63,3.0939,5,5.8957
except,63,3.0939,3,6.627
physic,64,3.0783,3,5.6054
would,64,3.0783,3,4.8389
introduc,64,3.0783,2,4.3948
strength,64,3.0783,7,6.3837
take,65,3.0629,3,5.6346
percent,65,3.0629,11,6.4879
cool,65,3.0629,10,7.2292
interest,65,3.0629,3,5.7527
concern,65,3.0629,2,5.4009
vehicl,65,3.0629,10,7.0377
much,66,3.0477,3,5.3989
pitch,66,3.0477,6,5.9724
conic,66,3.0477,6,7.1794
airfoil,66,3.0477,10,7.4036
parallel,67,3.0328,3,5.5741
rapid,67,3.0328,4,5.2106
set,67,3.0328,3,5.4484
oper,67,3.0328,5,5.8054
presenc,68,3.0181,3,5.6559
associ,68,3.0181,4,5.9074
behind,68,3.0181,6,6.2668
basi,68,3.0181,3,5.0471
greater,68,3.0181,3,4.9546
bend,69,3.0036,5,6.8465
materi,69,3.0036,7,6.5736
caus,70,2.9893,2,4.6683
employ,70,2.9893,4,4.9601
support,70,2.9893,5,6.8293
valid,70,2.9893,6,5.9064
evalu,70,2.9893,3,4.7459
cross,70,2.9893,5,6.5334
aircraft,71,2.9752,9,7.2252
mass,71,2.9752,5,5.9828
refer,71,2.9752,5,6.0975
tube,71,2.9752,9,7.3263
either,71,2.9752,2,5.3051
illustr,72,2.9614,3,4.6096
reason,72,2.9614,3,4.7015
line,72,2.9614,4,5.6236
state,72,2.9614,4,5.9175
correct,72,2.9614,3,5.8373
magnitud,73,2.9477,3,4.711
induc,73,2.9477,4,5.8172
suggest,73,2.9477,2,4.995
process,73,2.9477,4,5.2728
extern,74,2.9341,5,6.183
yield,74,2.9341,3,5.7052
upon,74,2.9341,3,5.7363
carri,75,2.9208,2,4.1452
accuraci,75,2.9208,5,5.6653
special,75,2.9208,3,5.401
critic,75,2.9208,7,6.2533
accur,75,2.9208,3,4.5849
purpos,76,2.9077,2,4.5707
modifi,76,2.9077,4,4.8246
expans,76,2.9077,10,6.898
without,76,2.9077,3,5.0711
main,76,2.9077,4,5.1763
aspect,76,2.9077,7,6.3862
lower,76,2.9077,3,5.4755
displac,76,2.9077,9,6.7196
thus,77,2.8947,4,4.6397
follow,77,2.8947,2,4.9402
consist,77,2.8947,4,5.1614
atmospher,77,2.8947,5,6.3997
revolut,77,2.8947,4,5.9078
produc,78,2.8818,4,5.2344
extens,78,2.8818,4,5.6407
new,78,2.8818,7,6.3654
fifti,78,2.8818,6,5.9653
treat,79,2.8692,3,4.7318
inviscid,79,2.8692,5,5.5382
dynam,79,2.8692,7,6.4655
nozzl,80,2.8567,10,7.2146
diamet,80,2.8567,8,6.1363
locat,80,2.8567,7,5.9967
factor,80,2.8567,5,5.9052
configur,81,2.8443,5,6.2702
avail,81,2.8443,4,5.4886
perform,81,2.8443,6,6.928
less,82,2.8321,3,4.4667
thirti,82,2.8321,3,5.0125
solv,82,2.8321,4,5.4572
account,82,2.8321,2,4.0677
elast,82,2.8321,7,6.5861
equilibrium,82,2.8321,7,6.4604
per,82,2.8321,4,5.6358
past,83,2.8201,4,6.1777
finit,83,2.8201,5,6.1042
posit,83,2.8201,4,5.1507
symmetr,84,2.8082,6,6.2749
system,84,2.8082,5,6.4032
correl,85,2.7964,11,6.2336
seri,85,2.7964,6,5.9167
variabl,85,2.7964,3,5.2404
infinit,87,2.7733,3,5.0776
arbitrari,87,2.7733,3,5.2363
total,87,2.7733,4,5.0199
deflect,87,2.7733,7,6.3348
complet,87,2.7733,4,5.1971
author,88,2.7619,5,5.6604
friction,88,2.7619,12,6.3085
procedur,88,2.7619,4,5.4733
densiti,88,2.7619,6,5.949
known,89,2.7507,4,5.638
decreas,89,2.7507,5,5.2866
thousand,89,2.7507,4,5.1318
thermal,90,2.7396,7,6.1761
interact,90,2.7396,10,6.5843
respect,91,2.7286,2,4.5751
signific,91,2.7286,2,4.9019
extend,91,2.7286,3,4.7057
power,92,2.7177,7,5.8037
recent,92,2.7177,4,5.705
transit,93,2.707,19,6.523
moment,95,2.6858,6,5.6797
appear,95,2.6858,3,4.1944
skin,95,2.6858,12,6.4857
static,95,2.6858,9,6.5594
jet,96,2.6754,23,7.0719
close,96,2.6754,3,4.7511
slender,96,2.6754,7,6.0046
addit,96,2.6754,5,5.6477
approach,96,2.6754,4,5.4381
plane,96,2.6754,5,5.7166
observ,97,2.6651,4,4.6627
repres,97,2.6651,3,4.9665
subject,98,2.6549,3,5.0796
energi,99,2.6448,6,5.288
cylindr,99,2.6448,5,5.5276
shear,99,2.6448,13,6.1945
techniqu,99,2.6448,4,5.5981
practic,100,2.6348,3,4.2972
involv,101,2.6249,6,4.8458
influenc,101,2.6249,4,5.4741
length,102,2.6151,13,5.8017
formula,102,2.6151,5,5.8294
report,103,2.6054,3,4.5109
differenti,105,2.5862,5,4.8848
estim,105,2.5862,5,5.3554
previous,105,2.5862,2,4.247
detail,105,2.5862,3,5.0424
steadi,106,2.5768,9,5.9422
shell,106,2.5768,10,6.3648
twenti,106,2.5768,5,4.917
higher,106,2.5768,3,4.2205
analyt,106,2.5768,6,4.8128
structur,107,2.5675,8,5.913
within,107,2.5675,2,3.6624
assumpt,108,2.5582,5,4.688
initi,109,2.549,6,5.8885
profil,110,2.5399,7,5.7653
second,110,2.5399,6,5.3903
import,110,2.5399,3,4.5289
howev,110,2.5399,4,4.4275
part,111,2.5309,8,5.5172
combin,111,2.5309,7,6.1329
gradient,111,2.5309,7,5.5262
properti,111,2.5309,4,5.2438
nose,111,2.5309,9,6.0181
correspond,112,2.522,5,4.9807
work,113,2.5131,3,4.6956
subson,113,2.5131,6,5.5053
attack,114,2.5044,9,5.769
maximum,115,2.4957,11,6.0041
distanc,116,2.4871,7,5.3916
exact,116,2.4871,3,4.5989
exist,117,2.4785,6,5.4117
note,118,2.47,4,4.8746
cone,119,2.4616,15,5.8959
certain,120,2.4533,3,5.1024
motion,120,2.4533,6,5.7028
stabil,120,2.4533,8,5.2998
chang,122,2.4368,7,5.1642
viscous,122,2.4368,11,5.2461
provid,123,2.4287,3,4.0614
curv,123,2.4287,8,5.4324
occur,123,2.4287,4,4.6099
comput,124,2.4206,7,5.1495
depend,125,2.4126,3,4.5794
local,125,2.4126,5,4.8355
buckl,127,2.3968,10,5.6554
wind,127,2.3968,5,5.1974
normal,129,2.3813,6,4.6728
reduc,131,2.3659,4,4.7979
near,131,2.3659,8,4.5563
sever,132,2.3584,4,4.6446
incompress,132,2.3584,4,4.8626
ten,133,2.3508,6,4.6595
particular,134,2.3434,3,3.8748
stagnat,134,2.3434,5,4.9121
express,134,2.3434,5,4.4162
nine,134,2.3434,6,4.6948
gas,135,2.336,9,5.3062
flight,135,2.336,8,5.1954
thin,136,2.3286,5,5.3403
limit,136,2.3286,4,4.5034
good,136,2.3286,3,3.7624
along,137,2.3213,5,4.4082
exampl,137,2.3213,3,3.735
seven,138,2.3141,17,5.9616
drag,138,2.3141,14,5.7393
circular,139,2.3069,7,5.2086
comparison,140,2.2997,4,4.1248
blunt,140,2.2997,8,5.4012
variat,141,2.2926,5,4.8127
due,143,2.2786,5,4.8906
give,144,2.2717,3,4.081
vari,144,2.2717,5,4.568
design,144,2.2717,8,5.076
rate,145,2.2648,10,5.0331
turbul,145,2.2648,11,5.477
requir,146,2.2579,5,5.0052
axial,147,2.2511,6,4.9152
integr,147,2.2511,5,5.1135
uniform,148,2.2444,4,4.8217
mean,150,2.231,9,5.0956
separ,151,2.2244,12,5.3744
similar,151,2.2244,7,5.0533
direct,151,2.2244,7,4.4758
time,152,2.2178,5,4.8371
experi,152,2.2178,5,4.4699
stress,154,2.2047,10,5.5418
describ,154,2.2047,3,4.1518
low,154,2.2047,7,4.853
possibl,154,2.2047,5,4.1316
eight,154,2.2047,5,4.7896
paramet,155,2.1983,5,4.6242
conduct,158,2.1792,6,4.5569
term,158,2.1792,4,4.2955
assum,158,2.1792,3,4.3554
consider,159,2.1729,3,3.4184
lift,159,2.1729,12,5.2644
fluid,160,2.1666,5,4.9743
various,162,2.1543,3,4.6282
linear,163,2.1481,5,4.6079
well,167,2.124,4,4.1867
field,168,2.118,7,4.8579
section,169,2.1121,7,4.7339
forc,169,2.1121,11,4.9134
hyperson,170,2.1062,6,4.626
first,171,2.1004,5,4.2235
region,173,2.0888,6,4.5677
lead,174,2.083,10,4.7239
hundr,175,2.0773,12,5.0244
six,177,2.066,6,4.43
model,177,2.066,14,5.1622
cylind,178,2.0604,9,5.0184
aerodynam,179,2.0548,9,4.513
tunnel,180,2.0492,8,4.6368
agreement,181,2.0437,4,3.912
thick,184,2.0273,9,4.6852
air,184,2.0273,9,4.8573
characterist,184,2.0273,6,4.0167
simpl,184,2.0273,5,4.2659
constant,184,2.0273,6,4.5452
flat,187,2.0112,5,4.0308
type,187,2.0112,6,4.1468
edg,188,2.0058,10,4.9833
function,188,2.0058,10,4.8847
wall,191,1.9901,9,4.7939
differ,192,1.9848,4,4.2642
shape,193,1.9797,8,4.6324
predict,193,1.9797,8,4.2973
order,197,1.9592,9,4.5375
compress,199,1.9491,5,4.2993
reynold,199,1.9491,10,4.7169
load,200,1.9441,14,4.8943
paper,200,1.9441,4,3.8428
numer,200,1.9441,5,4.0317
show,201,1.9392,4,3.6905
appli,204,1.9244,3,3.5505
four,205,1.9195,7,4.251
transfer,208,1.905,10,4.4531
increas,209,1.9002,8,4.3464
wave,210,1.8955,13,4.943
larg,211,1.8907,4,3.818
angl,212,1.886,15,4.7859
deriv,213,1.8813,16,4.646
indic,214,1.8766,3,3.1801
data,217,1.8627,7,4.1216
free,218,1.8582,8,4.0892
applic,219,1.8536,5,3.844
coeffici,224,1.8311,6,3.9478
includ,224,1.8311,4,3.4481
wing,226,1.8222,19,4.5716
plate,227,1.8178,11,4.5295
base,230,1.8047,12,4.475
relat,231,1.8004,4,3.8555
may,232,1.7961,5,3.6496
laminar,234,1.7875,6,4.0004
theoret,235,1.7832,4,3.7304
dimension,237,1.7748,8,4.083
small,239,1.7664,8,3.7986
studi,239,1.7664,4,3.4594
form,239,1.7664,6,4.0553
shock,240,1.7622,24,4.3432
stream,241,1.7581,8,3.8884
compar,247,1.7335,3,3.1861
five,248,1.7295,11,4.1082
consid,249,1.7255,4,3.3431
high,251,1.7175,6,3.6054
measur,252,1.7135,8,3.627
develop,264,1.6671,5,3.6481
temperatur,268,1.6521,10,3.9672
superson,270,1.6447,9,3.7805
discuss,271,1.641,5,3.286
test,274,1.63,8,3.7964
analysi,278,1.6155,5,3.3988
shown,285,1.5907,5,3.1328
general,292,1.5665,7,3.5929
speed,292,1.5665,11,3.9519
bodi,293,1.5631,19,3.9766
ratio,296,1.5529,12,3.8245
rang,298,1.5462,6,3.3863
determin,299,1.5428,5,3.2171
zero,303,1.5296,30,4.1974
heat,306,1.5197,11,3.8418
also,308,1.5132,4,2.6011
valu,316,1.4876,9,3.629
veloc,317,1.4845,7,3.3678
three,319,1.4782,12,3.4223
found,322,1.4688,6,3.0499
problem,323,1.4657,9,3.5313
calcul,328,1.4504,7,3.3132
surfac,330,1.4443,11,3.6023
condit,335,1.4293,6,3.1311
experiment,339,1.4175,4,2.9179
made,352,1.3799,5,2.6904
investig,361,1.3547,6,2.738
distribut,361,1.3547,10,3.1605
case,365,1.3437,9,3.1356
approxim,378,1.3087,10,2.966
given,387,1.2852,19,3.1069
mach,388,1.2826,12,2.9687
equat,402,1.2472,8,3.0183
solut,407,1.2349,9,3.0075
layer,414,1.2179,18,2.8816
method,455,1.1235,10,2.7108
theori,456,1.1214,16,2.8945
obtain,464,1.104,5,2.2782
boundari,470,1.0911,12,2.586
point,476,1.0785,21,2.8552
present,507,1.0154,5,2.1174
use,513,1.0037,7,2.1738
effect,540,0.9524,8,2.1626
pressur,552,0.9305,15,2.2725
one,561,0.9143,11,2.3111
two,602,0.8439,9,1.8952
number,633,0.7937,13,1.9629
result,692,0.7046,6,1.4865
flow,730,0.6512,14,1.6644
