Term,Total_TF,DF,IDF,Max_TFIDF
flow,2082,730,0.6512,0.1108
number,1500,633,0.7938,0.0803
pressur,1391,552,0.9307,0.1241
boundari,1216,470,1.0915,0.1213
layer,1164,414,1.2184,0.1354
result,1088,692,0.7046,0.0587
two,1071,602,0.844,0.0675
point,1065,476,1.0788,0.1425
one,1032,561,0.9145,0.1006
effect,996,540,0.9527,0.0697
method,887,455,1.1239,0.1093
theori,882,456,1.1217,0.1255
bodi,854,293,1.5641,0.198
solut,849,407,1.2354,0.1544
heat,847,306,1.5206,0.2466
wing,837,226,1.8237,0.228
mach,823,388,1.2832,0.104
equat,781,402,1.2478,0.156
shock,746,240,1.7636,0.2051
use,733,513,1.004,0.0681
present,698,507,1.0157,0.0677
surfac,691,330,1.4451,0.1482
distribut,650,361,1.3553,0.1355
obtain,643,464,1.1043,0.069
temperatur,629,268,1.6532,0.1687
zero,618,303,1.5305,0.2888
ratio,614,296,1.5539,0.1413
problem,591,323,1.4666,0.1833
veloc,580,317,1.4853,0.1485
approxim,557,378,1.3093,0.1247
calcul,552,328,1.4512,0.1062
case,547,365,1.3443,0.126
test,526,274,1.6311,0.1957
plate,526,227,1.8193,0.1985
investig,524,361,1.3553,0.0782
given,521,387,1.2858,0.0897
condit,516,335,1.4301,0.1059
three,516,319,1.479,0.0924
speed,513,292,1.5675,0.169
valu,496,316,1.4885,0.1326
transfer,492,208,1.9067,0.143
wave,485,210,1.8971,0.2681
angl,473,212,1.8876,0.2221
experiment,470,339,1.4182,0.1091
superson,469,270,1.6458,0.1431
jet,462,96,2.6799,0.3828
cylind,449,178,2.0624,0.275
made,449,352,1.3806,0.0812
edg,439,188,2.0078,0.2703
rang,432,298,1.5471,0.0872
five,429,248,1.7308,0.2111
measur,429,252,1.7148,0.1429
laminar,428,234,1.7889,0.1193
found,424,322,1.4697,0.0754
load,414,200,1.9459,0.1971
stream,407,241,1.7594,0.12
lift,406,159,2.1753,0.1835
determin,399,299,1.5438,0.0702
coeffici,390,224,1.8326,0.1202
analysi,387,278,1.6166,0.0951
increas,386,209,1.9019,0.1426
general,384,292,1.5675,0.1016
reynold,383,199,1.9509,0.1754
wall,378,191,1.992,0.2929
free,377,218,1.8597,0.1431
base,375,230,1.8061,0.2064
high,373,251,1.7188,0.1495
turbul,368,145,2.2675,0.1744
dimension,366,237,1.7762,0.148
also,362,308,1.5141,0.0582
hyperson,351,170,2.1084,0.1807
stress,350,154,2.2073,0.2703
shown,347,285,1.5917,0.086
buckl,346,127,2.4,0.2342
separ,344,151,2.2269,0.257
compress,338,199,1.9509,0.2251
model,336,177,2.0681,0.2482
air,334,184,2.0293,0.1914
function,330,188,2.0078,0.2335
forc,330,169,2.1143,0.1224
deriv,328,213,1.8829,0.1435
discuss,328,271,1.6421,0.1095
develop,326,264,1.6683,0.1335
hundr,325,175,2.0794,0.1522
data,325,217,1.8643,0.1356
shape,320,193,1.9815,0.1607
drag,319,138,2.317,0.2495
studi,319,239,1.7678,0.1684
small,314,239,1.7678,0.1105
field,313,168,2.1203,0.1719
tunnel,312,180,2.0513,0.181
lead,312,174,2.0852,0.1787
theoret,311,235,1.7846,0.1373
may,310,232,1.7975,0.0719
aerodynam,309,179,2.0568,0.1789
consid,307,249,1.7268,0.1016
form,306,239,1.7678,0.208
four,302,205,1.9212,0.1558
relat,302,231,1.8018,0.1567
region,300,173,2.0909,0.11
thick,296,184,2.0293,0.1933
shell,294,106,2.5808,0.3147
cone,293,119,2.4651,0.237
flat,291,187,2.0131,0.1388
order,288,197,1.961,0.1824
six,284,177,2.0681,0.1241
compar,283,247,1.7348,0.0938
blunt,280,140,2.3026,0.163
larg,280,211,1.8924,0.0901
predict,277,193,1.9815,0.1564
transit,276,93,2.7116,0.2624
applic,276,219,1.8552,0.1294
rate,273,145,2.2675,0.162
section,272,169,2.1143,0.1321
characterist,269,184,2.0293,0.1353
gas,267,135,2.339,0.1827
includ,266,224,1.8326,0.1111
numer,266,200,1.9459,0.1358
constant,265,184,2.0293,0.1845
fluid,261,160,2.1691,0.2711
type,256,187,2.0131,0.1438
indic,253,214,1.8783,0.0751
stagnat,252,134,2.3464,0.1717
nose,252,111,2.5347,0.1969
nozzl,251,80,2.8622,0.4089
paper,247,200,1.9459,0.1497
time,245,152,2.2203,0.2562
show,241,201,1.9409,0.0787
differ,240,192,1.9867,0.1923
design,239,144,2.2744,0.2437
flutter,238,56,3.2189,0.4109
similar,236,151,2.2269,0.162
linear,235,163,2.1505,0.172
appli,235,204,1.9261,0.107
paramet,234,155,2.2008,0.1038
attack,231,114,2.508,0.2951
axial,228,147,2.2538,0.1503
stabil,227,120,2.4567,0.2457
first,227,171,2.1026,0.0904
integr,226,147,2.2538,0.1878
variat,226,141,2.2955,0.1435
simpl,222,184,2.0293,0.1602
flight,221,135,2.339,0.1362
agreement,221,181,2.0457,0.0787
eight,217,154,2.2073,0.1254
conduct,217,158,2.1816,0.1407
low,216,154,2.2073,0.2879
thin,210,136,2.3316,0.1976
uniform,209,148,2.247,0.2175
shear,209,99,2.6491,0.2337
circular,208,139,2.3098,0.2253
seven,207,138,2.317,0.2477
nine,206,134,2.3464,0.1173
panel,204,45,3.4376,0.4741
skin,204,95,2.6904,0.2374
experi,201,152,2.2203,0.1432
term,201,158,2.1816,0.1454
mean,198,150,2.2336,0.1249
viscous,197,122,2.4402,0.1525
structur,195,107,2.5714,0.2755
assum,190,158,2.1816,0.1169
direct,189,151,2.2269,0.0909
possibl,189,154,2.2073,0.138
well,188,167,2.1262,0.1046
ten,187,133,2.3539,0.1272
requir,187,146,2.2606,0.1468
various,187,162,2.1566,0.2087
motion,186,120,2.4567,0.2362
gradient,185,111,2.5347,0.1653
slender,185,96,2.6799,0.1696
maximum,184,115,2.4993,0.1879
curv,184,123,2.432,0.2162
local,183,125,2.4159,0.1318
near,183,131,2.369,0.1481
profil,183,110,2.5437,0.1696
vari,182,144,2.2744,0.0978
wind,182,127,2.4,0.2
normal,181,129,2.3844,0.1084
express,180,134,2.3464,0.0998
thermal,179,90,2.7444,0.358
airfoil,179,66,3.0546,0.3302
static,178,95,2.6904,0.2421
distanc,175,116,2.4906,0.2669
chang,175,122,2.4402,0.1525
incompress,175,132,2.3614,0.1574
comput,175,124,2.4239,0.1233
consider,174,159,2.1753,0.0725
initi,174,109,2.5529,0.2015
tube,173,71,2.9815,0.3598
along,173,137,2.3242,0.1367
part,173,111,2.5347,0.1152
combin,171,111,2.5347,0.2571
describ,171,154,2.2073,0.096
due,171,143,2.2814,0.1448
limit,170,136,2.3316,0.1029
friction,169,88,2.7669,0.2441
reduc,169,131,2.369,0.1065
cylindr,167,99,2.6491,0.1589
length,167,102,2.6193,0.1871
moment,166,95,2.6904,0.1306
sever,166,132,2.3614,0.1476
give,165,144,2.2744,0.1058
subson,164,113,2.5168,0.1864
interact,163,90,2.7444,0.2048
plane,159,96,2.6799,0.1649
comparison,159,140,2.3026,0.0959
deflect,158,87,2.7783,0.1752
formula,156,102,2.6193,0.177
depend,156,125,2.4159,0.0966
equilibrium,155,82,2.8375,0.1811
particular,155,134,2.3464,0.0978
exampl,154,137,2.3242,0.1011
properti,154,111,2.5347,0.2816
second,154,110,2.5437,0.1696
occur,154,123,2.432,0.0973
inject,152,43,3.483,0.3126
steadi,151,106,2.5808,0.178
cool,148,65,3.0698,0.2253
good,146,136,2.3316,0.063
differenti,145,105,2.5903,0.1727
densiti,144,88,2.7669,0.1516
correspond,141,112,2.5257,0.1365
exact,140,116,2.4906,0.0906
work,140,113,2.5168,0.136
note,138,118,2.4735,0.1178
atmospher,137,77,2.9004,0.2417
influenc,137,101,2.6291,0.1384
certain,136,120,2.4567,0.1755
provid,136,123,2.432,0.1057
energi,135,99,2.6491,0.3311
estim,135,105,2.5903,0.1439
power,134,92,2.7224,0.1176
twenti,134,106,2.5808,0.1259
frequenc,133,56,3.2189,0.2409
aspect,133,76,2.9135,0.1777
exist,132,117,2.4821,0.1295
bend,131,69,3.0101,0.3254
aircraft,131,71,2.9815,0.2556
analyt,130,106,2.5808,0.1075
correl,130,85,2.8016,0.1893
observ,130,97,2.6695,0.0861
assumpt,130,108,2.5621,0.1165
decreas,129,89,2.7556,0.0958
configur,129,81,2.8498,0.1781
critic,129,75,2.9267,0.1951
expans,128,76,2.9135,0.1982
thousand,127,89,2.7556,0.106
vehicl,127,65,3.0698,0.2646
import,127,110,2.5437,0.1131
displac,126,76,2.9135,0.1748
revolut,126,77,2.9004,0.1568
system,126,84,2.8134,0.2269
conic,125,66,3.0546,0.2735
author,125,88,2.7669,0.1318
symmetr,125,84,2.8134,0.1688
diamet,124,80,2.8622,0.1212
rough,124,36,3.6607,0.4197
howev,124,110,2.5437,0.0652
approach,121,96,2.6799,0.1608
past,121,83,2.8254,0.2093
seri,121,85,2.8016,0.1273
elast,120,82,2.8375,0.2027
locat,120,80,2.8622,0.1568
higher,120,106,2.5808,0.1032
transon,120,63,3.1011,0.2481
techniqu,120,99,2.6491,0.2208
detail,120,105,2.5903,0.1196
within,119,107,2.5714,0.0918
subject,119,98,2.6593,0.14
mix,118,54,3.2552,0.383
inviscid,118,79,2.8748,0.1643
total,117,87,2.7783,0.1355
procedur,117,88,2.7669,0.1287
report,117,103,2.6095,0.1087
control,116,61,3.1334,0.2474
close,116,96,2.6799,0.114
involv,115,101,2.6291,0.1223
previous,114,105,2.5903,0.1727
practic,114,100,2.6391,0.088
arbitrari,114,87,2.7783,0.1082
dynam,114,79,2.8748,0.25
finit,112,83,2.8254,0.1823
addit,112,96,2.6799,0.1288
materi,111,69,3.0101,0.1843
mass,111,71,2.9815,0.1296
perform,111,81,2.8498,0.3638
wake,110,46,3.4156,0.3595
infinit,110,87,2.7783,0.1462
repres,110,97,2.6695,0.109
oscil,109,58,3.1838,0.3032
posit,108,83,2.8254,0.113
factor,108,80,2.8622,0.1431
extern,108,74,2.9402,0.1633
mode,108,60,3.1499,0.21
extend,108,91,2.7334,0.1188
behind,108,68,3.0247,0.1592
line,107,72,2.9676,0.1746
cross,107,70,2.9957,0.2179
appear,107,95,2.6904,0.0868
vibrat,107,56,3.2189,0.2813
signific,106,91,2.7334,0.1271
new,104,78,2.8875,0.1486
pitch,104,66,3.0546,0.1035
percent,104,65,3.0698,0.1154
recent,104,92,2.7224,0.1492
known,104,89,2.7556,0.1312
per,103,82,2.8375,0.1207
magnet,103,39,3.5807,0.2558
support,103,70,2.9957,0.2456
propel,102,35,3.6889,0.233
creep,102,35,3.6889,0.476
vortic,102,52,3.293,0.3213
variabl,102,85,2.8016,0.1751
area,101,59,3.1667,0.1955
oper,101,67,3.0395,0.1414
transform,100,63,3.1011,0.3578
transvers,100,61,3.1334,0.2507
incid,100,59,3.1667,0.1667
complet,99,87,2.7783,0.1736
solv,99,82,2.8375,0.227
induc,98,73,2.9538,0.1284
respect,98,91,2.7334,0.0882
process,97,73,2.9538,0.1284
downstream,97,63,3.1011,0.1755
upon,96,74,2.9402,0.1378
refer,96,71,2.9815,0.1754
fifti,95,78,2.8875,0.1147
less,95,82,2.8375,0.0728
thirti,94,82,2.8375,0.1207
produc,94,78,2.8875,0.0942
blade,94,33,3.7477,0.2855
interfer,94,46,3.4156,0.2813
law,93,53,3.2739,0.2976
treat,93,79,2.8748,0.115
yaw,93,37,3.6333,0.3545
disturb,93,59,3.1667,0.1863
modifi,93,76,2.9135,0.0896
consist,92,77,2.9004,0.1289
strength,92,64,3.0853,0.2153
avail,92,81,2.8498,0.1009
main,92,76,2.9135,0.1121
vortex,91,33,3.7477,0.3569
sonic,91,55,3.2369,0.1904
forti,91,60,3.1499,0.2477
accuraci,91,75,2.9267,0.1148
dissoci,90,40,3.5553,0.1693
lower,89,76,2.9135,0.1121
trail,89,45,3.4376,0.2594
column,89,36,3.6607,0.3543
viscos,89,63,3.1011,0.132
convect,89,45,3.4376,0.2787
yield,88,74,2.9402,0.1336
scale,88,51,3.3124,0.179
non,87,63,3.1011,0.1292
stiffen,87,36,3.6607,0.3051
potenti,87,58,3.1838,0.1769
extens,86,78,2.8875,0.1283
specif,86,63,3.1011,0.1
evalu,86,70,2.9957,0.0999
accur,86,75,2.9267,0.1829
valid,86,70,2.9957,0.0977
associ,85,68,3.0247,0.1163
state,85,72,2.9676,0.1535
entri,85,40,3.5553,0.2177
ground,84,32,3.7785,0.2952
without,84,76,2.9135,0.1143
suggest,84,73,2.9538,0.1136
account,83,82,2.8375,0.1234
correct,83,72,2.9676,0.1459
thus,83,77,2.9004,0.0829
follow,83,77,2.9004,0.1018
curvatur,83,48,3.373,0.2008
rectangular,82,55,3.2369,0.1579
magnitud,82,73,2.9538,0.1284
employ,82,70,2.9957,0.0922
rapid,82,67,3.0395,0.098
would,82,64,3.0853,0.0762
set,82,67,3.0395,0.1414
reason,81,72,2.9676,0.129
presenc,81,68,3.0247,0.189
special,81,75,2.9267,0.1272
parallel,81,67,3.0395,0.1643
either,80,71,2.9815,0.1325
thrust,80,33,3.7477,0.3156
forward,80,47,3.3941,0.1234
nois,80,29,3.8769,0.3371
prandtl,80,63,3.1011,0.1348
caus,79,70,2.9957,0.0731
unsteadi,79,46,3.4156,0.2234
sound,79,37,3.6333,0.1975
sphere,79,39,3.5807,0.2754
newtonian,79,44,3.46,0.1602
carri,78,75,2.9267,0.1171
physic,78,64,3.0853,0.1435
greater,77,68,3.0247,0.0677
damp,77,43,3.483,0.2322
reduct,77,55,3.2369,0.0918
illustr,77,72,2.9676,0.129
purpos,77,76,2.9135,0.091
basi,76,68,3.0247,0.0864
tail,75,23,4.1087,0.321
take,75,65,3.0698,0.1279
continu,75,56,3.2189,0.2299
axi,74,50,3.3322,0.1562
singl,74,62,3.1171,0.1521
move,74,59,3.1667,0.1508
concern,74,65,3.0698,0.1279
behavior,74,61,3.1334,0.1011
compressor,74,20,4.2485,0.452
altitud,74,45,3.4376,0.2148
sharp,74,53,3.2739,0.1871
interest,74,65,3.0698,0.1335
height,73,34,3.7179,0.2479
compon,73,62,3.1171,0.114
research,73,58,3.1838,0.1274
long,73,60,3.1499,0.1658
vertic,73,43,3.483,0.275
axisymmetr,73,53,3.2739,0.2284
portion,72,56,3.2189,0.1694
much,72,66,3.0546,0.0898
rocket,72,34,3.7179,0.2888
longitudin,72,50,3.3322,0.2298
deform,71,47,3.3941,0.2057
flap,71,18,4.3539,0.4898
rotat,71,45,3.4376,0.1875
half,71,50,3.3322,0.1515
squar,71,55,3.2369,0.1541
radius,70,51,3.3124,0.207
chord,70,42,3.5066,0.2045
generat,69,51,3.3124,0.144
stage,69,26,3.9861,0.3392
examin,69,63,3.1011,0.0969
converg,69,47,3.3941,0.5903
pattern,69,51,3.3124,0.207
except,68,63,3.1011,0.2907
strain,68,39,3.5807,0.4883
momentum,68,56,3.2189,0.092
exit,68,30,3.843,0.2244
helium,68,39,3.5807,0.2203
center,67,39,3.5807,0.2238
degre,67,54,3.2552,0.1744
introduc,66,64,3.0853,0.1286
mechan,66,46,3.4156,0.2135
final,66,61,3.1334,0.0764
although,66,62,3.1171,0.0611
could,66,62,3.1171,0.063
plastic,65,30,3.843,0.2562
intern,65,44,3.46,0.2288
electr,65,44,3.46,0.2163
nonlinear,65,43,3.483,0.3166
diffus,65,40,3.5553,0.2222
concept,64,52,3.293,0.26
afterbodi,64,29,3.8769,0.262
analyz,64,62,3.1171,0.1355
around,64,55,3.2369,0.1295
essenti,64,60,3.1499,0.0875
taken,64,59,3.1667,0.0792
level,64,43,3.483,0.1393
simplifi,63,59,3.1667,0.181
agre,63,59,3.1667,0.0812
usual,63,63,3.1011,0.1
exhaust,63,29,3.8769,0.1731
hemispher,63,31,3.8102,0.1732
solid,63,41,3.5307,0.2207
radiat,62,35,3.6889,0.2258
manner,62,59,3.1667,0.096
natur,62,55,3.2369,0.2312
review,62,52,3.293,0.1804
span,62,42,3.5066,0.2505
necessari,62,59,3.1667,0.1022
later,62,46,3.4156,0.2277
instabl,62,38,3.6066,0.3136
reaction,61,31,3.8102,0.3664
side,61,34,3.7179,0.1761
missil,61,32,3.7785,0.3193
strong,61,46,3.4156,0.168
analog,61,53,3.2739,0.1955
wedg,61,42,3.5066,0.2192
step,61,32,3.7785,0.1661
clamp,60,31,3.8102,0.3687
independ,60,55,3.2369,0.083
enthalpi,60,35,3.6889,0.1921
engin,60,36,3.6607,0.1592
roll,60,26,3.9861,0.2657
equal,59,56,3.2189,0.1288
must,59,49,3.3524,0.1273
aerofoil,59,30,3.843,0.2597
outer,59,42,3.5066,0.123
imperfect,59,24,4.0662,0.3189
simpli,59,39,3.5807,0.2865
end,59,39,3.5807,0.434
diverg,58,38,3.6066,0.2122
delta,58,35,3.6889,0.2306
fix,58,42,3.5066,0.1582
chemic,58,39,3.5807,0.1535
conclus,58,53,3.2739,0.1423
fatigu,58,22,4.1532,0.4829
airplan,58,30,3.843,0.183
wide,58,51,3.3124,0.0974
cover,57,55,3.2369,0.1407
reflect,57,35,3.6889,0.15
rise,57,43,3.483,0.1742
weight,57,39,3.5807,0.1377
ellipt,57,37,3.6333,0.2271
slight,57,52,3.293,0.1432
becom,56,52,3.293,0.089
tip,56,26,3.9861,0.2718
neglect,56,45,3.4376,0.1809
satellit,56,32,3.7785,0.3149
sixti,56,45,3.4376,0.1403
spheric,55,37,3.6333,0.1135
establish,55,50,3.3322,0.1666
equival,55,45,3.4376,0.1109
rigid,55,34,3.7179,0.3914
radial,55,37,3.6333,0.2019
origin,55,48,3.373,0.1297
formul,55,52,3.293,0.0803
minimum,54,43,3.483,0.1883
defin,54,48,3.373,0.1184
sourc,54,35,3.6889,0.1746
inform,54,44,3.46,0.1472
geometri,54,50,3.3322,0.1025
core,54,25,4.0254,0.2562
transient,53,35,3.6889,0.2031
ideal,53,37,3.6333,0.1615
sinc,53,49,3.3524,0.0818
classic,53,41,3.5307,0.1605
improv,53,44,3.46,0.2163
asymptot,53,42,3.5066,0.2125
propos,53,46,3.4156,0.1394
basic,53,41,3.5307,0.1545
element,52,28,3.912,0.2729
remain,52,50,3.3322,0.074
size,52,41,3.5307,0.1146
even,52,48,3.373,0.1054
twelv,52,32,3.7785,0.2907
make,52,50,3.3322,0.0926
satisfactori,52,49,3.3524,0.0729
affect,52,45,3.4376,0.0929
upper,52,41,3.5307,0.1471
suffici,52,47,3.3941,0.1029
averag,52,41,3.5307,0.1358
porous,51,29,3.8769,0.3061
featur,51,49,3.3524,0.1458
coordin,51,36,3.6607,0.1381
stall,51,17,4.411,0.3466
gase,50,38,3.6066,0.2004
thermodynam,50,31,3.8102,0.2931
amount,50,43,3.483,0.1181
slope,50,38,3.6066,0.1414
regim,50,30,3.843,0.1525
tabl,49,36,3.6607,0.4067
detach,49,27,3.9484,0.423
govern,49,45,3.4376,0.191
chart,49,30,3.843,0.3116
accord,49,44,3.46,0.1018
short,49,40,3.5553,0.2735
suitabl,48,45,3.4376,0.1074
upstream,48,38,3.6066,0.1472
far,48,40,3.5553,0.1031
orbit,48,17,4.411,0.4524
fifteen,48,40,3.5553,0.1185
whose,48,42,3.5066,0.1275
survey,48,40,3.5553,0.2294
conclud,47,46,3.4156,0.0949
restrict,47,43,3.483,0.1088
success,47,42,3.5066,0.0923
across,47,45,3.4376,0.0781
simul,47,35,3.6889,0.227
error,47,33,3.7477,0.1022
torsion,46,32,3.7785,0.2223
cent,46,41,3.5307,0.0474
find,46,33,3.7477,0.3407
ablat,46,15,4.5362,0.422
relax,46,27,3.9484,0.3159
attach,46,33,3.7477,0.1704
appropri,46,44,3.46,0.1116
partial,46,40,3.5553,0.237
moder,45,39,3.5807,0.0995
allow,45,39,3.5807,0.1155
mani,45,41,3.5307,0.107
face,45,27,3.9484,0.1974
ordinari,45,39,3.5807,0.0814
quantiti,45,37,3.6333,0.1453
entir,45,44,3.46,0.1236
construct,45,41,3.5307,0.1412
slipstream,45,15,4.5362,0.2871
aris,45,40,3.5553,0.1513
great,45,41,3.5307,0.1038
intens,45,28,3.912,0.1981
downwash,45,20,4.2485,0.1226
real,44,33,3.7477,0.1785
substanti,44,41,3.5307,0.0692
satisfi,44,34,3.7179,0.1416
appar,44,34,3.7179,0.0941
treatment,44,41,3.5307,0.0831
resist,44,25,4.0254,0.3896
semi,44,35,3.6889,0.119
full,44,31,3.8102,0.1905
uniti,44,35,3.6889,0.1272
actual,43,41,3.5307,0.0785
mathemat,43,40,3.5553,0.1654
latter,43,41,3.5307,0.0929
expect,43,40,3.5553,0.0646
front,43,33,3.7477,0.1441
acceler,43,29,3.8769,0.3371
demonstr,43,41,3.5307,0.1009
swept,43,33,3.7477,0.2044
effici,42,26,3.9861,0.1826
perfect,42,36,3.6607,0.1558
larger,42,39,3.5807,0.0731
spanwis,42,25,4.0254,0.1331
karman,42,38,3.6066,0.1002
appreci,42,39,3.5807,0.1404
optimum,42,28,3.912,0.1834
togeth,42,40,3.5553,0.1616
acoust,42,15,4.5362,0.3736
space,42,34,3.7179,0.1582
pitot,42,18,4.3539,0.2721
contain,42,41,3.5307,0.1103
failur,41,34,3.7179,0.1328
eighti,41,35,3.6889,0.1011
major,41,36,3.6607,0.0893
respons,41,23,4.1087,0.2834
simultan,41,36,3.6607,0.1061
product,41,25,4.0254,0.2808
proport,41,39,3.5807,0.1665
principl,41,33,3.7477,0.2342
reach,41,36,3.6607,0.1592
planform,41,23,4.1087,0.149
concentr,41,31,3.8102,0.1494
streamlin,41,32,3.7785,0.1374
modif,41,35,3.6889,0.0971
permit,40,39,3.5807,0.0968
shallow,40,20,4.2485,0.2499
interpret,40,35,3.6889,0.157
util,40,36,3.6607,0.1077
pure,40,31,3.8102,0.206
convent,40,37,3.6333,0.079
flexibl,40,22,4.1532,0.2351
iter,40,25,4.0254,0.7001
briefli,40,39,3.5807,0.1194
neglig,40,36,3.6607,0.1003
attent,39,36,3.6607,0.2288
volum,39,24,4.0662,0.4396
typic,39,38,3.6066,0.0925
enter,39,30,3.843,0.1478
straight,39,31,3.8102,0.1979
period,39,29,3.8769,0.1846
recoveri,39,26,3.9861,0.1993
negat,39,29,3.8769,0.19
need,38,35,3.6889,0.1317
current,38,32,3.7785,0.1608
beam,38,17,4.411,0.3151
head,38,20,4.2485,0.1914
peak,38,21,4.1997,0.2291
fulli,38,30,3.843,0.1114
channel,38,17,4.411,0.4411
suction,38,20,4.2485,0.2499
achiev,38,35,3.6889,0.0868
nineti,38,30,3.843,0.1053
phenomena,38,32,3.7785,0.1718
fluctuat,38,24,4.0662,0.2224
path,38,31,3.8102,0.2598
fair,38,36,3.6607,0.0915
attempt,37,36,3.6607,0.1592
liquid,37,22,4.1532,0.2569
empir,37,31,3.8102,0.2381
fundament,37,31,3.8102,0.0977
stoke,37,24,4.0662,0.1848
hot,37,27,3.9484,0.1179
deceler,37,18,4.3539,0.2292
inch,37,31,3.8102,0.1657
deal,37,34,3.7179,0.143
deviat,37,26,3.9861,0.1265
width,37,22,4.1532,0.1462
way,37,36,3.6607,0.1525
stiff,37,23,4.1087,0.2568
random,37,19,4.2998,0.2922
extrem,37,25,4.0254,0.1477
boom,37,12,4.7593,0.3038
therefor,37,37,3.6333,0.0712
fine,37,21,4.1997,0.1667
descript,37,34,3.7179,0.1616
qualit,37,37,3.6333,0.0886
rather,36,34,3.7179,0.0953
naca,36,28,3.912,0.1326
publish,36,33,3.7477,0.1136
quasi,36,20,4.2485,0.2236
perturb,36,24,4.0662,0.1708
molecul,36,23,4.1087,0.2834
ring,36,20,4.2485,0.4552
outsid,36,31,3.8102,0.1089
regard,35,34,3.7179,0.1199
von,35,29,3.8769,0.1077
particl,35,15,4.5362,0.3728
growth,35,25,4.0254,0.3299
class,35,28,3.912,0.1505
insul,35,24,4.0662,0.1718
tabul,35,26,3.9861,0.1854
plan,35,28,3.912,0.0968
analys,35,34,3.7179,0.0953
nonequilibrium,35,17,4.411,0.2005
preliminari,34,33,3.7477,0.0872
prescrib,34,25,4.0254,0.3096
mixtur,34,22,4.1532,0.1567
oscillatori,34,21,4.1997,0.336
place,34,33,3.7477,0.1041
propuls,34,19,4.2998,0.2922
behaviour,34,27,3.9484,0.2008
evid,34,34,3.7179,0.0845
transport,34,23,4.1087,0.2283
coupl,34,21,4.1997,0.1969
slip,34,17,4.411,0.2801
turbin,33,14,4.6052,0.4899
fact,33,31,3.8102,0.0907
stationari,33,28,3.912,0.2115
camber,33,22,4.1532,0.1408
connect,33,33,3.7477,0.1171
quit,33,30,3.843,0.124
revers,33,23,4.1087,0.2867
knowledg,33,30,3.843,0.124
exceed,33,30,3.843,0.1141
relationship,33,27,3.9484,0.2755
discontinu,33,21,4.1997,0.1909
eleven,33,30,3.843,0.0674
circumferenti,33,26,3.9861,0.1638
excit,33,23,4.1087,0.134
combust,32,15,4.5362,0.2326
view,32,29,3.8769,0.2154
criterion,32,21,4.1997,0.1909
smooth,32,28,3.912,0.0978
start,32,26,3.9861,0.1318
loss,32,23,4.1087,0.3244
turn,32,28,3.912,0.0899
composit,32,23,4.1087,0.3287
foot,32,25,4.0254,0.161
ballist,32,22,4.1532,0.1298
plot,32,24,4.0662,0.1056
magnetohydrodynam,32,25,4.0254,0.3096
unit,32,23,4.1087,0.1677
machin,31,20,4.2485,0.1287
desir,31,27,3.9484,0.0858
fuselag,31,21,4.1997,0.1292
earth,31,21,4.1997,0.1853
sweep,31,20,4.2485,0.1808
least,31,30,3.843,0.2402
pohlhausen,31,23,4.1087,0.0923
impel,31,8,5.1648,0.3587
contribut,31,27,3.9484,0.1161
program,31,23,4.1087,0.2505
phenomenon,31,29,3.8769,0.1212
light,30,28,3.912,0.1505
geometr,30,26,3.9861,0.2044
throughout,30,28,3.912,0.1565
bow,30,24,4.0662,0.0968
sheet,30,17,4.411,0.2005
langley,30,25,4.0254,0.0936
brief,30,30,3.843,0.124
extent,30,26,3.9861,0.0997
tend,30,28,3.912,0.1134
explicit,30,28,3.912,0.1565
symmetri,30,26,3.9861,0.1049
mount,30,20,4.2485,0.1583
parabol,30,21,4.1997,0.1714
doubl,30,24,4.0662,0.1099
dimens,29,24,4.0662,0.1848
explain,29,23,4.1087,0.0798
laboratori,29,28,3.912,0.1863
vicin,29,23,4.1087,0.137
chordwis,29,19,4.2998,0.1509
advers,29,23,4.1087,0.0945
station,29,24,4.0662,0.1004
donnel,29,19,4.2998,0.3583
root,29,22,4.1532,0.3236
sandwich,29,13,4.6793,0.319
medium,29,19,4.2998,0.2965
invers,29,24,4.0662,0.1936
flare,29,7,5.2983,0.2185
encount,29,29,3.8769,0.0923
complex,29,25,4.0254,0.0951
contour,29,17,4.411,0.1408
increment,29,17,4.411,0.2005
seventi,29,26,3.9861,0.0814
object,29,25,4.0254,0.2156
replac,29,27,3.9484,0.1097
kinet,29,25,4.0254,0.115
tangent,29,19,4.2998,0.2867
piston,29,11,4.8463,0.2736
unknown,28,23,4.1087,0.1096
intermedi,28,22,4.1532,0.173
act,28,23,4.1087,0.2107
beyond,28,26,3.9861,0.1022
gust,28,12,4.7593,0.5949
stabl,28,18,4.3539,0.1319
ahead,28,21,4.1997,0.14
amplitud,28,22,4.1532,0.0966
favor,28,24,4.0662,0.1043
tilt,28,11,4.8463,0.2551
water,28,14,4.6052,0.3437
weak,28,22,4.1532,0.1695
cantilev,27,17,4.411,0.1764
taper,27,21,4.1997,0.0823
avoid,27,25,4.0254,0.0856
slab,27,14,4.6052,0.3759
triangular,27,19,4.2998,0.1387
overal,27,22,4.1532,0.3535
corner,27,17,4.411,0.2521
advantag,27,25,4.0254,0.0936
nitrogen,27,16,4.4716,0.271
fin,27,11,4.8463,0.5592
blasius,27,15,4.5362,0.2835
streamwis,27,21,4.1997,0.12
adjac,27,24,4.0662,0.1807
conserv,27,20,4.2485,0.3319
third,27,23,4.1087,0.2283
still,27,23,4.1087,0.1442
freedom,27,22,4.1532,0.1483
henc,27,25,4.0254,0.1519
littl,27,26,3.9861,0.0664
trend,27,25,4.0254,0.0694
photograph,26,21,4.1997,0.1135
propag,26,17,4.411,0.1853
histori,26,23,4.1087,0.0839
navier,26,19,4.2998,0.1954
slot,26,13,4.6793,0.234
rear,26,19,4.2998,0.1168
aeroelast,26,18,4.3539,0.1765
schlieren,26,24,4.0662,0.0808
princip,26,24,4.0662,0.1768
smaller,26,25,4.0254,0.0856
duct,26,13,4.6793,0.3982
aileron,26,9,5.047,0.3194
better,26,23,4.1087,0.0978
check,26,24,4.0662,0.1099
probabl,25,23,4.1087,0.0721
corridor,25,5,5.6348,0.2578
situat,25,22,4.1532,0.1222
bound,25,16,4.4716,0.1698
seem,25,21,4.1997,0.1273
common,25,24,4.0662,0.1312
freon,25,7,5.2983,0.4076
minim,25,20,4.2485,0.1036
inclin,25,15,4.5362,0.189
decay,25,17,4.411,0.2262
electron,25,19,4.2998,0.1284
figur,25,22,4.1532,0.1318
cruciform,25,8,5.1648,0.2564
adiabat,25,21,4.1997,0.15
flux,25,17,4.411,0.2251
alloy,25,18,4.3539,0.1719
quantit,25,22,4.1532,0.0903
chosen,25,23,4.1087,0.1245
anoth,24,24,4.0662,0.1196
varieti,24,22,4.1532,0.1038
maintain,24,22,4.1532,0.0966
standard,24,21,4.1997,0.1826
run,24,15,4.5362,0.2268
phase,24,20,4.2485,0.1237
character,24,20,4.2485,0.0867
molecular,24,16,4.4716,0.1626
flexur,24,12,4.7593,0.3757
modulus,24,14,4.6052,0.5117
ogiv,24,14,4.6052,0.2709
obliqu,24,17,4.411,0.1575
vtol,24,13,4.6793,0.2463
blast,24,15,4.5362,0.2231
digit,24,20,4.2485,0.1808
outlin,24,22,4.1532,0.1806
horizont,24,15,4.5362,0.1644
reattach,24,14,4.6052,0.2424
frozen,24,13,4.6793,0.2034
strip,23,14,4.6052,0.2512
believ,23,20,4.2485,0.0885
somewhat,23,23,4.1087,0.0874
specifi,23,20,4.2485,0.1004
matrix,23,10,4.9416,0.2657
distort,23,20,4.2485,0.118
rotor,23,11,4.8463,0.4081
similitud,23,9,5.047,0.3028
band,23,11,4.8463,0.2596
dissip,23,19,4.2998,0.1255
membran,23,10,4.9416,0.4845
appendix,23,18,4.3539,0.135
subsequ,23,22,4.1532,0.0814
vanish,23,18,4.3539,0.1079
alway,23,20,4.2485,0.0966
nondimension,23,20,4.2485,0.078
coolant,23,15,4.5362,0.1745
alter,23,23,4.1087,0.0874
earlier,23,22,4.1532,0.1767
impos,23,17,4.411,0.1575
sinusoid,23,16,4.4716,0.2333
nonuniform,23,18,4.3539,0.1829
shield,23,4,5.8579,0.3159
almost,22,22,4.1532,0.1298
expand,22,20,4.2485,0.1
eccentr,22,10,4.9416,0.3468
spread,22,16,4.4716,0.1032
toward,22,21,4.1997,0.07
advanc,22,19,4.2998,0.1686
singular,22,14,4.6052,0.2024
impact,22,18,4.3539,0.4354
aid,22,21,4.1997,0.1312
consequ,22,22,4.1532,0.1065
hydrostat,22,13,4.6793,0.2463
depth,22,9,5.047,0.1883
atom,22,16,4.4716,0.1597
perige,22,10,4.9416,0.335
select,22,21,4.1997,0.1235
difficulti,22,21,4.1997,0.1355
open,22,19,4.2998,0.1483
inner,22,17,4.411,0.1103
round,22,15,4.5362,0.2268
solar,22,6,5.4525,0.2299
polar,21,12,4.7593,0.1879
exhibit,21,19,4.2998,0.1344
charg,21,13,4.6793,0.2649
wherea,21,20,4.2485,0.0664
divid,21,21,4.1997,0.0875
deduc,21,20,4.2485,0.1036
lattic,21,3,6.1456,0.6957
crocco,21,16,4.4716,0.1771
capac,21,12,4.7593,0.3016
orthotrop,21,12,4.7593,0.3661
trajectori,21,15,4.5362,0.1814
question,21,21,4.1997,0.1448
enough,21,18,4.3539,0.1742
introduct,21,21,4.1997,0.0857
like,21,20,4.2485,0.0885
pass,21,20,4.2485,0.137
contact,21,12,4.7593,0.1535
rest,21,18,4.3539,0.2177
wire,21,20,4.2485,0.0944
record,21,19,4.2998,0.1344
neutral,21,15,4.5362,0.1055
whole,21,20,4.2485,0.1089
cold,21,14,4.6052,0.2002
entropi,21,14,4.6052,0.1535
disk,21,14,4.6052,0.2558
secondari,21,16,4.4716,0.1442
forebodi,21,8,5.1648,0.3038
rae,21,15,4.5362,0.1635
hole,21,8,5.1648,0.3228
taylor,21,16,4.4716,0.1147
hand,21,19,4.2998,0.1162
attribut,21,20,4.2485,0.072
smoke,21,3,6.1456,0.4457
rule,21,16,4.4716,0.2439
adequ,21,20,4.2485,0.0759
alon,20,16,4.4716,0.1597
zone,20,13,4.6793,0.27
especi,20,20,4.2485,0.1328
criteria,20,13,4.6793,0.1991
transpir,20,13,4.6793,0.2228
clear,20,19,4.2998,0.1344
linearis,20,15,4.5362,0.3058
inlet,20,14,4.6052,0.1354
sudden,20,17,4.411,0.1161
back,20,18,4.3539,0.0854
sweepback,20,10,4.9416,0.3013
match,20,15,4.5362,0.216
movement,20,14,4.6052,0.1059
often,20,16,4.4716,0.126
life,20,14,4.6052,0.3213
cascad,20,9,5.047,0.3657
exponenti,20,16,4.4716,0.0962
perpendicular,20,15,4.5362,0.1226
graviti,20,14,4.6052,0.1974
charact,20,20,4.2485,0.1634
fourteen,20,18,4.3539,0.0889
call,20,18,4.3539,0.1281
discrep,20,16,4.4716,0.1028
thirteen,20,19,4.2998,0.0966
systemat,20,16,4.4716,0.1278
cycl,20,13,4.6793,0.4011
ident,20,18,4.3539,0.1501
fourth,20,18,4.3539,0.3038
dimensionless,20,18,4.3539,0.1013
polynomi,20,14,4.6052,0.2523
name,20,18,4.3539,0.0573
fli,19,16,4.4716,0.1278
proper,19,17,4.411,0.1634
collaps,19,10,4.9416,0.2471
eddi,19,11,4.8463,0.1882
isentrop,19,13,4.6793,0.1265
metal,19,13,4.6793,0.1462
twist,19,12,4.7593,0.28
modul,19,5,5.6348,0.3968
aeronaut,19,16,4.4716,0.2264
balanc,19,16,4.4716,0.0913
conjunct,19,19,4.2998,0.1194
herein,19,18,4.3539,0.067
might,19,15,4.5362,0.0732
arc,19,16,4.4716,0.1789
nomin,19,17,4.411,0.1337
fail,19,16,4.4716,0.1597
immedi,19,18,4.3539,0.0596
shroud,19,11,4.8463,0.2937
circul,19,13,4.6793,0.1052
fraction,19,19,4.2998,0.0768
arrang,19,12,4.7593,0.137
progress,19,17,4.411,0.1003
recombin,19,12,4.7593,0.17
oseen,19,10,4.9416,0.4706
year,18,17,4.411,0.0761
graphic,18,18,4.3539,0.1675
throat,18,13,4.6793,0.2808
rayleigh,18,17,4.411,0.1357
lighthil,18,14,4.6052,0.2002
damag,18,9,5.047,0.3882
enabl,18,16,4.4716,0.1161
prevent,18,14,4.6052,0.1396
fourier,18,16,4.4716,0.0913
mention,18,18,4.3539,0.1037
refin,18,15,4.5362,0.189
hydrodynam,18,17,4.411,0.0939
sweptback,18,15,4.5362,0.1852
isotrop,18,11,4.8463,0.1939
calibr,18,12,4.7593,0.2069
simpler,18,17,4.411,0.1337
altern,18,17,4.411,0.2595
apparatus,18,12,4.7593,0.224
aluminum,18,16,4.4716,0.1118
simplif,18,17,4.411,0.2052
feet,18,10,4.9416,0.1392
understand,18,17,4.411,0.2005
gave,18,15,4.5362,0.2213
elimin,18,17,4.411,0.0865
opposit,18,16,4.4716,0.09
ordin,18,14,4.6052,0.188
pair,17,11,4.8463,0.1042
guid,17,17,4.411,0.1003
couett,17,10,4.9416,0.353
idea,17,17,4.411,0.1423
choic,17,17,4.411,0.0832
sideslip,17,9,5.047,0.2611
lee,17,10,4.9416,0.1675
interior,17,13,4.6793,0.0851
accept,17,17,4.411,0.1192
summari,17,15,4.5362,0.1972
primarili,17,17,4.411,0.1378
reciproc,17,9,5.047,0.232
primari,17,13,4.6793,0.0678
vessel,17,8,5.1648,0.1688
instrument,17,12,4.7593,0.2069
isotherm,17,12,4.7593,0.14
furthermor,17,16,4.4716,0.0733
verifi,17,16,4.4716,0.1147
ambient,17,15,4.5362,0.0872
flame,17,6,5.4525,0.2337
harmon,17,15,4.5362,0.1067
though,17,16,4.4716,0.0577
infin,17,17,4.411,0.0788
vector,17,12,4.7593,0.1613
yet,17,16,4.4716,0.1397
famili,17,15,4.5362,0.1296
choke,17,11,4.8463,0.2851
self,17,15,4.5362,0.1226
annular,17,11,4.8463,0.2423
reentri,16,9,5.047,0.2019
best,16,16,4.4716,0.0771
sensit,16,16,4.4716,0.172
spring,16,6,5.4525,0.4771
kernel,16,6,5.4525,0.3804
represent,16,15,4.5362,0.1106
constraint,16,11,4.8463,0.2769
freestream,16,10,4.9416,0.2513
etc,16,15,4.5362,0.0756
lie,16,15,4.5362,0.1163
specimen,16,10,4.9416,0.1704
mark,16,16,4.4716,0.0745
row,16,12,4.7593,0.1029
action,16,10,4.9416,0.1225
automat,16,12,4.7593,0.242
summar,16,16,4.4716,0.1442
inelast,16,10,4.9416,0.1439
hover,16,10,4.9416,0.2149
artifici,16,13,4.6793,0.0604
difficult,16,16,4.4716,0.0733
begin,16,14,4.6052,0.0837
easili,16,16,4.4716,0.1397
travel,16,15,4.5362,0.0965
undisturb,16,12,4.7593,0.156
confirm,16,16,4.4716,0.1016
gasdynam,16,10,4.9416,0.1336
definit,16,16,4.4716,0.1397
unswept,16,13,4.6793,0.1155
futur,16,15,4.5362,0.1814
prove,16,16,4.4716,0.1118
central,16,14,4.6052,0.1588
equip,16,16,4.4716,0.0951
drawn,16,15,4.5362,0.2835
minor,16,15,4.5362,0.1055
million,15,8,5.1648,0.1659
centr,15,13,4.6793,0.1418
multipl,15,15,4.5362,0.1055
orific,15,8,5.1648,0.1677
drop,15,12,4.7593,0.078
activ,15,12,4.7593,0.1535
hydrogen,15,9,5.047,0.2804
oil,15,8,5.1648,0.2582
excel,15,15,4.5362,0.1334
theorem,15,9,5.047,0.4206
emphas,15,15,4.5362,0.1194
spectrum,15,14,4.6052,0.1262
assess,15,14,4.6052,0.2142
sampl,15,13,4.6793,0.2529
written,15,14,4.6052,0.1439
done,15,14,4.6052,0.1396
semiempir,15,12,4.7593,0.1236
format,15,12,4.7593,0.112
arriv,15,8,5.1648,0.098
readili,15,14,4.6052,0.1151
pipe,14,8,5.1648,0.1937
tollmien,14,7,5.2983,0.2362
galerkin,14,8,5.1648,0.1781
expos,14,11,4.8463,0.2423
hing,14,8,5.1648,0.1076
teflon,14,7,5.2983,0.1786
merg,14,4,5.8579,0.155
van,14,11,4.8463,0.2154
segment,14,13,4.6793,0.1088
extrapol,14,12,4.7593,0.0952
facil,14,14,4.6052,0.1842
planetari,14,7,5.2983,0.2585
sting,14,6,5.4525,0.1543
chapman,14,12,4.7593,0.1304
sublay,14,10,4.9416,0.2246
group,14,10,4.9416,0.2149
nacell,14,4,5.8579,0.3466
freez,14,6,5.4525,0.1924
cours,14,14,4.6052,0.094
hoop,14,3,6.1456,0.4656
pictur,14,13,4.6793,0.06
role,14,13,4.6793,0.0731
fivezero,14,10,4.9416,0.1422
argon,14,9,5.047,0.2804
excess,14,13,4.6793,0.1376
earli,14,14,4.6052,0.072
univers,14,12,4.7593,0.1133
sink,14,10,4.9416,0.1289
trim,14,8,5.1648,0.1781
diminish,14,14,4.6052,0.0755
scope,14,14,4.6052,0.0485
hyperbol,14,11,4.8463,0.102
foreign,14,9,5.047,0.1442
ignit,14,4,5.8579,0.2
reveal,13,13,4.6793,0.09
interv,13,12,4.7593,0.1322
distinct,13,11,4.8463,0.0865
onset,13,12,4.7593,0.156
oxygen,13,12,4.7593,0.2644
land,13,8,5.1648,0.1781
environ,13,9,5.047,0.1646
fuel,13,9,5.047,0.2462
centrifug,13,10,4.9416,0.104
reliabl,13,12,4.7593,0.0924
care,13,12,4.7593,0.1013
vane,13,6,5.4525,0.2796
sixteen,13,12,4.7593,0.1613
oval,13,5,5.6348,0.1966
optic,13,10,4.9416,0.1569
ion,13,8,5.1648,0.3083
experienc,13,12,4.7593,0.1304
accompani,13,13,4.6793,0.055
conveni,13,12,4.7593,0.1487
emphasi,13,13,4.6793,0.1114
literatur,13,12,4.7593,0.0933
absolut,13,11,4.8463,0.1077
joint,13,9,5.047,0.1711
necessarili,13,13,4.6793,0.0975
cruis,13,7,5.2983,0.1341
hold,13,13,4.6793,0.1088
lowest,13,9,5.047,0.1668
intersect,13,11,4.8463,0.079
whether,13,12,4.7593,0.1013
blockag,13,8,5.1648,0.2152
cowl,13,2,6.5511,0.4416
indici,13,5,5.6348,0.2538
bear,13,12,4.7593,0.2441
fall,13,12,4.7593,0.069
spinner,13,1,7.2442,0.5291
continuum,13,11,4.8463,0.1615
remark,13,13,4.6793,0.1088
highest,13,12,4.7593,0.0933
imping,13,9,5.047,0.1328
suppli,13,10,4.9416,0.2534
bluff,13,10,4.9416,0.1497
slowli,13,13,4.6793,0.1231
held,13,13,4.6793,0.0688
discret,13,8,5.1648,0.1684
reservoir,13,6,5.4525,0.3001
releas,13,6,5.4525,0.3207
surround,13,12,4.7593,0.1586
analogu,13,6,5.4525,0.5072
junction,13,11,4.8463,0.3029
domin,12,9,5.047,0.0885
deg,12,7,5.2983,0.1987
tab,12,4,5.8579,0.2232
proceed,12,10,4.9416,0.1865
plasma,12,8,5.1648,0.3603
intend,12,12,4.7593,0.1641
magneto,12,5,5.6348,0.1795
glass,12,5,5.6348,0.221
sens,12,12,4.7593,0.071
algebra,12,11,4.8463,0.0873
incorpor,12,11,4.8463,0.1514
interfac,12,9,5.047,0.2019
graph,12,10,4.9416,0.1528
former,12,12,4.7593,0.1082
conform,12,11,4.8463,0.1243
map,12,11,4.8463,0.1089
virtual,12,8,5.1648,0.1359
greatest,12,10,4.9416,0.3089
dash,12,10,4.9416,0.1098
owe,12,12,4.7593,0.0933
discharg,12,7,5.2983,0.3382
travers,12,11,4.8463,0.2203
adjust,12,11,4.8463,0.1275
technic,12,12,4.7593,0.0915
durat,12,9,5.047,0.1577
rigor,12,10,4.9416,0.2411
read,12,9,5.047,0.1364
web,12,6,5.4525,0.3786
rarefi,12,9,5.047,0.174
radii,12,12,4.7593,0.1252
restraint,12,8,5.1648,0.313
complic,12,12,4.7593,0.1535
pertin,12,10,4.9416,0.1235
other,12,11,4.8463,0.2154
capabl,12,12,4.7593,0.067
cap,12,8,5.1648,0.2582
middl,12,9,5.047,0.1328
simplic,12,12,4.7593,0.1322
right,12,8,5.1648,0.2519
instanc,12,11,4.8463,0.0788
put,12,12,4.7593,0.1442
expon,12,10,4.9416,0.1594
emiss,12,9,5.047,0.098
uniqu,12,10,4.9416,0.0634
accomplish,12,11,4.8463,0.0914
generalis,12,9,5.047,0.206
hypothesi,12,8,5.1648,0.1565
input,12,10,4.9416,0.1765
hub,12,7,5.2983,0.2944
feasibl,12,12,4.7593,0.119
shall,12,9,5.047,0.2611
seen,12,10,4.9416,0.1008
serv,12,11,4.8463,0.131
play,12,12,4.7593,0.1013
compos,12,12,4.7593,0.119
member,12,8,5.1648,0.1281
penetr,12,11,4.8463,0.1168
comment,11,11,4.8463,0.3029
convex,11,7,5.2983,0.0975
jump,11,7,5.2983,0.1656
tension,11,8,5.1648,0.2198
hyperveloc,11,8,5.1648,0.2792
axe,11,10,4.9416,0.1149
scheme,11,9,5.047,0.1051
isol,11,10,4.9416,0.0979
programm,11,7,5.2983,0.4076
deton,11,2,6.5511,0.7179
ad,11,11,4.8463,0.1864
truncat,11,8,5.1648,0.2279
nation,11,10,4.9416,0.1336
handl,11,9,5.047,0.0952
swirl,11,2,6.5511,0.5697
satisfactorili,11,11,4.8463,0.0746
collect,11,10,4.9416,0.2103
ioniz,11,8,5.1648,0.2951
explos,11,4,5.8579,0.1814
turbojet,11,8,5.1648,0.1614
statist,11,9,5.047,0.0789
eros,11,5,5.6348,0.2328
stand,11,10,4.9416,0.0677
articl,11,7,5.2983,0.1211
semivertex,11,8,5.1648,0.1741
blow,11,8,5.1648,0.1949
infinitesim,11,11,4.8463,0.1243
realiz,11,8,5.1648,0.0906
otherwis,11,11,4.8463,0.1385
serious,11,10,4.9416,0.0988
framework,11,11,4.8463,0.0914
wider,11,11,4.8463,0.1243
glide,11,6,5.4525,0.1731
predomin,11,10,4.9416,0.0838
matric,11,7,5.2983,0.3785
obstacl,11,5,5.6348,0.2683
trip,11,5,5.6348,0.245
schlicht,11,4,5.8579,0.2612
attain,11,10,4.9416,0.1251
say,11,11,4.8463,0.0606
vapor,11,6,5.4525,0.1778
unifi,11,10,4.9416,0.1938
passag,11,7,5.2983,0.1157
code,11,2,6.5511,0.3425
apex,11,9,5.047,0.1262
justifi,11,11,4.8463,0.0702
behav,11,10,4.9416,0.0575
ionize,11,9,5.047,0.1781
nonvisc,11,9,5.047,0.1835
crossflow,11,8,5.1648,0.1023
suppos,11,11,4.8463,0.0757
tool,11,10,4.9416,0.1098
diagram,11,10,4.9416,0.1544
eighteen,11,10,4.9416,0.1149
caviti,11,4,5.8579,0.1701
trace,11,11,4.8463,0.0969
unyaw,10,8,5.1648,0.1722
remov,10,10,4.9416,0.1098
falkner,10,8,5.1648,0.1148
disc,10,7,5.2983,0.1827
perfor,10,3,6.1456,0.1707
skan,10,8,5.1648,0.1148
melt,10,6,5.4525,0.4451
explan,10,9,5.047,0.1941
pivot,10,5,5.6348,0.3074
abl,10,9,5.047,0.099
aft,10,7,5.2983,0.0841
flang,10,6,5.4525,0.1604
contract,10,8,5.1648,0.1455
buffet,10,9,5.047,0.1278
steel,10,8,5.1648,0.0974
regular,10,7,5.2983,0.0855
split,10,4,5.8579,0.2343
fiftyzero,10,8,5.1648,0.1455
postbuckl,10,7,5.2983,0.1766
multipli,10,8,5.1648,0.189
doubt,10,10,4.9416,0.1704
minut,10,9,5.047,0.1294
true,10,10,4.9416,0.1205
kinemat,10,10,4.9416,0.0706
spectra,10,7,5.2983,0.1359
rearward,10,7,5.2983,0.1
contrast,10,10,4.9416,0.095
eigenvalu,10,6,5.4525,0.2124
gross,10,8,5.1648,0.1519
fan,10,5,5.6348,0.3757
keep,10,9,5.047,0.1262
logarithm,10,9,5.047,0.1188
proxim,10,8,5.1648,0.1476
away,10,10,4.9416,0.0677
termin,10,8,5.1648,0.0984
impuls,10,8,5.1648,0.2649
airflow,10,8,5.1648,0.0795
angular,10,6,5.4525,0.2077
routin,10,9,5.047,0.1262
lack,10,10,4.9416,0.0626
elementari,10,10,4.9416,0.1594
concav,10,7,5.2983,0.0975
windward,10,8,5.1648,0.0783
join,10,8,5.1648,0.1076
merit,10,10,4.9416,0.1647
binari,10,7,5.2983,0.1999
absenc,10,9,5.047,0.0841
everi,10,9,5.047,0.0821
maneuv,10,8,5.1648,0.1614
hundredzero,10,5,5.6348,0.1101
meridion,10,5,5.6348,0.1847
see,10,10,4.9416,0.0824
devis,10,10,4.9416,0.0749
identifi,10,10,4.9416,0.095
relev,10,8,5.1648,0.1291
attenu,10,6,5.4525,0.2097
arbitrarili,10,10,4.9416,0.1977
tentat,10,10,4.9416,0.0852
gap,10,7,5.2983,0.1536
ultim,10,10,4.9416,0.0838
biot,10,7,5.2983,0.1558
delay,10,9,5.047,0.0893
frame,10,8,5.1648,0.1565
speci,10,7,5.2983,0.1
toler,10,9,5.047,0.1009
asymmetr,10,7,5.2983,0.1827
pound,10,8,5.1648,0.2519
background,10,6,5.4525,0.2113
retard,10,7,5.2983,0.1859
slow,10,10,4.9416,0.048
tangenti,10,7,5.2983,0.106
convers,9,9,5.047,0.0801
tumbl,9,5,5.6348,0.3251
aerothermoelast,9,1,7.2442,0.4691
detect,9,8,5.1648,0.1589
wrinkl,9,3,6.1456,0.6025
entranc,9,4,5.8579,0.2929
individu,9,8,5.1648,0.1099
therebi,9,9,5.047,0.0753
absorb,9,9,5.047,0.0601
magnus,9,2,6.5511,0.3882
proof,9,5,5.6348,0.2652
dyke,9,8,5.1648,0.1614
lubric,9,2,6.5511,0.4367
reson,9,6,5.4525,0.1731
fill,9,7,5.2983,0.1092
led,9,9,5.047,0.1941
knudsen,9,4,5.8579,0.2858
airstream,9,9,5.047,0.1442
denot,9,7,5.2983,0.1673
planar,9,5,5.6348,0.1216
gun,9,4,5.8579,0.3586
lagrangian,9,7,5.2983,0.1766
fold,9,4,5.8579,0.217
convert,9,7,5.2983,0.1
net,9,9,5.047,0.1484
entrain,9,2,6.5511,0.3448
pertain,9,9,5.047,0.0814
effort,9,9,5.047,0.0814
bond,9,6,5.4525,0.2001
enclos,9,5,5.6348,0.0936
circl,9,7,5.2983,0.2038
instead,9,9,5.047,0.0814
torispher,9,3,6.1456,0.2015
loos,9,5,5.6348,0.1503
corrug,9,6,5.4525,0.2478
heavi,9,4,5.8579,0.2092
0degre,9,7,5.2983,0.1728
adapt,9,9,5.047,0.0731
top,9,8,5.1648,0.0906
planet,9,5,5.6348,0.3522
ellipsoid,9,7,5.2983,0.1407
unstabl,9,8,5.1648,0.1565
retain,9,9,5.047,0.1402
leav,9,9,5.047,0.0673
sum,9,8,5.1648,0.1291
nusselt,9,9,5.047,0.0742
lifetim,9,5,5.6348,0.3659
translat,9,7,5.2983,0.0791
verif,9,9,5.047,0.103
multi,9,7,5.2983,0.2585
rotate,9,7,5.2983,0.1336
guidanc,9,5,5.6348,0.2195
visual,9,8,5.1648,0.1324
instantan,9,8,5.1648,0.1781
seventeen,9,8,5.1648,0.0807
break,9,9,5.047,0.0655
orient,9,9,5.047,0.103
fit,9,9,5.047,0.1009
dead,9,7,5.2983,0.1606
sometim,9,9,5.047,0.0601
accommod,9,6,5.4525,0.1474
spin,9,6,5.4525,0.0732
climb,9,6,5.4525,0.3518
devic,9,9,5.047,0.1202
receiv,9,9,5.047,0.1682
poor,9,7,5.2983,0.1999
longer,9,8,5.1648,0.0922
tailplan,9,3,6.1456,0.2015
qualiti,9,9,5.047,0.1364
topic,9,9,5.047,0.1941
devot,9,9,5.047,0.1577
kind,9,7,5.2983,0.1419
protect,9,7,5.2983,0.1262
moreov,9,9,5.047,0.087
homogen,9,9,5.047,0.1941
promis,9,9,5.047,0.0515
exploratori,9,8,5.1648,0.1054
glauert,9,8,5.1648,0.2869
joukowski,9,6,5.4525,0.0951
carbon,9,8,5.1648,0.5739
attitud,9,5,5.6348,0.0786
branch,9,6,5.4525,0.1652
tsien,9,8,5.1648,0.1291
frustum,8,4,5.8579,0.4506
outboard,8,7,5.2983,0.093
spike,8,2,6.5511,0.3342
inadequ,8,8,5.1648,0.1174
outward,8,7,5.2983,0.0946
gain,8,7,5.2983,0.0746
ration,8,7,5.2983,0.0697
inertia,8,5,5.6348,0.0817
multistag,8,4,5.8579,0.0966
stewartson,8,6,5.4525,0.1363
man,8,7,5.2983,0.1081
absorpt,8,6,5.4525,0.1059
simplest,8,7,5.2983,0.2038
shadowgraph,8,8,5.1648,0.1396
gravel,8,3,6.1456,0.2458
nasa,8,8,5.1648,0.0671
heater,8,2,6.5511,0.3728
ionospher,8,6,5.4525,0.1494
gaseous,8,7,5.2983,0.1452
cyclic,8,5,5.6348,0.0909
upwash,8,5,5.6348,0.1182
envelop,8,6,5.4525,0.1971
help,8,8,5.1648,0.089
nonlift,8,7,5.2983,0.1081
writer,8,8,5.1648,0.0638
euler,8,8,5.1648,0.0906
screen,8,4,5.8579,0.2202
induct,8,5,5.6348,0.1734
irregular,8,8,5.1648,0.0939
destabil,8,8,5.1648,0.063
coincid,8,8,5.1648,0.063
inclus,8,8,5.1648,0.0671
penalti,8,6,5.4525,0.1268
domain,8,7,5.2983,0.106
stringer,8,7,5.2983,0.2255
anemomet,8,8,5.1648,0.2246
prior,8,8,5.1648,0.0906
emit,8,6,5.4525,0.0686
diatom,8,6,5.4525,0.1019
ibm,8,8,5.1648,0.0875
launch,8,7,5.2983,0.1656
institut,8,8,5.1648,0.0847
version,8,7,5.2983,0.2038
compromis,8,6,5.4525,0.1398
prepar,8,8,5.1648,0.1396
wherein,8,7,5.2983,0.1737
narrow,8,7,5.2983,0.2208
burn,8,6,5.4525,0.2097
quadratur,8,7,5.2983,0.1081
farther,8,6,5.4525,0.0742
wood,8,4,5.8579,0.1395
probe,8,5,5.6348,0.2683
wherebi,8,8,5.1648,0.1148
exert,8,7,5.2983,0.1827
frequent,8,8,5.1648,0.0875
fast,8,8,5.1648,0.0807
mile,8,6,5.4525,0.266
restrain,8,6,5.4525,0.2097
exchang,8,5,5.6348,0.1464
uniaxi,8,5,5.6348,0.115
insid,8,7,5.2983,0.1962
implic,8,8,5.1648,0.0906
grid,8,2,6.5511,0.4011
nineteen,8,8,5.1648,0.1033
driven,8,6,5.4525,0.0909
shift,8,8,5.1648,0.0807
extension,8,4,5.8579,0.2639
compris,8,7,5.2983,0.1081
motor,8,8,5.1648,0.0861
substitut,8,8,5.1648,0.0906
drive,8,4,5.8579,0.2362
technolog,8,8,5.1648,0.0749
bring,8,8,5.1648,0.1614
boattail,8,6,5.4525,0.0665
aim,8,8,5.1648,0.1324
disagr,7,7,5.2983,0.0679
under,7,7,5.2983,0.0946
45degre,7,4,5.8579,0.1085
theodorsen,7,3,6.1456,0.1891
hovercraft,7,2,6.5511,0.2933
dome,7,1,7.2442,0.2914
percentag,7,7,5.2983,0.0609
perhap,7,7,5.2983,0.0679
preced,7,7,5.2983,0.1127
rippl,7,2,6.5511,0.2749
splitter,7,1,7.2442,0.4334
descent,7,6,5.4525,0.1059
hay,7,5,5.6348,0.1966
constitut,7,6,5.4525,0.1029
film,7,6,5.4525,0.0865
day,7,7,5.2983,0.2208
preston,7,4,5.8579,0.382
last,7,7,5.2983,0.1019
allevi,7,7,5.2983,0.0779
dealt,7,7,5.2983,0.0841
jone,7,6,5.4525,0.1029
rubesin,7,7,5.2983,0.0841
resembl,7,6,5.4525,0.0613
kutta,7,6,5.4525,0.109
mangler,7,5,5.6348,0.1374
implicit,7,7,5.2983,0.1262
overexpand,7,5,5.6348,0.2316
maccol,7,4,5.8579,0.1172
wet,7,2,6.5511,0.1088
minimis,7,6,5.4525,0.1346
shed,7,4,5.8579,0.202
recommend,7,7,5.2983,0.1709
rankin,7,5,5.6348,0.1158
list,7,7,5.2983,0.2038
afterburn,7,4,5.8579,0.0915
brought,7,7,5.2983,0.1039
ferri,7,7,5.2983,0.0815
polygon,7,5,5.6348,0.1342
neighborhood,7,7,5.2983,0.0688
exterior,7,7,5.2983,0.0679
uncoupl,7,5,5.6348,0.0817
surg,7,4,5.8579,0.1674
tank,7,6,5.4525,0.0641
millisecond,7,5,5.6348,0.1326
driver,7,5,5.6348,0.1199
notch,7,3,6.1456,0.1336
output,7,6,5.4525,0.0535
prefer,7,6,5.4525,0.1604
store,7,5,5.6348,0.1342
cancel,7,2,6.5511,0.2638
mainstream,7,5,5.6348,0.1025
suscept,7,7,5.2983,0.0697
unaffect,7,7,5.2983,0.0963
felt,7,7,5.2983,0.1606
among,7,7,5.2983,0.2119
everywher,7,6,5.4525,0.116
gyroscop,7,1,7.2442,0.315
incipi,7,3,6.1456,0.096
event,7,3,6.1456,0.16
occurr,7,6,5.4525,0.109
margin,7,5,5.6348,0.0794
thought,7,6,5.4525,0.1113
glider,7,5,5.6348,0.1127
sub,7,6,5.4525,0.0991
react,7,6,5.4525,0.1136
10degre,7,5,5.6348,0.1374
busemann,7,6,5.4525,0.0894
adopt,7,7,5.2983,0.0981
compat,7,6,5.4525,0.101
obvious,7,7,5.2983,0.0963
nonconduct,7,7,5.2983,0.1127
toroid,7,5,5.6348,0.3046
superior,7,6,5.4525,0.0757
eighth,7,6,5.4525,0.1298
plant,7,4,5.8579,0.1775
modern,7,7,5.2983,0.1359
condens,7,6,5.4525,0.1604
calculus,7,7,5.2983,0.1472
btu,7,5,5.6348,0.1761
meyer,7,7,5.2983,0.0631
ignor,7,7,5.2983,0.1204
paraboloid,7,5,5.6348,0.2113
breakdown,7,5,5.6348,0.0902
necess,7,7,5.2983,0.0828
scatter,7,7,5.2983,0.1232
familiar,7,7,5.2983,0.0736
departur,7,6,5.4525,0.0768
elev,7,6,5.4525,0.1
fabric,7,7,5.2983,0.1325
versus,7,6,5.4525,0.1604
ritz,7,7,5.2983,0.0869
tenzero,7,7,5.2983,0.0662
gradual,7,7,5.2983,0.0726
issu,7,6,5.4525,0.101
bar,7,6,5.4525,0.2181
lagrang,6,6,5.4525,0.1069
lewi,6,6,5.4525,0.0708
photo,6,5,5.6348,0.1116
disappear,6,6,5.4525,0.0747
irrot,6,6,5.4525,0.0826
invari,6,6,5.4525,0.0699
circumst,6,6,5.4525,0.0491
stack,6,4,5.8579,0.2493
broad,6,6,5.4525,0.1136
confin,6,5,5.6348,0.1252
reinforc,6,6,5.4525,0.109
creat,6,5,5.6348,0.1281
inert,6,3,6.1456,0.1707
quarter,6,5,5.6348,0.1053
flugg,6,6,5.4525,0.1947
divis,6,4,5.8579,0.1502
bulk,6,6,5.4525,0.1049
cavit,6,3,6.1456,0.2169
trigonometr,6,6,5.4525,0.1239
postul,6,6,5.4525,0.1049
annulus,6,3,6.1456,0.3235
superposit,6,6,5.4525,0.1759
whitham,6,5,5.6348,0.0817
augment,6,4,5.8579,0.0771
status,6,4,5.8579,0.404
node,6,4,5.8579,0.2441
crop,6,3,6.1456,0.1229
beneath,6,4,5.8579,0.0925
attend,6,5,5.6348,0.0916
electromagnet,6,5,5.6348,0.1818
pump,6,3,6.1456,0.2235
ascend,6,5,5.6348,0.2561
decid,6,5,5.6348,0.1391
inequ,6,2,6.5511,0.2166
nonsteadi,6,6,5.4525,0.1113
sector,6,3,6.1456,0.1684
plus,6,6,5.4525,0.0757
sixzero,6,6,5.4525,0.0852
undergo,6,6,5.4525,0.1515
contamin,6,3,6.1456,0.1941
california,6,6,5.4525,0.079
oxid,6,3,6.1456,0.1967
green,6,4,5.8579,0.1698
compil,6,5,5.6348,0.1943
hall,6,4,5.8579,0.1953
stator,6,2,6.5511,0.368
meet,6,6,5.4525,0.0814
unpressur,6,2,6.5511,0.273
discov,6,5,5.6348,0.1761
hartre,6,6,5.4525,0.0924
pilot,6,4,5.8579,0.0915
strike,6,6,5.4525,0.188
galcit,6,5,5.6348,0.1708
soft,6,5,5.6348,0.1252
imperm,6,5,5.6348,0.1657
prevail,6,6,5.4525,0.0535
imag,6,5,5.6348,0.0619
promot,6,5,5.6348,0.0788
project,6,5,5.6348,0.1105
dihedr,6,3,6.1456,0.2004
projectil,6,4,5.8579,0.187
recompress,6,3,6.1456,0.102
gage,6,5,5.6348,0.1409
float,6,4,5.8579,0.0706
oblat,6,3,6.1456,0.1731
plume,6,2,6.5511,0.1409
elsewher,6,6,5.4525,0.1817
unlik,6,6,5.4525,0.1515
probstein,6,5,5.6348,0.1409
outlet,6,5,5.6348,0.1174
twice,6,5,5.6348,0.0633
alreadi,6,6,5.4525,0.0586
hugoniot,6,4,5.8579,0.1204
rev,6,6,5.4525,0.0957
possess,6,5,5.6348,0.0924
cumul,6,4,5.8579,0.202
committe,6,5,5.6348,0.1409
exclud,6,6,5.4525,0.0802
sustain,6,5,5.6348,0.1503
bay,6,3,6.1456,0.1589
thermoelast,6,5,5.6348,0.1116
steep,6,5,5.6348,0.1587
skip,6,4,5.8579,0.1331
facilit,6,6,5.4525,0.079
wavelength,6,5,5.6348,0.1565
hypothes,6,4,5.8579,0.303
worker,6,6,5.4525,0.2097
erfc,6,1,7.2442,0.3173
transmiss,6,6,5.4525,0.0641
lag,6,5,5.6348,0.0741
statement,6,6,5.4525,0.1298
grow,6,6,5.4525,0.0826
retrorocket,6,1,7.2442,0.4025
deposit,6,3,6.1456,0.1024
wagner,6,2,6.5511,0.2356
semispan,6,6,5.4525,0.0673
howarth,6,5,5.6348,0.0805
mise,6,5,5.6348,0.0854
wingtip,6,2,6.5511,0.3599
vertex,6,3,6.1456,0.1002
lumin,6,5,5.6348,0.1523
torqu,6,5,5.6348,0.1238
offer,6,6,5.4525,0.0768
abrupt,6,6,5.4525,0.0483
stem,6,5,5.6348,0.0972
descend,6,3,6.1456,0.2793
admit,6,5,5.6348,0.0902
hodograph,6,3,6.1456,0.1936
sodium,6,4,5.8579,0.2391
reader,6,6,5.4525,0.1298
interpol,6,6,5.4525,0.1515
unheat,6,5,5.6348,0.1544
fifteenzero,6,6,5.4525,0.1474
complementari,6,3,6.1456,0.1246
draw,5,4,5.8579,0.1627
cut,5,3,6.1456,0.1499
uncool,5,5,5.6348,0.0894
public,5,5,5.6348,0.1105
rms,5,5,5.6348,0.0772
invert,5,4,5.8579,0.2055
diurnal,5,2,6.5511,0.1579
benefit,5,3,6.1456,0.0981
standpoint,5,4,5.8579,0.0825
whenev,5,5,5.6348,0.0751
inher,5,5,5.6348,0.0663
invalid,5,5,5.6348,0.2167
hard,5,4,5.8579,0.1698
tendenc,5,5,5.6348,0.0575
tabular,5,5,5.6348,0.0663
evapor,5,3,6.1456,0.1263
notic,5,5,5.6348,0.0581
transmit,5,4,5.8579,0.0993
deterior,5,5,5.6348,0.0447
hoff,5,4,5.8579,0.3347
isovel,5,4,5.8579,0.1149
southwel,5,3,6.1456,0.2731
schubauer,5,3,6.1456,0.1351
obey,5,5,5.6348,0.0817
misalign,5,2,6.5511,0.3071
hypergeometr,5,3,6.1456,0.2926
understood,5,5,5.6348,0.1409
ellips,5,3,6.1456,0.0691
imposs,5,5,5.6348,0.0924
npl,5,5,5.6348,0.1818
photothermoelast,5,3,6.1456,0.2926
thinner,5,5,5.6348,0.088
methan,5,2,6.5511,0.168
twentyzero,5,5,5.6348,0.0794
gauss,5,3,6.1456,0.1549
curvilinear,5,3,6.1456,0.2169
poiseuill,5,2,6.5511,0.113
incur,5,4,5.8579,0.1562
overestim,5,5,5.6348,0.0552
grade,5,3,6.1456,0.1413
undissoci,5,4,5.8579,0.0901
night,5,3,6.1456,0.2561
suit,5,5,5.6348,0.0696
quartz,5,2,6.5511,0.1795
destal,5,2,6.5511,0.2488
insensit,5,5,5.6348,0.088
hysteresi,5,3,6.1456,0.1229
intak,5,3,6.1456,0.0917
recogn,5,5,5.6348,0.0772
know,5,5,5.6348,0.0508
undershoot,5,4,5.8579,0.0766
spacecraft,5,3,6.1456,0.1085
skirt,5,2,6.5511,0.1724
whilst,5,5,5.6348,0.1063
precis,5,5,5.6348,0.1063
interplanetari,5,2,6.5511,0.4094
impli,5,5,5.6348,0.0751
refractori,5,3,6.1456,0.2119
sublim,5,3,6.1456,0.3615
irrevers,5,4,5.8579,0.1502
insight,5,5,5.6348,0.1199
hartmann,5,4,5.8579,0.2253
assist,5,5,5.6348,0.1565
rotari,5,5,5.6348,0.0537
strict,5,5,5.6348,0.0696
unchang,5,5,5.6348,0.0955
semiapex,5,3,6.1456,0.2049
plausibl,5,5,5.6348,0.1006
return,5,5,5.6348,0.0829
fire,5,4,5.8579,0.1149
weissing,5,4,5.8579,0.1412
supplement,5,5,5.6348,0.0939
excresc,5,3,6.1456,0.1217
visualis,5,3,6.1456,0.0704
blowdown,5,5,5.6348,0.0563
60degre,5,4,5.8579,0.0662
permiss,5,4,5.8579,0.116
sizabl,5,4,5.8579,0.165
amen,5,5,5.6348,0.0722
conflict,5,4,5.8579,0.0843
junctur,5,4,5.8579,0.055
fighter,5,4,5.8579,0.0732
forth,5,5,5.6348,0.131
rais,5,5,5.6348,0.1943
hope,5,5,5.6348,0.1199
formal,5,5,5.6348,0.0939
faster,5,5,5.6348,0.0741
miss,5,2,6.5511,0.2047
reproduc,5,5,5.6348,0.1174
date,5,5,5.6348,0.0817
thermo,5,3,6.1456,0.2221
proton,5,1,7.2442,0.1887
block,5,4,5.8579,0.0993
fashion,5,5,5.6348,0.0633
nevertheless,5,5,5.6348,0.0547
orthogon,5,5,5.6348,0.1084
unlimit,5,5,5.6348,0.1761
manifest,5,5,5.6348,0.0772
spatial,5,5,5.6348,0.115
median,5,5,5.6348,0.0854
supercrit,5,3,6.1456,0.1576
freeli,5,2,6.5511,0.2063
defici,5,5,5.6348,0.1127
human,5,5,5.6348,0.1127
fuller,5,5,5.6348,0.0955
neither,5,5,5.6348,0.0687
stanton,5,4,5.8579,0.5094
meridian,5,5,5.6348,0.1523
bank,5,3,6.1456,0.1308
plug,5,3,6.1456,0.3292
sequenc,5,5,5.6348,0.0547
unstiffen,5,5,5.6348,0.1943
belotserkovskii,5,3,6.1456,0.2195
polyatom,5,3,6.1456,0.1107
counterpart,5,5,5.6348,0.0751
schmidt,5,2,6.5511,0.1588
bomber,5,3,6.1456,0.1731
bleed,5,5,5.6348,0.1374
collis,5,5,5.6348,0.0854
choos,5,5,5.6348,0.0805
spiral,5,4,5.8579,0.0915
quadrupol,5,2,6.5511,0.1337
refract,5,4,5.8579,0.1273
droop,5,2,6.5511,0.1317
accumul,5,3,6.1456,0.3512
encompass,5,4,5.8579,0.0545
calor,5,5,5.6348,0.0671
amr,5,5,5.6348,0.0989
titl,5,5,5.6348,0.1084
text,5,5,5.6348,0.1063
embed,5,3,6.1456,0.103
perimet,5,5,5.6348,0.115
kept,5,5,5.6348,0.115
easi,5,5,5.6348,0.1025
shorten,5,5,5.6348,0.0955
amplif,5,5,5.6348,0.0854
midplan,5,5,5.6348,0.1943
tedious,5,5,5.6348,0.1105
contrari,5,5,5.6348,0.1523
commerci,5,4,5.8579,0.0874
vapour,5,1,7.2442,0.2723
oge,5,3,6.1456,0.2083
post,5,5,5.6348,0.0955
reissner,5,5,5.6348,0.1523
save,5,5,5.6348,0.0972
twozero,5,5,5.6348,0.1199
storag,5,5,5.6348,0.1105
signal,5,2,6.5511,0.4031
nonaxisymmetr,5,4,5.8579,0.0937
repeat,5,4,5.8579,0.1246
depart,5,5,5.6348,0.0751
super,5,4,5.8579,0.1429
thicken,5,4,5.8579,0.1674
dual,5,4,5.8579,0.1273
downward,5,4,5.8579,0.1196
vibratori,5,4,5.8579,0.0888
lyapunov,5,2,6.5511,0.6551
resolv,5,5,5.6348,0.1025
uncertainti,4,4,5.8579,0.1149
none,4,4,5.8579,0.1046
intrins,4,3,6.1456,0.1267
link,4,4,5.8579,0.122
countri,4,3,6.1456,0.1556
embrac,4,4,5.8579,0.0742
paradox,4,3,6.1456,0.096
amplifi,4,4,5.8579,0.096
peripher,4,3,6.1456,0.1617
peculiar,4,4,5.8579,0.0888
necessit,4,4,5.8579,0.0714
ackeret,4,4,5.8579,0.1362
wise,4,4,5.8579,0.1542
spectral,4,3,6.1456,0.096
friedrich,4,4,5.8579,0.1028
defect,4,4,5.8579,0.1542
joul,4,1,7.2442,0.42
interferometr,4,4,5.8579,0.1542
boat,4,3,6.1456,0.1499
ray,4,3,6.1456,0.0723
whirl,4,3,6.1456,0.0763
aeroplan,4,4,5.8579,0.0771
chamber,4,4,5.8579,0.0689
treatis,4,4,5.8579,0.1149
psia,4,3,6.1456,0.1128
fring,4,4,5.8579,0.093
monoton,4,4,5.8579,0.0604
subcrit,4,4,5.8579,0.1395
seal,4,2,6.5511,0.1355
goldstein,4,3,6.1456,0.1042
isobar,4,2,6.5511,0.1985
econom,4,4,5.8579,0.2092
stretch,4,3,6.1456,0.1205
polish,4,2,6.5511,0.1572
sixtyzero,4,2,6.5511,0.1228
strut,4,3,6.1456,0.1229
eightzero,4,4,5.8579,0.0915
quot,4,4,5.8579,0.2092
math,4,4,5.8579,0.2789
flown,4,4,5.8579,0.0915
cusp,4,3,6.1456,0.1536
dioxid,4,4,5.8579,0.3254
sensor,4,2,6.5511,0.2259
landahl,4,4,5.8579,0.0901
inde,4,4,5.8579,0.0658
prematur,4,3,6.1456,0.1171
hydromagnet,4,4,5.8579,0.0993
fulfil,4,4,5.8579,0.1085
seban,4,4,5.8579,0.1105
likewis,4,4,5.8579,0.0874
kelli,4,4,5.8579,0.1105
untap,4,4,5.8579,0.1065
laplac,4,4,5.8579,0.0945
laval,4,4,5.8579,0.1723
content,4,4,5.8579,0.1105
15degre,4,3,6.1456,0.1229
shoulder,4,3,6.1456,0.0549
explor,4,4,5.8579,0.0681
justif,4,4,5.8579,0.0781
leeward,4,4,5.8579,0.0434
tailor,4,3,6.1456,0.2458
centerlin,4,2,6.5511,0.1276
fifth,4,4,5.8579,0.1246
univac,4,4,5.8579,0.0945
escap,4,4,5.8579,0.0861
gaug,4,4,5.8579,0.0915
young,4,4,5.8579,0.1127
psf,4,2,6.5511,0.1139
render,4,4,5.8579,0.0658
cal,4,4,5.8579,0.093
sidewash,4,3,6.1456,0.1171
weapon,4,2,6.5511,0.252
uncamb,4,3,6.1456,0.1808
intim,4,4,5.8579,0.1395
instal,4,2,6.5511,0.1424
lend,4,4,5.8579,0.1627
humid,4,3,6.1456,0.1661
diaphragm,4,2,6.5511,0.0697
aforement,4,4,5.8579,0.0697
asm,4,3,6.1456,0.0803
ruptur,4,3,6.1456,0.096
transtabl,4,2,6.5511,0.1946
comprehens,4,4,5.8579,0.1105
display,4,4,5.8579,0.0697
unless,4,3,6.1456,0.1756
endur,4,1,7.2442,0.1894
microphon,4,2,6.5511,0.1083
via,4,4,5.8579,0.1953
mit,4,4,5.8579,0.1331
oppos,4,4,5.8579,0.0837
breath,4,3,6.1456,0.1463
carrier,4,1,7.2442,0.1637
tensil,4,4,5.8579,0.0993
precipit,4,3,6.1456,0.1016
scienc,4,4,5.8579,0.1331
spar,4,3,6.1456,0.1024
aluminium,4,4,5.8579,0.0993
overpressur,4,3,6.1456,0.0866
billow,4,1,7.2442,0.3763
undertaken,4,4,5.8579,0.0742
sine,4,3,6.1456,0.1308
viscoelast,4,4,5.8579,0.0781
ascertain,4,4,5.8579,0.1085
sectori,4,2,6.5511,0.4226
skew,4,2,6.5511,0.0971
sextic,4,1,7.2442,0.3969
room,4,4,5.8579,0.0714
andor,4,3,6.1456,0.1499
wavi,4,4,5.8579,0.1362
insignific,4,4,5.8579,0.0742
conjectur,4,4,5.8579,0.0742
brake,4,3,6.1456,0.3152
notat,4,4,5.8579,0.1674
conceiv,4,4,5.8579,0.1149
valuabl,4,4,5.8579,0.0598
overshoot,4,2,6.5511,0.0856
cite,4,4,5.8579,0.1149
instruct,4,4,5.8579,0.1362
nitric,4,1,7.2442,0.2318
cauchi,4,2,6.5511,0.1724
preserv,4,4,5.8579,0.0837
let,4,4,5.8579,0.0751
largest,4,4,5.8579,0.0484
benefici,4,4,5.8579,0.0945
mar,4,3,6.1456,0.0512
onethre,4,4,5.8579,0.0337
distinguish,4,4,5.8579,0.1331
labori,4,4,5.8579,0.0644
afford,4,4,5.8579,0.0644
becam,4,3,6.1456,0.1336
oncom,4,4,5.8579,0.1362
staticpressur,4,2,6.5511,0.087
disregard,4,2,6.5511,0.108
sweat,4,2,6.5511,0.1337
interferomet,4,4,5.8579,0.1127
quick,4,3,6.1456,0.0999
deby,4,2,6.5511,0.2808
fig,4,4,5.8579,0.1172
write,4,4,5.8579,0.0637
add,4,4,5.8579,0.0604
thirtyzero,4,3,6.1456,0.1731
steadili,4,4,5.8579,0.0792
redund,4,2,6.5511,0.1548
closer,4,4,5.8579,0.1028
logic,4,4,5.8579,0.1046
squir,4,2,6.5511,0.7559
bureau,4,4,5.8579,0.1583
hypothet,4,4,5.8579,0.0492
forego,4,4,5.8579,0.1429
love,4,4,5.8579,0.0849
coaxial,4,4,5.8579,0.1331
track,4,3,6.1456,0.0975
knuckl,4,2,6.5511,0.156
legendr,4,2,6.5511,0.2047
novel,4,4,5.8579,0.1362
surpris,4,4,5.8579,0.1429
york,4,4,5.8579,0.0849
50degre,4,4,5.8579,0.0434
customari,4,4,5.8579,0.0666
newton,4,3,6.1456,0.1007
rheolog,4,2,6.5511,0.262
attract,4,3,6.1456,0.1117
encourag,4,4,5.8579,0.0637
seidel,4,2,6.5511,0.1652
mountain,4,1,7.2442,0.2356
confluent,4,2,6.5511,0.312
auxiliari,4,2,6.5511,0.2184
visibl,4,3,6.1456,0.1051
feed,4,2,6.5511,0.0809
rarefact,4,4,5.8579,0.0802
multiweb,4,3,6.1456,0.1808
sand,4,3,6.1456,0.1016
stainless,4,3,6.1456,0.0904
ceas,4,4,5.8579,0.0781
sevenzero,4,4,5.8579,0.0761
eckert,4,3,6.1456,0.1242
graphit,4,3,6.1456,0.086
mathieu,4,2,6.5511,0.3276
dive,4,3,6.1456,0.1042
incorrect,4,4,5.8579,0.2253
kirchhoff,4,4,5.8579,0.0901
labor,4,4,5.8579,0.0814
bibliographi,4,3,6.1456,0.241
maxwellian,4,3,6.1456,0.1835
fiber,4,4,5.8579,0.1105
buri,4,1,7.2442,0.4829
movabl,4,4,5.8579,0.0533
cubic,4,4,5.8579,0.0689
onetwo,4,3,6.1456,0.128
ethylen,4,3,6.1456,0.1556
bomb,4,1,7.2442,0.1282
answer,4,4,5.8579,0.0458
onef,4,4,5.8579,0.0761
specular,4,2,6.5511,0.1908
nonsimilar,4,3,6.1456,0.1107
come,4,4,5.8579,0.0781
latitud,4,2,6.5511,0.273
resin,4,3,6.1456,0.2319
nickel,4,2,6.5511,0.2586
speak,3,3,6.1456,0.1042
quench,3,2,6.5511,0.0639
misalin,3,1,7.2442,0.1796
season,3,3,6.1456,0.2561
mone,3,1,7.2442,0.1025
msix,3,3,6.1456,0.05
stratford,3,3,6.1456,0.1499
supercircular,3,1,7.2442,0.0906
alfven,3,2,6.5511,0.1337
booster,3,2,6.5511,0.252
reactiv,3,2,6.5511,0.168
complement,3,3,6.1456,0.064
environment,3,3,6.1456,0.1024
priori,3,2,6.5511,0.1024
foil,3,3,6.1456,0.0521
burst,3,2,6.5511,0.111
bubbl,3,3,6.1456,0.1007
irrespect,3,3,6.1456,0.0691
filament,3,3,6.1456,0.0647
fourfiv,3,3,6.1456,0.0723
stimul,3,3,6.1456,0.0819
addendum,3,3,6.1456,0.2364
puls,3,3,6.1456,0.0819
pronounc,3,3,6.1456,0.0459
20degre,3,2,6.5511,0.1213
forecast,3,2,6.5511,0.0682
ninezero,3,3,6.1456,0.1308
radar,3,3,6.1456,0.0455
fruit,3,3,6.1456,0.1366
sin,3,3,6.1456,0.0569
upward,3,1,7.2442,0.1842
concurr,3,3,6.1456,0.0549
infer,3,3,6.1456,0.1024
mission,3,3,6.1456,0.0778
riddel,3,3,6.1456,0.096
compens,3,3,6.1456,0.1808
tech,3,3,6.1456,0.1254
biharmon,3,3,6.1456,0.0891
deduct,3,3,6.1456,0.1982
submerg,3,3,6.1456,0.0931
vacuum,3,3,6.1456,0.0788
localis,3,2,6.5511,0.2426
belong,3,3,6.1456,0.192
seek,3,3,6.1456,0.0809
irbm,3,1,7.2442,0.1065
onezero,3,3,6.1456,0.0768
persist,3,3,6.1456,0.0706
said,3,3,6.1456,0.0654
lengthwis,3,3,6.1456,0.1254
get,3,3,6.1456,0.2195
grossman,3,1,7.2442,0.1055
rfive,3,1,7.2442,0.0765
entail,3,3,6.1456,0.0819
fay,3,3,6.1456,0.096
martian,3,2,6.5511,0.0609
chief,3,3,6.1456,0.0608
photomultipli,3,2,6.5511,0.1016
hydrocarbon,3,1,7.2442,0.2751
stepdown,3,1,7.2442,0.0713
manoeuvr,3,3,6.1456,0.1576
underestim,3,3,6.1456,0.0521
jastrow,3,2,6.5511,0.1541
interconnect,3,3,6.1456,0.0706
kelvin,3,2,6.5511,0.1899
bedford,3,3,6.1456,0.1661
sutherland,3,3,6.1456,0.0759
philosophi,3,3,6.1456,0.2672
bessel,3,3,6.1456,0.1397
standoff,3,2,6.5511,0.4094
usaf,3,3,6.1456,0.192
sponsor,3,3,6.1456,0.192
met,3,2,6.5511,0.1365
photographi,3,3,6.1456,0.0473
began,3,3,6.1456,0.0433
gaussian,3,3,6.1456,0.0842
mager,3,3,6.1456,0.2364
permeabl,3,2,6.5511,0.1541
dirt,3,2,6.5511,0.1092
klein,3,1,7.2442,0.2337
nonconserv,3,3,6.1456,0.1205
assembl,3,3,6.1456,0.0917
twin,3,2,6.5511,0.1724
inward,3,3,6.1456,0.1097
bell,3,2,6.5511,0.234
overcom,3,3,6.1456,0.0819
airfram,3,2,6.5511,0.1658
sought,3,3,6.1456,0.0554
paramount,3,3,6.1456,0.0723
network,3,2,6.5511,0.4679
gamma,3,3,6.1456,0.0564
terrain,3,3,6.1456,0.0917
inadequaci,3,3,6.1456,0.0931
navi,3,3,6.1456,0.1097
farnborough,3,3,6.1456,0.0788
harden,3,3,6.1456,0.1808
nonpor,3,2,6.5511,0.0949
insert,3,3,6.1456,0.0627
tangenc,3,3,6.1456,0.0991
fore,3,3,6.1456,0.1117
clarifi,3,3,6.1456,0.1205
worth,3,3,6.1456,0.0615
stol,3,3,6.1456,0.0819
classif,3,3,6.1456,0.1397
fzero,3,1,7.2442,0.3343
page,3,3,6.1456,0.0683
deflexion,3,2,6.5511,0.1248
drill,3,2,6.5511,0.2047
ture,3,3,6.1456,0.2458
ultra,3,2,6.5511,0.0789
cell,3,2,6.5511,0.0708
t6,3,3,6.1456,0.096
ensur,3,3,6.1456,0.0778
deep,3,2,6.5511,0.0978
elabor,3,3,6.1456,0.116
sea,3,3,6.1456,0.0608
stone,3,2,6.5511,0.1747
layout,3,2,6.5511,0.0873
horsesho,3,2,6.5511,0.0873
crosscorrel,3,1,7.2442,0.3343
shanley,3,3,6.1456,0.1205
mask,3,2,6.5511,0.2016
filter,3,2,6.5511,0.1016
weaken,3,2,6.5511,0.2047
raleigh,3,1,7.2442,0.3563
pai,3,2,6.5511,0.1638
torus,3,2,6.5511,0.1365
memorandum,3,3,6.1456,0.0931
liapunov,3,1,7.2442,0.5301
stein,3,3,6.1456,0.1007
sort,3,3,6.1456,0.0554
next,3,3,6.1456,0.116
window,3,3,6.1456,0.0442
seventh,3,3,6.1456,0.0945
spheroid,3,2,6.5511,0.0929
degener,3,2,6.5511,0.156
meter,3,2,6.5511,0.3047
built,3,3,6.1456,0.1576
smallest,3,2,6.5511,0.0835
timoshenko,3,3,6.1456,0.116
apart,3,3,6.1456,0.0842
pears,3,2,6.5511,0.1541
voyag,3,2,6.5511,0.4094
99degre,3,1,7.2442,0.161
ward,3,2,6.5511,0.0978
biconvex,3,3,6.1456,0.0608
mere,3,3,6.1456,0.0668
doublet,3,3,6.1456,0.096
unmodul,3,2,6.5511,0.0985
counter,3,3,6.1456,0.0574
nonrot,3,3,6.1456,0.0508
paid,3,3,6.1456,0.1429
tripl,3,3,6.1456,0.0798
touch,3,3,6.1456,0.1661
argu,3,3,6.1456,0.0878
unfortun,3,3,6.1456,0.0597
hopeless,3,3,6.1456,0.1463
hollow,3,2,6.5511,0.0993
mfour,3,3,6.1456,0.1078
box,3,3,6.1456,0.0842
revis,3,3,6.1456,0.096
inflect,3,3,6.1456,0.0634
cooper,3,3,6.1456,0.0917
never,3,3,6.1456,0.0723
thorough,3,3,6.1456,0.0991
helicopt,3,2,6.5511,0.1424
colloc,3,1,7.2442,0.1857
optim,3,3,6.1456,0.192
inspect,3,3,6.1456,0.1097
inaccuraci,3,3,6.1456,0.1097
atm,3,2,6.5511,0.0697
nonmagnet,3,2,6.5511,0.1456
apprais,3,3,6.1456,0.0488
noncatalyt,3,3,6.1456,0.0418
tain,3,3,6.1456,0.0878
streak,3,1,7.2442,0.1384
fortyzero,3,3,6.1456,0.1463
eventu,3,3,6.1456,0.0492
inevit,3,3,6.1456,0.0788
maritim,3,1,7.2442,0.1622
art,3,3,6.1456,0.1982
misess,3,2,6.5511,0.0575
lundquist,3,3,6.1456,0.0675
resler,3,2,6.5511,0.144
salient,3,3,6.1456,0.0539
traction,3,2,6.5511,0.118
sear,3,3,6.1456,0.0675
disloc,3,1,7.2442,0.7011
inter,3,3,6.1456,0.0597
focus,3,3,6.1456,0.0917
cutout,3,2,6.5511,0.0544
princeton,3,3,6.1456,0.0627
unbuckl,3,2,6.5511,0.1365
index,3,2,6.5511,0.1985
airspe,3,2,6.5511,0.1101
steam,3,2,6.5511,0.3639
referenc,3,3,6.1456,0.0325
decrement,3,2,6.5511,0.1541
freeman,3,2,6.5511,0.182
matter,3,3,6.1456,0.2119
viz,3,3,6.1456,0.2364
favour,3,2,6.5511,0.0963
threezero,3,3,6.1456,0.0866
muffler,3,1,7.2442,0.1781
thermochem,3,3,6.1456,0.1617
perman,3,2,6.5511,0.1101
flowmet,3,2,6.5511,0.1524
indirect,3,3,6.1456,0.106
grain,3,2,6.5511,0.117
piec,3,3,6.1456,0.0798
overlap,3,3,6.1456,0.0574
hour,3,3,6.1456,0.096
arrhenius,3,3,6.1456,0.0362
cheng,3,3,6.1456,0.096
june,3,3,6.1456,0.0975
fps,3,3,6.1456,0.0634
telemet,3,2,6.5511,0.2259
journal,3,3,6.1456,0.1463
compact,3,3,6.1456,0.1499
brass,3,3,6.1456,0.0621
noncircular,3,3,6.1456,0.1024
shortcom,3,3,6.1456,0.1982
constrain,3,3,6.1456,0.0878
key,3,3,6.1456,0.0788
claus,3,1,7.2442,0.5301
nuclear,3,3,6.1456,0.0819
max,3,2,6.5511,0.0708
typifi,3,3,6.1456,0.1499
liter,3,3,6.1456,0.0723
nodal,3,3,6.1456,0.116
realist,3,3,6.1456,0.1097
payload,3,2,6.5511,0.1598
airforc,3,1,7.2442,0.3622
turbulen,3,3,6.1456,0.1078
slice,3,2,6.5511,0.1074
catalyt,3,2,6.5511,0.0891
subscript,3,3,6.1456,0.2049
nonstationari,3,2,6.5511,0.2472
inflow,3,2,6.5511,0.069
abil,3,3,6.1456,0.0798
raeon,3,3,6.1456,0.1254
neighbourhood,3,3,6.1456,0.1042
4degre,3,3,6.1456,0.0749
diamond,3,3,6.1456,0.096
disadvantag,3,2,6.5511,0.0645
helmholtz,3,3,6.1456,0.1007
recircul,3,3,6.1456,0.0525
lightweight,3,2,6.5511,0.234
honeycomb,3,2,6.5511,0.3276
british,3,3,6.1456,0.0917
unusu,3,3,6.1456,0.0691
nylon,3,3,6.1456,0.116
omit,3,3,6.1456,0.2364
murphi,3,1,7.2442,0.1333
mayer,3,3,6.1456,0.096
drastic,3,3,6.1456,0.0466
cushion,3,3,6.1456,0.1576
havelock,3,1,7.2442,0.3244
demand,3,3,6.1456,0.0842
log,3,3,6.1456,0.1042
expenditur,3,2,6.5511,0.168
scientif,3,3,6.1456,0.0798
insofar,3,3,6.1456,0.0991
discoveri,3,3,6.1456,0.0878
monatom,3,2,6.5511,0.0693
rhombic,3,2,6.5511,0.4094
oneseven,2,2,6.5511,0.0305
ezero,2,2,6.5511,0.0923
nonparallel,2,2,6.5511,0.0873
exposur,2,2,6.5511,0.0851
deuc,2,2,6.5511,0.2113
bottom,2,2,6.5511,0.0675
ingeni,2,2,6.5511,0.104
hankel,2,2,6.5511,0.0471
appendic,2,2,6.5511,0.0819
reexamin,2,2,6.5511,0.1724
paraplex,2,2,6.5511,0.104
shockwav,2,2,6.5511,0.0596
stepwis,2,2,6.5511,0.1092
bogdonoff,2,2,6.5511,0.0461
thwaitess,2,2,6.5511,0.1149
slider,2,1,7.2442,0.3715
compressorsdash,2,1,7.2442,0.1811
walkden,2,2,6.5511,0.0753
seed,2,1,7.2442,0.0923
psig,2,2,6.5511,0.0533
shaft,2,2,6.5511,0.0712
murray,2,1,7.2442,0.142
judg,2,2,6.5511,0.0624
pre,2,2,6.5511,0.1191
sure,2,2,6.5511,0.084
collabor,2,2,6.5511,0.0819
shelter,2,1,7.2442,0.0771
onera,2,1,7.2442,0.1834
advoc,2,2,6.5511,0.1365
warrant,2,2,6.5511,0.111
y2,2,1,7.2442,0.1906
media,2,2,6.5511,0.0862
schuh,2,1,7.2442,0.0953
hamel,2,1,7.2442,0.1932
advisori,2,2,6.5511,0.0649
thereof,2,2,6.5511,0.0575
marin,2,1,7.2442,0.1985
occas,2,2,6.5511,0.1489
noninclin,2,1,7.2442,0.0693
drum,2,1,7.2442,0.0923
fed,2,1,7.2442,0.1178
fourzero,2,2,6.5511,0.0728
search,2,2,6.5511,0.0489
evolv,2,2,6.5511,0.0809
confus,2,2,6.5511,0.084
word,2,2,6.5511,0.0897
valv,2,1,7.2442,0.1178
intermolecular,2,2,6.5511,0.0682
hammitt,2,2,6.5511,0.0461
adequaci,2,2,6.5511,0.1337
untwist,2,2,6.5511,0.0809
affin,2,2,6.5511,0.0682
kussner,2,1,7.2442,0.1042
chapter,2,2,6.5511,0.1236
cos,2,2,6.5511,0.0799
civil,2,2,6.5511,0.0753
popular,2,2,6.5511,0.2184
paragraph,2,2,6.5511,0.059
protrud,2,2,6.5511,0.0668
unnecessari,2,2,6.5511,0.1149
board,2,1,7.2442,0.0775
lectur,2,1,7.2442,0.0775
white,2,1,7.2442,0.0553
troublesom,2,2,6.5511,0.0512
winni,2,1,7.2442,0.3083
ramp,2,1,7.2442,0.0809
revert,2,2,6.5511,0.0607
dri,2,2,6.5511,0.0341
11in,2,2,6.5511,0.0762
inop,2,1,7.2442,0.102
chester,2,1,7.2442,0.2012
rib,2,1,7.2442,0.0775
thermomechan,2,1,7.2442,0.1665
moon,2,2,6.5511,0.0963
seventeenzero,2,2,6.5511,0.0417
enjoy,2,1,7.2442,0.0617
wassermann,2,1,7.2442,0.2587
troubl,2,2,6.5511,0.0409
influx,2,2,6.5511,0.052
duplic,2,2,6.5511,0.0649
forum,2,2,6.5511,0.117
happen,2,2,6.5511,0.084
pari,2,1,7.2442,0.0617
press,2,2,6.5511,0.0489
deepest,2,1,7.2442,0.0947
ministri,2,2,6.5511,0.029
suffer,2,2,6.5511,0.0675
soc,2,2,6.5511,0.1394
unsolv,2,2,6.5511,0.0417
despit,2,2,6.5511,0.113
modal,2,2,6.5511,0.069
incomplet,2,2,6.5511,0.117
cost,2,2,6.5511,0.0753
modest,2,2,6.5511,0.0963
cps,2,1,7.2442,0.047
fog,2,1,7.2442,0.1089
alminar,2,1,7.2442,0.0979
cloud,2,2,6.5511,0.168
lay,2,2,6.5511,0.0923
scalar,2,2,6.5511,0.0618
thenc,2,2,6.5511,0.168
townsend,2,1,7.2442,0.1271
transcend,2,1,7.2442,0.2786
camera,2,1,7.2442,0.0923
globul,2,1,7.2442,0.3715
app,2,2,6.5511,0.0443
summaris,2,2,6.5511,0.1927
begun,2,2,6.5511,0.052
siren,2,2,6.5511,0.0771
pore,2,2,6.5511,0.0697
jmin,2,1,7.2442,0.1058
u1,2,1,7.2442,0.1058
whatev,2,2,6.5511,0.0697
thwait,2,1,7.2442,0.1249
pierci,2,1,7.2442,0.3083
phys,2,2,6.5511,0.1337
oswatitsch,2,2,6.5511,0.1191
guarante,2,2,6.5511,0.0496
mthree,2,2,6.5511,0.2184
precaut,2,2,6.5511,0.0762
remot,2,2,6.5511,0.0471
illingworth,2,1,7.2442,0.1811
3ft,2,2,6.5511,0.1771
essenc,2,2,6.5511,0.059
arisen,2,2,6.5511,0.2259
neumann,2,1,7.2442,0.102
concis,2,2,6.5511,0.1008
dispers,2,2,6.5511,0.1724
mzero,2,2,6.5511,0.0923
wash,2,2,6.5511,0.0458
lock,2,2,6.5511,0.1008
sedov,2,1,7.2442,0.1725
eucken,2,1,7.2442,0.1006
anisotrop,2,2,6.5511,0.0936
violet,2,1,7.2442,0.0873
stagnant,2,2,6.5511,0.1213
submit,2,2,6.5511,0.113
afterflow,2,1,7.2442,0.1081
tensor,2,2,6.5511,0.0936
naval,2,2,6.5511,0.0762
schoenherr,2,1,7.2442,0.0582
manufactur,2,2,6.5511,0.058
ame,2,2,6.5511,0.0819
crest,2,1,7.2442,0.1159
heretofor,2,2,6.5511,0.0753
burger,2,1,7.2442,0.439
glassi,2,1,7.2442,0.1478
broaden,2,2,6.5511,0.117
target,2,2,6.5511,0.1024
cant,2,1,7.2442,0.2041
zoom,2,1,7.2442,0.2264
caret,2,1,7.2442,0.207
eas,2,2,6.5511,0.0461
icbm,2,2,6.5511,0.0675
jupit,2,2,6.5511,0.036
venus,2,2,6.5511,0.036
corrobor,2,2,6.5511,0.0551
undersurfac,2,1,7.2442,0.207
winglik,2,2,6.5511,0.0596
german,2,2,6.5511,0.0649
enhanc,2,2,6.5511,0.0524
stroboscop,2,2,6.5511,0.0712
mat,2,2,6.5511,0.252
categori,2,2,6.5511,0.0704
anti,2,1,7.2442,0.1393
gies,2,1,7.2442,0.1509
bertram,2,1,7.2442,0.1509
enlarg,2,2,6.5511,0.1337
endplat,2,1,7.2442,0.2634
bridg,2,2,6.5511,0.0618
thicker,2,2,6.5511,0.0541
emmon,2,2,6.5511,0.1985
detriment,2,2,6.5511,0.0508
nonzero,2,2,6.5511,0.0541
microinch,2,2,6.5511,0.0601
leess,2,1,7.2442,0.1342
flex,2,1,7.2442,0.051
syng,2,1,7.2442,0.051
soon,2,2,6.5511,0.0753
supplementari,2,2,6.5511,0.0936
arm,2,2,6.5511,0.078
airload,2,1,7.2442,0.0823
prone,2,2,6.5511,0.0455
scarc,2,2,6.5511,0.0618
inquir,2,2,6.5511,0.078
octob,2,2,6.5511,0.059
unconserv,2,2,6.5511,0.0963
thesolar,2,1,7.2442,0.0873
shadow,2,2,6.5511,0.0504
mid,2,2,6.5511,0.0851
bergdolt,2,1,7.2442,0.1509
circulatori,2,2,6.5511,0.0461
violent,2,2,6.5511,0.0443
wheel,2,1,7.2442,0.2264
buoyant,2,2,6.5511,0.0862
sake,2,2,6.5511,0.069
multilay,2,2,6.5511,0.2113
barrier,2,2,6.5511,0.1092
build,2,2,6.5511,0.1394
hit,2,2,6.5511,0.0728
outstand,2,2,6.5511,0.0655
minus,2,2,6.5511,0.0465
fell,2,2,6.5511,0.0331
utilis,2,2,6.5511,0.0923
defenc,2,2,6.5511,0.0489
born,2,2,6.5511,0.104
nagamatsu,2,2,6.5511,0.0682
controversi,2,2,6.5511,0.182
decis,2,2,6.5511,0.0809
exposit,2,2,6.5511,0.1057
bandwidth,2,2,6.5511,0.0809
transpar,2,2,6.5511,0.0799
onsag,2,2,6.5511,0.168
sole,2,2,6.5511,0.126
hundredforti,2,1,7.2442,0.1558
antisymmetr,2,2,6.5511,0.1598
american,2,2,6.5511,0.0489
radic,2,2,6.5511,0.1191
thermocoupl,2,2,6.5511,0.0662
unfold,2,1,7.2442,0.1592
spark,2,2,6.5511,0.0712
mound,2,1,7.2442,0.0999
feel,2,2,6.5511,0.1424
shapiro,2,2,6.5511,0.084
artific,2,2,6.5511,0.0736
franc,2,1,7.2442,0.1834
determinant,2,1,7.2442,0.0878
rpm,2,1,7.2442,0.0674
constitu,2,2,6.5511,0.0512
anomali,2,2,6.5511,0.084
40degre,2,1,7.2442,0.0674
thermomet,2,2,6.5511,0.1024
triangl,2,2,6.5511,0.117
fictiti,2,2,6.5511,0.0475
nine5degre,2,1,7.2442,0.1342
90degre,2,2,6.5511,0.072
xzero,2,2,6.5511,0.182
rep,2,2,6.5511,0.059
heisenberg,2,2,6.5511,0.0446
magnetoacoust,2,1,7.2442,0.1705
possio,2,2,6.5511,0.126
buzz,2,1,7.2442,0.21
unidirect,2,1,7.2442,0.1073
peng,2,1,7.2442,0.345
aob,2,1,7.2442,0.1725
histor,2,2,6.5511,0.0771
home,2,2,6.5511,0.0862
trial,2,2,6.5511,0.0771
wkb,2,2,6.5511,0.0949
gupta,2,2,6.5511,0.0978
beta,2,1,7.2442,0.1073
sixth,2,2,6.5511,0.05
fpre,2,1,7.2442,0.0647
titan,2,1,7.2442,0.0604
recours,2,2,6.5511,0.0452
pindroh,2,1,7.2442,0.345
n1,2,1,7.2442,0.1081
bimolecular,2,1,7.2442,0.0728
midspan,2,1,7.2442,0.1081
craft,2,1,7.2442,0.1081
immers,2,2,6.5511,0.0655
25degre,2,2,6.5511,0.131
roe,2,1,7.2442,0.1081
aero,2,2,6.5511,0.104
tap,2,2,6.5511,0.0762
someth,2,2,6.5511,0.0655
boltzmann,2,2,6.5511,0.0993
redistribut,2,2,6.5511,0.1285
powel,2,2,6.5511,0.069
abstract,2,2,6.5511,0.1092
truli,2,2,6.5511,0.1092
saunder,2,1,7.2442,0.1081
circumscrib,2,2,6.5511,0.0512
ship,2,2,6.5511,0.0636
cartesian,2,2,6.5511,0.0862
edgewis,2,2,6.5511,0.0512
lesser,2,2,6.5511,0.0636
somewher,2,2,6.5511,0.0446
suppress,2,2,6.5511,0.1057
crucial,2,2,6.5511,0.0458
elevenzero,2,1,7.2442,0.2734
jouguet,2,1,7.2442,0.1985
secur,2,2,6.5511,0.0318
ambigu,2,2,6.5511,0.0897
phenol,2,2,6.5511,0.1236
inorgan,2,2,6.5511,0.1236
nth,2,2,6.5511,0.1057
assign,2,2,6.5511,0.1008
undeform,2,2,6.5511,0.0862
cutoff,2,1,7.2442,0.0906
mth,2,1,7.2442,0.1906
conductor,2,1,7.2442,0.3369
languag,2,2,6.5511,0.0636
dens,2,2,6.5511,0.1524
cabin,2,1,7.2442,0.3018
crack,2,2,6.5511,0.0862
opaqu,2,1,7.2442,0.071
roughen,2,1,7.2442,0.0935
lucit,2,2,6.5511,0.1236
chlorid,2,2,6.5511,0.1236
telegraph,2,2,6.5511,0.1008
realli,2,2,6.5511,0.234
nearest,2,2,6.5511,0.1285
monocoqu,2,2,6.5511,0.1337
insect,2,1,7.2442,0.0935
redirect,2,1,7.2442,0.1478
regain,2,2,6.5511,0.1024
plain,2,2,6.5511,0.1489
kink,2,2,6.5511,0.056
contradict,2,1,7.2442,0.1013
mph,2,2,6.5511,0.0649
chemistri,2,2,6.5511,0.0682
ammonium,2,2,6.5511,0.1236
satisfact,2,2,6.5511,0.0478
momentari,2,1,7.2442,0.1123
polyaxi,2,1,7.2442,0.1013
salt,2,2,6.5511,0.1236
mercuri,2,2,6.5511,0.2047
unbound,2,2,6.5511,0.0736
argument,2,2,6.5511,0.0949
calcualt,2,2,6.5511,0.1524
scoop,2,2,6.5511,0.113
radiant,2,2,6.5511,0.0323
highspe,2,2,6.5511,0.072
blunter,2,2,6.5511,0.0993
nonvanish,2,2,6.5511,0.0771
respond,2,2,6.5511,0.113
errat,2,1,7.2442,0.0833
tuft,2,2,6.5511,0.0458
appl,2,2,6.5511,0.0949
opportun,2,2,6.5511,0.0516
restor,2,2,6.5511,0.0873
marguerr,2,2,6.5511,0.0949
5th,2,2,6.5511,0.104
moor,2,2,6.5511,0.059
mech,2,2,6.5511,0.312
resort,2,2,6.5511,0.0655
thrown,2,2,6.5511,0.0585
want,2,2,6.5511,0.234
nocturn,2,1,7.2442,0.0584
sidewal,2,2,6.5511,0.0624
liner,2,2,6.5511,0.2113
acquir,2,2,6.5511,0.078
gerard,2,1,7.2442,0.2498
floor,2,2,6.5511,0.0789
smith,2,2,6.5511,0.0624
capacit,2,2,6.5511,0.113
dryden,2,2,6.5511,0.0762
capillari,2,1,7.2442,0.3534
left,2,2,6.5511,0.1024
nautic,2,1,7.2442,0.3534
furnish,2,2,6.5511,0.113
meteor,2,2,6.5511,0.131
sharpli,2,2,6.5511,0.0296
engag,2,2,6.5511,0.131
prototyp,2,2,6.5511,0.035
sweptforward,2,2,6.5511,0.052
anomal,2,2,6.5511,0.131
insur,2,2,6.5511,0.1236
monoplan,2,2,6.5511,0.0388
curtain,2,1,7.2442,0.2229
congress,2,2,6.5511,0.0949
armenaka,2,2,6.5511,0.1724
avenu,2,2,6.5511,0.0897
quart,2,2,6.5511,0.063
interrel,2,2,6.5511,0.0897
depress,2,1,7.2442,0.0601
rewrit,2,2,6.5511,0.1489
ser,2,2,6.5511,0.1394
circumfer,2,2,6.5511,0.0963
tion,2,2,6.5511,0.1724
danger,2,2,6.5511,0.0668
bifurc,2,2,6.5511,0.1149
identif,2,2,6.5511,0.0356
outcom,2,2,6.5511,0.0819
broken,2,2,6.5511,0.0331
zakkay,2,2,6.5511,0.1008
nonspher,2,2,6.5511,0.0455
gravit,2,2,6.5511,0.252
rectangl,2,1,7.2442,0.0966
hammerhead,2,1,7.2442,0.0647
tamada,2,2,6.5511,0.1213
reject,2,2,6.5511,0.0636
30degre,2,2,6.5511,0.0712
nonreact,2,2,6.5511,0.111
chiefli,2,2,6.5511,0.2259
gorcum,2,1,7.2442,0.322
arithmet,2,2,6.5511,0.2259
stratiform,2,2,6.5511,0.2113
mesh,2,1,7.2442,0.3293
passiv,2,2,6.5511,0.1456
jetlik,2,1,7.2442,0.1159
request,2,1,7.2442,0.1123
wakelik,2,1,7.2442,0.1159
prohibit,2,2,6.5511,0.091
inaccur,2,2,6.5511,0.0528
unperturb,2,1,7.2442,0.1592
superimpos,2,2,6.5511,0.0762
unexpect,2,2,6.5511,0.0809
tungsten,2,2,6.5511,0.072
preclud,2,1,7.2442,0.1434
heterogen,2,2,6.5511,0.0675
append,2,2,6.5511,0.1524
rod,2,1,7.2442,0.1478
omiss,2,2,6.5511,0.0819
corpor,2,2,6.5511,0.0993
viewpoint,2,2,6.5511,0.069
withstand,2,2,6.5511,0.0799
inconsist,2,2,6.5511,0.273
pressuris,2,2,6.5511,0.156
aec,2,2,6.5511,0.091
unfavor,2,2,6.5511,0.1024
crush,2,1,7.2442,0.1932
snap,2,2,6.5511,0.1149
scientist,2,2,6.5511,0.0978
union,2,2,6.5511,0.0978
august,2,2,6.5511,0.0978
concur,2,2,6.5511,0.1024
geophys,2,1,7.2442,0.0755
symposium,2,1,7.2442,0.2162
punctur,2,2,6.5511,0.0873
evidenc,2,2,6.5511,0.0978
pibal,2,2,6.5511,0.0851
intent,2,2,6.5511,0.0923
disclos,2,2,6.5511,0.1074
fractur,2,2,6.5511,0.0873
trapezoid,2,2,6.5511,0.0704
acrodynam,2,1,7.2442,0.1393
thereaft,2,2,6.5511,0.1394
book,2,2,6.5511,0.1285
bean,2,2,6.5511,0.1008
nimon,2,1,7.2442,0.1811
n2,2,2,6.5511,0.1724
isoenerget,2,2,6.5511,0.1213
8n,2,1,7.2442,0.0852
driest,2,1,7.2442,0.1958
quadrat,2,2,6.5511,0.0704
hydraul,2,2,6.5511,0.0508
h2,2,1,7.2442,0.0852
breadth,2,2,6.5511,0.0618
vice,2,2,6.5511,0.0712
versa,2,2,6.5511,0.0712
unstress,2,2,6.5511,0.057
azimuth,2,2,6.5511,0.1771
erod,2,2,6.5511,0.056
discern,2,2,6.5511,0.117
proc,2,2,6.5511,0.1394
conceptu,2,2,6.5511,0.1236
regardless,2,2,6.5511,0.0356
poisson,2,2,6.5511,0.1149
vibrate,2,2,6.5511,0.0993
nash,2,2,6.5511,0.1285
levi,2,2,6.5511,0.104
toricon,2,1,7.2442,0.115
prolat,2,1,7.2442,0.1028
residu,2,2,6.5511,0.0873
expens,2,2,6.5511,0.0496
autocorrel,2,2,6.5511,0.1008
unpow,2,1,7.2442,0.0714
ago,2,2,6.5511,0.1638
potter,2,1,7.2442,0.207
claim,2,2,6.5511,0.1057
oneon,2,2,6.5511,0.0612
succeed,2,2,6.5511,0.1074
pimpl,2,1,7.2442,0.1434
drew,2,2,6.5511,0.0728
shuffl,2,1,7.2442,0.1159
precess,2,1,7.2442,0.1218
lobe,2,2,6.5511,0.113
asymmetri,2,2,6.5511,0.0873
geodes,2,2,6.5511,0.0471
ftsection,2,2,6.5511,0.1598
phenomenolog,2,2,6.5511,0.1024
burgerss,2,1,7.2442,0.0828
exploit,2,2,6.5511,0.0524
truth,2,2,6.5511,0.059
zurich,2,2,6.5511,0.0443
butler,2,1,7.2442,0.207
extinct,2,1,7.2442,0.207
dodecagon,2,1,7.2442,0.345
valueless,2,2,6.5511,0.1024
geoffrey,2,1,7.2442,0.0828
unequ,2,2,6.5511,0.084
enforc,2,2,6.5511,0.168
nondissip,2,2,6.5511,0.0496
adam,2,2,6.5511,0.1638
cole,2,2,6.5511,0.0374
coverag,2,2,6.5511,0.1365
unsatisfactori,2,2,6.5511,0.1489
tietjen,2,2,6.5511,0.0417
sir,2,1,7.2442,0.0828
inconveni,2,2,6.5511,0.1489
feedback,2,2,6.5511,0.0897
remaind,2,2,6.5511,0.0374
safeti,2,2,6.5511,0.234
kendrick,2,1,7.2442,0.2498
hexagon,2,2,6.5511,0.117
streamtub,2,2,6.5511,0.069
magnifi,2,2,6.5511,0.058
subtract,2,2,6.5511,0.0829
bourn,2,2,6.5511,0.1236
secant,2,1,7.2442,0.2841
suck,2,1,7.2442,0.0783
decim,2,2,6.5511,0.182
throttl,2,1,7.2442,0.0783
risk,2,2,6.5511,0.0465
unfir,2,2,6.5511,0.052
deficit,2,2,6.5511,0.111
oscillograph,2,1,7.2442,0.1123
inhibit,2,2,6.5511,0.1236
mutual,2,2,6.5511,0.0446
william,2,2,6.5511,0.0829
hous,2,1,7.2442,0.1073
cellular,2,2,6.5511,0.0485
solubl,2,2,6.5511,0.1489
womersley,2,2,6.5511,0.111
injector,2,1,7.2442,0.1449
magnetoaerodynam,2,2,6.5511,0.0771
safe,2,2,6.5511,0.0428
unload,2,2,6.5511,0.0485
elaps,2,2,6.5511,0.1985
exercis,2,2,6.5511,0.0655
admiss,2,2,6.5511,0.0829
bump,2,1,7.2442,0.1811
halv,2,2,6.5511,0.0649
resolut,2,2,6.5511,0.0508
disagre,2,2,6.5511,0.0704
usabl,2,2,6.5511,0.1191
insuffici,2,2,6.5511,0.0728
davi,2,2,6.5511,0.1236
oversw,1,1,7.2442,0.0584
chemisorpt,1,1,7.2442,0.1098
unhappi,1,1,7.2442,0.0929
easiest,1,1,7.2442,0.0429
volterra,1,1,7.2442,0.1098
munk,1,1,7.2442,0.0683
ia,1,1,7.2442,0.0755
fage,1,1,7.2442,0.045
urgent,1,1,7.2442,0.057
tang,1,1,7.2442,0.0779
woodgat,1,1,7.2442,0.1132
mnine,1,1,7.2442,0.0589
picard,1,1,7.2442,0.0496
anhedr,1,1,7.2442,0.069
prewhirl,1,1,7.2442,0.1317
preheat,1,1,7.2442,0.0589
scruton,1,1,7.2442,0.1132
jan,1,1,7.2442,0.0755
adsorpt,1,1,7.2442,0.1098
stefan,1,1,7.2442,0.1098
annual,1,1,7.2442,0.0755
desk,1,1,7.2442,0.057
recognis,1,1,7.2442,0.0429
barrel,1,1,7.2442,0.0584
brown,1,1,7.2442,0.0557
microwav,1,1,7.2442,0.0584
katzen,1,1,7.2442,0.0779
organ,1,1,7.2442,0.057
nielsen,1,1,7.2442,0.0779
ber,1,1,7.2442,0.0929
rememb,1,1,7.2442,0.1207
typographi,1,1,7.2442,0.0929
friedman,1,1,7.2442,0.045
michael,1,1,7.2442,0.0557
typograph,1,1,7.2442,0.0929
eq,1,1,7.2442,0.0929
announc,1,1,7.2442,0.0755
impart,1,1,7.2442,0.0619
subroutin,1,1,7.2442,0.057
norman,1,1,7.2442,0.0557
instig,1,1,7.2442,0.0517
sensibl,1,1,7.2442,0.1168
heav,1,1,7.2442,0.0429
30th,1,1,7.2442,0.0755
broke,1,1,7.2442,0.0429
ban,1,1,7.2442,0.0717
belt,1,1,7.2442,0.0929
equatori,1,1,7.2442,0.0929
profilethat,1,1,7.2442,0.1228
heightto,1,1,7.2442,0.1228
bare,1,1,7.2442,0.0732
isit,1,1,7.2442,0.1228
kilometr,1,1,7.2442,0.0779
zero15x106,1,1,7.2442,0.0537
stonecyph,1,1,7.2442,0.0805
premis,1,1,7.2442,0.0717
look,1,1,7.2442,0.0521
beg,1,1,7.2442,0.0717
backward,1,1,7.2442,0.1006
gardless,1,1,7.2442,0.0385
incom,1,1,7.2442,0.1006
threeh,1,1,7.2442,0.0779
caravell,1,1,7.2442,0.115
facet,1,1,7.2442,0.0521
bracket,1,1,7.2442,0.0779
effectmay,1,1,7.2442,0.0436
kallmann,1,1,7.2442,0.0436
effectorigin,1,1,7.2442,0.0436
reliev,1,1,7.2442,0.1188
retrocket,1,1,7.2442,0.0671
180degre,1,1,7.2442,0.0537
consolid,1,1,7.2442,0.0436
physcal,1,1,7.2442,0.0436
variationsh180,1,1,7.2442,0.0436
confid,1,1,7.2442,0.2012
spectacular,1,1,7.2442,0.0703
satellitessputnik,1,1,7.2442,0.0436
vanguard,1,1,7.2442,0.0436
viscid,1,1,7.2442,0.0407
dramat,1,1,7.2442,0.0703
stochast,1,1,7.2442,0.0703
firm,1,1,7.2442,0.0703
sixfivezero,1,1,7.2442,0.0779
gramsc,1,1,7.2442,0.0779
realis,1,1,7.2442,0.0589
england,1,1,7.2442,0.045
centrelin,1,1,7.2442,0.0906
etal,1,1,7.2442,0.0755
handicap,1,1,7.2442,0.142
tri,1,1,7.2442,0.045
hog,1,1,7.2442,0.0589
conidt,1,1,7.2442,0.1393
townend,1,1,7.2442,0.045
simmon,1,1,7.2442,0.045
silica,1,1,7.2442,0.0906
centigrad,1,1,7.2442,0.0589
hotter,1,1,7.2442,0.0589
cure,1,1,7.2442,0.0589
fibrous,1,1,7.2442,0.0589
meight,1,1,7.2442,0.0589
msvo,1,1,7.2442,0.0755
pin,1,1,7.2442,0.1393
mseven,1,1,7.2442,0.0906
fuse,1,1,7.2442,0.0906
timeand,1,1,7.2442,0.1271
tractabl,1,1,7.2442,0.0717
itechn,1,1,7.2442,0.0599
defi,1,1,7.2442,0.0717
numbergwf,1,1,7.2442,0.0599
threeon,1,1,7.2442,0.0599
theirworstvalu,1,1,7.2442,0.0599
showonehow,1,1,7.2442,0.102
andtwohow,1,1,7.2442,0.102
windstream,1,1,7.2442,0.045
kopalfor,1,1,7.2442,0.0747
typeonear,1,1,7.2442,0.102
late,1,1,7.2442,0.045
forcibl,1,1,7.2442,0.1393
braunschweig,1,1,7.2442,0.0852
dashth,1,1,7.2442,0.0906
shercliff,1,1,7.2442,0.2786
rose,1,1,7.2442,0.0747
turbo,1,1,7.2442,0.0493
ktwo,1,1,7.2442,0.0659
a50f06,1,1,7.2442,0.0779
conpress,1,1,7.2442,0.0732
coefstant,1,1,7.2442,0.0381
torda,1,1,7.2442,0.1207
rabotnov,1,1,7.2442,0.1249
eightyzero,1,1,7.2442,0.0283
shesterikov,1,1,7.2442,0.1249
herrmann,1,1,7.2442,0.1906
mismatch,1,1,7.2442,0.1509
closur,1,1,7.2442,0.1509
requenc,1,1,7.2442,0.0283
constanc,1,1,7.2442,0.0381
potentiomet,1,1,7.2442,0.0383
micromanomet,1,1,7.2442,0.0383
swallow,1,1,7.2442,0.0283
nonconcurr,1,1,7.2442,0.1509
wich,1,1,7.2442,0.0966
bellevill,1,1,7.2442,0.1271
planck,1,1,7.2442,0.0677
distant,1,1,7.2442,0.0992
hyper,1,1,7.2442,0.0906
reimping,1,1,7.2442,0.0992
coalesc,1,1,7.2442,0.0283
asid,1,1,7.2442,0.1228
enc,1,1,7.2442,0.0461
malfunct,1,1,7.2442,0.0703
temp,1,1,7.2442,0.1228
compet,1,1,7.2442,0.0381
zeroth,1,1,7.2442,0.0292
spoken,1,1,7.2442,0.0381
nice,1,1,7.2442,0.0381
ussr,1,1,7.2442,0.2415
laguerr,1,1,7.2442,0.0381
kirk,1,1,7.2442,0.1317
nonun,1,1,7.2442,0.1575
decompos,1,1,7.2442,0.0929
transduc,1,1,7.2442,0.0929
two25x10,1,1,7.2442,0.0355
uhf,1,1,7.2442,0.0283
berthelot,1,1,7.2442,0.0677
manomet,1,1,7.2442,0.0383
elliott,1,1,7.2442,0.0929
tional,1,1,7.2442,0.0842
platinum,1,1,7.2442,0.0653
graze,1,1,7.2442,0.1857
mitig,1,1,7.2442,0.0318
apoge,1,1,7.2442,0.1857
geiger,1,1,7.2442,0.2195
magnetofluidmechan,1,1,7.2442,0.0906
magnetogasdynam,1,1,7.2442,0.0906
untest,1,1,7.2442,0.0842
kernal,1,1,7.2442,0.0747
chernyi,1,1,7.2442,0.0979
hise,1,1,7.2442,0.0979
quest,1,1,7.2442,0.1081
redefinit,1,1,7.2442,0.0599
solidif,1,1,7.2442,0.0318
stoni,1,1,7.2442,0.0318
venturi,1,1,7.2442,0.0842
meteorit,1,1,7.2442,0.0318
serbin,1,1,7.2442,0.2195
communic,1,1,7.2442,0.0381
sail,1,1,7.2442,0.0703
arrow,1,1,7.2442,0.0755
liabl,1,1,7.2442,0.102
closest,1,1,7.2442,0.102
bonus,1,1,7.2442,0.1317
gordon,1,1,7.2442,0.2195
rogh,1,1,7.2442,0.0521
hansen,1,1,7.2442,0.1725
frontal,1,1,7.2442,0.0862
bornel,1,1,7.2442,0.0747
gravalo,1,1,7.2442,0.2195
reanalysi,1,1,7.2442,0.0521
reanalyz,1,1,7.2442,0.0521
blend,1,1,7.2442,0.0323
hosokawa,1,1,7.2442,0.0906
edelfelt,1,1,7.2442,0.2195
spreiter,1,1,7.2442,0.0906
dorod,1,1,7.2442,0.0732
tan,1,1,7.2442,0.1228
castigliano,1,1,7.2442,0.0833
nitzyn,1,1,7.2442,0.0732
aeroballist,1,1,7.2442,0.1294
ft1eight,1,1,7.2442,0.1393
cylinder,1,1,7.2442,0.0906
deffer,1,1,7.2442,0.1393
kzero,1,1,7.2442,0.0659
copper,1,1,7.2442,0.0796
grimming,1,1,7.2442,0.0717
dropoff,1,1,7.2442,0.0653
proposel,1,1,7.2442,0.0308
1x10,1,1,7.2442,0.0447
duralumin,1,1,7.2442,0.0308
mild,1,1,7.2442,0.0308
4x10,1,1,7.2442,0.0447
firmer,1,1,7.2442,0.1114
unsymmetr,1,1,7.2442,0.0814
cope,1,1,7.2442,0.0614
radon,1,1,7.2442,0.0589
noninsul,1,1,7.2442,0.0456
a52b06,1,1,7.2442,0.0575
dashin,1,1,7.2442,0.0287
notion,1,1,7.2442,0.1478
tenth,1,1,7.2442,0.0653
entitl,1,1,7.2442,0.0321
dirac,1,1,7.2442,0.0683
e56b03b,1,1,7.2442,0.1367
xiii,1,1,7.2442,0.1367
passeng,1,1,7.2442,0.0549
inst,1,1,7.2442,0.1478
turbomachin,1,1,7.2442,0.0493
four000degreek,1,1,7.2442,0.0287
benser,1,1,7.2442,0.027
unbank,1,1,7.2442,0.0575
a51j04,1,1,7.2442,0.0575
two000degreek,1,1,7.2442,0.0287
inappropri,1,1,7.2442,0.0321
veiociti,1,1,7.2442,0.0321
redesign,1,1,7.2442,0.0331
eighton,1,1,7.2442,0.1646
meh,1,1,7.2442,0.1646
prikl,1,1,7.2442,0.1646
gothic,1,1,7.2442,0.1249
puzzl,1,1,7.2442,0.0381
mainten,1,1,7.2442,0.0467
housefli,1,1,7.2442,0.0467
kay,1,1,7.2442,0.1065
electroform,1,1,7.2442,0.0833
diversifi,1,1,7.2442,0.0609
ordnanc,1,1,7.2442,0.0842
inafinit,1,1,7.2442,0.1725
con,1,1,7.2442,0.0381
mistak,1,1,7.2442,0.0599
afresh,1,1,7.2442,0.0381
ficient,1,1,7.2442,0.0381
synthesi,1,1,7.2442,0.1065
infit,1,1,7.2442,0.1685
spite,1,1,7.2442,0.0283
magnetoga,1,1,7.2442,0.1228
rivet,1,1,7.2442,0.0467
yeh,1,1,7.2442,0.1065
vlasov,1,1,7.2442,0.1646
repli,1,1,7.2442,0.0739
placement,1,1,7.2442,0.1646
slug,1,1,7.2442,0.0439
ar,1,1,7.2442,0.0883
feldman,1,1,7.2442,0.0883
lap,1,1,7.2442,0.0467
johnson,1,1,7.2442,0.0439
hidalgo,1,1,7.2442,0.0739
detra,1,1,7.2442,0.0739
plast,1,1,7.2442,0.0779
drosophila,1,1,7.2442,0.0467
today,1,1,7.2442,0.0747
molybdenum,1,1,7.2442,0.0796
equilibr,1,1,7.2442,0.0584
minnesota,1,1,7.2442,0.1725
pursu,1,1,7.2442,0.1725
extra,1,1,7.2442,0.0442
semicircl,1,1,7.2442,0.069
combut,1,1,7.2442,0.0619
f2,1,1,7.2442,0.0436
noncirculatori,1,1,7.2442,0.0442
lateraldirect,1,1,7.2442,0.0282
notabl,1,1,7.2442,0.1367
task,1,1,7.2442,0.0282
nonsingular,1,1,7.2442,0.0562
allmov,1,1,7.2442,0.0359
birnbaum,1,1,7.2442,0.1393
avro,1,1,7.2442,0.0282
55degre,1,1,7.2442,0.0282
blown,1,1,7.2442,0.0282
707a,1,1,7.2442,0.0282
kuchemann,1,1,7.2442,0.0282
knee,1,1,7.2442,0.0282
worsen,1,1,7.2442,0.0282
acquisit,1,1,7.2442,0.0442
slew,1,1,7.2442,0.0282
thicknesschord,1,1,7.2442,0.0394
warren,1,1,7.2442,0.0394
pitchingmo,1,1,7.2442,0.1035
14in,1,1,7.2442,0.2337
18in,1,1,7.2442,0.2337
som,1,1,7.2442,0.1367
phugoid,1,1,7.2442,0.0282
number500,1,1,7.2442,0.0647
batchelor,1,1,7.2442,0.0545
accident,1,1,7.2442,0.1132
tailless,1,1,7.2442,0.0862
unif,1,1,7.2442,0.1188
buoyanc,1,1,7.2442,0.0683
untrim,1,1,7.2442,0.0375
hasimoto,1,1,7.2442,0.0894
linder,1,1,7.2442,0.0677
twoeuler,1,1,7.2442,0.0814
onto,1,1,7.2442,0.0814
atlarg,1,1,7.2442,0.0545
duce,1,1,7.2442,0.0537
100degre,1,1,7.2442,0.0796
entrant,1,1,7.2442,0.0545
sandpap,1,1,7.2442,0.0461
ovalu,1,1,7.2442,0.1367
finish,1,1,7.2442,0.0665
15x10,1,1,7.2442,0.0665
circuitri,1,1,7.2442,0.058
49degre,1,1,7.2442,0.0537
wingbodi,1,1,7.2442,0.0282
carborundum,1,1,7.2442,0.0647
number320,1,1,7.2442,0.0647
smallless,1,1,7.2442,0.0992
whichev,1,1,7.2442,0.0424
85degre,1,1,7.2442,0.0458
widespread,1,1,7.2442,0.0732
wright,1,1,7.2442,0.0732
f1,1,1,7.2442,0.0732
tailwind,1,1,7.2442,0.0521
bevel,1,1,7.2442,0.051
objection,1,1,7.2442,0.0521
andabrespect,1,1,7.2442,0.2264
bypass,1,1,7.2442,0.0647
tran,1,1,7.2442,0.0477
edward,1,1,7.2442,0.0732
clamshel,1,1,7.2442,0.0477
dissimilar,1,1,7.2442,0.0477
onic,1,1,7.2442,0.0477
prager,1,1,7.2442,0.1646
flowin,1,1,7.2442,0.0461
meant,1,1,7.2442,0.1646
hencki,1,1,7.2442,0.1098
reuss,1,1,7.2442,0.1098
budianski,1,1,7.2442,0.1249
command,1,1,7.2442,0.0732
1degre,1,1,7.2442,0.0458
undroop,1,1,7.2442,0.0364
compound,1,1,7.2442,0.0917
hero,1,1,7.2442,0.0212
divers,1,1,7.2442,0.058
repercuss,1,1,7.2442,0.0212
ensu,1,1,7.2442,0.0489
physiolog,1,1,7.2442,0.0549
sharpedg,1,1,7.2442,0.0873
three300degr,1,1,7.2442,0.0321
roar,1,1,7.2442,0.0212
aerfoil,1,1,7.2442,0.0212
200degre,1,1,7.2442,0.0917
spot,1,1,7.2442,0.0392
investigaion,1,1,7.2442,0.0992
trigger,1,1,7.2442,0.0392
capsul,1,1,7.2442,0.0873
zero14x10,1,1,7.2442,0.0429
wanlass,1,1,7.2442,0.0429
sibulkin,1,1,7.2442,0.0429
nonisotherm,1,1,7.2442,0.0429
granular,1,1,7.2442,0.0392
stine,1,1,7.2442,0.0429
63a2xx,1,1,7.2442,0.0906
63a4xx,1,1,7.2442,0.0906
ampl,1,1,7.2442,0.0337
branchlin,1,1,7.2442,0.1449
canard,1,1,7.2442,0.102
sign,1,1,7.2442,0.04
bodt,1,1,7.2442,0.102
zero8a,1,1,7.2442,0.0883
1fa,1,1,7.2442,0.0883
onefa,1,1,7.2442,0.0883
powerpl,1,1,7.2442,0.1168
onem,1,1,7.2442,0.04
dictat,1,1,7.2442,0.0763
preval,1,1,7.2442,0.0763
massbal,1,1,7.2442,0.0979
sophist,1,1,7.2442,0.0477
admixtur,1,1,7.2442,0.1188
anov,1,1,7.2442,0.0779
pessimist,1,1,7.2442,0.0779
noteworthi,1,1,7.2442,0.0394
shorter,1,1,7.2442,0.0575
unduli,1,1,7.2442,0.0599
t3,1,1,7.2442,0.0575
beyween,1,1,7.2442,0.0703
gyrat,1,1,7.2442,0.102
chain,1,1,7.2442,0.0549
12degre,1,1,7.2442,0.0337
america,1,1,7.2442,0.0557
laplacian,1,1,7.2442,0.1317
1103a,1,1,7.2442,0.0941
transcendent,1,1,7.2442,0.0941
muller,1,1,7.2442,0.0941
belief,1,1,7.2442,0.0434
weinstein,1,1,7.2442,0.069
connexion,1,1,7.2442,0.069
unten,1,1,7.2442,0.0434
coundari,1,1,7.2442,0.1271
zero195etr,1,1,7.2442,0.1393
schwarz,1,1,7.2442,0.0599
bent,1,1,7.2442,0.0653
propound,1,1,7.2442,0.0653
leggett,1,1,7.2442,0.1098
twoer,1,1,7.2442,0.1098
michielsen,1,1,7.2442,0.1098
rsult,1,1,7.2442,0.0966
dvl,1,1,7.2442,0.0966
wxi,1,1,7.2442,0.0599
efflux,1,1,7.2442,0.0979
throw,1,1,7.2442,0.115
airlin,1,1,7.2442,0.1114
slosh,1,1,7.2442,0.0747
illustri,1,1,7.2442,0.0917
librat,1,1,7.2442,0.0724
longest,1,1,7.2442,0.0796
commenc,1,1,7.2442,0.0724
aerocosmonaut,1,1,7.2442,0.0917
abund,1,1,7.2442,0.0917
forefront,1,1,7.2442,0.0917
resourc,1,1,7.2442,0.0917
news,1,1,7.2442,0.0917
circumlunar,1,1,7.2442,0.0917
rlx,1,1,7.2442,0.2012
pod,1,1,7.2442,0.1114
xsix,1,1,7.2442,0.2012
akin,1,1,7.2442,0.0917
quantum,1,1,7.2442,0.2012
astrophys,1,1,7.2442,0.2012
imaginari,1,1,7.2442,0.063
denomin,1,1,7.2442,0.0917
mind,1,1,7.2442,0.0917
backup,1,1,7.2442,0.0609
cosmonaut,1,1,7.2442,0.0917
nonperm,1,1,7.2442,0.0377
massachusett,1,1,7.2442,0.0724
micron,1,1,7.2442,0.0377
noninject,1,1,7.2442,0.0377
beat,1,1,7.2442,0.0747
yarymovych,1,1,7.2442,0.0747
riccati,1,1,7.2442,0.0473
assur,1,1,7.2442,0.0852
eye,1,1,7.2442,0.0852
context,1,1,7.2442,0.0473
endeavour,1,1,7.2442,0.0852
cater,1,1,7.2442,0.0473
convict,1,1,7.2442,0.0852
spacewis,1,1,7.2442,0.0992
offset,1,1,7.2442,0.0357
loudspeak,1,1,7.2442,0.0787
senior,1,1,7.2442,0.0357
janzen,1,1,7.2442,0.1114
strouhal,1,1,7.2442,0.0235
mag,1,1,7.2442,0.1188
philo,1,1,7.2442,0.1188
uni,1,1,7.2442,0.0665
rube,1,1,7.2442,0.0377
occurspast,1,1,7.2442,0.0461
wingwith,1,1,7.2442,0.0697
uxysgn,1,1,7.2442,0.0697
wone,1,1,7.2442,0.0739
grashof,1,1,7.2442,0.0862
volumetr,1,1,7.2442,0.0862
koneth,1,1,7.2442,0.1478
przero,1,1,7.2442,0.0739
yone,1,1,7.2442,0.0739
expend,1,1,7.2442,0.0833
wzero,1,1,7.2442,0.0739
count,1,1,7.2442,0.2264
acceleromet,1,1,7.2442,0.2264
talbot,1,1,7.2442,0.0739
clearanc,1,1,7.2442,0.1541
undoubt,1,1,7.2442,0.1228
ramet,1,1,7.2442,0.0739
unrestrain,1,1,7.2442,0.1767
tubular,1,1,7.2442,0.1767
cooler,1,1,7.2442,0.115
bulkhead,1,1,7.2442,0.115
absent,1,1,7.2442,0.0584
protrus,1,1,7.2442,0.0301
reli,1,1,7.2442,0.0301
bisector,1,1,7.2442,0.1478
arrest,1,1,7.2442,0.1393
bed,1,1,7.2442,0.0953
immobil,1,1,7.2442,0.2337
graham,1,1,7.2442,0.0906
antielast,1,1,7.2442,0.0665
massbalanc,1,1,7.2442,0.0917
kempner,1,1,7.2442,0.1685
loop,1,1,7.2442,0.0906
ngte,1,1,7.2442,0.1685
eigenvector,1,1,7.2442,0.0389
reactor,1,1,7.2442,0.0966
unreal,1,1,7.2442,0.0966
deisgn,1,1,7.2442,0.0387
painlev,1,1,7.2442,0.1393
uncertain,1,1,7.2442,0.0387
peclet,1,1,7.2442,0.0665
mckinnon,1,1,7.2442,0.0453
worthi,1,1,7.2442,0.0453
consier,1,1,7.2442,0.0387
proportion,1,1,7.2442,0.0453
tne,1,1,7.2442,0.0387
dicsov,1,1,7.2442,0.0387
envisag,1,1,7.2442,0.0787
zuk,1,1,7.2442,0.0992
encircl,1,1,7.2442,0.069
pneumat,1,1,7.2442,0.069
exampleat,1,1,7.2442,0.048
septemb,1,1,7.2442,0.0653
declin,1,1,7.2442,0.048
supposit,1,1,7.2442,0.048
auspic,1,1,7.2442,0.1249
council,1,1,7.2442,0.1249
undertook,1,1,7.2442,0.0562
heighth,1,1,7.2442,0.048
iowa,1,1,7.2442,0.0562
pdpdi,1,1,7.2442,0.048
errorssdof,1,1,7.2442,0.048
overexpans,1,1,7.2442,0.0747
airit,1,1,7.2442,0.048
becausewith,1,1,7.2442,0.048
studieddash,1,1,7.2442,0.0562
conicaldash,1,1,7.2442,0.0562
discover,1,1,7.2442,0.0992
pose,1,1,7.2442,0.0703
fivetwokmnumb,1,1,7.2442,0.0992
exagger,1,1,7.2442,0.0703
hash,1,1,7.2442,0.0703
zbrozek,1,1,7.2442,0.0609
thedens,1,1,7.2442,0.048
grober,1,1,7.2442,0.1207
spontan,1,1,7.2442,0.0566
genuin,1,1,7.2442,0.0747
influenti,1,1,7.2442,0.0747
laid,1,1,7.2442,0.1509
unexplain,1,1,7.2442,0.1098
hybrid,1,1,7.2442,0.1393
underexpans,1,1,7.2442,0.0747
economi,1,1,7.2442,0.1393
manocuvr,1,1,7.2442,0.0677
clockwis,1,1,7.2442,0.0677
warmer,1,1,7.2442,0.0566
colder,1,1,7.2442,0.0566
soret,1,1,7.2442,0.0566
dufour,1,1,7.2442,0.0566
multicompon,1,1,7.2442,0.0566
lacquer,1,1,7.2442,0.0352
rake,1,1,7.2442,0.0352
phosphoresc,1,1,7.2442,0.0352
hasten,1,1,7.2442,0.0352
migrat,1,1,7.2442,0.0566
bernoulli,1,1,7.2442,0.0665
intercrystallin,1,1,7.2442,0.0953
uxyi,1,1,7.2442,0.0697
foreknowledg,1,1,7.2442,0.0291
uneven,1,1,7.2442,0.0599
caplan,1,1,7.2442,0.1342
ting,1,1,7.2442,0.1114
classifi,1,1,7.2442,0.0496
adjoin,1,1,7.2442,0.1035
unavoid,1,1,7.2442,0.0566
impress,1,1,7.2442,0.0566
over,1,1,7.2442,0.0566
surpass,1,1,7.2442,0.0416
two3x10,1,1,7.2442,0.0291
turbanc,1,1,7.2442,0.0599
twothreefour,1,1,7.2442,0.0609
ascrib,1,1,7.2442,0.0796
zero6x10,1,1,7.2442,0.0291
whitehead,1,1,7.2442,0.0453
item,1,1,7.2442,0.0796
juli,1,1,7.2442,0.0377
be,1,1,7.2442,0.0377
terrestri,1,1,7.2442,0.0377
igi,1,1,7.2442,0.0377
recur,1,1,7.2442,0.1646
one6x10,1,1,7.2442,0.0917
fluidiz,1,1,7.2442,0.0953
one3x10,1,1,7.2442,0.0409
edgesto,1,1,7.2442,0.0697
most,1,1,7.2442,0.0732
chartsfigson,1,1,7.2442,0.0477
nondecompos,1,1,7.2442,0.0355
sixit,1,1,7.2442,0.0477
predigest,1,1,7.2442,0.0477
corollari,1,1,7.2442,0.0355
fivesect,1,1,7.2442,0.0477
proposit,1,1,7.2442,0.0477
hamper,1,1,7.2442,0.0507
centerbut,1,1,7.2442,0.0917
three9x10,1,1,7.2442,0.0409
allud,1,1,7.2442,0.0507
legitim,1,1,7.2442,0.0507
parasol,1,1,7.2442,0.0302
counteract,1,1,7.2442,0.0302
octagon,1,1,7.2442,0.1509
three2x10,1,1,7.2442,0.0917
nonexist,1,1,7.2442,0.0507
engess,1,1,7.2442,0.161
2p,1,1,7.2442,0.0953
igc,1,1,7.2442,0.0377
unretard,1,1,7.2442,0.0953
unsupport,1,1,7.2442,0.0456
efficaci,1,1,7.2442,0.071
batdorf,1,1,7.2442,0.1958
aural,1,1,7.2442,0.0609
person,1,1,7.2442,0.0541
lineal,1,1,7.2442,0.1367
widen,1,1,7.2442,0.0456
doubli,1,1,7.2442,0.0755
magnesium,1,1,7.2442,0.0503
equilater,1,1,7.2442,0.1294
multibay,1,1,7.2442,0.0456
entireti,1,1,7.2442,0.0529
aerial,1,1,7.2442,0.0953
prismat,1,1,7.2442,0.1294
unanticip,1,1,7.2442,0.1132
woven,1,1,7.2442,0.047
align,1,1,7.2442,0.047
gather,1,1,7.2442,0.0833
prime,1,1,7.2442,0.0833
intergranular,1,1,7.2442,0.0953
gridwork,1,1,7.2442,0.0665
onesix,1,1,7.2442,0.071
inplan,1,1,7.2442,0.0493
multiaxi,1,1,7.2442,0.0493
lingitudin,1,1,7.2442,0.0883
interferogram,1,1,7.2442,0.1132
mev,1,1,7.2442,0.0377
mtwo,1,1,7.2442,0.1132
suddenfreezingof,1,1,7.2442,0.0575
rapidlyfreez,1,1,7.2442,0.0575
hazard,1,1,7.2442,0.0377
chien,1,1,7.2442,0.0683
stoker,1,1,7.2442,0.0683
wont,1,1,7.2442,0.2587
japan,1,1,7.2442,0.105
trick,1,1,7.2442,0.2587
rone,1,1,7.2442,0.105
imai,1,1,7.2442,0.105
park,1,1,7.2442,0.207
convolut,1,1,7.2442,0.0941
spragu,1,1,7.2442,0.207
huang,1,1,7.2442,0.207
servic,1,1,7.2442,0.0541
coupon,1,1,7.2442,0.0883
laminari,1,1,7.2442,0.1188
quiet,1,1,7.2442,0.0594
sutton,1,1,7.2442,0.1393
mirel,1,1,7.2442,0.0873
one700f,1,1,7.2442,0.0353
holder,1,1,7.2442,0.0353
sevena,1,1,7.2442,0.0238
nonslend,1,1,7.2442,0.0416
semidiamet,1,1,7.2442,0.105
pseudo,1,1,7.2442,0.0453
cast,1,1,7.2442,0.0453
depict,1,1,7.2442,0.0453
unresolv,1,1,7.2442,0.1132
inhomogen,1,1,7.2442,0.0717
fouron,1,1,7.2442,0.0553
martin,1,1,7.2442,0.0873
shortest,1,1,7.2442,0.0823
judici,1,1,7.2442,0.0238
maxwel,1,1,7.2442,0.0771
acrothermochemistri,1,1,7.2442,0.1035
sevenc,1,1,7.2442,0.0238
ifer,1,1,7.2442,0.0677
merger,1,1,7.2442,0.0442
meissner,1,1,7.2442,0.105
loitsianskii,1,1,7.2442,0.0442
bolshakov,1,1,7.2442,0.0442
dilat,1,1,7.2442,0.0442
outermost,1,1,7.2442,0.0442
eniac,1,1,7.2442,0.0823
hypass,1,1,7.2442,0.0852
crinolin,1,1,7.2442,0.0549
aerotherm,1,1,7.2442,0.0787
drape,1,1,7.2442,0.0549
inconclus,1,1,7.2442,0.1367
shyperson,1,1,7.2442,0.1132
tubul,1,1,7.2442,0.0823
nearer,1,1,7.2442,0.0549
withdraw,1,1,7.2442,0.1646
seventeenf,1,1,7.2442,0.0724
wiley,1,1,7.2442,0.105
cumbersom,1,1,7.2442,0.0521
sigular,1,1,7.2442,0.0521
internat,1,1,7.2442,0.105
age,1,1,7.2442,0.0787
sugar,1,1,7.2442,0.0852
cambridg,1,1,7.2442,0.105
recov,1,1,7.2442,0.0486
unsteadili,1,1,7.2442,0.1249
six000degreek,1,1,7.2442,0.0514
complimentari,1,1,7.2442,0.0852
nonorthogon,1,1,7.2442,0.0429
evvard,1,1,7.2442,0.0429
noncommun,1,1,7.2442,0.0429
krasilshchikova,1,1,7.2442,0.0429
helic,1,1,7.2442,0.0429
f8u,1,1,7.2442,0.0852
geckel,1,1,7.2442,0.105
coulomb,1,1,7.2442,0.1685
mahoni,1,1,7.2442,0.0321
summat,1,1,7.2442,0.0394
tradit,1,1,7.2442,0.1081
bounari,1,1,7.2442,0.0444
sturm,1,1,7.2442,0.1114
liouvill,1,1,7.2442,0.1114
steamlin,1,1,7.2442,0.1114
holland,1,1,7.2442,0.1081
undersid,1,1,7.2442,0.1114
bimetal,1,1,7.2442,0.1081
atten,1,1,7.2442,0.1081
subtend,1,1,7.2442,0.0517
cosin,1,1,7.2442,0.0394
hypersoul,1,1,7.2442,0.0394
nonplanar,1,1,7.2442,0.0461
avov,1,1,7.2442,0.0394
termperatur,1,1,7.2442,0.0517
portious,1,1,7.2442,0.0517
kuo,1,1,7.2442,0.0517
annul,1,1,7.2442,0.0517
plk,1,1,7.2442,0.0517
poincar,1,1,7.2442,0.0517
spirit,1,1,7.2442,0.0517
maximuin,1,1,7.2442,0.1132
dipol,1,1,7.2442,0.0604
ribbon,1,1,7.2442,0.058
delft,1,1,7.2442,0.1081
ponderomot,1,1,7.2442,0.0805
haack,1,1,7.2442,0.0306
scar,1,1,7.2442,0.0306
termwis,1,1,7.2442,0.0461
specialis,1,1,7.2442,0.0352
silenc,1,1,7.2442,0.0289
teeth,1,1,7.2442,0.0289
inaccess,1,1,7.2442,0.0352
lyskov,1,1,7.2442,0.0352
schemat,1,1,7.2442,0.0289
labour,1,1,7.2442,0.0352
indefinit,1,1,7.2442,0.0352
russian,1,1,7.2442,0.0352
attaindd,1,1,7.2442,0.0352
instant,1,1,7.2442,0.0562
reserv,1,1,7.2442,0.0562
fale,1,1,7.2442,0.0562
overshadow,1,1,7.2442,0.0562
integro,1,1,7.2442,0.0653
rung,1,1,7.2442,0.0653
integrand,1,1,7.2442,0.0653
fasten,1,1,7.2442,0.1646
ceuler,1,1,7.2442,0.0941
sone,1,1,7.2442,0.0941
implement,1,1,7.2442,0.0306
stwo,1,1,7.2442,0.0941
sobson,1,1,7.2442,0.0483
monopol,1,1,7.2442,0.0493
think,1,1,7.2442,0.0589
azeroon,1,1,7.2442,0.0953
rectilinear,1,1,7.2442,0.05
24s,1,1,7.2442,0.051
65a004,1,1,7.2442,0.0517
t4,1,1,7.2442,0.051
stipul,1,1,7.2442,0.0894
sweptw,1,1,7.2442,0.1249
isochron,1,1,7.2442,0.051
hickstwo,1,1,7.2442,0.0553
chu,1,1,7.2442,0.0553
oven,1,1,7.2442,0.1575
azeroonetwo,1,1,7.2442,0.0953
atwo,1,1,7.2442,0.0953
librov,1,1,7.2442,0.0917
ejector,1,1,7.2442,0.0724
gascous,1,1,7.2442,0.0724
handley,1,1,7.2442,0.0392
ltd,1,1,7.2442,0.0392
china,1,1,7.2442,0.0717
clay,1,1,7.2442,0.0717
protuber,1,1,7.2442,0.0717
unfavour,1,1,7.2442,0.1207
altogeth,1,1,7.2442,0.0549
crook,1,1,7.2442,0.0677
resili,1,1,7.2442,0.0549
10g,1,1,7.2442,0.0545
price,1,1,7.2442,0.102
doppler,1,1,7.2442,0.0493
provok,1,1,7.2442,0.1767
breguet,1,1,7.2442,0.115
debat,1,1,7.2442,0.115
ofr,1,1,7.2442,0.1207
warhead,1,1,7.2442,0.0416
superaerodynam,1,1,7.2442,0.0416
lengthen,1,1,7.2442,0.063
yzero,1,1,7.2442,0.0575
czero,1,1,7.2442,0.0575
palt,1,1,7.2442,0.2131
oseenss,1,1,7.2442,0.1857
osoen,1,1,7.2442,0.1393
agenc,1,1,7.2442,0.1767
ludwieg,1,1,7.2442,0.0732
interdepend,1,1,7.2442,0.0624
yeild,1,1,7.2442,0.0624
concret,1,1,7.2442,0.0852
warp,1,1,7.2442,0.0862
momentand,1,1,7.2442,0.1098
rand,1,1,7.2442,0.1098
dispar,1,1,7.2442,0.1541
supplort,1,1,7.2442,0.2498
thing,1,1,7.2442,0.0405
unitari,1,1,7.2442,0.034
ludweig,1,1,7.2442,0.0732
sommerfeld,1,1,7.2442,0.0461
orr,1,1,7.2442,0.0461
coat,1,1,7.2442,0.0461
world,1,1,7.2442,0.1646
reichardt,1,1,7.2442,0.0394
origint,1,1,7.2442,0.0521
climin,1,1,7.2442,0.1646
fort,1,1,7.2442,0.2415
halstead,1,1,7.2442,0.2415
heimel,1,1,7.2442,0.1035
bullet,1,1,7.2442,0.0653
spindl,1,1,7.2442,0.0653
premix,1,1,7.2442,0.1035
hantzsch,1,1,7.2442,0.0779
wendt,1,1,7.2442,0.0779
hinder,1,1,7.2442,0.1646
sketchi,1,1,7.2442,0.0461
trefftz,1,1,7.2442,0.115
decad,1,1,7.2442,0.1811
deionize,1,1,7.2442,0.0852
sheath,1,1,7.2442,0.0852
nongyroscop,1,1,7.2442,0.1132
deplet,1,1,7.2442,0.058
user,1,1,7.2442,0.0677
uncontrol,1,1,7.2442,0.0624
l57l10,1,1,7.2442,0.0549
cyclessect,1,1,7.2442,0.0493
octav,1,1,7.2442,0.0493
iron,1,1,7.2442,0.0665
sight,1,1,7.2442,0.0196
polycrystallin,1,1,7.2442,0.1132
equicohes,1,1,7.2442,0.1132
hopf,1,1,7.2442,0.0414
tribut,1,1,7.2442,0.0414
finest,1,1,7.2442,0.0414
inspir,1,1,7.2442,0.0414
6000degreek,1,1,7.2442,0.0496
flash,1,1,7.2442,0.1478
reference6,1,1,7.2442,0.1478
3000degreek,1,1,7.2442,0.1478
1400degreek,1,1,7.2442,0.1478
slr,1,1,7.2442,0.1478
spectrograph,1,1,7.2442,0.0562
20degreec,1,1,7.2442,0.0562
mirror,1,1,7.2442,0.0562
disequilibrium,1,1,7.2442,0.0562
bright,1,1,7.2442,0.0562
blue,1,1,7.2442,0.0562
indium,1,1,7.2442,0.0562
3600degreek,1,1,7.2442,0.0562
interpos,1,1,7.2442,0.0562
eab,1,1,7.2442,0.0677
75s,1,1,7.2442,0.0677
6in,1,1,7.2442,0.0771
eighteen000k,1,1,7.2442,0.1685
keller,1,1,7.2442,0.0529
abbrevi,1,1,7.2442,0.0545
lockhe,1,1,7.2442,0.0545
lucid,1,1,7.2442,0.0357
polystyren,1,1,7.2442,0.1367
rocketon,1,1,7.2442,0.0507
4th,1,1,7.2442,0.0805
unman,1,1,7.2442,0.0507
devreas,1,1,7.2442,0.0604
sixteenzero,1,1,7.2442,0.0604
haveg,1,1,7.2442,0.0507
millimet,1,1,7.2442,0.0589
unabl,1,1,7.2442,0.0755
polytechn,1,1,7.2442,0.1188
brooklyn,1,1,7.2442,0.1188
eleg,1,1,7.2442,0.0357
oneeight,1,1,7.2442,0.0833
dismiss,1,1,7.2442,0.0357
morn,1,1,7.2442,0.1132
nonabl,1,1,7.2442,0.0941
inconel,1,1,7.2442,0.0941
btulb,1,1,7.2442,0.0941
two400degre,1,1,7.2442,0.1249
polym,1,1,7.2442,0.1249
tempratur,1,1,7.2442,0.063
reinvestig,1,1,7.2442,0.1767
three800degre,1,1,7.2442,0.1249
boost,1,1,7.2442,0.1767
periment,1,1,7.2442,0.1132
lamin,1,1,7.2442,0.1367
kelley,1,1,7.2442,0.0883
threefour,1,1,7.2442,0.0619
profound,1,1,7.2442,0.1906
rudimentari,1,1,7.2442,0.0787
accentu,1,1,7.2442,0.0787
hangl,1,1,7.2442,0.0787
undesir,1,1,7.2442,0.0787
vtolstol,1,1,7.2442,0.0966
macadam,1,1,7.2442,0.0966
taxi,1,1,7.2442,0.0966
chase,1,1,7.2442,0.0966
inadvert,1,1,7.2442,0.0966
multipropel,1,1,7.2442,0.0966
vision,1,1,7.2442,0.0619
melamin,1,1,7.2442,0.1367
obliter,1,1,7.2442,0.0619
snow,1,1,7.2442,0.0619
superfici,1,1,7.2442,0.0619
dent,1,1,7.2442,0.0619
tractor,1,1,7.2442,0.0429
fivetwenti,1,1,7.2442,0.0429
spray,1,1,7.2442,0.0599
soak,1,1,7.2442,0.0599
upflow,1,1,7.2442,0.0787
slower,1,1,7.2442,0.0787
halfway,1,1,7.2442,0.0507
daytim,1,1,7.2442,0.0292
creas,1,1,7.2442,0.0379
access,1,1,7.2442,0.1098
threshold,1,1,7.2442,0.1249
toriconic1a,1,1,7.2442,0.0575
prism,1,1,7.2442,0.1065
unflang,1,1,7.2442,0.1065
edit,1,1,7.2442,0.0473
undergon,1,1,7.2442,0.0473
octahedr,1,1,7.2442,0.0929
caution,1,1,7.2442,0.0473
perplex,1,1,7.2442,0.0614
psi,1,1,7.2442,0.0473
interim,1,1,7.2442,0.0473
embryon,1,1,7.2442,0.1249
dand,1,1,7.2442,0.1098
lost,1,1,7.2442,0.0292
repair,1,1,7.2442,0.0779
handbook,1,1,7.2442,0.1006
scan,1,1,7.2442,0.1114
basin,1,1,7.2442,0.0779
sequel,1,1,7.2442,0.0779
foundat,1,1,7.2442,0.1367
wavelengthzero,1,1,7.2442,0.0917
bulg,1,1,7.2442,0.0537
groov,1,1,7.2442,0.0537
papreg,1,1,7.2442,0.0537
cellulos,1,1,7.2442,0.0537
langer,1,1,7.2442,0.0489
wissler,1,1,7.2442,0.0489
transamermathsocthirti,1,1,7.2442,0.0489
nonhomogen,1,1,7.2442,0.0489
unblunt,1,1,7.2442,0.0833
three8x10,1,1,7.2442,0.0503
intensifi,1,1,7.2442,0.0416
choleski,1,1,7.2442,0.1228
deeper,1,1,7.2442,0.0416
intensif,1,1,7.2442,0.0416
struck,1,1,7.2442,0.0416
stronger,1,1,7.2442,0.0416
windtunnel,1,1,7.2442,0.0852
subaudio,1,1,7.2442,0.0852
dampomet,1,1,7.2442,0.0852
cathod,1,1,7.2442,0.0852
audio,1,1,7.2442,0.0852
centaur,1,1,7.2442,0.0566
apropri,1,1,7.2442,0.2264
midchord,1,1,7.2442,0.0614
lyon,1,1,7.2442,0.071
randon,1,1,7.2442,0.071
hysteret,1,1,7.2442,0.071
satelit,1,1,7.2442,0.1249
whisker,1,1,7.2442,0.0883
beskin,1,1,7.2442,0.1958
dissert,1,1,7.2442,0.0489
strengthen,1,1,7.2442,0.0739
unfil,1,1,7.2442,0.0739
goodier,1,1,7.2442,0.142
x10,1,1,7.2442,0.0366
shockless,1,1,7.2442,0.0697
consumpt,1,1,7.2442,0.0697
administr,1,1,7.2442,0.0814
mhd,1,1,7.2442,0.0906
hemi,1,1,7.2442,0.058
dust,1,1,7.2442,0.058
packard,1,1,7.2442,0.0323
dewpoint,1,1,7.2442,0.058
utilz,1,1,7.2442,0.058
reflex,1,1,7.2442,0.0323
worst,1,1,7.2442,0.0323
paint,1,1,7.2442,0.0366
enorm,1,1,7.2442,0.0328
nonisentrop,1,1,7.2442,0.0609
pyramid,1,1,7.2442,0.0394
weaker,1,1,7.2442,0.0394
weierstrass,1,1,7.2442,0.0241
erdmann,1,1,7.2442,0.0241
nonneg,1,1,7.2442,0.0241
prebuckl,1,1,7.2442,0.1188
subarc,1,1,7.2442,0.0241
centripet,1,1,7.2442,0.0241
switch,1,1,7.2442,0.0241
decomposit,1,1,7.2442,0.0328
sesir,1,1,7.2442,0.0697
motionless,1,1,7.2442,0.1168
coher,1,1,7.2442,0.0477
subsidiari,1,1,7.2442,0.0477
reiss,1,1,7.2442,0.0529
isofoam,1,1,7.2442,0.0392
immov,1,1,7.2442,0.0529
versatil,1,1,7.2442,0.0906
semiballist,1,1,7.2442,0.0392
balsa,1,1,7.2442,0.0392
unconstrain,1,1,7.2442,0.1035
almen,1,1,7.2442,0.142
laszlo,1,1,7.2442,0.142
violat,1,1,7.2442,0.0594
oversimplifi,1,1,7.2442,0.1132
unrealist,1,1,7.2442,0.1132
glycerin,1,1,7.2442,0.0641
elong,1,1,7.2442,0.0641
hydroballist,1,1,7.2442,0.0641
nicolson,1,1,7.2442,0.0426
co2,1,1,7.2442,0.0426
aerothermodynam,1,1,7.2442,0.0514
reshotko,1,1,7.2442,0.0514
veociti,1,1,7.2442,0.051
o2,1,1,7.2442,0.0426
crank,1,1,7.2442,0.0426
h2o,1,1,7.2442,0.0426
furnac,1,1,7.2442,0.1188
aerelast,1,1,7.2442,0.0992
expound,1,1,7.2442,0.142
superscript,1,1,7.2442,0.0609
pole,1,1,7.2442,0.161
orlfic,1,1,7.2442,0.047
hemispheroid,1,1,7.2442,0.047
old,1,1,7.2442,0.1685
millikan,1,1,7.2442,0.0584
heimenz,1,1,7.2442,0.0584
superfast,1,1,7.2442,0.0894
nonalign,1,1,7.2442,0.0894
practition,1,1,7.2442,0.1006
skill,1,1,7.2442,0.1006
newli,1,1,7.2442,0.0609
deflagr,1,1,7.2442,0.0747
acrothermoelast,1,1,7.2442,0.0992
vent,1,1,7.2442,0.0747
boiloff,1,1,7.2442,0.0747
dorodnitzin,1,1,7.2442,0.0747
dirichlet,1,1,7.2442,0.0609
tomotika,1,1,7.2442,0.0697
garabedian,1,1,7.2442,0.0514
yuan,1,1,7.2442,0.0483
bleich,1,1,7.2442,0.142
usa,1,1,7.2442,0.142
salmon,1,1,7.2442,0.142
readi,1,1,7.2442,0.142
goe,1,1,7.2442,0.1098
stokess,1,1,7.2442,0.1065
bakanov,1,1,7.2442,0.105
enskog,1,1,7.2442,0.105
lennard,1,1,7.2442,0.0503
dilut,1,1,7.2442,0.0503
iodin,1,1,7.2442,0.0503
dalton,1,1,7.2442,0.0503
75degre,1,1,7.2442,0.0787
nbs,1,1,7.2442,0.0503
gibb,1,1,7.2442,0.0503
ardc,1,1,7.2442,0.0787
65degre,1,1,7.2442,0.0787
hroma,1,1,7.2442,0.1188
calib,1,1,7.2442,0.1188
sediment,1,1,7.2442,0.115
underexpand,1,1,7.2442,0.0447
isotop,1,1,7.2442,0.115
protein,1,1,7.2442,0.115
grad,1,1,7.2442,0.0796
hyperlipt,1,1,7.2442,0.0796
ultracentrifug,1,1,7.2442,0.115
mccune,1,1,7.2442,0.0796
locus,1,1,7.2442,0.0852
l40,1,1,7.2442,0.1065
synthes,1,1,7.2442,0.0852
deryagin,1,1,7.2442,0.105
peopl,1,1,7.2442,0.0589
unimport,1,1,7.2442,0.0966
5d,1,1,7.2442,0.1114
stimulus,1,1,7.2442,0.0842
eratur,1,1,7.2442,0.0941
speric,1,1,7.2442,0.0941
dorodnitsyn,1,1,7.2442,0.0594
jefferi,1,1,7.2442,0.0966
jeffrey,1,1,7.2442,0.0966
jacobian,1,1,7.2442,0.0966
recurs,1,1,7.2442,0.0525
bluntnos,1,1,7.2442,0.0525
threefiv,1,1,7.2442,0.0941
wilson,1,1,7.2442,0.0941
bulent,1,1,7.2442,0.0641
annex,1,1,7.2442,0.0308
kopal,1,1,7.2442,0.1207
national,1,1,7.2442,0.0308
imprimeri,1,1,7.2442,0.0308
parietal,1,1,7.2442,0.0308
letud,1,1,7.2442,0.0308
berger,1,1,7.2442,0.0308
academ,1,1,7.2442,0.0308
frustrat,1,1,7.2442,0.0308
threaten,1,1,7.2442,0.0308
memori,1,1,7.2442,0.0308
seren,1,1,7.2442,0.0308
linject,1,1,7.2442,0.0308
carter,1,1,7.2442,0.1271
unfamiliar,1,1,7.2442,0.0929
rott,1,1,7.2442,0.161
methodof,1,1,7.2442,0.1168
drift,1,1,7.2442,0.0525
blowout,1,1,7.2442,0.1132
affirm,1,1,7.2442,0.0385
demarc,1,1,7.2442,0.0755
charter,1,1,7.2442,0.0755
letter,1,1,7.2442,0.0755
zehnder,1,1,7.2442,0.0755
preponder,1,1,7.2442,0.0549
servo,1,1,7.2442,0.1168
behaviorccontrol,1,1,7.2442,0.1168
companion,1,1,7.2442,0.1168
optimizationddesign,1,1,7.2442,0.1168
unbalanc,1,1,7.2442,0.0549
thesecond,1,1,7.2442,0.1168
relay,1,1,7.2442,0.1168
nonslationari,1,1,7.2442,0.1168
toa,1,1,7.2442,0.1168
systemsbestim,1,1,7.2442,0.1168
radom,1,1,7.2442,0.0339
pinkerton,1,1,7.2442,0.0525
spenc,1,1,7.2442,0.0525
london,1,1,7.2442,0.1541
roy,1,1,7.2442,0.1541
corpuscular,1,1,7.2442,0.0883
poetic,1,1,7.2442,0.0308
terminolog,1,1,7.2442,0.0308
thesi,1,1,7.2442,0.0308
theequilibriumparamet,1,1,7.2442,0.0557
forst,1,1,7.2442,0.2131
repetit,1,1,7.2442,0.0477
largeth,1,1,7.2442,0.1767
kemp,1,1,7.2442,0.1767
meksyn,1,1,7.2442,0.2415
undamp,1,1,7.2442,0.0747
variant,1,1,7.2442,0.1065
processinclud,1,1,7.2442,0.0557
anid,1,1,7.2442,0.0557
dissociatingga,1,1,7.2442,0.0557
lighthillon,1,1,7.2442,0.0557
sevenfor,1,1,7.2442,0.0557
aerothermochem,1,1,7.2442,0.0308
thenewtoniantheori,1,1,7.2442,0.0557
spurious,1,1,7.2442,0.0272
warn,1,1,7.2442,0.0677
thn,1,1,7.2442,0.0732
interanl,1,1,7.2442,0.0732
hpyerson,1,1,7.2442,0.0732
multicellular,1,1,7.2442,0.315
ninetyzero,1,1,7.2442,0.0589
erickson,1,1,7.2442,0.0453
fifteen000degre,1,1,7.2442,0.0883
500degre,1,1,7.2442,0.0883
invok,1,1,7.2442,0.1317
zamm,1,1,7.2442,0.0396
homann,1,1,7.2442,0.0396
oversimplif,1,1,7.2442,0.0396
poudr,1,1,7.2442,0.0308
effus,1,1,7.2442,0.0308
usag,1,1,7.2442,0.0308
licens,1,1,7.2442,0.0308
overlook,1,1,7.2442,0.0308
overstat,1,1,7.2442,0.0308
des,1,1,7.2442,0.0308
doctor,1,1,7.2442,0.0308
excus,1,1,7.2442,0.0308
undetermin,1,1,7.2442,0.0599
nontrivi,1,1,7.2442,0.0653
mil,1,1,7.2442,0.0771
howorth,1,1,7.2442,0.1767
competit,1,1,7.2442,0.1188
overst,1,1,7.2442,0.1188
tetrachlorid,1,1,7.2442,0.1188
methanol,1,1,7.2442,0.1188
accru,1,1,7.2442,0.0461
psycholog,1,1,7.2442,0.0549
provis,1,1,7.2442,0.0461
poiscuill,1,1,7.2442,0.0461
electrod,1,1,7.2442,0.0461
prospect,1,1,7.2442,0.0461
tsion,1,1,7.2442,0.0525
crabtre,1,1,7.2442,0.161
strang,1,1,7.2442,0.0436
daley,1,1,7.2442,0.0641
routh,1,1,7.2442,0.1767
inapplic,1,1,7.2442,0.0852
dielectr,1,1,7.2442,0.1081
electrohydrodynam,1,1,7.2442,0.1035
threezerozero,1,1,7.2442,0.0541
assort,1,1,7.2442,0.0584
reaffirm,1,1,7.2442,0.0444
translatori,1,1,7.2442,0.0444
unsepar,1,1,7.2442,0.1249
characteristi,1,1,7.2442,0.0442
contempl,1,1,7.2442,0.0442
humphrey,1,1,7.2442,0.0641
eulerian,1,1,7.2442,0.0421
lindsey,1,1,7.2442,0.0641
hirshfeld,1,1,7.2442,0.1767
sixtwofebon,1,1,7.2442,0.1767
jchemphystwenti,1,1,7.2442,0.1767
indetermin,1,1,7.2442,0.0291
denc,1,1,7.2442,0.0521
4ft,1,1,7.2442,0.1958
eter,1,1,7.2442,0.0883
nullifi,1,1,7.2442,0.0717
inadmiss,1,1,7.2442,0.0717
electro,1,1,7.2442,0.0456
hurwitz,1,1,7.2442,0.1767
quadruplet,1,1,7.2442,0.0421
unspecifi,1,1,7.2442,0.0906
latent,1,1,7.2442,0.0545
cuss,1,1,7.2442,0.1114
keuleganon,1,1,7.2442,0.0992
f40umer,1,1,7.2442,0.0992
locktwo,1,1,7.2442,0.0992
quartic,1,1,7.2442,0.0992
jmjn,1,1,7.2442,0.0529
u2u1,1,1,7.2442,0.0529
dashn,1,1,7.2442,0.0529
recurr,1,1,7.2442,0.0529
keuneon,1,1,7.2442,0.1317
maeder,1,1,7.2442,0.115
ink,1,1,7.2442,0.063
cornel,1,1,7.2442,0.058
hysol,1,1,7.2442,0.115
castolit,1,1,7.2442,0.115
epoxi,1,1,7.2442,0.115
p43,1,1,7.2442,0.115
photoelast,1,1,7.2442,0.0823
gortler,1,1,7.2442,0.1271
dudx,1,1,7.2442,0.047
parabola,1,1,7.2442,0.0503
delimit,1,1,7.2442,0.0503
improp,1,1,7.2442,0.0659
fewer,1,1,7.2442,0.0619
overhang,1,1,7.2442,0.0456
chap,1,1,7.2442,0.0456
circuit,1,1,7.2442,0.1081
dana,1,1,7.2442,0.1393
enthalp,1,1,7.2442,0.0575
enthalpyus,1,1,7.2442,0.0575
monoxid,1,1,7.2442,0.4025
promin,1,1,7.2442,0.1188
interstellar,1,1,7.2442,0.1188
hoffman,1,1,7.2442,0.1188
teller,1,1,7.2442,0.1188
compression,1,1,7.2442,0.1188
relativist,1,1,7.2442,0.1168
unrelativist,1,1,7.2442,0.1168
worthwhil,1,1,7.2442,0.2012
heavier,1,1,7.2442,0.1393
foredrag,1,1,7.2442,0.0362
nomenclatur,1,1,7.2442,0.1393
semiinfinit,1,1,7.2442,0.071
anyway,1,1,7.2442,0.071
obscur,1,1,7.2442,0.071
fifteenon,1,1,7.2442,0.071
tacit,1,1,7.2442,0.1906
constantsthey,1,1,7.2442,0.1081
diagon,1,1,7.2442,0.1114
garrick,1,1,7.2442,0.1114
subsonicsuperson,1,1,7.2442,0.1509
adjoint,1,1,7.2442,0.0842
nonrigor,1,1,7.2442,0.0575
dashthat,1,1,7.2442,0.0575
empiricalintermedi,1,1,7.2442,0.0575
grasshof,1,1,7.2442,0.1906
intract,1,1,7.2442,0.105
pli,1,1,7.2442,0.105
ask,1,1,7.2442,0.045
occasion,1,1,7.2442,0.0549
tical,1,1,7.2442,0.045
hitherto,1,1,7.2442,0.1006
rfour,1,1,7.2442,0.0255
seventwo,1,1,7.2442,0.0255
fivetwo,1,1,7.2442,0.0255
crew,1,1,7.2442,0.0549
postpon,1,1,7.2442,0.0461
neighbour,1,1,7.2442,0.0461
emphasis,1,1,7.2442,0.0461
lose,1,1,7.2442,0.0461
impair,1,1,7.2442,0.0461
unpublish,1,1,7.2442,0.1081
bagley,1,1,7.2442,0.1081
roger,1,1,7.2442,0.1081
industri,1,1,7.2442,0.1081
const,1,1,7.2442,0.0763
2x10,1,1,7.2442,0.0779
100x10,1,1,7.2442,0.0779
r82,1,1,7.2442,0.0779
partit,1,1,7.2442,0.0883
mol,1,1,7.2442,0.0883
orgin,1,1,7.2442,0.0461
nontox,1,1,7.2442,0.0383
anh,1,1,7.2442,0.0529
tnis,1,1,7.2442,0.0402
incident,1,1,7.2442,0.0402
classificaiton,1,1,7.2442,0.0402
inasmuch,1,1,7.2442,0.069
sizeabl,1,1,7.2442,0.069
nonflamm,1,1,7.2442,0.0383
toxic,1,1,7.2442,0.0383
xenon,1,1,7.2442,0.0383
krypton,1,1,7.2442,0.0383
concoct,1,1,7.2442,0.0383
utia,1,1,7.2442,0.0862
thoma,1,1,7.2442,0.0787
e53h25,1,1,7.2442,0.0402
interchang,1,1,7.2442,0.0377
enlighten,1,1,7.2442,0.0525
vital,1,1,7.2442,0.0525
goal,1,1,7.2442,0.0525
compani,1,1,7.2442,0.0917
hirschfeld,1,1,7.2442,0.0503
amongst,1,1,7.2442,0.0717
uncorrect,1,1,7.2442,0.0291
inexpens,1,1,7.2442,0.0291
grunow,1,1,7.2442,0.0291
numger,1,1,7.2442,0.0529
rearrang,1,1,7.2442,0.0787
electrostat,1,1,7.2442,0.0537
plung,1,1,7.2442,0.0724
anisotropi,1,1,7.2442,0.1035
ohm,1,1,7.2442,0.1035
64a010,1,1,7.2442,0.0383
inboard,1,1,7.2442,0.0383
quarterchord,1,1,7.2442,0.0383
certainti,1,1,7.2442,0.063
inerti,1,1,7.2442,0.0412
airscrew,1,1,7.2442,0.0412
monograph,1,1,7.2442,0.0412
actur,1,1,7.2442,0.0619
stratagem,1,1,7.2442,0.0619
avalu,1,1,7.2442,0.0724
analytici,1,1,7.2442,0.0308
tenon,1,1,7.2442,0.0671
md1,1,1,7.2442,0.0671
hardwar,1,1,7.2442,0.0671
libbi,1,1,7.2442,0.0624
suffix,1,1,7.2442,0.0345
ailcron,1,1,7.2442,0.0345
fournin,1,1,7.2442,0.0771
lip,1,1,7.2442,0.0407
shank,1,1,7.2442,0.0407
lotz,1,1,7.2442,0.0787
verfi,1,1,7.2442,0.0308
schultz,1,1,7.2442,0.0291
kempf,1,1,7.2442,0.0291
univer,1,1,7.2442,0.0291
reformul,1,1,7.2442,0.0755
airborn,1,1,7.2442,0.115
aeroelastician,1,1,7.2442,0.0325
wherev,1,1,7.2442,0.0325
twothre,1,1,7.2442,0.1449
ing,1,1,7.2442,0.1449
fralich,1,1,7.2442,0.1188
hoshizaki,1,1,7.2442,0.0823
recover,1,1,7.2442,0.0823
aeolotrop,1,1,7.2442,0.0439
intuit,1,1,7.2442,0.0439
delin,1,1,7.2442,0.0575
hurd,1,1,7.2442,0.0929
appraoch,1,1,7.2442,0.0291
cheski,1,1,7.2442,0.0929
y1,1,1,7.2442,0.0953
regist,1,1,7.2442,0.142
midway,1,1,7.2442,0.0604
financi,1,1,7.2442,0.0717
outweight,1,1,7.2442,0.0436
thermopropuls,1,1,7.2442,0.0436
exot,1,1,7.2442,0.0436
grand,1,1,7.2442,0.0436
unrestrict,1,1,7.2442,0.0436
unorthodox,1,1,7.2442,0.0436
bang,1,1,7.2442,0.115
nomograph,1,1,7.2442,0.105
spillag,1,1,7.2442,0.0541
blasiuss,1,1,7.2442,0.0796
obtainec,1,1,7.2442,0.0291
slighlti,1,1,7.2442,0.0291
egger,1,1,7.2442,0.0398
allen,1,1,7.2442,0.0398
sanger,1,1,7.2442,0.0398
numberschmidt,1,1,7.2442,0.0372
introdur,1,1,7.2442,0.0398
planeto,1,1,7.2442,0.0302
heliocentr,1,1,7.2442,0.0302
centric,1,1,7.2442,0.0302
retroveloc,1,1,7.2442,0.0599
riolat,1,1,7.2442,0.0342
valued,1,1,7.2442,0.057
weitbrecht,1,1,7.2442,0.0541
trochoid,1,1,7.2442,0.0541
quotat,1,1,7.2442,0.0541
superpos,1,1,7.2442,0.0566
poind,1,1,7.2442,0.0787
ninth,1,1,7.2442,0.0566
frictionless,1,1,7.2442,0.0724
assert,1,1,7.2442,0.0724
occupi,1,1,7.2442,0.0493
steepest,1,1,7.2442,0.0796
provision,1,1,7.2442,0.0507
underneath,1,1,7.2442,0.0507
studiesdash,1,1,7.2442,0.2131
fission,1,1,7.2442,0.0321
tao,1,1,7.2442,0.0541
18degre,1,1,7.2442,0.0883
ostrach,1,1,7.2442,0.0541
gershuni,1,1,7.2442,0.0541
aerodynamieist,1,1,7.2442,0.0953
edpm,1,1,7.2442,0.051
fredholm,1,1,7.2442,0.051
degrad,1,1,7.2442,0.0321
declassifi,1,1,7.2442,0.0321
told,1,1,7.2442,0.0321
unaccompani,1,1,7.2442,0.0321
supersed,1,1,7.2442,0.0321
lin,1,1,7.2442,0.0328
till,1,1,7.2442,0.0321
one8x10,1,1,7.2442,0.0763
richmond,1,1,7.2442,0.0763
realize,1,1,7.2442,0.207
equilibria,1,1,7.2442,0.0755
laufer,1,1,7.2442,0.0624
glanc,1,1,7.2442,0.105
waist,1,1,7.2442,0.105
dispos,1,1,7.2442,0.0635
squareft,1,1,7.2442,0.0833
ara,1,1,7.2442,0.0503
zhukhovitskii,1,1,7.2442,0.0541
pyrex,1,1,7.2442,0.0236
molten,1,1,7.2442,0.0496
weigh,1,1,7.2442,0.0496
echo,1,1,7.2442,0.0537
persh,1,1,7.2442,0.1168
ninefold,1,1,7.2442,0.0439
advent,1,1,7.2442,0.0883
slide,1,1,7.2442,0.05
coars,1,1,7.2442,0.05
coast,1,1,7.2442,0.102
unintent,1,1,7.2442,0.102
centroid,1,1,7.2442,0.0514
neater,1,1,7.2442,0.315
curl,1,1,7.2442,0.1271
korst,1,1,7.2442,0.0458
child,1,1,7.2442,0.0458
haag,1,1,7.2442,0.2898
twelvezero,1,1,7.2442,0.0906
kingdom,1,1,7.2442,0.0906
einbind,1,1,7.2442,0.0862
heaslet,1,1,7.2442,0.1114
lomax,1,1,7.2442,0.1114
semicircular,1,1,7.2442,0.1114
hadamard,1,1,7.2442,0.0966
took,1,1,7.2442,0.048
lunar,1,1,7.2442,0.0941
sakurai,1,1,7.2442,0.0328
vas,1,1,7.2442,0.0328
harri,1,1,7.2442,0.0381
acet,1,1,7.2442,0.0537
sideforc,1,1,7.2442,0.0566
owen,1,1,7.2442,0.0566
stagger,1,1,7.2442,0.0566
aerotwo,1,1,7.2442,0.0566
maskel,1,1,7.2442,0.0566
ridg,1,1,7.2442,0.0814
8x10,1,1,7.2442,0.0304
ampli,1,1,7.2442,0.0894
astronaut,1,1,7.2442,0.0894
sci,1,1,7.2442,0.115
maslen,1,1,7.2442,0.115
emerg,1,1,7.2442,0.0594
2n,1,1,7.2442,0.0979
fat,1,1,7.2442,0.0594
correlogram,1,1,7.2442,0.047
easier,1,1,7.2442,0.047
mum,1,1,7.2442,0.047
diam,1,1,7.2442,0.047
acr,1,1,7.2442,0.0467
ineffici,1,1,7.2442,0.0467
l5d20,1,1,7.2442,0.0467
overrid,1,1,7.2442,0.0434
therefrom,1,1,7.2442,0.0381
lever,1,1,7.2442,0.0381
paraf,1,1,7.2442,0.0594
radian,1,1,7.2442,0.0347
mehtod,1,1,7.2442,0.0347
endors,1,1,7.2442,0.0906
ref,1,1,7.2442,0.0677
theta,1,1,7.2442,0.0929
trefitz,1,1,7.2442,0.0929
colour,1,1,7.2442,0.0276
irrit,1,1,7.2442,0.0276
floccul,1,1,7.2442,0.0276
director,1,1,7.2442,0.0276
denser,1,1,7.2442,0.0276
bore,1,1,7.2442,0.0276
wax,1,1,7.2442,0.0276
royal,1,1,7.2442,0.0276
bluish,1,1,7.2442,0.0276
staff,1,1,7.2442,0.0276
educ,1,1,7.2442,0.0276
societi,1,1,7.2442,0.0276
smell,1,1,7.2442,0.0276
corros,1,1,7.2442,0.0276
asimplifi,1,1,7.2442,0.1767
transfn,1,1,7.2442,0.0489
ie,1,1,7.2442,0.0489
number1,1,1,7.2442,0.0724
number2,1,1,7.2442,0.0724
enquiri,1,1,7.2442,0.315
plateau,1,1,7.2442,0.0373
